conversation_id_str;created_at;favorite_count;full_text;id_str;image_url;in_reply_to_screen_name;lang;location;quote_count;reply_count;retweet_count;tweet_url;user_id_str;username
1,98659E+18;Fri Nov 07 00:27:15 +0000 2025;0;@_IMBOWVYBD กุจะบ้า5555555555555555555555555555555555555;1,98659E+18;;_IMBOWVYBD;th;;0;0;0;https://x.com/undefined/status/1986591239463182473;1,21303E+18;
1,98641E+18;Fri Nov 07 00:26:55 +0000 2025;0;@iQIYI_Thailand งู้ยยยยย รอเจอน้ำหนึ่งเนยที่บ้านพี่อ้ายเยยค้าบ #iQIYIiJOYTH2026 #น้ำหนึ่งเนย #NamneungNoey #NamneungMilinD #NoeyKanteera ;1,98659E+18;;iQIYI_Thailand;th;;0;0;0;https://x.com/undefined/status/1986591156894130537;848070216;
1,98659E+18;Fri Nov 07 00:18:35 +0000 2025;1;MDS QUE HINOOOOOOOOOOOOOOOOOOOOO ️️️️️;1,98659E+18;;;fr;;0;0;1;https://x.com/undefined/status/1986589058261217765;62146705;
1,98659E+18;Fri Nov 07 00:16:26 +0000 2025;0;@ioohja คุมโอ้!! 555555555555555 เดือนนี้แหละค่ะ เดือนนี้ ;1,98659E+18;;ioohja;th;;0;1;0;https://x.com/undefined/status/1986588518811099147;1,4957E+18;
1,98659E+18;Fri Nov 07 00:15:32 +0000 2025;2;Aku nak Ipong (Carats nya juga bowleh );1,98659E+18;;;in;;0;0;0;https://x.com/undefined/status/1986588292440334350;1,75194E+18;
1,98659E+18;Fri Nov 07 00:15:04 +0000 2025;4; ‼️SIJEUNI INA ONLY‼️ NCTZEN FOLLOW SPREE NCTZEN FOLLOW SPREE NCTZEN FOLLOW SPREE drop and follow everyone who likes your reply don't forget to follback!;1,98659E+18;;;en;;0;10;1;https://x.com/undefined/status/1986588176106848285;2503485216;
1,98659E+18;Fri Nov 07 00:14:13 +0000 2025;1;今日も大好き ‍⬛ #ENHYPEN に　#2025MAMAVOTE 届けよう https://t.co/ksXXtatIwc;1,98659E+18;https://pbs.twimg.com/media/G5HHOAtbIAET3gK.jpg;;ja;;0;0;1;https://x.com/undefined/status/1986587960087908723;1,43514E+18;
1,98659E+18;Fri Nov 07 00:13:23 +0000 2025;0;TE AMO TE AMO TE AMO TE AMO TE AMO TE AMO;1,98659E+18;;;pt;;0;0;0;https://x.com/undefined/status/1986587752377499873;2986420415;
1,98658E+18;Fri Nov 07 00:13:23 +0000 2025;3;@Arkana_Buana @newIding30 @Sammi86Reborn @Bambang01250678 @RPrima789 @Lullaby1237431 @jogjapokeid @Hermoyliana @EviDrajat @Yoen__AR @RickyKardjono @RatnaPuspi16942 @SungaiNil3 @JokoS1561615 @Manse_Mangat @albert_morafia @LexMarteg @SonyaAmriani Selamat pa;;;;;;;;;;;
1,98659E+18;Fri Nov 07 00:13:18 +0000 2025;0;kirain itu benda udah gak bakalan di pake lagi ternyata di pake lagi ‍↔️ https://t.co/KDTg1NWnFc;1,98659E+18;https://pbs.twimg.com/media/G5HHAv2bIAM3vnT.jpg;;in;;0;0;0;https://x.com/undefined/status/1986587728935567865;1,86416E+18;
1,98633E+18;Fri Nov 07 00:11:40 +0000 2025;0;@jinsusite @onenumbergirll happiest bday for ku kakak sayang @onenumbergirll ️ have a fantastic bday yup! wyatb makin sukses dan sehat selalu &lt;;;;;;;;;;;
1,98658E+18;Fri Nov 07 00:08:41 +0000 2025;0;@Heeekary ㅋㅋㅋ ㅋㅋ ㅋㅋㅋㅋ ㅋㅋ ㅋㅋㅋㅋ ㅋㅋ ㅋㅋㅋㅋ ㅋㅋ ㅋㅋㅋㅋ ㅋㅋ ㅋㅋㅋㅋ ㅋㅋ ㅋㅋㅋㅋ ㅋㅋ ㅋㅋㅋㅋ ㅋㅋ ㅋㅋㅋㅋ ㅋㅋ ㅋ;1,98659E+18;;Heeekary;ko;;0;0;0;https://x.com/undefined/status/1986586568585585133;1,53923E+18;
1,98659E+18;Fri Nov 07 00:06:35 +0000 2025;0;MEU MUITO MUIYO MUITO MIIYO MUIYOOOOOOOOOOO;1,98659E+18;;;pt;;0;0;0;https://x.com/undefined/status/1986586039750730143;7,30576E+17;
1,98656E+18;Fri Nov 07 00:05:19 +0000 2025;0;@nouonl ちょこちゃん おはよぉぉ^^ 懐っこいイーブイなのかなかわいいなあ(*^^*);1,98659E+18;;nouonl;ja;;0;0;0;https://x.com/undefined/status/1986585721269068076;1,48663E+18;
1,98659E+18;Fri Nov 07 00:03:44 +0000 2025;0;INI AKU SENDERNYAA! follback yaa ;1,98659E+18;;;in;;0;0;0;https://x.com/undefined/status/1986585320788525412;1,82098E+18;
1,98659E+18;Fri Nov 07 00:02:46 +0000 2025;0;HANSIP BEKASII ANJIRLAHHH SUE WKWKWKKW;1,98659E+18;;;in;;0;0;0;https://x.com/undefined/status/1986585079389520349;1,82257E+18;
1,98658E+18;Thu Nov 06 23:56:27 +0000 2025;0;@Else_PJblue おはさめ！エルゼさんおはようございます！今日も一日頑張りましょう;1,98658E+18;;Else_PJblue;ja;;0;0;0;https://x.com/undefined/status/1986583491090534890;1,12958E+18;
1,98658E+18;Thu Nov 06 23:56:10 +0000 2025;0;@ayamitsu_11 おはみつ！あやさんおはようございます！今日も一日頑張りましょう;1,98658E+18;;ayamitsu_11;ja;;0;0;0;https://x.com/undefined/status/1986583417555984541;1,12958E+18;
1,98658E+18;Thu Nov 06 23:54:00 +0000 2025;0;ขอให้เป็นวันที่ดีเจอแต่สิ่งที่ดีนะคะคนเก่ง UPLIFTING VIBES ENGFA07 #อิงฟ้าวราหะ #อิงฟ้ามหาชน #EngfaWaraha @EWaraha https://t.co/lOjFx5BuqZ;1,98658E+18;https://pbs.twimg.com/media/G5FA6gLboAEGgSl.jpg;;th;;0;0;0;https://x.com/undefined/status/1986582871843189018;1,69959E+18;
1,98658E+18;Thu Nov 06 23:53:41 +0000 2025;0;MAKASIH UDAH NULIS LAGI MAKASIH MAKASIH AKU CINTA;1,98658E+18;;;in;;0;0;0;https://x.com/undefined/status/1986582792369807857;1,93096E+18;
1,98658E+18;Thu Nov 06 23:52:29 +0000 2025;0;@enbaibo_02 護國🇯🇵さーん、おはようございます 可愛いありがとうございます 護國さんも素敵な金曜日、週末をお過ごしください️;1,98658E+18;;enbaibo_02;ja;;0;0;0;https://x.com/undefined/status/1986582491164254643;2598279175;
1,98658E+18;Thu Nov 06 23:52:28 +0000 2025;3;[#정도파민] 아이스크림 주세요 #Hearts2Hearts #하츠투나랑하츠 #H2H #IAN #이안 #イアン https://t.co/KmTKUpa29j;1,98658E+18;https://pbs.twimg.com/media/G5HCPVybIAQpmnh.jpg;;ko;;0;0;1;https://x.com/undefined/status/1986582487578124743;9,81073E+17;
1,98658E+18;Thu Nov 06 23:52:17 +0000 2025;0;[071125] Dear @A_FionyJKT48 Selamat hari Jumat #TGIF Happy Friday #TGIF ハッピーフライデー #TGIF 즐거운 금요일 되세요 #TGIF Schönen Freitag #TGIF Feliz viernes #TGIF Buon venerdì #TGIF Счастливой пятницы #TGIF 周五快乐 #TGIF Chúc thứ Sáu vui vẻ #TGIF Maligayang Biyernes #TGIF https://t.co/zn0kPnVarc;1,98658E+18;https://pbs.twimg.com/media/G5HCM5TbIAA5Agz.jpg;;ja;;0;0;0;https://x.com/undefined/status/1986582440492868065;1,50074E+18;
1,98658E+18;Thu Nov 06 23:51:40 +0000 2025;1;️️️️️️️ ️️ 단짝즈 ️️ ️️️️️️️;1,98658E+18;;;ko;;0;0;0;https://x.com/undefined/status/1986582287673364883;1,86504E+18;
1,98658E+18;Thu Nov 06 23:50:53 +0000 2025;0;앙앙ㅇ앙앙 이얼싼쓰 앙앙 기모띠 앙기모 앙존나처기모 앙기모띠 앙기모하다 앙기모에#드가자 안기모하면보지를마세요;;;;;;;;;;;
1,98658E+18;Thu Nov 06 23:50:36 +0000 2025;0;SEMOGA PROPOSALKU DIBALAS REVISINYA HARI INI AMIIN AKU MAU SEMPROO;1,98658E+18;;;in;;0;0;0;https://x.com/undefined/status/1986582015920205856;1,52635E+18;
1,98658E+18;Thu Nov 06 23:50:30 +0000 2025;0;keeno haduh KEENO CANTIK BANGET IMUT BANGET;1,98658E+18;;;in;;0;0;0;https://x.com/undefined/status/1986581992855773474;1,93096E+18;
1,98658E+18;Thu Nov 06 23:50:25 +0000 2025;4;ㅇㅌㅁ ㅇㅌㅁ ㅇㅌㅁ ㅇㅅㅈ ㅅㅇㅎ ㄷㅊ ㅇㅅㅈ ㅅㅇㅎ ㄷㅊ ㅇㅅㅈ ㅅㅇㅎ ㄷㅊ ;1,98658E+18;;;ko;;0;0;0;https://x.com/undefined/status/1986581971414491254;131486278;
1,98658E+18;Thu Nov 06 23:50:24 +0000 2025;4; #ROCKY #HAMO 306/365 사랑해 라키 ️‍ Te amo muito Rocky ️‍ Se você desejar isso se tornará realidade! ‍️ Beijos pra HAMO #라키 #하모 #WouldYouBeMy #ForeverandEver @p_rockyent @wonijin_ent https://t.co/62YbCD4PcS;1,98658E+18;https://pbs.twimg.com/media/G5HBw8ZX0AAaFEJ.jpg;;pt;;0;0;2;https://x.com/undefined/status/1986581965131100453;1,39624E+18;
1,98658E+18;Thu Nov 06 23:50:00 +0000 2025;2;Morning Newwiee @New_Thitipoom #Newwiee Please eat something yummy today okay? Good food always brings good mood. https://t.co/N7fQ14TsnP;1,98658E+18;https://pbs.twimg.com/media/G4y273_akAEi0Hu.jpg;;en;;0;0;3;https://x.com/undefined/status/1986581865118028273;28643847;
1,98594E+18;Thu Nov 06 23:49:02 +0000 2025;0;@PernebangRoket HAAHHH INI APAAN WOIII KOK SAMPE SEGITUNYA??????;1,98658E+18;;PernebangRoket;in;;0;0;0;https://x.com/undefined/status/1986581621404049544;1,23424E+18;
1,98658E+18;Thu Nov 06 23:48:52 +0000 2025;2;ขอให้มีงานคู่เข้ามาเยอะ ๆ เลยนะคะ พวกเราพร้อมสนับสนุนเต็มที่เลยค่ะ PEAKMINT AUTUMN LOVE ⁠ #พีคมิ้นท์ | #PeakMint ⁠ https://t.co/oCDIIixudZ;1,98658E+18;https://pbs.twimg.com/media/G5HBaLcbIAACgyO.png;;th;;0;0;5;https://x.com/undefined/status/1986581580463391118;1,50544E+18;
1,98658E+18;Thu Nov 06 23:47:34 +0000 2025;2;MY FAV S FOREVER ️️ #tontawan #BTS #ARMY #Intuyou https://t.co/IShPSHQ0mB;1,98658E+18;https://pbs.twimg.com/media/G5HBHwSWsAAUidv.jpg;;en;;0;0;1;https://x.com/undefined/status/1986581255643677082;1,37736E+18;
1,98655E+18;Thu Nov 06 23:47:31 +0000 2025;0;@locco178 おはよ〜ございます 素敵な借景ですよね *:.｡.(＊ˆ﹀ˆ＊).｡.:*;1,98658E+18;;locco178;ja;;0;0;0;https://x.com/undefined/status/1986581239521026081;2870169566;
1,98645E+18;Thu Nov 06 23:46:40 +0000 2025;0;@JP_Jinfanbase YOURS FOREVER JIN #4YearsWithYours #석진아_영원히_우리는_유어스 #별빛속에서_4년째_라따따따;1,98658E+18;;JP_Jinfanbase;en;;0;0;0;https://x.com/undefined/status/1986581026450346008;1,58184E+18;
1,98645E+18;Thu Nov 06 23:46:35 +0000 2025;0;@Javae @inuiseu gak salah lu ngomong gini ke gue? ;1,98658E+18;;Javae;in;;0;0;0;https://x.com/undefined/status/1986581008209387732;3889491552;
1,98656E+18;Thu Nov 06 23:45:10 +0000 2025;0;@himeno_yumeno ゆめのちゃーーん おはようございます‼️ 笑顔が眩しい美しい綺麗です&amp;;;;;;;;;;;
1,98658E+18;Thu Nov 06 23:44:42 +0000 2025;4;@Ora_64 มอนิ่งวันสุขค่าาา PEAKMINT AUTUMN LOVE ⁠ #พีคมิ้นท์ | #PeakMint ⁠;1,98658E+18;;Ora_64;und;;0;1;7;https://x.com/undefined/status/1986580533170872626;1,50544E+18;
1,98654E+18;Thu Nov 06 23:44:35 +0000 2025;0;@sayotae03201204 おはようございます、てんさん ⁠(⁠┌⁠・⁠。⁠・⁠)⁠┌ 良い金曜日をƪ⁠(⁠‾⁠.⁠‾⁠ ⁠)⁠┐;1,98658E+18;;sayotae03201204;ja;;0;0;0;https://x.com/undefined/status/1986580503940698449;1,37351E+18;
1,98658E+18;Thu Nov 06 23:44:26 +0000 2025;0;#ตลาดนัดtxt #ตลาดนัดtreasure #ตลาดนัดnewjeans #ตลาดนัดriize #ตลาดนัดbts #ตลาดนัดive #ตลาดนัดmonstax #ตลาดนัดday6 #ตลาดนัดnmixx #ตลาดนัดkiikii #ตลาดนัดlesserafim #ตลาดนัดnctwish #ตลาดนัดstayc #ตลาดนัดbabymonster #ตลาดนัดkickflip #ตลาดนัดverivery #ตลาดนัดevnne;1,98658E+18;;;qht;;0;0;0;https://x.com/undefined/status/1986580465738985563;1,92802E+18;
1,98658E+18;Thu Nov 06 23:44:19 +0000 2025;0;MAU AMBIL INI BIAR KAPELAN SAMA CC AAMONKU AAAA;1,98658E+18;;;in;;0;0;0;https://x.com/undefined/status/1986580436177543395;8,94064E+17;
1,98633E+18;Thu Nov 06 23:44:18 +0000 2025;0;@Happyfe_et 그렇죠. 오늘 하루도 좋은하루를 만들어가야죠. 좋은 아침입니다. 즐거운 하루 되세요.;1,98658E+18;;Happyfe_et;ko;;0;0;0;https://x.com/undefined/status/1986580432385884512;1,57742E+18;
1,98658E+18;Thu Nov 06 23:44:17 +0000 2025;0;YASSS DUTA LINGKUNGAN HIDUP KITA KEMBALI!!!!!! ;1,98658E+18;;;in;;0;0;0;https://x.com/undefined/status/1986580429265379623;291147334;
1,98658E+18;Thu Nov 06 23:44:13 +0000 2025;0;#ตลาดนัดaespa #ตลาดนัดseventeen #ตลาดนัดzerobaseone #ตลาดนัดcravity #ตลาดนัดwavy #ตลาดนัดnctdream #ตลาดนัดenhypen #ตลาดนัดboynextdoor #ตลาดนัดbtob #ตลาดนัดplave #ตลาดนัดateez #ตลาดนัดstraykids #ตลาดนัดtws #ตลาดนัดtheboyz;1,98658E+18;;;qht;;0;0;0;https://x.com/undefined/status/1986580411112452354;1,92802E+18;
1,98658E+18;Thu Nov 06 23:44:12 +0000 2025;0;와 지마데사랑해욯ㅎㅎㅎㅎ;1,98658E+18;;;ko;;0;0;0;https://x.com/undefined/status/1986580406737797580;1,8646E+18;
1,9863E+18;Thu Nov 06 23:44:10 +0000 2025;2;@Gnotatak @EWaraha มีแต่รอยยิ้มที่สดใสนะคะ UPLIFTING VIBES ENGFA07 #อิงฟ้ามหาชน #EngfaWaraha #อิงฟ้าวราหะ @EWaraha;1,98658E+18;;Gnotatak;und;;0;1;1;https://x.com/undefined/status/1986580397904568722;1,50736E+18;
1,98657E+18;Thu Nov 06 23:44:08 +0000 2025;1;@_YOONGI_AGUSTD_ 今日も元気です あなたに会えてもっと元気です 大切なSuga @_YOONGI_AGUSTD_ 朝から笑顔です ;1,98658E+18;;_YOONGI_AGUSTD_;ja;;0;1;0;https://x.com/undefined/status/1986580388115062846;1,08228E+18;
1,98658E+18;Thu Nov 06 23:44:05 +0000 2025;2; #พลิกชะตาองค์หญิงกำมะลอ #ReturningPearl #还珠 #จิ่งยวน #LuoYizhou #หลัวอีโจว #罗一舟;1,98658E+18;;;qme;;0;0;1;https://x.com/undefined/status/1986580378187087938;1,3902E+18;
1,98658E+18;Thu Nov 06 23:44:03 +0000 2025;1;7NOV JOONG MORNING 7 Morning Dunk 7NOV JoongDunk Morning 𝗛𝗮𝘃𝗲 𝗮 𝗻𝗶𝗰𝗲 𝗱𝗮𝘆 ︎ (˶ᵔ ᵕ ᵔ˶) @ChenRcj @dunknatachai #จุงอาเชน #JoongArchen #dunknatachai #จุงดัง #JoongDunk https://t.co/cWiReSeJYT;1,98658E+18;https://pbs.twimg.com/media/G5HAUQhbQAAuU0o.jpg;;en;;0;0;1;https://x.com/undefined/status/1986580368871637135;1,58286E+18;
1,98657E+18;Thu Nov 06 23:43:58 +0000 2025;0;@poetryhabit AYYYYBQUE LINDAAAAAAAAAAAAAAAA MEU AMORRR;1,98658E+18;;poetryhabit;pt;;0;1;0;https://x.com/undefined/status/1986580348600229909;1,81772E+18;
1,98656E+18;Thu Nov 06 23:43:52 +0000 2025;5;@SIO_UTA_KAI おはようございます(о´∀`о) あっという間に金曜日ですね〜 今日も笑顔で;1,98658E+18;;SIO_UTA_KAI;ja;;0;0;0;https://x.com/undefined/status/1986580324458086647;549840789;
1,98643E+18;Thu Nov 06 23:43:52 +0000 2025;0;@hitomin_010126 おはひとみん この衣装姿は懐かしく感じる〜 きんよ〜びもがんばろ〜う;1,98658E+18;;hitomin_010126;ja;;0;0;0;https://x.com/undefined/status/1986580321312428299;1,26403E+18;
1,98658E+18;Thu Nov 06 23:43:49 +0000 2025;15;his favorite girl #yumetwt #riakotwt #enstarsyume https://t.co/19aZ3MtG2K;1,98658E+18;https://pbs.twimg.com/media/G5HADwNWUAAfdup.jpg;;en;;1;9;8;https://x.com/undefined/status/1986580310197223700;1,76907E+18;
1,98649E+18;Thu Nov 06 23:43:42 +0000 2025;0;@osa_toutou ጿ ኈ ቼ ዽጿ ኈ ቼ ዽጿ ኈ ቼ ዽጿ ኈ ቼ ዽጿ ኈ ቼ ዽ ｲｴｰｰｰｰｰｲ‼︎;1,98658E+18;;osa_toutou;ja;;0;0;0;https://x.com/undefined/status/1986580280770240724;1,83563E+18;
1,98658E+18;Thu Nov 06 23:43:42 +0000 2025;0;masih ganteng trio japan #TREASURE #2025MAMAVOTE;1,98658E+18;;;in;;0;0;0;https://x.com/undefined/status/1986580279570649230;1,78244E+18;
1,98658E+18;Thu Nov 06 23:43:25 +0000 2025;0;学ラン️かわいいし、ご飯当番の️かわいいし、デフォルト⭐️かわいい〜モブはさよならが決定しました;1,98658E+18;;;ja;;0;0;0;https://x.com/undefined/status/1986580210473656511;1,01255E+18;
1,98655E+18;Thu Nov 06 23:43:25 +0000 2025;0;@notama_rinon おはよ~ ののたんのおなかつん．．．しにきました おはよおはよおはよーーーっ ぐるぐるののたんかわいいね՞ඉ ඉ՞;1,98658E+18;;notama_rinon;ja;;0;0;0;https://x.com/undefined/status/1986580207965511954;1,94745E+18;
1,98658E+18;Thu Nov 06 23:43:25 +0000 2025;1;@samiagain86 @Sammi86Reborn OPEN PROMOTE PROMOTORE INDIE LABIL #Sami86Genkz Follow @Sammi86Reborn Jum'at Berkah Reply #Sami86Genkz Langsung Tayang Malam!!!!;1,98658E+18;;samiagain86;in;;0;1;1;https://x.com/undefined/status/1986580207827058708;517937866;
1,98654E+18;Thu Nov 06 23:43:12 +0000 2025;1;@emicchi1979 ୧꒰◕᎑◕๑꒱おはようございます⋆ﾟ ご無沙汰してますっ アイコンのこと了解ですっ 風邪をひかないように、あたたかくして出かけてね️ reimyにお立ち寄りありがとうですっ;1,98658E+18;;emicchi1979;ja;;0;0;0;https://x.com/undefined/status/1986580154077094315;1,69415E+18;
1,9799E+18;Sun Oct 19 15:24:04 +0000 2025;0;@sbtgirlgroup unsealed postcard indomie x newjeans ada 2 set yap (7.000/set);1,97993E+18;;sbtgirlgroup;in;;0;0;0;https://x.com/undefined/status/1979931561974796723;1,67555E+18;
1,97919E+18;Fri Oct 17 14:06:59 +0000 2025;1;hi ada yang masih nyari postcard / photocard set newjeans x indomie yang ini kah? isinya utuh semua yaaa sealed 10k/ea unsealed 9k take all 25k only t. wts want to sell jual postcard newjeans ready kamar https://t.co/kbbQ00fUn2;1,97919E+18;https://pbs.twimg.com/media/G3d8b8eWwAEFuGC.jpg;;in;;0;0;1;https://x.com/undefined/status/1979187389709873455;1284831638;
1,97795E+18;Tue Oct 14 04:10:15 +0000 2025;0;@munvess indomie soto banjar aceh tori miso mie newjeans;1,97795E+18;;munvess;in;;0;0;0;https://x.com/undefined/status/1977950051294118394;1,24357E+18;
1,97634E+18;Thu Oct 09 17:20:56 +0000 2025;0;Tolol ancrit. Gue mau beli pocky HoloID malah ditawarin indomie Newjeans.;1,97634E+18;;;in;;0;0;0;https://x.com/undefined/status/1976337096009974166;1,30796E+18;
1,97449E+18;Sun Oct 05 06:55:09 +0000 2025;0;@aukseen Newjeans taunya dr iklan indomie;1,97473E+18;;aukseen;in;;0;0;0;https://x.com/undefined/status/1974730060512059840;77697051;
1,96792E+18;Wed Sep 17 02:13:05 +0000 2025;0;@shypinklet Itu loh indomie yg collab sama newjeans;1,96814E+18;;shypinklet;in;;0;1;0;https://x.com/undefined/status/1968136092261265633;1,74972E+18;
1,9625E+18;Mon Sep 01 12:52:45 +0000 2025;0;njf! hi bunnies apakah disini ada yg pernah screenshot postingan iklan indomie x newjeans? kalau ada yg punya boleh minta ga yaa? soalnya postingannya udah ga ada trimakasii sebelumnyaa;1,9625E+18;;;in;;0;0;0;https://x.com/undefined/status/1962498865128710348;1,57397E+18;
1,96052E+18;Wed Aug 27 03:51:33 +0000 2025;0;@meowieppu @roblox_fess Tadi aku mampir ke menara Indomie x Newjeans;1,96055E+18;;meowieppu;in;;0;0;0;https://x.com/undefined/status/1960550727136489809;1,01502E+18;
1,95986E+18;Mon Aug 25 06:42:13 +0000 2025;0;@raabbilt Minat indomie newjeans ngidam dari kemarin;1,95987E+18;;raabbilt;in;;0;0;0;https://x.com/undefined/status/1959868902156210439;1,61336E+18;
1,95851E+18;Fri Aug 22 12:25:33 +0000 2025;0;@urashnti @dubudubudibdub Sebelum beli mampir dulu kak ke kasir tanya stok Saya pas newjeans indomie bgitu;1,95887E+18;;urashnti;in;;0;0;0;https://x.com/undefined/status/1958868141431562624;273977169;
1,95872E+18;Fri Aug 22 02:23:27 +0000 2025;0;@moonstars_night Ih aku juga tadi ke indomart masih belum ada si mbaknya malah nunjukin pc indomie newjeans udh punya kata aku teh;1,95872E+18;;moonstars_night;in;;0;1;0;https://x.com/undefined/status/1958716619326419362;1,28536E+18;
1,95813E+18;Wed Aug 20 11:49:31 +0000 2025;0;@tanyakanrl Indomie premium collection newjeans yang varian spicy ramyeon aku ga abis makan mi kuah satu bungkus tapi kalo varian ini bisa aku makan sampe tetes kuah terakhir ️‍;1,95813E+18;;tanyakanrl;in;;0;0;0;https://x.com/undefined/status/1958134296897892703;1,297E+18;
1,95301E+18;Wed Aug 06 08:27:45 +0000 2025;0;indomie korean ramyeon yg dipromoin newjeans ga enak cok;1,95301E+18;;;in;;0;4;0;https://x.com/undefined/status/1953010090744975623;8,82505E+17;
1,95089E+18;Thu Jul 31 12:03:24 +0000 2025;2;Dikira di yg tmpt newjeans x indomie kmrn... Ternyata di bawah euy ramenya kek apeu ini;1,95089E+18;;;in;;0;0;0;https://x.com/undefined/status/1950890032962682977;1,34049E+18;
1,95014E+18;Tue Jul 29 10:22:44 +0000 2025;0;Oh My Good! It's INDOMIE x NewJeans Exclusive mini postcard set Semoga cepet kelar ya dik adik terus comeback #NewJeans #NJZ #indomie https://t.co/JwfyPc96LS;1,95014E+18;https://pbs.twimg.com/media/GxBJ60ObUAIA_Qi.jpg;;in;;0;0;0;https://x.com/undefined/status/1950139925686325504;1,24459E+18;
1,95011E+18;Tue Jul 29 08:23:34 +0000 2025;0;indomie newjeans masih ada gasih;1,95011E+18;;;in;;0;1;0;https://x.com/undefined/status/1950109934739169582;1,9468E+18;
1,94968E+18;Mon Jul 28 03:55:17 +0000 2025;0;ada yang jual tas indomie x newjeans ini gak yaa? https://t.co/RZrrPnO22g;1,94968E+18;https://pbs.twimg.com/media/Gw6nppxbcAE4AoU.jpg;;in;;0;1;0;https://x.com/undefined/status/1949680031610921264;1,31047E+18;
1,94819E+18;Thu Jul 24 00:59:59 +0000 2025;0;mardial kan yang sama newjeans indomie juga.;1,94819E+18;;FulgentStar;in;;0;1;0;https://x.com/undefined/status/1948186362865504478;7,63943E+17;
1,93866E+18;Sun Jul 20 21:25:36 +0000 2025;1;@callmeyexia @GoodDayID biasanya suprise pc tuh terakhiran gasih nder? kaya aespa tango sama newjeans indomie;1,94705E+18;;callmeyexia;in;;0;0;0;https://x.com/undefined/status/1947045249475571963;1,42761E+18;
1,94681E+18;Sun Jul 20 14:30:12 +0000 2025;0;@cornerhunter_ Wkwk sorry bro gue analisis ulang postmu lebih dalam. Revisi lagi top 15 fokus yg sering lu mention: JKT48 LE SSERAFIM (Sakura bias) aespa (Giselle) NewJeans (collab Indomie). 1. JKT48 - Ngidol lokal sering bahas. 2. LE SSERAFIM - Stan Saku;1,94694E+18;;cornerhunter_;in;;0;0;0;https://x.com/undefined/status/1946940712219746774;1,72067E+18;
1,94585E+18;Thu Jul 17 14:00:12 +0000 2025;0;Makan Indomie afdolnya dengan NewJeans https://t.co/84xdtWo3xF;1,94585E+18;;;in;;0;0;0;https://x.com/undefined/status/1945845996052734452;1,92005E+18;
1,94583E+18;Thu Jul 17 12:59:58 +0000 2025;0;kalo makan indomie spicy ramyeon pake nasi agak sungkan ke newjeans;1,94583E+18;;;in;;0;0;0;https://x.com/undefined/status/1945830839922958712;8,83205E+17;
1,94505E+18;Tue Jul 15 09:33:08 +0000 2025;1;want to sell wts indomie varian hype abis isi 5pcs tas pvc (dari prj) Avail: 55rb ️ bisa oren ️ excl adm t. jastip prj tas indomie popmie newjeans pvc https://t.co/kRcmDfJyBJ;1,94505E+18;https://pbs.twimg.com/media/Gv44ULmaoAAF18O.jpg;;in;;0;0;0;https://x.com/undefined/status/1945054011109073086;8,82121E+17;
1,94473E+18;Mon Jul 14 12:03:53 +0000 2025;4;njf! titipan hai bunnies bole minta waktunya utk bantu isi kuisioner skripsi aku gaa yaa? topiknya content marketing Indomie x NewJeans pada minat beli Korean Ramyeon Series. Terimakasii banyaak yaa https://t.co/l5tj8jiBsu;1,94473E+18;;;in;;0;0;3;https://x.com/undefined/status/1944729560760959065;1,57397E+18;
1,94355E+18;Fri Jul 11 05:50:51 +0000 2025;51;njf! hai bunnies minta tolong waktu &amp;;;;;;;;;;;
1,94331E+18;Thu Jul 10 14:00:46 +0000 2025;21;njf! haii bunnies aku boleh minta tolong isi kuisioner pre-survey untuk skripsiku ga yaa? topiknya ttg pengaruh konten marketing Indomie x NewJeans di ig pada minat beli Korean Ramyeon Series. aku taruh linknya dibawah ini timakacii bykk sebelumnya! https://t.co/RBdO6N9nD5;1,94331E+18;;;in;;1;1;6;https://x.com/undefined/status/1943309425642746313;1,57397E+18;
1,94327E+18;Thu Jul 10 11:56:40 +0000 2025;0;@pewsik enak enak ajaa. tapi aku tetep lebih suka yang kalimantan sih walaupun gaada bawang gorengnya. mungkin karna terbiasa dan aku emang kurang suka saos sambel gitu karna rada asem itu aku dapet indomie jawa gara gara beli di syopi biar dapet postcard;1,94328E+18;;pewsik;in;;0;1;0;https://x.com/undefined/status/1943278193265586431;2613332658;
1,94319E+18;Thu Jul 10 05:49:00 +0000 2025;0;#s masih ada yang cari ini gak ya? postcard newjeans x indomie https://t.co/r1IQseIJbX;1,94319E+18;https://pbs.twimg.com/media/GveVETSagAA0Rtd.jpg;;in;;0;0;0;https://x.com/undefined/status/1943185669779763711;4480397414;
1,94288E+18;Wed Jul 09 09:41:53 +0000 2025;0;haruskah aku nanyain stok mister potato ke mas mas indomaret yg kebetulan aku save nomornya gara2 indomie newjeans waktu ntu;1,94288E+18;;;in;;0;0;0;https://x.com/undefined/status/1942881888349442291;1,78098E+18;
1,94286E+18;Wed Jul 09 07:56:21 +0000 2025;0;#s yuk di beli poscard stande set newjeans indomie nyaaa https://t.co/ud2Fj4SNOv;1,94286E+18;https://pbs.twimg.com/media/GvZonAwWYAABMPd.jpg;;in;;0;0;0;https://x.com/undefined/status/1942855329555046547;1,87002E+18;
1,94254E+18;Tue Jul 08 14:40:08 +0000 2025;0;@R_Andika4 @InfinixIndo @axioo_id Wajar itu mah Newjeans jg ga makan Indomie.;1,94259E+18;;R_Andika4;in;;0;0;0;https://x.com/undefined/status/1942594555246977057;1,88714E+18;
1,94176E+18;Mon Jul 07 06:14:00 +0000 2025;0;@ashelasalsa @pedestrianSCBD @saouvysz ga kaya kertas photo indomie newjeans sal?;1,9421E+18;;ashelasalsa;in;;0;0;0;https://x.com/undefined/status/1942104796661756292;1,03336E+18;
1,94074E+18;Thu Jul 03 11:38:51 +0000 2025;0;WTS NewJeans Mini Postcard (Indomie Ver.) Kondisi: Baru (sealed) Versi: Indomie Collab Harga: 18k + packaging Lokasi: Depok kirim via ekspedisi Minat? DM #wts #newjeans #indomie #indomienewjeans #newjeans #wts https://t.co/v4dxCNXlv7;1,94074E+18;https://pbs.twimg.com/media/Gu7h_c0awAAXq9e.jpg;;in;;0;0;0;https://x.com/undefined/status/1940736995258736896;8,03857E+17;
1,94038E+18;Wed Jul 02 11:41:50 +0000 2025;78;njf! haloo bunnies aku boleh minta tolong bantu isi kuesioner aku ga yaaa? skripsi aku bahas tentang pengaruh newjeans sebagai BA Indomie nihh. buat pertanyaan awal jawab ya aja yaa biar bisa lanjut ke pertanyaan selanjutnya. maaciii banyak https://t.co/pfT5EYKSdR https://t.co/ziyF9cBXMq;1,94038E+18;https://pbs.twimg.com/media/Gu2ZF5VWwAAs5Lo.jpg;;in;;2;18;29;https://x.com/undefined/status/1940375358261584059;1,57397E+18;
1,93989E+18;Tue Jul 01 03:31:58 +0000 2025;1;Pepero indomie dulu di kota gue yang terbilang kecil juga ada muka newjeans terpampang di banner mcd;1,93989E+18;;;in;;0;0;0;https://x.com/undefined/status/1939889692033568933;1,81607E+18;
1,93968E+18;Mon Jun 30 13:52:47 +0000 2025;1;Aku pengen makan indomie goreng jdnya setelah liat iklan indomie bareng newjeans. Tp td siang baru makan mie pecel HIDEANDSIS FIRST EP #HideAndSisEP1;1,93968E+18;;;in;;0;0;1;https://x.com/undefined/status/1939683538057773087;1,24846E+18;
1,93966E+18;Mon Jun 30 12:16:54 +0000 2025;5;bro belum liat billboard newjeans indomie yang mukanya segede gaban di kabupaten;1,93966E+18;;;in;;0;0;0;https://x.com/undefined/status/1939659408398794765;1,11091E+18;
1,9386E+18;Sat Jun 28 04:18:50 +0000 2025;0;@prayuyal Iyaa ya lg hiatus itu eh mereka kalah di pengadilan ya huhu bner2 ni hybe. Aku ga pernah merhatiin iklan indomie newjeans sih tp barangnya kan masih dijual kalo ga salah si hehe;1,93881E+18;;prayuyal;in;;0;0;0;https://x.com/undefined/status/1938814321590706573;120101857;
1,93779E+18;Wed Jun 25 08:44:46 +0000 2025;0;tiap iklan indomie x newjeans lewat di tv atau yt kiamat mundur sehari;1,93779E+18;;;in;;0;0;0;https://x.com/undefined/status/1937794084187594849;1,03324E+18;
1,93756E+18;Tue Jun 24 17:06:09 +0000 2025;0;makan indomie sambil nangis krn tanggal tua dan keinget newjeans;1,93756E+18;;;in;;0;0;0;https://x.com/undefined/status/1937557874391286062;3011699600;
1,93628E+18;Sat Jun 21 04:31:16 +0000 2025;0;sumpah lucu bangettt papaku tanda danielle newjeans gara-gara iklan indomie ;1,93628E+18;;;in;;0;1;0;https://x.com/undefined/status/1936280737726316840;1,24123E+18;
1,93572E+18;Thu Jun 19 15:07:54 +0000 2025;1;Ceritanya habis belanja bulanan pas bayar dikasih postcard newjeans pdhl gue beli indomie nya bukan korean edition. Mana warna framenya carat coded bgt ntar aku mau print postcard seventeen ahh trus pajang di situ xixi sementara pake foto dede2 newjeans dulu https://t.co/rvTnSqmzfu;1,93572E+18;https://pbs.twimg.com/media/Gt0LkzlWsAAivBM.jpg;;in;;0;1;0;https://x.com/undefined/status/1935716173762679244;1,26528E+18;
1,93419E+18;Sun Jun 15 10:14:38 +0000 2025;2;#wts postcard Indomie x Newjeans bisa ambil satu set atau per member https://t.co/PA3csf0Jd3;1,93419E+18;https://pbs.twimg.com/media/GteiHAVacAELRAX.jpg;;in;;0;0;1;https://x.com/undefined/status/1934192818563760619;1,04961E+18;
1,93419E+18;Sun Jun 15 10:13:11 +0000 2025;3;wts Postcard Indomie x NewJeans bisa ambil satu set atau permember #wts #zonajajan️️ #zonauang️ #indomie #NewJeans #indomiexnewjeans #pc #POSTCARD #photocard #kpop #kpoptwt https://t.co/GrKYWWB9bP;1,93419E+18;https://pbs.twimg.com/media/GtehyFeasAAze6d.jpg;;in;;0;0;2;https://x.com/undefined/status/1934192455525798139;1,04961E+18;
1,93354E+18;Fri Jun 13 14:53:12 +0000 2025;0;Kalo ga berkasus udah ada fanmeet Indomie x NewJeans kali ya ;1,93354E+18;;;in;;0;1;0;https://x.com/undefined/status/1933538145875997126;78568379;
1,93245E+18;Thu Jun 12 16:10:26 +0000 2025;0;@sandelweis btw anomali ini yang ngebikin sama ngedirect voice di iklan Indomie x NewJeans;1,9332E+18;;sandelweis;in;;0;0;0;https://x.com/undefined/status/1933195197120471102;440403571;
1,93315E+18;Thu Jun 12 12:58:56 +0000 2025;0;Indomie original indomie sambal matah indomie yang x newjeans itu;1,93315E+18;;;in;;0;0;0;https://x.com/undefined/status/1933147003170791763;1,88136E+18;
1,93237E+18;Wed Jun 11 08:35:16 +0000 2025;1;@awkhaaay @_mardial_ BGM iklan Indomie x Newjeans beliau yg garap;1,93272E+18;;awkhaaay;in;;0;0;0;https://x.com/undefined/status/1932718264054133218;321328094;
1,93267E+18;Wed Jun 11 05:22:40 +0000 2025;0;gue cm beli indomie.... #NewJeans https://t.co/Nbf9RRAydZ;1,93267E+18;https://pbs.twimg.com/media/GtI47evbMAAbmCE.jpg;;in;;0;0;0;https://x.com/undefined/status/1932669792747728951;1,05975E+18;
1,93249E+18;Tue Jun 10 17:30:06 +0000 2025;1;@renebxebxe bagus bgt sih aslinya emg ga salah indomie pilih new jeans *NJZ (MHDHH)@Indomielovers #NJZ #NewJeans #MHDHH;1,93249E+18;;renebxebxe;in;;0;1;1;https://x.com/undefined/status/1932490470359539893;1,35412E+18;
1,93234E+18;Tue Jun 10 09:55:02 +0000 2025;0;@Composhit_chaos harus cobain indomie newjeans enak banget ;1,93238E+18;;Composhit_chaos;in;;0;1;0;https://x.com/undefined/status/1932375948260978832;1,01195E+18;
1,9323E+18;Tue Jun 10 04:35:31 +0000 2025;329;newjeans indomie baemon good day lambung gue sbg bunnies &amp;;;;;;;;;;;
1,93227E+18;Tue Jun 10 03:32:24 +0000 2025;1;@minjejeong @undipmfs indomie newjeans berapaan kaak;1,93228E+18;;minjejeong;in;;0;1;0;https://x.com/undefined/status/1932279656486732010;1,23394E+18;
1,93198E+18;Mon Jun 09 07:32:34 +0000 2025;0;bokap gua beli banyak indomie sampe dikasih postcard newjeans dari indomaret ;1,93198E+18;;;in;;0;1;0;https://x.com/undefined/status/1931977706016833609;1,39487E+18;
1,93196E+18;Mon Jun 09 06:12:41 +0000 2025;0;Halo ada yang bersedia aku wawancara yang pernah ikut fan event kayak carat having fun carat go healthy carat beach party bts monochrom newjeans bunnyland newjeans indomie allo bank project Enhypen Fate Plus The City Jakarta dll buat tugas akhir aku ? please ;1,93196E+18;;;in;;0;0;1;https://x.com/undefined/status/1931957602793173284;1,57702E+18;
1,93186E+18;Sun Jun 08 23:31:16 +0000 2025;0;adiknya temen gue tuh yg menang tender indomie x newjeans. jd dia ke korea buat ngedirect newjeans ngiklanin indomie. katanya anak2 newjeans tuh unyu2 bocip gt lho wkwk gemes banget.;1,93186E+18;;;in;;0;0;0;https://x.com/undefined/status/1931856583941837116;136943140;
1,9302E+18;Wed Jun 04 15:56:02 +0000 2025;0;@ranahbingkuang @strootsys Lebih ajaib kalau di bawahnya lagi ada iklan indomie newjeans.;1,93029E+18;;ranahbingkuang;in;;0;0;0;https://x.com/undefined/status/1930292469700407647;1,24029E+18;
1,93015E+18;Wed Jun 04 11:35:20 +0000 2025;0;@tanyarlfes Indomie x newjeans yg biru;1,93023E+18;;tanyarlfes;in;;0;0;0;https://x.com/undefined/status/1930226860841197617;1,38167E+18;
1,92973E+18;Tue Jun 03 02:28:26 +0000 2025;3;Awokwwowkwok emak nanyain Erine habis nonton iklan Indomie newjeans. Emak : kok di hp kamu ga ada yang kayak mereka (karena wa pake foto Intun). Gw : oh itu orang Bogor. Emak : terus yang cina-cina itu mana? Siapa namanya? Gw : ....... Lanjut makan Uli ️;1,92973E+18;;;in;;0;1;0;https://x.com/undefined/status/1929726842585702560;2246898924;
1,92867E+18;Sat May 31 14:59:38 +0000 2025;0;@jerukjepang indomie udah sama newjeans;1,92883E+18;;jerukjepang;in;;0;0;0;https://x.com/undefined/status/1928828722766815635;83586867;
1,92882E+18;Sat May 31 14:11:03 +0000 2025;1;Kesampean beli indomie di superindo buat dapetin mereka #OhMyGoodItsIndomie https://t.co/KJonpVEfSu;1,92882E+18;https://pbs.twimg.com/media/GsSIX9NbMAA3-Tj.jpg;;in;;0;0;0;https://x.com/undefined/status/1928816497972904349;199220728;
1,92873E+18;Sat May 31 08:38:36 +0000 2025;0;WTS Postcard Frame + Photo New Jeans x Indomie READY Sealed &amp;;;;;;;;;;;
1,92864E+18;Sat May 31 02:44:55 +0000 2025;6;Indomie: Jadikan NewJeans BA kita! Mie Sedaap: Santai kawan kita pakai produk lokal https://t.co/C1yuJe5p7g;1,92864E+18;https://pbs.twimg.com/media/GsPrVsVboAAoDEs.jpg;;in;;0;0;2;https://x.com/undefined/status/1928643826669007256;282245805;
1,92142E+18;Fri May 30 15:58:43 +0000 2025;0;@ivewonno Pasti sunghoon kan (menjawab dengan nada tidak kegeeran) betul NewJeans seleranya indomie. Apalagi yang bikinnya kamu apa gak melejit harga indomie;1,92848E+18;;ivewonno;in;;0;0;0;https://x.com/undefined/status/1928481206351319140;2936358876;
1,92808E+18;Thu May 29 13:05:12 +0000 2025;0;Saya menjual 3 SET INDOMIE X NEWJEANS POSTCARD OFFICIAL (NEW/SEGEL) seharga Rp40.000. Ayo beli di Shopee! https://t.co/ZSt7Y200v8;1,92808E+18;;;in;;0;0;0;https://x.com/undefined/status/1928075151431606335;841644998;
1,92798E+18;Thu May 29 06:27:35 +0000 2025;0;Indomie newjeans yg biru yg versi cup lebih enak ik;1,92798E+18;;;in;;0;0;0;https://x.com/undefined/status/1927975087887835214;263603762;
1,92745E+18;Tue May 27 19:55:10 +0000 2025;0;#NewJeans 8 pcs Bundling 2 Goreng &amp;;;;;;;;;;;
1,92681E+18;Mon May 26 01:36:58 +0000 2025;0;Ada yg mau Indomie harganya 2.800 - 5.000 varian nya sekarang ada cabe ijo Korean series dll bisa co oren yaa aku juga jual postcard baru newjeans isi 7 postcard harga 25k/set detail harga ada dibawah yaa boleh tinggalin jejak dulu exp masih aman semua yaa https://t.co/79ZVkwsIl2;1,92681E+18;https://pbs.twimg.com/media/Gr1rzSUXIAAgVoY.jpg;;in;;0;0;0;https://x.com/undefined/status/1926814788883009871;7,64191E+17;
1,92654E+18;Sun May 25 09:15:07 +0000 2025;0;@ayumi_cells lucunya lagi (ini aku baru tau setelah ador mention tim bunnies yg kerjasama sama indomie soal eent newjeans) ternyata di tahun sebelumnya indomie udah hubungin beberapa fanbase newjeans lain dan adain meeting sama mereka. like.. brands lebih;1,92657E+18;;onevzaa;in;;0;0;0;https://x.com/undefined/status/1926567696998490567;1,49384E+18;
1,92558E+18;Thu May 22 15:36:09 +0000 2025;0;sama kagetnya kayak pas liat Indomie Newjeans;1,92558E+18;;;in;;0;0;0;https://x.com/undefined/status/1925576421931614528;102003336;
1,92511E+18;Wed May 21 08:32:25 +0000 2025;0;Dapet bumbu tori kara nya 2 nih. Di sudut lain ada gak yg dalam bungkus mie gak ada bumbunya @Indomielovers #OhMyGoodItsIndomie #KoreanRamyeonSeries https://t.co/mSyvOLzK1s;1,92511E+18;https://pbs.twimg.com/media/Grda-J6bYAA36Fc.jpg;;in;;0;0;0;https://x.com/undefined/status/1925107401331823094;157269143;
1,92447E+18;Mon May 19 14:10:03 +0000 2025;0;Beli Indomie @indomie 5 bungkus Di Indomaret @indomaret Rasa Indomie Goreng Kari Ayam dan Ramen Series Free 3 Postcards New Jeans @newjeans_official &amp;;;;;;;;;;;
1,92258E+18;Sun May 18 14:40:58 +0000 2025;0;@Rindaput bener kak hihi soalnya kapan lagi kaaaannn beli indomie bisa dapet postcard newjeans yang cantik cantik kaya gini;1,92411E+18;;Rindaput;in;;0;0;0;https://x.com/undefined/status/1924112985347465364;1,24815E+18;
1,92406E+18;Sun May 18 11:14:58 +0000 2025;0;Open PO Indomie Korean Series Include : 1 Tas PVC Putih + Tali Indomie Korean Series 5 Pcs 3 Varian Rasa Rose Spicy Ramyeon Fiery Chikin IDR. 60.000 Pengiriman dari Jakarta Barat Via Shopee #Indomie #KoreanSeries #WTS #Jakarta #NewJeans https://t.co/t4dRosln83;1,92406E+18;https://pbs.twimg.com/media/GrOjacCXgAAt_s7.jpg;;in;;0;0;0;https://x.com/undefined/status/1924061144588935240;61091603;
1,92404E+18;Sun May 18 10:10:07 +0000 2025;5;Ada yg mau Indomie harganya 2.800 - 5.000 varian nya sekarang ada cabe ijo Korean series dll bisa co oren yaa aku juga jual postcard baru newjeans isi 7 postcard harga 25k/set detail harga ada dibawah yaa boleh tinggalin jejak dulu exp masih aman semua yaa https://t.co/QGRMjQ3oqn;1,92404E+18;https://pbs.twimg.com/media/GrOUiSiXEAE5H7a.jpg;;in;;0;1;1;https://x.com/undefined/status/1924044821758669056;7,64191E+17;
1,92401E+18;Sun May 18 07:49:21 +0000 2025;1;Akhirnya menjemput adek-adek cantik (lagi) #OhMyGoodItsIndomie https://t.co/plW6aZThm4;1,92401E+18;https://pbs.twimg.com/media/GrN0V1GWcAAhfLp.jpg;;in;;0;0;0;https://x.com/undefined/status/1924009395907883328;156529555;
1,92259E+18;Sat May 17 12:49:24 +0000 2025;0;@crushnyareece Pecinta indomie dan penggemar newjeans wajib beli dan dapetin ini juga sih;1,92372E+18;;crushnyareece;in;;0;0;0;https://x.com/undefined/status/1923722520743850356;1,91238E+18;
1,92259E+18;Sat May 17 12:45:49 +0000 2025;0;@crushnyareece collab tersweet sih ini Indomie x NewJeans??? CRYINGG ;1,92372E+18;;crushnyareece;in;;0;0;0;https://x.com/undefined/status/1923721619878576262;1,80322E+18;
1,92259E+18;Sat May 17 12:44:29 +0000 2025;0;@crushnyareece Sekarang beli indomie bisa dapat postcard nya newjeans hayu belii.. kiyowo..;1,92372E+18;;crushnyareece;in;;0;0;0;https://x.com/undefined/status/1923721283935797372;1,61093E+18;
1,92259E+18;Sat May 17 12:42:44 +0000 2025;0;@crushnyareece abis gajian langsung lari beli Indomie demi postcard NewJeans ;1,92372E+18;;crushnyareece;in;;0;0;0;https://x.com/undefined/status/1923720840681758871;1,86741E+18;
1,92259E+18;Sat May 17 12:34:41 +0000 2025;0;@dhelsadell Serius ini indomie ada pc NewJeans?? Berasa dapet angin segar karna dah lama ga berburu pc;1,92372E+18;;dhelsadell;in;;0;0;0;https://x.com/undefined/status/1923718818071007678;957490243;
1,92259E+18;Sat May 17 12:24:35 +0000 2025;0;@crushnyareece Kren banget nih indomie gass lah beli varian indomie semua biar dpet postcard nya NewJeans;1,92372E+18;;crushnyareece;in;;0;0;0;https://x.com/undefined/status/1923716273109869045;1,81601E+18;
1,92258E+18;Sat May 17 12:15:34 +0000 2025;0;@nisanindita_ Gue tuh ya awalnya niat beli Indomie doang eh sekarang nyari figure NewJeans juga ;1,92371E+18;;nisanindita_;in;;0;0;0;https://x.com/undefined/status/1923714006252126611;1,91235E+18;
1,92258E+18;Sat May 17 12:14:42 +0000 2025;0;@nisanindita_ NewJeans bener-bener tau cara nyentuh hati fans. Even di bungkus Indomie pun tetep iconic ;1,92371E+18;;nisanindita_;in;;0;0;0;https://x.com/undefined/status/1923713786596487662;1,91236E+18;
1,92259E+18;Sat May 17 12:08:50 +0000 2025;0;@crushnyareece Beli indomie x newjeans bisa dapet postcard keren banget ini bisa beli di semua tempat kah atau toko bertanda khusus;1,92371E+18;;crushnyareece;in;;0;0;0;https://x.com/undefined/status/1923712312755753193;1,66788E+18;
1,92258E+18;Sat May 17 11:56:24 +0000 2025;0;@nisanindita_ Siapa yang relate: ngga lapar tapi tetep beli Indomie demi NewJeans ;1,92371E+18;;nisanindita_;in;;0;0;0;https://x.com/undefined/status/1923709183733662192;1,91217E+18;
1,92259E+18;Sat May 17 11:55:49 +0000 2025;0;@dhelsadell Gak nyangka NewJeans bisa gemes di Indomie juga ;1,92371E+18;;dhelsadell;in;;0;0;0;https://x.com/undefined/status/1923709035481903121;1,75362E+18;
1,92259E+18;Sat May 17 11:50:19 +0000 2025;0;@dhelsadell Sebagai pecinta indomie dan NewJeans aku mau borong semua pc nya;1,92371E+18;;dhelsadell;in;;0;0;0;https://x.com/undefined/status/1923707652410138967;1,75186E+18;
1,92259E+18;Sat May 17 11:48:53 +0000 2025;0;@dhelsadell Serius ini beli indomie dapat pc nya NewJeans? Info dong belinya dimana;1,92371E+18;;dhelsadell;in;;0;1;0;https://x.com/undefined/status/1923707291414704513;1,76048E+18;
1,92259E+18;Sat May 17 11:48:25 +0000 2025;0;@crushnyareece NewJeans emang selalu bikin dompet gak aman ku belain beli indomie banyak ;1,92371E+18;;crushnyareece;in;;0;0;0;https://x.com/undefined/status/1923707175161168078;1,56386E+18;
1,92258E+18;Sat May 17 11:47:54 +0000 2025;0;@nisanindita_ Indomie + NewJeans = kolaborasi paling niat yang pernah ada GUA MAU BELI;1,92371E+18;;nisanindita_;in;;0;0;0;https://x.com/undefined/status/1923707041950072885;8,92925E+17;
1,92259E+18;Sat May 17 11:47:14 +0000 2025;0;@dhelsadell Baru tau kalo ternyata Indomie collab sama NewJeans beli dimana ini mbak?;1,92371E+18;;dhelsadell;in;;0;0;0;https://x.com/undefined/status/1923706876409282628;1,86495E+18;
1,92259E+18;Sat May 17 11:46:20 +0000 2025;0;@crushnyareece Plis bilang ini gak limited edition... soalnya aku panik demi NewJeans aku beli sekarton indomie ️;1,92371E+18;;crushnyareece;in;;0;0;0;https://x.com/undefined/status/1923706648117510443;1,72611E+18;
1,92259E+18;Sat May 17 11:45:52 +0000 2025;0;@dhelsadell Gemes banget NewJeans pc nya makan indomie ;1,92371E+18;;dhelsadell;in;;0;0;0;https://x.com/undefined/status/1923706531746546160;1,77333E+18;
1,92259E+18;Sat May 17 11:44:35 +0000 2025;0;@crushnyareece Udah beli 2 karton Indomie. Demi NewJeans gaspol! ;1,92371E+18;;crushnyareece;in;;0;0;0;https://x.com/undefined/status/1923706208621621346;1,59821E+18;
1,92257E+18;Sat May 17 11:44:08 +0000 2025;0;@fryuputrii Indomie + NewJeans? OMG JIWAKU TIDAK TENANG ;1,92371E+18;;fryuputrii;in;;0;0;0;https://x.com/undefined/status/1923706095652176207;1,82579E+18;
1,92259E+18;Sat May 17 11:42:53 +0000 2025;0;@crushnyareece NewJeans + Indomie = COMBO TERBAIK ;1,92371E+18;;crushnyareece;in;;0;0;0;https://x.com/undefined/status/1923705778881560655;1,59942E+18;
1,92259E+18;Sat May 17 11:37:09 +0000 2025;0;@dhelsadell Mau postcard NewJeans nya ka. Minta link nya dong gue mau co Indomie nya;1,9237E+18;;dhelsadell;in;;0;0;0;https://x.com/undefined/status/1923704339639697574;1,90581E+18;
1,92257E+18;Sat May 17 09:56:12 +0000 2025;1;@luckyloeyli NewJeans bener-bener bikin Indomie naik level ;1,92368E+18;;luckyloeyli;in;;0;0;0;https://x.com/undefined/status/1923678934241337647;1,82084E+18;
1,92257E+18;Sat May 17 09:51:10 +0000 2025;0;@luckyloeyli Indomie udah enak dapet bonus NewJeans pula... hidup makin indah ;1,92368E+18;;luckyloeyli;in;;0;0;0;https://x.com/undefined/status/1923677664273104979;1,87299E+18;
1,92257E+18;Sat May 17 09:03:17 +0000 2025;0;@pramuhtialll Emang gemesin banget NewJeans tuh ngga rugi deh beli Indomie banyak banyak;1,92367E+18;;pramuhtialll;in;;0;0;0;https://x.com/undefined/status/1923665617263178073;1,80742E+18;
1,92258E+18;Sat May 17 09:02:05 +0000 2025;0;@Nurafilah__ Indomie makanan fav gue tambah ada newjeans makin gue beli terus;1,92367E+18;;Nurafilah__;in;;0;0;0;https://x.com/undefined/status/1923665312064602469;1,90462E+18;
1,92257E+18;Sat May 17 09:01:20 +0000 2025;0;@pramuhtialll Siap deh tiap hari makan Indomie demi punya postcardnya NewJeans ;1,92367E+18;;pramuhtialll;in;;0;0;0;https://x.com/undefined/status/1923665126118523203;1,81691E+18;
1,92257E+18;Sat May 17 08:57:36 +0000 2025;0;@pramuhtialll akan aku usahain dapetin postcard newjeans via indomie ;1,92366E+18;;pramuhtialll;in;;0;0;0;https://x.com/undefined/status/1923664185470443570;1,72468E+18;
1,92257E+18;Sat May 17 08:57:09 +0000 2025;0;@pramuhtialll Seriusan ini beli Indomie dapet postcard newjeans?? Mauu jugaa spill dong beli nya dimanaa;1,92366E+18;;pramuhtialll;in;;0;0;0;https://x.com/undefined/status/1923664072505164183;1,73122E+18;
1,92257E+18;Sat May 17 08:54:51 +0000 2025;0;@pramuhtialll Demi dapet postcard NewJeans hujan² nekat beli indomie ;1,92366E+18;;pramuhtialll;in;;0;0;0;https://x.com/undefined/status/1923663492856545414;1,82607E+18;
1,92257E+18;Sat May 17 08:40:04 +0000 2025;0;@luckyloeyli NewJeans aku datang mau borong indomie goreng dulu;1,92366E+18;;luckyloeyli;in;;0;0;0;https://x.com/undefined/status/1923659774081777892;1,87979E+18;
1,92279E+18;Sat May 17 08:35:37 +0000 2025;0;@paracetamoods Postcard nya Newjeans ada di Indomie beneran?? Mauu;1,92366E+18;;paracetamoods;in;;0;0;0;https://x.com/undefined/status/1923658654819156230;1,78899E+18;
1,92257E+18;Sat May 17 08:31:25 +0000 2025;0;@luckyloeyli Demi NewJeans gw langsung borong Indomie sepuluh bungkus! hahah;1,92366E+18;;luckyloeyli;in;;0;0;0;https://x.com/undefined/status/1923657595635761249;1,90344E+18;
1,92257E+18;Sat May 17 08:31:09 +0000 2025;0;@luckyloeyli Kesukaan gue indomie dapet poscard newjeans lagi yakali ga borong ;1,92366E+18;;luckyloeyli;in;;0;0;0;https://x.com/undefined/status/1923657531119018414;1,90459E+18;
1,92279E+18;Sat May 17 08:29:20 +0000 2025;0;@paracetamoods Borong Indomie suka banget sama postcard nya newjeans;1,92366E+18;;paracetamoods;in;;0;0;0;https://x.com/undefined/status/1923657070529872243;1,81375E+18;
1,92258E+18;Sat May 17 08:27:37 +0000 2025;0;@Nurafilah__ Oke fix abis ini gue nyari Indomie rasa Korea demi NewJeans;1,92366E+18;;Nurafilah__;in;;0;0;0;https://x.com/undefined/status/1923656641901363681;1,80707E+18;
1,92143E+18;Sat May 17 06:45:07 +0000 2025;0;@IndoPopBase @Indomielovers indomie jadi makin berkelas karena newjeans;1,92363E+18;;IndoPopBase;in;;0;0;0;https://x.com/undefined/status/1923630843903541728;1,81673E+18;
1,92143E+18;Sat May 17 06:42:31 +0000 2025;0;@IndoPopBase @Indomielovers ini combo paling gila sih newjeans x indomie;1,92363E+18;;IndoPopBase;in;;0;0;0;https://x.com/undefined/status/1923630192989438306;1,81574E+18;
1,92143E+18;Sat May 17 06:42:10 +0000 2025;0;@koreanindo gila sih ini fix bisa jadi koleksi newjeans x indomie;1,92363E+18;;koreanindo;in;;0;0;0;https://x.com/undefined/status/1923630101373255815;1,66745E+18;
1,92143E+18;Sat May 17 06:38:56 +0000 2025;0;@IndoPopBase @Indomielovers newjeans bawa rejeki buat indomie sih ini;1,92363E+18;;IndoPopBase;in;;0;0;0;https://x.com/undefined/status/1923629288676524395;1,71139E+18;
1,9208E+18;Sat May 17 06:19:59 +0000 2025;0;@officialkvibes @Indomielovers big thanks to Indomie udah bikin fans NewJeans bahagia bgt bgt bgttt ;1,92362E+18;;officialkvibes;in;;0;0;0;https://x.com/undefined/status/1923624519132119120;1,86741E+18;
1,92143E+18;Sat May 17 06:12:32 +0000 2025;0;@coppamagz @Indomielovers newjeans di packaging indomie??? GILA MAU ;1,92362E+18;;coppamagz;in;;0;0;0;https://x.com/undefined/status/1923622643410018702;1,90529E+18;
1,9208E+18;Sat May 17 06:11:02 +0000 2025;0;@officialkvibes @Indomielovers ngga nyangka beli Indomie bisa dapet postcard NewJeans combo terbaik tahun ini ;1,92362E+18;;officialkvibes;in;;0;0;0;https://x.com/undefined/status/1923622267688452266;1,82579E+18;
1,92216E+18;Sat May 17 06:08:21 +0000 2025;0;@strootsys ni ngeborong Indomie buat dapet PC newjeans juga ga bkal rugi si;1,92362E+18;;strootsys;in;;0;0;0;https://x.com/undefined/status/1923621591994466723;1,84167E+18;
1,92143E+18;Sat May 17 06:06:15 +0000 2025;0;@coppamagz @Indomielovers Wajib punya sih ini NewJeans + Indomie?? Gak kuat ;1,92362E+18;;coppamagz;in;;0;0;0;https://x.com/undefined/status/1923621063755485451;1,72611E+18;
1,9208E+18;Sat May 17 06:02:27 +0000 2025;0;@officialkvibes @Indomielovers Makasih Indomie bikin fans NewJeans bahagia ;1,92362E+18;;officialkvibes;in;;0;0;0;https://x.com/undefined/status/1923620105910616197;1,71484E+18;
1,92143E+18;Sat May 17 05:06:07 +0000 2025;0;@IndoPopBase @Indomielovers Dapet Indomie + NewJeans? Combo sempurna ;1,92361E+18;;IndoPopBase;in;;0;0;0;https://x.com/undefined/status/1923605930245226556;2754491747;
1,92143E+18;Sat May 17 05:03:37 +0000 2025;0;@IndoPopBase @Indomielovers Demi postcard NewJeans rela makan Indomie tiap hari ;1,92361E+18;;IndoPopBase;in;;0;0;0;https://x.com/undefined/status/1923605301967933915;1,91322E+18;
1,92143E+18;Sat May 17 05:03:02 +0000 2025;0;@IndoPopBase @Indomielovers NewJeans x Indomie tuh definisi kolaborasi impian ;1,92361E+18;;IndoPopBase;in;;0;0;0;https://x.com/undefined/status/1923605155867656287;1,50302E+18;
1,92143E+18;Sat May 17 04:59:13 +0000 2025;0;@koreanindo ini serius kalau beli Indomie dapet postcard nya newjeans y min;1,9236E+18;;koreanindo;in;;0;0;0;https://x.com/undefined/status/1923604193706934546;1,70043E+18;
1,92143E+18;Sat May 17 04:59:12 +0000 2025;0;@IndoPopBase @Indomielovers gamau ketinggalan moment ini newjeans sama indomie;1,9236E+18;;IndoPopBase;in;;0;0;0;https://x.com/undefined/status/1923604190200463606;1,89832E+18;
1,9236E+18;Sat May 17 04:57:45 +0000 2025;33;eneg Alpukat 20rb ku #OhMyGoodItsIndomie https://t.co/lbU9rwkpqw;1,9236E+18;https://pbs.twimg.com/media/GrIDemhWYAAOMY8.jpg;;in;;1;3;3;https://x.com/undefined/status/1923603826713690495;1,74075E+18;
1,9208E+18;Sat May 17 04:51:13 +0000 2025;0;@officialkvibes @Indomielovers baru tahu Indomie collab sama NewJeans! Postcard-nya gemes banget ;1,9236E+18;;officialkvibes;in;;0;0;0;https://x.com/undefined/status/1923602180474536354;1,82371E+18;
1,92232E+18;Sat May 17 04:50:46 +0000 2025;0;@panncafe Ini lucunya gak ada obat! NewJeans + Indomie = combo paling manis;1,9236E+18;;panncafe;in;;0;0;0;https://x.com/undefined/status/1923602067375165860;1,86194E+18;
1,92299E+18;Fri May 16 00:33:33 +0000 2025;0;@burvbery menamatkan newjeans pepero ️ menamatkan postcard newjeans indomie ️ abis ini apalagi ayo ;1,92317E+18;;burvbery;in;;0;1;0;https://x.com/undefined/status/1923174950443077691;1,58746E+18;
1,92299E+18;Thu May 15 12:30:45 +0000 2025;0;ponakan gue dapet ginian jir ini postcard newjeans x indomie kah? tp lucu sih bagus https://t.co/EQqbbBzhxy;1,92299E+18;https://pbs.twimg.com/media/Gq_WvlNaAAESZDu.jpg;;in;;0;0;0;https://x.com/undefined/status/1922993049107349590;1,48382E+18;
1,92264E+18;Wed May 14 13:44:59 +0000 2025;7;@nineteenfreak Ini mah indomie korea ga sih? Yang sama newjeans itu;1,92265E+18;;nineteenfreak;in;;0;0;0;https://x.com/undefined/status/1922649343338701000;1,81717E+18;
1,92259E+18;Wed May 14 09:46:17 +0000 2025;0;@taqibalqibul İni aku kmren beli Indomie 35rb lah totalnya dapet postcard newjeans dong aaaaa seneng bgt;1,92259E+18;;taqibalqibul;in;;0;0;0;https://x.com/undefined/status/1922589271669477614;294528028;
1,92259E+18;Wed May 14 09:31:32 +0000 2025;208;Dapet Indomie postcard NewJeans juga akhirnyaa gemes semua apalagi Minji duh! https://t.co/oKvz6AX43N;1,92259E+18;https://pbs.twimg.com/media/Gq5lXjpWcAABPpR.jpg;;in;;1;292;84;https://x.com/undefined/status/1922585560507371855;294528028;
1,92258E+18;Wed May 14 08:51:04 +0000 2025;217;Niat cuma beli Indomie yang rasa korea tapi pulangnya bawa mini postcard NewJeans https://t.co/4t6uESXdFH;1,92258E+18;https://pbs.twimg.com/media/Gq5cHNHakAAwZVs.jpg;;in;;0;236;103;https://x.com/undefined/status/1922575379623010466;1,21565E+18;
1,92257E+18;Wed May 14 08:48:13 +0000 2025;76;Baru nyampe paket Indomie dari e-commerce dan isinya ada Indomie postcard NewJeans pengen pajang di kamar https://t.co/tkJLexN0hq;1,92257E+18;https://pbs.twimg.com/media/Gq5bdF6WwAA8iUi.jpg;;in;;0;165;61;https://x.com/undefined/status/1922574662422106560;1,14373E+18;
1,92257E+18;Wed May 14 08:37:33 +0000 2025;111;Tadi beli Indomie karena laper terus pas buka dapet Indomie postcard NewJeans ya ampun seneng banget https://t.co/srCiFBVoVI;1,92257E+18;https://pbs.twimg.com/media/Gq5Y_SKb0AAjjY-.jpg;;in;;0;157;62;https://x.com/undefined/status/1922571977455198477;1,27286E+18;
1,9223E+18;Tue May 13 14:22:27 +0000 2025;0;Siapa mau beli pc newjeans indomie edition #wts;1,9223E+18;;;in;;0;0;0;https://x.com/undefined/status/1922296384507506894;1,5429E+18;
1,92227E+18;Tue May 13 12:49:54 +0000 2025;0;Muak gua dgn indomie goreng demi photocard newjeans ;1,92227E+18;;;in;;0;0;0;https://x.com/undefined/status/1922273096058257412;1,49712E+18;
1,92209E+18;Tue May 13 12:45:06 +0000 2025;0;@puzzleaerim Intinya: sami mawon toksiknya wkwk.. Tp sekarang lebih suka benda pakai kayak hoodie Paling kalo postcard sejenisnya cuma nyari yg murah2 kayak bonus indomie kemaren. Sekedar punya-punyaan aja ujung2nya tergeletak di rak https://t.co/iNCv4jzu;1,92227E+18;https://pbs.twimg.com/media/Gq1HlyCW8AAgY0B.jpg;Masmas_NewJeans;in;;0;0;0;https://x.com/undefined/status/1922271885909217774;273977169;
1,92218E+18;Tue May 13 06:47:49 +0000 2025;0;@4tobimaru MAU HOI Indomie newjeans yah;1,92218E+18;;4tobimaru;in;;0;1;0;https://x.com/undefined/status/1922181973872640045;1,76535E+18;
1,92216E+18;Tue May 13 05:38:42 +0000 2025;6557;NewJeans emg betulan idola! Nambah lagi koleksi gue Gue beli mini postcard set-nya Indomie ini di Super Indo Cilandak. Ada yang udh dapet? https://t.co/NrvmzvqbId;1,92216E+18;https://pbs.twimg.com/media/GqzmfIEW0AA5jF7.jpg;;in;;64;245;262;https://x.com/undefined/status/1922164577464119344;1,31517E+18;
1,92216E+18;Tue May 13 05:11:40 +0000 2025;0; wts aab bts photocard jk v ina ୨୧ co ୨୧ include all ୨୧ dm for condition batam ୨୧ karna batam ada biaya cukai jadi kena pajak 18% yaa ୨୧ biaya pajak spay pas paket mau dikirim wts wtb photocard pc bts newjeans nj indomie postcard https://t.co/QoQw0Ma6ni;1,92216E+18;https://pbs.twimg.com/media/GqzgTf5XMAAQfc8.jpg;;in;;1;0;0;https://x.com/undefined/status/1922157778174362042;402465149;
1,92184E+18;Mon May 12 08:26:58 +0000 2025;0;Masa skrg beli indomie dapet pc NewJeans? ;1,92184E+18;;;in;;0;0;0;https://x.com/undefined/status/1921844536893927907;1,46059E+18;
1,92127E+18;Sun May 11 16:13:37 +0000 2025;1;@orangitemm Indomie korean yg collab sama newjeans mas;1,9216E+18;;orangitemm;in;;0;1;0;https://x.com/undefined/status/1921599585413214513;1,37695E+18;
1,92155E+18;Sun May 11 12:40:38 +0000 2025;0;GUSY JUJURLY MIE SEDAP&gt;;;;;;;;;;;
1,92155E+18;Sun May 11 12:40:07 +0000 2025;0;wtf no one told me kalo mie sedap lebih gak micin dr indomie kayak WOYYY BISA BISANYA W SEUMUR IDUP MAKAN INDOMIE ok mksi. No offense y mff utk pecinta newjeans(aku);1,92155E+18;;;in;;0;3;0;https://x.com/undefined/status/1921545856177651988;1,46413E+18;
1,92144E+18;Sun May 11 05:48:39 +0000 2025;1;OPEN JASTIP K-FUN FEST X Indomilk Chitato Indomie (edisi Seventeen &amp;;;;;;;;;;;
1,92143E+18;Sun May 11 05:15:53 +0000 2025;77;Ayo siapa yang kemarin ketinggalan? Jangan sampai ketinggalan lagi yaa~ Beli Indomie min. 35K (varian apa aja) di Super Indo/ Official Store &amp;;;;;;;;;;;
1,92143E+18;Sun May 11 04:57:27 +0000 2025;0;OPEN JASTIP K-FUN FEST X Indomilk Chitato Indomie (edisi Seventeen &amp;;;;;;;;;;;
1,92068E+18;Sat May 10 06:22:56 +0000 2025;0;#everyvvonu_jastip secured 3 chitato + ls bag 2 indomilk 2 indomie yg masih mau jastip chitato (kecuali warna rqs) with ls bag indomie newjeans njz indomilk scoups wonwoo vernon cherry kucing bear bisa lgsng dm yah!! https://t.co/pB7K8ABDe6;1,92109E+18;https://pbs.twimg.com/media/GqkTzrpbcAI2KQe.jpg;everyvvonu;in;;1;2;0;https://x.com/undefined/status/1921088546149928994;1,32651E+18;
1,9208E+18;Fri May 09 11:18:31 +0000 2025;0;up. jastip k-fun kvibes chitato cp indomie dan indomilk package fee jastip 10k (indomilk indomie) fee jastip 15k (chitato) bisa cod langsung sekitar jakbar bisa via oren atau gosend/grbxpress t. chitato rqs indomilk pvc bag vernon scoups wonwoo newjeans indomie;1,9208E+18;;;in;;0;0;1;https://x.com/undefined/status/1920800546631348388;1,32651E+18;
1,9208E+18;Fri May 09 11:13:42 +0000 2025;1200; Ada yang baru dari Indomie! Beli varian apa aja min. 35K di Super Indo dan Indomie official store kamu bisa dapet Mini Postcard Set terbaru dari Indomie &amp;;;;;;;;;;;
1,92077E+18;Fri May 09 09:29:53 +0000 2025;0;Newjeans tetiba indomie pulak dah;1,92077E+18;;;in;;0;0;0;https://x.com/undefined/status/1920773206371082505;511887138;
1,92077E+18;Fri May 09 09:24:06 +0000 2025;12;Hai Indomielovers mau seru-seruan + dapet hadiah? Jangan lupa datang dan ajak Bestie Crush atau Keluarga Hari Sabtu &amp;;;;;;;;;;;
1,92044E+18;Thu May 08 11:14:11 +0000 2025;11;Indomielovers udah siap belum nyobain Authentic Taste yang Korea banget dan Playful Journey bareng Indomie Korean Ramyeon Series? Yuk datang ke K-FUN FEST Hari Sabtu &amp;;;;;;;;;;;
1,92034E+18;Thu May 08 04:50:59 +0000 2025;2;Hari ini Minji dari NewJeans membuat kejutan manis dengan mengunjungi birthday cafe event yang diselenggarakan oleh para penggemarnya. Dalam momen tersebut gadis kelahiran 7 Mei 2004 itu tidak lupa mempromosikan mempromosikan produk Indomie menunjukkan dukungannya secara https://t.co/j7FK8X519J;1,92034E+18;https://pbs.twimg.com/media/GqZrntWWoAAL-tX.jpg;;in;;0;0;0;https://x.com/undefined/status/1920340632834592986;430845087;
1,92013E+18;Wed May 07 15:13:06 +0000 2025;11;Oh My Good! Indomie bareng Indomilk &amp;;;;;;;;;;;
1,92002E+18;Wed May 07 10:32:33 +0000 2025;0;@holly111i @with_koma COY IYA LG ANJIR???? KURANG MECIN AJGGGG buat klen pecinta indomie mau yg mecin bgt indomie varian ayam geprek yg rasanya masih mecin bgt ges ayo cobain (dengan nada brand ambassador seperti newjeans);1,92006E+18;;leitedeomca;in;;0;1;0;https://x.com/undefined/status/1920064200556310705;1,67945E+18;
1,92005E+18;Wed May 07 09:32:44 +0000 2025;0;gua beli indomie kuah 100 rebu kirain dapet postcard newjeans ternyata harus beli yg GORENG ;1,92005E+18;;;in;;0;1;0;https://x.com/undefined/status/1920049146830213155;1,21459E+18;
1,92003E+18;Wed May 07 08:39:51 +0000 2025;1;@newjeans_loop indomie seleraku iyah ga minj?;1,92004E+18;;newjeans_loop;in;;0;0;0;https://x.com/undefined/status/1920035842166489494;888704610;
1,91995E+18;Wed May 07 05:31:36 +0000 2025;0;@newjeans_loop Ada Indomie coy;1,91999E+18;;newjeans_loop;in;;0;0;0;https://x.com/undefined/status/1919988464885604539;1,04194E+18;
1,91995E+18;Wed May 07 04:07:19 +0000 2025;0;@newjeans_loop Ada indomie goreng cuy Minjiyaa sehat selalu yaaa;1,91997E+18;;newjeans_loop;in;;0;0;0;https://x.com/undefined/status/1919967256504655908;67866459;
1,91968E+18;Tue May 06 09:01:01 +0000 2025;0;Indomie x NewJeans dapet mini Postcard set Bisa cek disini https://t.co/swKqfBddXS https://t.co/Klng7R4POj;1,91968E+18;https://pbs.twimg.com/media/GqQRqoZbAAADOEF.jpg;;in;;0;0;0;https://x.com/undefined/status/1919678778013323661;8,08578E+17;
1,91938E+18;Mon May 05 13:33:02 +0000 2025;0;@DeathRails iyaa tadi abis makan indomie newjeans;1,91938E+18;;DeathRails;in;;0;1;0;https://x.com/undefined/status/1919384844653777024;2240729012;
1,91936E+18;Mon May 05 11:51:10 +0000 2025;0;trying indomie x newjeans yang varian k rose oh god ternyata emang lidah gue gak bisa menyatu dengan yang bau bau carbonara atau rose gitu kecuali rose tokpokinya red dog :) indomie nomor satu masih aceh ;1,91936E+18;;;in;;0;0;0;https://x.com/undefined/status/1919359212347691452;1,37131E+18;
1,91934E+18;Mon May 05 10:24:58 +0000 2025;13;Yeyyy akhirnya postcard Indomie x MHDHH aku sampai #OhMyGoodItsIndomie https://t.co/d8Xk0tPVxk;1,91934E+18;https://pbs.twimg.com/media/GqLbS95asAAAVH8.jpg;;in;;0;0;0;https://x.com/undefined/status/1919337518345891949;1,702E+18;
1,91934E+18;Mon May 05 10:22:44 +0000 2025;0;@skeloveska ada indomie collab newjeans itu;1,91934E+18;;skeloveska;in;;0;0;0;https://x.com/undefined/status/1919336957739425989;1,41574E+18;
1,91865E+18;Sat May 03 13:11:11 +0000 2025;1;wts postcard newjeans | indomie x new jeans bisa co di oren #wts #NewJeans #photocard https://t.co/Axa2w4qn5o;1,91865E+18;https://pbs.twimg.com/media/GqBuJ7baYAAXmve.jpg;;in;;0;0;0;https://x.com/undefined/status/1918654572823994384;1,20115E+18;
1,91862E+18;Sat May 03 11:07:28 +0000 2025;4;Ya lo bawa² logical fallacy Gw tanya skrng lo masih mempermasalahkan indomie X Newjeans itu kan ? Gw dritadi baca mana ada lo bawa2 ador. Touch some grass;1,91862E+18;;;in;;0;0;0;https://x.com/undefined/status/1918623436328640526;1,87807E+18;
1,91829E+18;Fri May 02 13:47:24 +0000 2025;0;@minjisuroboyo Ga konsisten apa njir Ya emg jarang mention newjeans cuma nama member Plus yg gw suruh tuntut krn ngadain survey lewat third party Lagian akhirnya sempet ditakedown artinya indomie_kr aware sama pengumuman ador ttg masalah survei2 itu proba;1,9183E+18;;minjisuroboyo;in;;0;0;0;https://x.com/undefined/status/1918301299449495920;1,85305E+18;
1,91822E+18;Fri May 02 13:27:02 +0000 2025;0;@dontbebIu @wndfJIHYE Ko kocak lu melenceng kemana2 KALAU-pun indomie ngerasa DIRUGIIN atas situasi sengketa hukum antara njz sama ador Indomie BISA nuntut ke ador atas tidak kondusif situasi promosi brand indomie dgn newjeans ;1,9183E+18;;dontbebIu;in;;0;0;0;https://x.com/undefined/status/1918296174148374713;1,85305E+18;
1,91822E+18;Fri May 02 12:52:14 +0000 2025;0;@dontbebIu @wndfJIHYE Terus apa ngaruhnya indomie yg teken sm manajemen lama? Lu kira indomie kaya newjeans?? Ngebatalin kontrak/ga ngehormati ador AS company/agency;;;;;;;;;;;
1,91801E+18;Fri May 02 12:31:31 +0000 2025;5;@722whp @Ayrien_Kim Lihat ig nya indomie wkwk. Udh jelas² Indomie | NewJeans https://t.co/cE7W6RB4aD;1,91828E+18;https://pbs.twimg.com/media/Gp8bXeEboAAGTdF.jpg;722whp;in;;0;0;0;https://x.com/undefined/status/1918282202737185056;3038820883;
1,91822E+18;Fri May 02 12:16:06 +0000 2025;0;@dontbebIu @wndfJIHYE Ador scr hukum pny copyright atas brand newjeans Tp setelah ador ngumumin kalo tindakan njz illegal mengganti nama sepihak sblm proses hukum indomie ttp nulis nama member doang 2) yg gw tulis itu tuntut krn pake pihak KETIGA utk surv;1,91828E+18;;dontbebIu;in;;0;1;0;https://x.com/undefined/status/1918278323979075765;1,85305E+18;
1,91816E+18;Fri May 02 04:18:39 +0000 2025;0;pake tas mission no.9? entar aku bawa tas pvc indomie newjeans;1,91816E+18;;;in;;0;0;0;https://x.com/undefined/status/1918158166715756681;8,1958E+17;
1,91801E+18;Thu May 01 18:32:03 +0000 2025;0;postcard newjeans yg indomie sedus bjir banyak banget niiii mo gua buka in sayang;1,91801E+18;;;in;;0;1;0;https://x.com/undefined/status/1918010546697412804;9,29912E+17;
1,91794E+18;Thu May 01 14:38:19 +0000 2025;0;Bahkan u know.. Indomie... Dari akhir tahun lalu mereka hubungin beberapa fanbase NewJeans. Bahkan ajakin zoom meeting. Terus yg baru kemarin sama tim bunnies dan meskipun ada kendala dari ADOR dan bbrp komentar negatif dari haters acaranya tetap berjalan dengan lancar;1,91795E+18;;onevzaa;in;;0;1;0;https://x.com/undefined/status/1917951724251480434;1,49384E+18;
1,91793E+18;Thu May 01 13:10:46 +0000 2025;590; Kasian CK putusin kontraknya sama NJ gara gara rebranding jadi NJZ *Gak lama langsung kolab official dan gak pake nama NewJeans tapi pake nama member Pop up Indomie batal dan ador bisa nuntut Indomie kalo maksa buat acaranya Acara tetep jadi dan iklan di mana mana ;1,91793E+18;;;in;;4;4;100;https://x.com/undefined/status/1917929691744501874;1,88698E+18;
1,91791E+18;Thu May 01 12:18:16 +0000 2025;7;@maewishie tapi karna emg pop up indomie newjeans ini ada disleuruh dunia dan legal tetep di buka meskipun udah dibikin medplay sama diserang buzzer kuning segala macem maju terus indofood nih tweet ador dan team bunnies https://t.co/L6WN4pnZzM https://t.;1,91792E+18;;gcrlhyein;in;;0;0;0;https://x.com/undefined/status/1917916477946306887;2795641115;
1,91789E+18;Thu May 01 10:19:11 +0000 2025;0;#nwask cinta ada yang tau ga newjeans x indomie postcard yg ver 2 ini dimana dapetnya https://t.co/FbrSiQNBOg;1,91789E+18;https://pbs.twimg.com/media/Gp2zndsbIAAAnum.jpg;;in;;0;0;0;https://x.com/undefined/status/1917886509568704981;1,87621E+18;
1,91788E+18;Thu May 01 09:50:10 +0000 2025;0;indomie keluarin postcard newjeans baru lagi ada di shopee atau tiktok shop https://t.co/X99cIceWoa https://t.co/iuY2HCoggv;1,91788E+18;https://pbs.twimg.com/media/Gp2s-GCbUAAJklL.jpg;;in;;0;0;0;https://x.com/undefined/status/1917879208107454873;1,37113E+18;
1,91786E+18;Thu May 01 08:39:25 +0000 2025;0;BURUAN beli indomie bisa langsung dapet Mini Postcard Set Indomie x NewJeans NJZ https://t.co/0i9xoZHqe0 https://t.co/wHdUXtgF3n;1,91786E+18;https://pbs.twimg.com/media/Gp2cxsMawAA29IC.jpg;;in;;0;0;0;https://x.com/undefined/status/1917861404193026170;8,08578E+17;
1,91782E+18;Thu May 01 06:08:05 +0000 2025;6;enak banget bjil fiery chikin dibikin nyemek #OhMyGoodItsIndomie https://t.co/gxfBlMDvnV;1,91782E+18;https://pbs.twimg.com/media/Gp16HOpaYAAC4S0.jpg;;in;;0;0;0;https://x.com/undefined/status/1917823318599819659;1,50411E+18;
1,91762E+18;Wed Apr 30 16:27:48 +0000 2025;0;guys ada yang nyari postcard newjeans indomie atau pc itzy skz ultramilk gak?? gue punya banyak banget yang mau adopsi boleh bangett;1,91762E+18;;;in;;0;2;0;https://x.com/undefined/status/1917616887019794786;1,53403E+18;
1,91611E+18;Tue Apr 29 07:28:26 +0000 2025;0;@Listalivia @Snper22 tanya karena ga ngikutin jadi indomie collab ma newjeans tu ga lewat ador???;1,91712E+18;;Listalivia;in;;0;1;0;https://x.com/undefined/status/1917118764912677297;418276741;
1,91706E+18;Tue Apr 29 04:12:02 +0000 2025;0;@ednmza rawon juga enak! indomie newjeans yang ramen itu? paling enak yang mana din?;1,91707E+18;;ednmza;in;;0;1;0;https://x.com/undefined/status/1917069340643659987;1,53922E+18;
1,91706E+18;Tue Apr 29 04:10:10 +0000 2025;0;@dhirggi UDAH PERNAH. Itu enak bangeet yang rawon juga enaaak tapi aku lagi suka Indomie NEWJEANS WKWKWKWK.;1,91707E+18;;dhirggi;in;;0;1;0;https://x.com/undefined/status/1917068870604685705;1,5798E+18;
1,91606E+18;Mon Apr 28 04:53:30 +0000 2025;1;@Danielkyugf @etaernalmin @daratatawarning @a1071364 @Indomielovers Kayaknya brand Indomie udah terlalu besar sih untuk sekedar hancur keseret NewJeans. Kecuali ADOR atau pengadilan Korea mau menegur Indomie karena lancang melangkahi keputusan hukum penga;1,91672E+18;;weirdpastelrest;in;;0;1;0;https://x.com/undefined/status/1916717388583895323;1,46686E+18;
1,85186E+18;Sun Apr 27 20:46:42 +0000 2025;0;@Indomielovers Lagi rame nih di korea katanya Indomie batalin iklan bareng NewJeans ini hahaha.;1,91659E+18;;Indomielovers;in;;0;0;0;https://x.com/undefined/status/1916594879809065437;538184084;
1,91612E+18;Sun Apr 27 14:15:32 +0000 2025;0;@Melody_doremi3 nah form itu untuk data demografi konsumen yg ada di korea. karena ini pop up store indomie x newjeans pertama di korea jadi indomie butuh data perkiraan berapa banyak stok yg harus dijual disana. nah nanti yg po bisa beli lewat email yg d;1,9165E+18;;onevzaa;in;;0;0;0;https://x.com/undefined/status/1916496437115789524;1,49384E+18;
1,91612E+18;Sun Apr 27 14:11:25 +0000 2025;0;@Melody_doremi3 fyi team bunnies ini akun fanbase newjeans kak yg ada di korea. nah acara indomie ini kan nggak cuma di korea aja tapi diluar korea juga ada. tahun lalu juga indomie vietnam hubungin fanbase newjeans fund dan diajak zoom bareng juga. jadi ;1,9165E+18;;Melody_doremi3;in;;0;1;0;https://x.com/undefined/status/1916495405090767148;1,49384E+18;
1,91612E+18;Sun Apr 27 14:07:30 +0000 2025;0;@Listalivia @Melody_doremi3 ngurusin transaksi bisnis newjeans terus2an whenn? source please. yg indomie itu jg nggak cuma team bunnies tapi indomie hubungin akun fanbase newjeans lain diajak zoom bareng juga;1,91649E+18;;Listalivia;in;;0;0;0;https://x.com/undefined/status/1916494418745721322;1,49384E+18;
1,91608E+18;Sun Apr 27 10:38:46 +0000 2025;0;@ChinguStars @Listalivia @Snper22 @Listalivia @Snper22 Ya bener. Pop-up store NewJeans x Indomie resmi di Seoul (1-13 Mei 2025) tapi ada akun fan tidak resmi seperti Team Bunnies yang coba kumpulin data pribadi lewat survei tanpa izin ADOR. Indomie hapus ;1,91644E+18;;ChinguStars;in;;0;0;0;https://x.com/undefined/status/1916441887277453687;1,72067E+18;
1,91608E+18;Sun Apr 27 08:30:46 +0000 2025;1;@screwp0cket @Listalivia @emgmales @Snper22 Yaelah kalo mau bicara masalah hukum sekalian aja noh brand CK yg gaet mereka tanpa embel2 NewJeans itu kan pake pake nama PERSONAL MEMBER sekalian tuntut brand CK nya wkwkwkwk klo Indomie x NJ apakah mau dilapo;1,91641E+18;;screwp0cket;in;;0;1;0;https://x.com/undefined/status/1916409673760096464;1,63733E+18;
1,91608E+18;Sun Apr 27 08:13:47 +0000 2025;6;@Snper22 Lalu berita penjualan ramen limited edition NewJeans sudah dihapus Indomie dan Indofood.;1,91641E+18;;Listalivia;in;;0;0;0;https://x.com/undefined/status/1916405403073626522;1,46686E+18;
1,91638E+18;Sun Apr 27 06:32:03 +0000 2025;0;nggak salah kontak kok mereka juga hubungin newjeans fund vietnam + bbrp akun fanbase newjeans dan diajak zoom bareng buat diskusi terkait promosi indomie ini;1,91638E+18;;;in;;0;2;0;https://x.com/undefined/status/1916379798881870218;1,49384E+18;
1,91608E+18;Sun Apr 27 05:02:39 +0000 2025;0;@emgmales @Snper22 Mereka kan mesti balik modal abis ngabisin duit buat Newjeans. Nah ini upaya mereka ngabisin stok. Indomie sendiri nggak majang ramen NJ di etalase di toko-toko berbagai kota besar di Indonesia malah diem-diem suruh toko Popmie di Korse;1,91636E+18;;emgmales;in;;1;1;0;https://x.com/undefined/status/1916357299687592005;1,46686E+18;
1,91632E+18;Sun Apr 27 02:37:05 +0000 2025;0;Wkwk asli lu bisa banget NUNTUT indomie tau dor 1) almost never using newjeans 2) ngadain event tp ngontak pihak ketiga buat so called survei buat estimasi ketersediaan produk;1,91632E+18;;;in;;0;0;0;https://x.com/undefined/status/1916320669740240957;1,85305E+18;
1,91628E+18;Sat Apr 26 23:42:35 +0000 2025;18;anying haters makin kesini makin ga nyambung beli indomie newjeans nanti data pembeli di pake ador teh apaaa coba;1,91628E+18;;;in;;0;3;0;https://x.com/undefined/status/1916276755742232855;1,78207E+18;
1,91625E+18;Sat Apr 26 21:46:44 +0000 2025;0;ADOR vs. #TeamBunnies: Kontroversi Survei #Indomie Pop-Up Store Picu Kebingungan di Kalangan Fans #NewJeans Read More: https://t.co/wREjJbRrLI -KGaeul https://t.co/ynfTPGZtzL;1,91625E+18;https://pbs.twimg.com/media/GpfhB2YbwAEdoOD.jpg;;in;;0;0;0;https://x.com/undefined/status/1916247598819906018;1,68709E+18;
1,91613E+18;Sat Apr 26 18:26:37 +0000 2025;1;@flyhigharies Ngga kak ini tuh cuman pendataan biasa kayak survei kepuasan indomie x newjeans di korea. Di Indonesia ngga kenapa2 kok;1,9162E+18;;flyhigharies;in;;0;0;0;https://x.com/undefined/status/1916197237459390553;1,87807E+18;
1,91611E+18;Sat Apr 26 17:13:58 +0000 2025;3;@_Crescentmoon7 emg iyh penyalahan kontrak min? @Indomielovers survey cm diminta email sm kuantiti mau beli brp udh byk popup store indomie x newjeans di berbagai negara lwt fanbase research dlu deh ya;1,91618E+18;;_Crescentmoon7;in;;0;1;0;https://x.com/undefined/status/1916178957256561035;7,41496E+17;
1,91615E+18;Sat Apr 26 15:45:19 +0000 2025;0;@haetokkies Emang pernah beli indomie newjeans mba/masnya nanyin data diri? ;1,91616E+18;;haetokkies;in;;0;1;0;https://x.com/undefined/status/1916156644364587143;1,8632E+18;
1,91615E+18;Sat Apr 26 15:28:48 +0000 2025;159;Serius nanya emang beli indomie x newjeans sama kasirnya ditanyain nama kamu siapa kah;1,91615E+18;;;in;;0;9;9;https://x.com/undefined/status/1916152487570190576;3269921683;
1,91602E+18;Sat Apr 26 14:16:44 +0000 2025;0;@minjisuroboyo @alldoorsoneroom Ada bukti ngak ? Mereka Indomie melalui ador lah pertanyaan gw team bunnies itu legal ngak ? Ingat keputusan pengadilan semua kegiatan newjeans di bawah ador;1,91613E+18;;minjisuroboyo;in;;0;1;0;https://x.com/undefined/status/1916134353605984338;1,37287E+18;
1,91608E+18;Sat Apr 26 13:58:46 +0000 2025;11;@songyunikeenayk @Snper22 Hai @Snper22! Iklan Indomie x NewJeans dihapus kemungkinan karena dipromosikan oleh akun fan (Team Bunnies) bukan saluran resmi yang menimbulkan kebingungan. ADOR sudah konfirmasi pop-up store di Seoul (1-13 Mei 2025) itu resmi t;1,91613E+18;;songyunikeenayk;in;;0;1;0;https://x.com/undefined/status/1916129833647759764;1,72067E+18;
1,91608E+18;Sat Apr 26 13:17:03 +0000 2025;16;@Rafifjkt @Snper22 Mereka mah terserah. Tapi Indofood aja lagi cuci tangan dari NJ dan ngabisin stok. Itu kan Indomie lagi nyelenggarain promosi Popmie goreng di seluruh toko mereka di dunia tapi ramen NewJeans malah dijual online PO ke Bunnies bukannya d;1,91612E+18;;Rafifjkt;in;;0;2;0;https://x.com/undefined/status/1916119333903937603;1,46686E+18;
1,91612E+18;Sat Apr 26 13:09:12 +0000 2025;0;@Melody_doremi3 Betul hati-hati kalau mau beli Kak. Lebih baik tunggu PO dari Indomie. Kan aneh Team Bunnies tiba-tiba bilang butuh data pribadi. Untuk apa coba data pribadi kalian yang cuma mau beli ramen NewJeans? Iyaa sama-sama Kak ;1,91612E+18;;Melody_doremi3;in;;1;1;0;https://x.com/undefined/status/1916117359766725082;1,46686E+18;
1,91608E+18;Sat Apr 26 12:56:55 +0000 2025;178;@Snper22 Teman-teman dari Indonesia hari-hari sekali ya kalau mau beli ramen NewJeans Indomie. Data pribadi kalian dikumpulin lho oleh Team Bunnies dan ADOR menyatakan mereka tidak terlibat maka kalau data pribadi kalian disalahgunakan Team Bunnies jangan;1,91611E+18;https://pbs.twimg.com/media/GpdnwwxakAAMqAT.jpg;Snper22;in;;101;26;10;https://x.com/undefined/status/1916114265368629351;1,46686E+18;
1,91606E+18;Sat Apr 26 12:36:19 +0000 2025;13;@daratatawarning @a1071364 @Indomielovers Jadi [5] Indomie gak salah. Mereka lagi berusaha nyelametin duit mereka dengan segala cara memastikan ramen NewJeans terjual dan duit kembali dari hasil PO. Yang salah Team Bunnies. Pengadilan dan putusan hakim me;1,91611E+18;;daratatawarning;in;;0;1;0;https://x.com/undefined/status/1916109082567839813;1,46686E+18;
1,91606E+18;Sat Apr 26 12:30:18 +0000 2025;7;@daratatawarning @a1071364 @Indomielovers Kalem Kak. Jadi gini ceritanya: [1] Di seluruh dunia lagi ada pagelaran popup store Indomie Popmie goreng. Nah Indofood sama importir Indomie tuh nanya ke popup store di Korea nawarin mau gak beli stok mienya NewJ;1,91611E+18;;daratatawarning;in;;1;0;0;https://x.com/undefined/status/1916107567744364588;1,46686E+18;
1,91603E+18;Sat Apr 26 12:17:10 +0000 2025;0;@Snper22 Team Bunnies pula yang ngadain survey PO. Berapa nih fans NJ yang mau beli Indomie? Mereka bilang cuma nanya data pribadi pembeli untuk pengiriman mau tahu seberapa banyak jumlah mie yang butuh dipesen setelah tahu lewat survey seberapa banyak fa;1,9161E+18;;Listalivia;in;;0;0;0;https://x.com/undefined/status/1916104261605462250;1,46686E+18;
1,91603E+18;Sat Apr 26 12:08:47 +0000 2025;9;@Snper22 Buat yang orang Indonesia: Indomie tampaknya berupaya menghabiskan stock Ramen NewJeans mereka pakai kata-kata sopan dalam melakukan penjualan mendahulukan Bunnies dengan PO duluan secara eksklusif. Bahasa mudahnya https://t.co/qmyKSe5jBb;1,9161E+18;https://pbs.twimg.com/media/GpdcZtjbEAId9c5.jpg;Snper22;in;;0;7;0;https://x.com/undefined/status/1916102154840117415;1,46686E+18;
1,91602E+18;Sat Apr 26 07:00:31 +0000 2025;0;Indomie x NewJeans: Toko Pop Up Resmi Dikonfirmasi ADOR Peringatkan #Bunnies Soal Penipuan Data Pribadi! #Kpop #ADOR #NewJeans #Indomie Selengkapnya https://t.co/NkdpaTeCpY -K.Gaeul https://t.co/A8CSorqRS7;1,91602E+18;https://pbs.twimg.com/media/GpcWMGqbEAILiqw.jpg;;in;;0;0;0;https://x.com/undefined/status/1916024576300945587;1,68709E+18;
1,91602E+18;Sat Apr 26 06:58:15 +0000 2025;2;Kontroversi Toko Pop Up Indomie x NewJeans: ADOR Angkat Bicara Soal Brand Ambassador dan Informasi di Luar Akun Resmi #NewJeans https://t.co/mjtBKnAMvH;1,91602E+18;;;in;;0;0;0;https://x.com/undefined/status/1916024006253408545;972179486;
1,91601E+18;Sat Apr 26 06:05:10 +0000 2025;0;ADOR Peringatkan Akun Fan Tidak Resmi #NewJeans Terkait Survei Data Pribadi Sementara #TeamBunnies Terlibat dalam Promosi #PopUpStore #Indomie di Tengah Konflik dengan #ADOR Selengkapnya https://t.co/NdiiRBairN -K.Gaeul https://t.co/yxYFnvu664;1,91601E+18;https://pbs.twimg.com/media/GpcJhW_bEAEz_NX.jpg;;in;;0;0;0;https://x.com/undefined/status/1916010648133341605;1,68709E+18;
1,91601E+18;Sat Apr 26 05:46:36 +0000 2025;0;Kontroversi Pop-Up Indomie #NewJeans: Antara Dukungan #ADOR dan Kekhawatiran Pengumpulan Data Pribadi #Fans Selengkapnya https://t.co/3vp3ms1bWR -K.Gaeul https://t.co/9eZ2Bs6i86;1,91601E+18;https://pbs.twimg.com/media/GpcFRZxagAAfabn.jpg;;in;;0;0;0;https://x.com/undefined/status/1916005974772748350;1,68709E+18;
1,91583E+18;Fri Apr 25 17:49:07 +0000 2025;0;#NewJeans x #Indomie Mi Goreng: Pop-Up Store Eksklusif di Seoul Bunnies Merapat! Selengkapnya https://t.co/7PuakFPd29 -K.Gaeul https://t.co/5DlS6UJNH9;1,91583E+18;https://pbs.twimg.com/media/GpZhDWHbEAEu_DT.jpg;;in;;0;0;0;https://x.com/undefined/status/1915825414427316341;1,68709E+18;
1,91582E+18;Fri Apr 25 17:45:59 +0000 2025;1;Indomie X NJZ: Kebocoran Pop-Up Store Seoul oleh Akun Fans Picu Pertanyaan #Indomie #NewJeans #ADOR #TeamBunnies #PopUpStore #Seoul Selengkapnya https://t.co/BuNGnLQOro -K.Gaeul https://t.co/pzTPkNMZnX;1,91582E+18;https://pbs.twimg.com/media/GpZgVYqbEAIJY_7.jpg;;in;;0;0;0;https://x.com/undefined/status/1915824624082030601;1,68709E+18;
1,91429E+18;Mon Apr 21 13:43:29 +0000 2025;0;cukub ngeongnya jawaban benarnya dia mau mie indomie newjeans dan pepero newjeans di rak makanan instan ya ^^ yang jawabnya ke rak makanan instan betul yang lain salah nyebut mie + pepero: + 50 nyebut salah satu mie/pepero: +25 ngeong: +30 like dan rt tambahin ky sblmnya https://t.co/0OOvx0Q6Zq;1,91431E+18;https://pbs.twimg.com/media/GpECJbEbQAAq3Nf.png;RantauSelasa;in;;10;1;0;https://x.com/undefined/status/1914314045823570418;7,58189E+17;
1,91356E+18;Sat Apr 19 11:54:09 +0000 2025;0;1. Indomie goreng aceh 2. Indomie soto 3. Indomie ramyun newjeans;1,91356E+18;;;in;;0;0;0;https://x.com/undefined/status/1913561754334089660;2654801917;
1,91169E+18;Mon Apr 14 07:38:16 +0000 2025;1;1. TORI KARA 2. TORI MISO 3. SPICY LAKSA 4. POP MIE PANGSIT YG WARNA UNGU 5. HYPE ABIS AYAM GEPREK 6. SUKSES 2 AYAM GEPREK DAN RENDANG 7. MIE NEWJEANS YANG PINK 8. INDOMIE IJO 9. INDOMIE SAMBAL MATAH 10. INDOMIE RICA RICA 11. SPAGHETTI WOW ALL VARIAN 12. INDOMIE KARI 13. ACEH;1,91169E+18;;;in;;0;0;0;https://x.com/undefined/status/1911685421832221181;1,81683E+18;
1,91162E+18;Mon Apr 14 03:10:55 +0000 2025;0;ternyata indomie yg BAnya newjeans ada kemasan yg cup yaa kupikir cuma ada buat kemasan mie pada umumnya aja (soalnya kebanyakan) https://t.co/sGGB4Mc7VK;1,91162E+18;https://pbs.twimg.com/media/GodukVPWQAE9xpB.jpg;;in;;0;1;0;https://x.com/undefined/status/1911618141408641185;1,03554E+18;
1,91104E+18;Sat Apr 12 17:16:32 +0000 2025;0;@FOODFESS2 dah pernah nyobain hampir seluruh varian indomi ampe merk lain tapi bener2 nemu yg aseli enak nih ya INDOMIE NEWJEANS alias varian terbaru Indomie rasa korea (ada 3 varian 2 goreng 1 kuah HIGHLY RECOMMEND YG WARNA PINK demi apapun enak bgt ) ht;1,91111E+18;https://pbs.twimg.com/tweet_video_thumb/GoWc7U6WcAA86ps.jpg;FOODFESS2;in;;0;0;0;https://x.com/undefined/status/1911106170372370789;1,8212E+18;
1,91094E+18;Sat Apr 12 05:57:10 +0000 2025;0;Mi goreng indomie newjeans enak gak;1,91094E+18;;;in;;0;2;0;https://x.com/undefined/status/1910935201666281611;8,57963E+17;
1,90989E+18;Thu Apr 10 16:01:13 +0000 2025;0;@kirishibma @can_lialeyy @bemylight_____ @Hop3OnTheStage @archive4nad @latierravita Setauku photocards itu bisa untuk paket promosi bonusan album atau promo brand tertentu misalnya McD atau indomie. Seumpama indofood bayar 10 miliar ke ADOR untuk lisensin;1,91036E+18;;kirishibma;in;;0;1;0;https://x.com/undefined/status/1910362440577294736;2934688181;
1,9079E+18;Thu Apr 03 21:09:18 +0000 2025;0;ada yg mau postcard newjeans indomie ga? aku punya 2 tp mau jual 1 aja 18k udh incl. all co oren yaah;1,9079E+18;;;in;;1;0;0;https://x.com/undefined/status/1907903259748233249;1,69286E+18;
1,90771E+18;Thu Apr 03 08:12:55 +0000 2025;0;ternyata iklan indomie newjeans beneran ada di tv wkwkwkkw;1,90771E+18;;;in;;0;1;0;https://x.com/undefined/status/1907707874341695567;1,48828E+18;
1,8998E+18;Wed Apr 02 07:11:25 +0000 2025;1;@rinaaaq_ Anyway kalo cek perkembangan terbaru yang kasus MHJ ternyata pihak HYBE yang menang soal kontrak eksklusif member NewJeans (karena ini juga iklan Indomie x NewJeans sampai hari ini jalan terus di hampir semua TV nasional +62);1,90733E+18;;rinaaaq_;in;;0;1;0;https://x.com/undefined/status/1907330011448889814;1127564263;
1,90703E+18;Tue Apr 01 12:24:50 +0000 2025;0;@twelvejihoonie ka aku juga awalnya beli minum terus pas liat di display etalase kasir belakang dia naro bingkai kaya yang belakang terus aku tanya dulu ka stok post card indomie newjeans masih ada? pas dia bilang masih baru aku langsung beli jadi aku gam;1,90705E+18;https://pbs.twimg.com/media/GncwopobQAAo4n9.jpg;twelvejihoonie;in;;0;1;0;https://x.com/undefined/status/1907046496966787213;1,62182E+18;
1,90703E+18;Tue Apr 01 11:39:55 +0000 2025;0;Kesel min ga terima padahal beli produk indomie x newjeans ga beli yg indomie biasaa tp ga dpt kesel;1,90704E+18;;twelvejihoonie;in;;0;1;0;https://x.com/undefined/status/1907035191471972594;1,43075E+18;
1,90703E+18;Tue Apr 01 11:33:19 +0000 2025;0;Aku bilang Kak dapet photocard ga soalnya temenku beli dicabang lain dapet Ga kak gada muncul dimonitor Kan kalau beli min 35k dpt itu kak temenku prnah beli Disini ga ada yg dpt ini beli yang indomie putih Lah ini ga? Ini juga kan produk nya bareng newjeans -;1,90703E+18;;twelvejihoonie;in;;1;1;0;https://x.com/undefined/status/1907033530925748603;1,43075E+18;
1,90703E+18;Tue Apr 01 11:31:56 +0000 2025;0;Wkwkwk kwesell pooolll sensi bgt bangke pegawai indomaret Berawal dari liat promo sosis fiezta dia bilang yg ada dikulkas yg ori yg ga ori aja yg promo tp habis oke aku jawab Lanjut beli mie indomie beli banyak pengen dpt photocard newjeans tapi udh belanja lebih 35k -;1,90703E+18;;;in;;0;1;0;https://x.com/undefined/status/1907033183092342818;1,43075E+18;
1,90694E+18;Tue Apr 01 05:43:14 +0000 2025;0;@amandcee Tadi aku makan indomie newjeans;1,90695E+18;;amandcee;in;;0;1;0;https://x.com/undefined/status/1906945430384185599;1,79508E+18;
1,90694E+18;Tue Apr 01 05:15:11 +0000 2025;0;Indomie x newjeans lebih menggoda daripada opor ayam ;1,90694E+18;;;in;;0;0;0;https://x.com/undefined/status/1906938372083556590;2274219301;
1,90599E+18;Sat Mar 29 14:47:43 +0000 2025;0;@fernandosbp Indomie newjeans terus numpang masak di tukang bakso. ;1,906E+18;;fernandosbp;in;;0;0;0;https://x.com/undefined/status/1905995289548456423;1,00926E+18;
1,90591E+18;Sat Mar 29 08:51:23 +0000 2025;0;wts exclusive postcard newjeans x indomie masih baru stok terbatas 35k dom samarinda wts wtb #zonauang #NewJeans #indomie https://t.co/3JhxvlhDYJ;1,90591E+18;https://pbs.twimg.com/media/GnMjDZOaAAACihJ.jpg;;in;;0;0;0;https://x.com/undefined/status/1905905617187016817;1,43522E+18;
1,90585E+18;Sat Mar 29 05:50:44 +0000 2025;0;@AIESTHETlC Aku punya indomie newjeans tapi gak tau itu enak apa kagak;1,90586E+18;;AIESTHETlC;in;;0;1;0;https://x.com/undefined/status/1905860153548915035;9,57938E+17;
1,90551E+18;Fri Mar 28 06:50:53 +0000 2025;0;@cheshireith Makasih ya! Kalau idol 4th gen NewJeans populer banget di Indo apalagi buat Gen-Z soalnya media sosial mereka kuat &amp;;;;;;;;;;;
1,90519E+18;Thu Mar 27 09:45:41 +0000 2025;0;indomie varian yang collab sama newjeans warna biru enakkkk! buat yang gak bisa makan pedes itu gak pedes ;1,90519E+18;;;in;;0;4;0;https://x.com/undefined/status/1905194507131609186;1,44238E+18;
1,9046E+18;Tue Mar 25 18:28:34 +0000 2025;0;indomie newjeans yang pink rose ga enak anjir;1,9046E+18;;;in;;0;0;0;https://x.com/undefined/status/1904601318494556609;1,76362E+18;
1,90458E+18;Tue Mar 25 17:21:56 +0000 2025;0;open jastip Postcard New Jeans special edition collab with Indomie (for serious buyer only) 46.000 (postcard + frame + Indomie goreng 12pcs) Karanganyar Jateng ️ melayani cod untuk Kra-Solo bisa co oren (blm termasuk ongkir) #postcard #newjeans #kpopsale #zonauang️ https://t.co/bDAixNfuNZ;1,90458E+18;https://pbs.twimg.com/media/Gm5xi9_a8AAam7q.jpg;;in;;0;0;0;https://x.com/undefined/status/1904584548530479181;1044147115;
1,90454E+18;Tue Mar 25 14:27:51 +0000 2025;0;ada yang cari postcard newjeans bonusan dari indomie gaa??? aku punya 2 set soalnya (krn bapakku dpt terus );1,90454E+18;;;in;;0;1;0;https://x.com/undefined/status/1904540737875968252;9,53621E+17;
1,90404E+18;Mon Mar 24 05:36:54 +0000 2025;1;gais aku dikasih abangku postcard newjeans gini sampe 3 set mau diapain ya postcard indomie https://t.co/3QVhXrHW1f;1,90404E+18;https://pbs.twimg.com/media/GmyGi7FbsAA2nN_.jpg;;in;;0;1;0;https://x.com/undefined/status/1904044733464523228;1,82983E+18;
1,90404E+18;Mon Mar 24 05:36:45 +0000 2025;0;#a guyss aku dikasih abangku postcard newjeans indomie ini sampe 3 set bingung mau diapainn https://t.co/mRG05plLcf;1,90404E+18;https://pbs.twimg.com/media/GmyGhF0aAAA3mSb.jpg;;in;;0;1;0;https://x.com/undefined/status/1904044696500097144;1,82983E+18;
1,90403E+18;Mon Mar 24 04:33:34 +0000 2025;0;*direktur ke meja gw* ‍: ini siapa? : newjeans pak BA nya indomie ‍: cantik2 ya bisa kali ya kita pake BA korea? dalem ati gw ud mau teriak BOLEH PAK PAKE AESPA BOLEH BANGET SAYA BIKIN DECK NYA GPP https://t.co/Dfjbmno1J2;1,90403E+18;https://pbs.twimg.com/media/Gmx4GHxbUAEkt_p.jpg;;in;;0;3;0;https://x.com/undefined/status/1904028795587445000;1,65971E+18;
1,90136E+18;Sun Mar 16 19:48:44 +0000 2025;0;postcard set indomie x newjeans (njz) udah hadir di batam rupanya https://t.co/LvWQPC24tb;1,90136E+18;https://pbs.twimg.com/media/GmL814raQAAa_PI.jpg;;in;;0;0;0;https://x.com/undefined/status/1901360002830626918;503873317;
1,90128E+18;Sun Mar 16 14:13:24 +0000 2025;0;kemarin pengennya indomie newjeans giliran udah beli malah pengen indomie soto;1,90128E+18;;;in;;0;0;0;https://x.com/undefined/status/1901275611995218240;3285130260;
1,90126E+18;Sun Mar 16 13:23:46 +0000 2025;4;LUCU BANGETT mamah pulang dari indomaret nenteng postcard newjeans × indomie : Kakk mama bawa ini~ kata mbak nya beli minimal 30an dapet ini : Ihh kirain gaada disini kok dapett beli berapa dah? : mama beli mie 20 bungkus ya dapet https://t.co/RJQyzfbeOe;1,90126E+18;https://pbs.twimg.com/media/GmKku3aaoAAxWT0.jpg;;in;;0;1;0;https://x.com/undefined/status/1901263122125729842;1,50291E+18;
1,90088E+18;Sat Mar 15 11:54:39 +0000 2025;4;Aku open lg Indomie murah harganya 2.700 - 4.500 aja yaa limited stock jd cepet cepetan aja yaa buat postcard newjeans nya aku masih jual yaa udah free Indomie juga https://t.co/SXzxxUtkm3;1,90088E+18;https://pbs.twimg.com/media/GmFGu0kbcAQ-GdD.jpg;;in;;0;2;0;https://x.com/undefined/status/1900878305303375991;1,52207E+18;
1,90087E+18;Sat Mar 15 11:29:31 +0000 2025;2;budak! Beli Indomie yang dapat postcard newjeans tu bise di semue toko ke budak? Atau cuma di indomar*t same Alf*mart? https://t.co/YvjNm1XRWi;1,90087E+18;https://pbs.twimg.com/media/GmFA_fqaQAACcsO.jpg;;in;;0;3;0;https://x.com/undefined/status/1900871979756122572;1,21272E+18;
1,90067E+18;Fri Mar 14 22:04:55 +0000 2025;16;OMG Indomie Korean Series x NewJeans kalau beli bundle dapet postcard NewJeans! jadi bundle ini dapet 6pcs indomie Korean series 1 set postcard NewJeans https://t.co/rE6JdxlUkU #Minji #Hanni #Danielle #Haerin #hyein #Kpop #NJZ @Indomielovers https://t.co/vdsnaliwRR;1,90067E+18;https://pbs.twimg.com/media/GmCI1BUaEAAAd1A.jpg;;in;;1;1;10;https://x.com/undefined/status/1900669496811286698;7,60822E+17;
1,90058E+18;Fri Mar 14 15:51:43 +0000 2025;0;Btw kemaren ke alfamart nanya soal pack indomie newjeans. Katanya udh gak adaadanya di online doang;1,90058E+18;;;in;;0;0;0;https://x.com/undefined/status/1900575579113443756;1,28917E+18;
1,90055E+18;Fri Mar 14 14:12:43 +0000 2025;0;asikkk akhirnya dapet postcard newjeans x indomie trs di swalayan domku ada yg dapet gift kipas lipat mantep bener https://t.co/yScWcYb5NG;1,90055E+18;https://pbs.twimg.com/media/GmAcvvgaoAAXE9m.jpg;;in;;0;0;0;https://x.com/undefined/status/1900550664486260964;1,49896E+18;
1,90054E+18;Fri Mar 14 13:27:46 +0000 2025;2;Udah sampe dari kemaren belum dianboksing isinya. Sekalian mau dibuat konten awikwok #OhMyGoodItsIndomie #Indomie https://t.co/kz7xkXHEAx;1,90054E+18;https://pbs.twimg.com/media/GmASTB5WcAAqQep.jpg;;in;;0;0;0;https://x.com/undefined/status/1900539350796108050;4888625689;
1,90052E+18;Fri Mar 14 12:17:51 +0000 2025;3;Dapet dari indomie yg NewJeans set itu https://t.co/CkHVO4cNwD;1,90052E+18;https://pbs.twimg.com/media/GmACdkdbYAAVwL9.jpg;;in;;0;0;0;https://x.com/undefined/status/1900521757137662186;1,15459E+18;
1,9005E+18;Fri Mar 14 11:04:27 +0000 2025;0;terima kasih newjeans aku jadi beli varian indomie selain indomi goreng ;1,9005E+18;;;in;;0;0;0;https://x.com/undefined/status/1900503283216601165;1,54562E+18;
1,9005E+18;Fri Mar 14 10:45:09 +0000 2025;1;Tadi di indomaret ada poca newjeans kayaknya. Pas gue tanya harus beli berapa indomie biar dapet. Katanya 35k indomie baru dapet. Murah sih tapi siapa yang mau makan indomie sebanyak itu anjeeer wkwkwk;1,9005E+18;;;in;;0;1;0;https://x.com/undefined/status/1900498429014659544;1,40537E+18;
1,90027E+18;Thu Mar 13 19:33:04 +0000 2025;0;gue ga boleh terlalu sering makan mie instan tapi dengan sadar dan dengan semangatnya gue beli indomie x newjeans demi frame lucu adik2ku... sampe detik ini tu mie kaga habis2 pdhal gue beli 39rb dapat 9 dari awal puasa sampe skrg belum habis;1,90027E+18;;;in;;0;2;0;https://x.com/undefined/status/1900268894004400329;1,80651E+18;
1,90017E+18;Thu Mar 13 13:16:02 +0000 2025;0;Harus beli berapa biji anjir itu mie sampe 35k buat dapetin foto newjeans masalahnya di rumah udah ada 2 kardus indomie;1,90017E+18;;;in;;0;2;0;https://x.com/undefined/status/1900174013240140161;1,76852E+18;
1,89984E+18;Wed Mar 12 15:09:50 +0000 2025;0;Newjeans literally nyuruh kita untuk makan indomie sama minum cocacola banyak-banyak. Oke ;1,89984E+18;;;in;;0;0;0;https://x.com/undefined/status/1899840262727459277;9,52005E+17;
1,8997E+18;Wed Mar 12 06:03:18 +0000 2025;3892;Yang ditunggu-tunggu akhirnya dateng jugaa! Indomie baru aja rilis postcard spesial featuring Minji Danielle Hanni Haerin sampe Hyein gemes parahhh! Bunnies udah siap koleksi belum nih? Jangan sampe ketinggalan yaa~ #OhMyGoodItsIndomie #Indomie #Minji #Hanni https://t.co/f3mkH7bNRZ;1,8997E+18;https://pbs.twimg.com/media/Gl0ZjaBbkAAl7zo.jpg;;in;;46;31;115;https://x.com/undefined/status/1899702721722347779;1078999759;
1,89931E+18;Tue Mar 11 03:54:08 +0000 2025;0;INDOMIE NEWJEANS KALO DI PYK CARI DIMANA WOI ....;1,89931E+18;;;in;;0;1;0;https://x.com/undefined/status/1899307827233161511;1,26983E+18;
1,89915E+18;Mon Mar 10 17:44:14 +0000 2025;40;Makan bareng pacar dan adik ipar #OhMyGoodItsIndomie https://t.co/e8msLyvY0R;1,89915E+18;https://pbs.twimg.com/media/GlsmzR_bsAANh1-.jpg;;in;;0;3;4;https://x.com/undefined/status/1899154344383299637;1,702E+18;
1,89909E+18;Mon Mar 10 13:27:41 +0000 2025;0;Saya cinta indomie dan newjeans https://t.co/M7xjrrveje;1,89909E+18;https://pbs.twimg.com/media/GlrrrHubUAADu73.jpg;;in;;0;1;0;https://x.com/undefined/status/1899089778420977749;1,46707E+18;
1,89909E+18;Mon Mar 10 13:19:25 +0000 2025;9115;NewJeans/NJZ jadi GBA Indomie antis sok boikot tapi gak ngaruh ke penjualan Indomie ada iklan NJZ di KRL boikot naik ke transum lain TAPI nyatanya gak ngaruh juga masih desek desekan. Lucu nih kalo NJZ jadi BA PLN kayanya mereka juga rela pake lilin / lampu semprong demi ego;1,89909E+18;;;in;;155;93;971;https://x.com/undefined/status/1899087697458983366;9,53734E+17;
1,89908E+18;Mon Mar 10 12:35:06 +0000 2025;57;Ini bahkan indomie aja tetep mertahanin mereka dan yg lucunya direktur indofood langsung nyebut mereka udah bukan newjeans tapi nama member satu2;1,89908E+18;;;in;;0;1;5;https://x.com/undefined/status/1899076545270120682;1,3333E+18;
1,89906E+18;Mon Mar 10 11:51:28 +0000 2025;0;@viachandesu indomie goreng NewJeans bareng sama Minji nya langsung;1,89907E+18;;viachandesu;in;;0;1;0;https://x.com/undefined/status/1899065565668598131;1,2454E+18;
1,89838E+18;Sun Mar 09 17:48:44 +0000 2025;0;@aaloesungjae Ke indomaret beli indomie 35k ( tp tnya dlu ke kasir kek mas/mba bli indomie ada bonus poscard ga ) klo ada km beli deh udh psti dpt kok klo avail tp variasi indomienya setau ak hrus yg sm newjeans jg by;1,89879E+18;;aaloesungjae;in;;0;1;0;https://x.com/undefined/status/1898793085821476935;1,49022E+18;
1,89876E+18;Sun Mar 09 15:39:55 +0000 2025;0;indomie yg collab sama newjeans enak enak jir kecuali yg ramyeon itu kurang suka;1,89876E+18;;;in;;0;0;0;https://x.com/undefined/status/1898760667278319654;1,38861E+18;
1,89874E+18;Sun Mar 09 14:35:31 +0000 2025;0;Indomie newjeans yang ramyun pedes bgt gakuattt;1,89874E+18;;;in;;0;0;0;https://x.com/undefined/status/1898744464015053100;1,66796E+18;
1,89869E+18;Sun Mar 09 10:59:30 +0000 2025;10;kasian mau main game favorit jadi susah mau makan indomie ga bisa mau ke korea takut disambut foto newjeans di airport ;1,89869E+18;;;in;;0;0;1;https://x.com/undefined/status/1898690098113532260;1,70031E+18;
1,8986E+18;Sun Mar 09 05:00:47 +0000 2025;3;Yuk aku open lg Indomie X Newjeans yaa rasanya macem macem nih harganya masih sama yaa 2.700 - 4.000 aja buat yg mau beli postcard nya aja aku ada yaa https://t.co/aG28wnUKRN;1,8986E+18;https://pbs.twimg.com/media/GlkudUJa0AAXRoO.jpg;;in;;0;2;3;https://x.com/undefined/status/1898599824485912870;1,52207E+18;
1,89857E+18;Sun Mar 09 03:14:51 +0000 2025;1;Ya Allah Indomie newjeans ;1,89857E+18;;;in;;0;0;0;https://x.com/undefined/status/1898573165183525287;1,7199E+18;
1,89838E+18;Sat Mar 08 14:12:42 +0000 2025;7;tas indomie newjeans warna biru rem udah sampe https://t.co/UFBHmRj36M;1,89838E+18;https://pbs.twimg.com/media/GlhjNewa4AAOORl.jpg;;in;;0;5;0;https://x.com/undefined/status/1898376333052514612;1,44238E+18;
1,89835E+18;Sat Mar 08 13:03:15 +0000 2025;0;@hellaplace ini beli indomie nya bisa bebas atau harus yg collab sama newjeans?;1,89836E+18;;hellaplace;in;;0;1;0;https://x.com/undefined/status/1898358853718233141;1,88212E+18;
1,89832E+18;Sat Mar 08 11:22:56 +0000 2025;1;@skynieszmn Mau nyobain indomie × newjeans. Telat bgt ya aku;1,89833E+18;;skynieszmn;in;;0;0;0;https://x.com/undefined/status/1898333608454009084;1,71486E+18;
1,89832E+18;Sat Mar 08 10:12:38 +0000 2025;0;sedih banget beli indomie newjeans tapi gak dibolehin ambil fotonya ;1,89832E+18;;;in;;0;1;0;https://x.com/undefined/status/1898315918272602209;1,7844E+18;
1,8983E+18;Sat Mar 08 08:59:25 +0000 2025;2;seriusan yg udah dapet ini bagi pengalaman please #njz #NJZ_REDEBUT #indomie #newjeans https://t.co/L7Mnshwbr1;1,8983E+18;https://pbs.twimg.com/media/GlgbX1kaMAA2JqF.jpg;;in;;0;0;0;https://x.com/undefined/status/1898297493391135020;581013467;
1,89825E+18;Sat Mar 08 06:01:34 +0000 2025;0;nyari indomie x newjeans di alfamidi malah ketemu ini indomienya gak ada https://t.co/KSLxTlD45C;1,89825E+18;https://pbs.twimg.com/media/Glfyy-obwAA4cbm.jpg;;in;;0;1;0;https://x.com/undefined/status/1898252735423955216;8,01247E+17;
1,89802E+18;Fri Mar 07 14:48:23 +0000 2025;1;buset berasa ngaca ini mah indomie x newjeans https://t.co/203W6Tl4IT;1,89802E+18;https://pbs.twimg.com/media/Glchx5jbwAI0skH.jpg;;in;;0;0;0;https://x.com/undefined/status/1898022925451903190;1,09405E+18;
1,898E+18;Fri Mar 07 13:24:08 +0000 2025;2;wah dapet postcard NJ ternyata... #ตลาดนัดนิวจีนส์ #NewJeans #NJZ #indomie https://t.co/uOQ2E9pnwF;1,898E+18;https://pbs.twimg.com/media/GlcOZwlbcAEh_4U.jpg;;in;;0;0;0;https://x.com/undefined/status/1898001720833429583;1,64808E+18;
1,89799E+18;Fri Mar 07 12:50:57 +0000 2025;21;LUCUUU BANGET! @indomielovers postcard featuring Minji Hanni Danielle Haerin dan Hyein tiap beli Indomie! Hunting di Indomaret akhirnya dapat minimal beli 35K Indomie apapun! sc images by x @priomada #OhMyGoodItsIndomie #Minji #Hanni #Danielle #Haerin #Hanni #Kpop https://t.co/0vRLiRUleL;1,89799E+18;https://pbs.twimg.com/media/GlcGukWbwAAh_bS.jpg;;in;;0;5;4;https://x.com/undefined/status/1897993371576132056;972179486;
1,89799E+18;Fri Mar 07 12:44:45 +0000 2025;0;#wts yukk jajan ada aab enhypen sunoo seventeen mingyu txt yeonjun aespa winter karina ive wonyoung newjeans x indomie https://t.co/y7HrlqtaUG;1,89799E+18;;;in;;0;0;0;https://x.com/undefined/status/1897991810661994847;1,44281E+18;
1,89799E+18;Fri Mar 07 12:42:13 +0000 2025;0;#s yukk jajan ada aespa wonyoung ive newjeans x indomie https://t.co/y7HrlqtaUG;1,89799E+18;;;in;;0;0;0;https://x.com/undefined/status/1897991174126027032;1,44281E+18;
1,89799E+18;Fri Mar 07 12:41:29 +0000 2025;0;#wts yukk jajan ada aespa wonyoung ive newjeans x indomie https://t.co/y7HrlqtaUG;1,89799E+18;;;in;;0;0;0;https://x.com/undefined/status/1897990991103377569;1,44281E+18;
1,89799E+18;Fri Mar 07 12:40:52 +0000 2025;0;#gs yukk jajan ada aespa wonyoung sama newjeans x indomie https://t.co/y7HrlqtaUG;1,89799E+18;;;in;;0;0;0;https://x.com/undefined/status/1897990835620430089;1,44281E+18;
1,89796E+18;Fri Mar 07 10:33:48 +0000 2025;485;Bahas bola cm sidejob dukung bias itu main job #njztillidie Sebagai bunnies sejati mari sempetin dulu hunting ke Indomaret buat dapetin postcard set Indomie featuring Minji Hanni Danielle Haerin dan Hyein. #OhMyGoodItsIndomie #njztillidie #Minji #Hanni #Danielle #Haerin https://t.co/YsqbYZPB8S;1,89796E+18;https://pbs.twimg.com/media/GlbngpubwAE2D49.jpg;;in;;10;25;71;https://x.com/undefined/status/1897958855021412368;1,31517E+18;
1,89795E+18;Fri Mar 07 10:15:09 +0000 2025;3;@indomielovers baru aja release exclusive postcard set featuring Minji Hanni Danielle Haerin dan Hyein loh. Harus banget kalian dapetin cuman ada di Indomaret Alfamart Alfamidi dan official storenya Indomie. Buruan deh jangan sampe ketinggalan!!! #OhMyGoo;1,89795E+18;https://pbs.twimg.com/media/GlbjQL0bwAMvgS7.jpg;Indomielovers;in;;0;0;0;https://x.com/undefined/status/1897954164636041637;31092279;
1,89795E+18;Fri Mar 07 09:47:06 +0000 2025;32;Indomie Exclusive Postcard featured Minji Danielle Hanni Haerin Hyein ?! Gemes gemes bangetttttt ada yang udah dapetin belum ? #OhMyGoodItsIndomie #Minji #Hanni #Danielle #Haerin #Hyein #Kpop https://t.co/BHNK5FicWc;1,89795E+18;https://pbs.twimg.com/media/Glbc05AbwAIKKo4.jpg;;in;;1;6;7;https://x.com/undefined/status/1897947106239033510;252997004;
1,89794E+18;Fri Mar 07 09:18:46 +0000 2025;1370;POPO? Aniyo~~ Haengbokheyo!! Ekskuslif postcard set Minji Hanni Danielle Haerin dan Hyein spesial kolaborasi dengan Indomie udah rilis. Affiliator drop link nya !! Photo credit: @Indomielovers #OhMyGoodItsIndomie #Indomie #Minji #Hanni #Danielle #Haerin #Hanni #Kpop https://t.co/ebWfOW7DrV;1,89794E+18;https://pbs.twimg.com/media/GlbWR8sbIAA-okG.jpg;;in;;20;15;36;https://x.com/undefined/status/1897939972357079296;92476849;
1,89794E+18;Fri Mar 07 09:06:34 +0000 2025;1;kita rayakan kemenangan itu dengan indomie newjeans;1,89794E+18;;;in;;0;0;0;https://x.com/undefined/status/1897936903242236381;1233069637;
1,89787E+18;Fri Mar 07 04:46:43 +0000 2025;1;Kpoper jateng sama jatim udh nyikat indomie newjeans nih diliat-liat ‍↕️;1,89787E+18;;;in;;1;1;0;https://x.com/undefined/status/1897871511656317131;1321907196;
1,89767E+18;Thu Mar 06 15:20:51 +0000 2025;0;besok gw mau ke indomaret beli indomie+pc newjeans bodoamat #fomo;1,89767E+18;;;in;;0;0;0;https://x.com/undefined/status/1897668708576948488;1,10693E+18;
1,89765E+18;Thu Mar 06 13:53:58 +0000 2025;0;Duh...mie apa ya yg odengnya juga 2 doang indomie newjeans kayanya ;1,89765E+18;;;in;;0;2;0;https://x.com/undefined/status/1897646842109935753;1,75228E+18;
1,89764E+18;Thu Mar 06 13:44:06 +0000 2025;0;@Saturnern Esa pernah makan mie carbonara indomie X NewJeans enggak... They give us odeng.... A tiny piece of odeng... Seujung kuku.;1,89764E+18;;Miidnightse;in;;0;1;0;https://x.com/undefined/status/1897644359505604737;7,81189E+17;
1,8976E+18;Thu Mar 06 10:37:43 +0000 2025;0;Adek-adek cantik sudah sampaiiii #OhMyGoodItsIndomie #NJZ Ada drama dikit sama kurir tapi gapapa yg penting barangnya selamat https://t.co/U0KPmhPRIj;1,8976E+18;https://pbs.twimg.com/media/GlWe02AboAAiVuL.jpg;;in;;0;1;0;https://x.com/undefined/status/1897597453488332846;156529555;
1,89758E+18;Thu Mar 06 09:36:22 +0000 2025;0;iseng² beli indomie ternyata beneran dpt postcard newjeans avv;1,89758E+18;;;in;;0;1;0;https://x.com/undefined/status/1897582014989037904;1,11455E+18;
1,89688E+18;Thu Mar 06 07:47:56 +0000 2025;0;@HaveGoodDaay @menyalahhh ka maaf disini beli indomie minimal 35rb. Sudah dapet postcard with frame NewJeans nggak ya kalau kasirnya bilang dapet nah kaka langsung beli.;1,89755E+18;;HaveGoodDaay;in;;0;1;0;https://x.com/undefined/status/1897554728336396713;1,26853E+18;
1,89752E+18;Thu Mar 06 05:16:35 +0000 2025;0;berburu indomie sama dedek haerin #OhMyGoodItsIndomie #NJZ #Minji #Hanni #Danielle #Haerin #Hyein https://t.co/lh9IYlB7Ev;1,89752E+18;https://pbs.twimg.com/media/GlVVS8sa4AAIyVX.jpg;;in;;0;0;0;https://x.com/undefined/status/1897516636720222593;1,57961E+18;
1,8975E+18;Thu Mar 06 04:26:50 +0000 2025;1857;Udah seliweran banget nih di TL! Finally Indomie ngeluarin postcard bareng Minji Hanni Danielle Haerin dan Hyein Kalian udah punya? Thank you @Indomielovers yang udah ngeluarin yang udh kita tunggu2 Source: @panagene @/nyachanya #OhMyGoodItsIndomie #NJZ #Minji #Hanni https://t.co/fDBrmGUgPm;1,8975E+18;https://pbs.twimg.com/media/GlVJ2x1WwAEBwB6.jpg;;in;;68;8;66;https://x.com/undefined/status/1897504117821714780;430845087;
1,8975E+18;Thu Mar 06 03:55:20 +0000 2025;1;Pc indomie x newjeans cari dimana lagi aaaaa;1,8975E+18;;;in;;0;0;0;https://x.com/undefined/status/1897496192390742258;9,83044E+17;
1,89742E+18;Wed Mar 05 23:00:59 +0000 2025;0;Apa gw buka jastip ni newjeans x indomie ye;1,89742E+18;;;in;;0;0;0;https://x.com/undefined/status/1897422114573205514;1,23376E+18;
1,89737E+18;Wed Mar 05 19:35:51 +0000 2025;0;bundle indomie + bonus pp newjeans kayaknya lebih worth it dibandingkan pp jeketi imo;1,89737E+18;;;in;;0;0;0;https://x.com/undefined/status/1897370494346911816;389335185;
1,89732E+18;Wed Mar 05 16:28:28 +0000 2025;0;pengen beli indomie cuma mau dapet poto newjeans aja mwehehehe;1,89732E+18;;;in;;0;2;0;https://x.com/undefined/status/1897323335211737324;1,87259E+18;
1,89732E+18;Wed Mar 05 16:00:48 +0000 2025;1;Open Jastip INDOMIE X NEWJEANS Dapat 6 pcs Indomie varian random Price : 40k Exc : adm + pack #indomie #NewJeans https://t.co/6mxU9MhkXX;1,89732E+18;https://pbs.twimg.com/media/GlSfMAIbYAAvUjG.jpg;;in;;0;1;1;https://x.com/undefined/status/1897316373975719988;1,81215E+18;
1,89722E+18;Wed Mar 05 09:52:47 +0000 2025;1;ada yg cari postcard njz newjeans x indomie? https://t.co/ChoSdP2uRM;1,89722E+18;https://pbs.twimg.com/media/GlRK8lkXQAAqRDS.jpg;;in;;0;1;0;https://x.com/undefined/status/1897223758047506533;1,47035E+18;
1,89717E+18;Wed Mar 05 06:03:22 +0000 2025;13;Ehh lucu banget dong #OhMyGoodItsIndomie https://t.co/F2avJDvfJX;1,89717E+18;https://pbs.twimg.com/media/GlQWbv2aQAEiGIU.jpg;;in;;0;0;0;https://x.com/undefined/status/1897166023041978754;1,78342E+18;
1,89716E+18;Wed Mar 05 05:46:03 +0000 2025;0;belanja indomie 35 terus dapet postcard newjeans CAKEP BANGET DAN BANYAAKKK https://t.co/mdYGq6AEcZ;1,89716E+18;https://pbs.twimg.com/media/GlQSeHobkAAN9-w.jpg;;in;;0;0;0;https://x.com/undefined/status/1897161668528103533;1,15257E+18;
1,89715E+18;Wed Mar 05 05:01:07 +0000 2025;492;Ada yg mau Indomie gak harga nya 2.700 - 4.000 an aja rasanya macem macem yaa aku beli cuman mau ambil fotonya newjeans aja tp kalau mau beli postcard aku juga jual yaa bisa via shopee yaa https://t.co/a11QVI8PKQ;1,89715E+18;https://pbs.twimg.com/media/GlQILdca4AEWjs3.jpg;;in;;10;89;20;https://x.com/undefined/status/1897150359476502709;1,52207E+18;
1,89713E+18;Wed Mar 05 03:58:25 +0000 2025;1;Ada yang suka New Jeans kah ??? Aku abis beli indomie dapet postcard indomie x new jeans #IndomieXNEWJEANS #NewJeans https://t.co/AN9OhhyWH7;1,89713E+18;https://pbs.twimg.com/media/GlP51JVaMAAKlGH.jpg;;in;;0;1;0;https://x.com/undefined/status/1897134577631756469;1,25989E+18;
1,89713E+18;Wed Mar 05 03:40:38 +0000 2025;0;rela makan indomie 1 minggu full #indomie #NewJeans #NJZ_REDEBUT #bunnies #Collaboration https://t.co/LHF01KZUkW;1,89713E+18;https://pbs.twimg.com/media/GlP1xCJaIAA323b.jpg;;in;;0;0;0;https://x.com/undefined/status/1897130102250692659;1,27546E+18;
1,89703E+18;Tue Mar 04 20:58:28 +0000 2025;12;mau ikut puasa ternyata indomie newjeans udah ada di gerbang beneran sahur pake indomie https://t.co/zXGoAP9OKR;1,89703E+18;https://pbs.twimg.com/media/GlOZty4bwAAY7bI.jpg;;in;;0;3;0;https://x.com/undefined/status/1897028897042260208;1,85236E+18;
1,89683E+18;Tue Mar 04 12:34:46 +0000 2025;0;@bucinrei Kalau mau tau tanya kasirnya dulu abang. Mba/mas ada postcard indomie newjeans gak;1,8969E+18;;bucinrei;in;;0;0;0;https://x.com/undefined/status/1896902137424298151;2946746214;
1,89689E+18;Tue Mar 04 12:00:37 +0000 2025;0;indomie x newjeans! balik ngampus keliling alfa &amp;;;;;;;;;;;
1,89689E+18;Tue Mar 04 11:32:03 +0000 2025;1;Dapet juga ️️ @Indomielovers #OhMyGoodItsIndomie https://t.co/8CydaNaYki;1,89689E+18;https://pbs.twimg.com/media/GlMYFcoXgAA6jx7.jpg;;in;;0;0;0;https://x.com/undefined/status/1896886353536888943;1,24747E+18;
1,89687E+18;Tue Mar 04 10:39:52 +0000 2025;0;Eh beneran ga sengaja lg nyetok indomie di indomaret trs pas mau bayar kata kasirnya nambah 1 indomie lg dapet 1 postcard newjeans dan ternyata lucu???!! https://t.co/yufI0bjOLr;1,89687E+18;https://pbs.twimg.com/media/GlMMIPHWMAA8lwO.jpg;;in;;0;1;0;https://x.com/undefined/status/1896873218729996791;611426402;
1,89675E+18;Tue Mar 04 02:19:39 +0000 2025;1;Indomie x NewJeans di NYC ada Indonesia cooooyyyyy 🇮🇩🇮🇩️🇮🇩 https://t.co/jvpSZJVmmr;1,89675E+18;https://pbs.twimg.com/media/GlKZpRpbAAAkcIY.jpg;;in;;0;0;0;https://x.com/undefined/status/1896747336497520850;1,21865E+18;
1,89631E+18;Mon Mar 03 17:27:00 +0000 2025;1;@skinnyskebs @onlychiId mas atau mba maaf ini ada Indomie postcard with frame NewJeans nggak ya? Yang pembelian nya minimal 35rb Kalau si kasirnya bilang ada. Gas langsung beli kak. Kalau nggak paham tunjukkin aja video itu ka. Semoga membantu.;1,89661E+18;;skinnyskebs;in;;0;1;0;https://x.com/undefined/status/1896613290719281307;1,26853E+18;
1,89631E+18;Mon Mar 03 17:23:46 +0000 2025;0;@puppyjiun @onlychiId bilang dulu ka ke kasir ada Indomie yang gitftnya postcard with frame NewJeans nggak? Kalau ada gas beli kak. Pembelian minimal 35rb ka;1,89661E+18;;puppyjiun;in;;0;0;0;https://x.com/undefined/status/1896612478932725787;1,26853E+18;
1,89659E+18;Mon Mar 03 16:13:54 +0000 2025;0;@dontbebIu Gabut soalnya ka dan kalau nggak tau tentang kaya gini. Rasanya tau banget. nggak enak. Menghindari juga rasa kekecewaan beli indomie x NewJeans. Jadi aman. Nggak ada drama dramaan wkwkww;1,89659E+18;;dontbebIu;in;;0;1;0;https://x.com/undefined/status/1896594895277809847;1,26853E+18;
1,89659E+18;Mon Mar 03 16:06:39 +0000 2025;0;infokan indomaret depok yang menyediakan postcard newjeans x indomie;1,89659E+18;;;in;;0;0;0;https://x.com/undefined/status/1896593071158308920;1,61803E+18;
1,89652E+18;Mon Mar 03 15:19:25 +0000 2025;0;@stuenflower Pembelian minimal 35rb ka jadi sebelum beli tanya dulu ke kasir. Ada Indomie postcard with frame NewJeans nggak? Kalau ada gas langsung beli.;1,89658E+18;;stuenflower;in;;0;0;0;https://x.com/undefined/status/1896581184710390007;1,26853E+18;
1,89656E+18;Mon Mar 03 13:59:20 +0000 2025;1;Kiw kiw~~ paket dari @KlikIndomaret udah dateng.. Cc @papahgaling wk wk #ohmygooditsindomie @Indomielovers https://t.co/nWBMM7WHyI;1,89656E+18;https://pbs.twimg.com/media/GlHvzapb0AAJAD0.jpg;;in;;1;0;0;https://x.com/undefined/status/1896561028592517182;77942362;
1,89656E+18;Mon Mar 03 13:50:05 +0000 2025;0;w baru sadar udah beli indomie newjeans telat bgt ada pcnya yahh heuhue;1,89656E+18;;;in;;0;0;0;https://x.com/undefined/status/1896558703605899770;464412748;
1,89654E+18;Mon Mar 03 12:28:49 +0000 2025;0;doain w bsk dpt foto newjeans indomie w akan cari di 5 or even more indo/alfamart ;1,89654E+18;;;in;;0;1;0;https://x.com/undefined/status/1896538252267700642;3690997939;
1,89651E+18;Mon Mar 03 10:48:20 +0000 2025;2;siapa yang udah beli Indomie x newjeans https://t.co/J0afZcyFjS;1,89651E+18;https://pbs.twimg.com/media/GlHEeeHWkAAid_e.jpg;;in;;0;2;0;https://x.com/undefined/status/1896512962925670492;1,84139E+18;
1,89651E+18;Mon Mar 03 10:41:37 +0000 2025;0;@farilong indomie yang collab sama newjeans itu ;1,89651E+18;;farilong;in;;0;0;0;https://x.com/undefined/status/1896511273346781572;1,44238E+18;
1,89641E+18;Mon Mar 03 03:54:25 +0000 2025;2;wtp postcard indomie x newjeans ++ sendok cantik kata mas indomaret https://t.co/ouBe1xE8ja;1,89641E+18;https://pbs.twimg.com/media/GlFlrnHbIAA9yEo.jpg;;in;;0;3;0;https://x.com/undefined/status/1896408795473195228;1,05186E+18;
1,89639E+18;Mon Mar 03 02:32:29 +0000 2025;0;AAAA GEMASNYA OYY #OhMyGoodItsIndomie #KoreanRamyeonSeries https://t.co/mEp2ZAak0a;1,89639E+18;https://pbs.twimg.com/media/GlFS-UUbgAAhlT7.jpg;;in;;1;0;0;https://x.com/undefined/status/1896388177189077348;1,52538E+18;
1,89626E+18;Sun Mar 02 18:02:05 +0000 2025;0;info alfa/indomaret yg sdh nyediain postcard newjeans guys aku siap borong indomie;1,89626E+18;;;in;;0;0;0;https://x.com/undefined/status/1896259732815708238;1,49631E+18;
1,89612E+18;Sun Mar 02 15:44:49 +0000 2025;0;@adorearteu Semua varian indomie atau yg newjeans aja cey?;1,89623E+18;;adorearteu;in;;0;1;0;https://x.com/undefined/status/1896225188205011379;1,68046E+18;
1,89619E+18;Sun Mar 02 13:36:51 +0000 2025;0;halooo ada yg cari ga ya??? wts postcard set + frame newjeans x indomie https://t.co/XEjP7LxxSN;1,89619E+18;https://pbs.twimg.com/media/GlChdwKaQAALXX_.jpg;;in;;0;3;0;https://x.com/undefined/status/1896192983420244463;2900309981;
1,89619E+18;Sun Mar 02 13:34:58 +0000 2025;0;baru tau Indomie x newjeans ada ginian https://t.co/zLYQit7FOK;1,89619E+18;https://pbs.twimg.com/media/GlChB3PaYAAxuwE.jpg;;in;;0;4;0;https://x.com/undefined/status/1896192510642516119;1,27537E+18;
1,89617E+18;Sun Mar 02 11:52:47 +0000 2025;1;Ngabuburit bukannya hunting takjil malah hunting indomie x NewJeans https://t.co/i7Donj7DUf;1,89617E+18;https://pbs.twimg.com/media/GlCJpoBaIAA3xNJ.jpg;;in;;0;0;0;https://x.com/undefined/status/1896166794492309846;1,20475E+18;
1,89615E+18;Sun Mar 02 10:48:54 +0000 2025;0;Akhirnya ada juga indomie newjeans postcard https://t.co/4YDGNOAkZX;1,89615E+18;https://pbs.twimg.com/media/GlB7BTCaUAE56eA.jpg;;in;;0;1;0;https://x.com/undefined/status/1896150718509379964;1,54395E+18;
1,89609E+18;Sun Mar 02 06:35:07 +0000 2025;2;indomie yg newjeans itu enak ga sih? wkwkwk;1,89609E+18;;;in;;0;5;0;https://x.com/undefined/status/1896086852022780407;1,88811E+18;
1,89585E+18;Sun Mar 02 06:33:54 +0000 2025;5;@pinkbunnylovey_ sebelum beli Kaka tanya dulu ke kasir nya kurang lebih seperti ini ka maaf beli Indomie minimal 35rb disini. Sudah dapet postcard with frame NewJeans nggak ya? Kalau kasirnya nggak paham. Kaka kasih tau foto ini. semoga membantu ka. https;1,89609E+18;https://pbs.twimg.com/media/GlBAp4rbYAAmi2W.jpg;pinkbunnylovey_;in;;1;1;1;https://x.com/undefined/status/1896086543804371430;1,26853E+18;
1,89608E+18;Sun Mar 02 06:21:57 +0000 2025;1;Indomie x Newjeans Berhadiah Postcard dan Frame _ Korean Noodles Series ... https://t.co/Q7dc3KGAW1 via @YouTube Mau tau beli dimana? Yuk nonton sampe abis. Buruan keburu abis #indomiexnewjeans #newjeans #njz https://t.co/gir8O1ZVdV;1,89608E+18;https://pbs.twimg.com/media/GlA97HtbQAA19KR.jpg;;in;;0;0;0;https://x.com/undefined/status/1896083537478205659;64603785;
1,89606E+18;Sun Mar 02 05:59:18 +0000 2025;0;semoga haerin minji hanni @NewJeans_ADOR #OhMyGoodItsIndomie #OhMyGoodItsIndomie #OhMyGoodItsIndomie https://t.co/Fuk1TO8kIh;1,89608E+18;https://pbs.twimg.com/media/GlA4vY5awAAMznM.jpg;rihadita;in;;0;0;0;https://x.com/undefined/status/1896077835296784431;389335185;
1,89603E+18;Sun Mar 02 03:03:22 +0000 2025;0;di jogja udah ada merch indomie x newjeans belum yah;1,89603E+18;;;in;;0;0;0;https://x.com/undefined/status/1896033560638996952;1,61743E+18;
1,89603E+18;Sun Mar 02 02:40:10 +0000 2025;216; udah adaa. cakep bngt packagingnya indomie x newjeans https://t.co/9hDjLKyh7h;1,89603E+18;https://pbs.twimg.com/media/GlALKrSWEAAazb9.jpg;;in;;19;48;4;https://x.com/undefined/status/1896027723794878913;3543482659;
1,89601E+18;Sun Mar 02 01:36:58 +0000 2025;0;cuss ke indomaret terdekat yg mau dapetin exclusive postcard newjeans!!!!^^ #NewJeans #OhMyGoodItsIndomie https://t.co/1azMsKtKWj;1,89601E+18;https://pbs.twimg.com/media/Gk_8s6AbgAAOq0d.jpg;;in;;0;0;0;https://x.com/undefined/status/1896011819975909608;1,46492E+18;
1,89598E+18;Sat Mar 01 23:12:55 +0000 2025;3;eh ini sama gasi?? indomie x newjeans ada photocard?? https://t.co/sWFWc54S7Y;1,89598E+18;https://pbs.twimg.com/media/Gk_buw9bQAY8giF.jpg;;in;;0;2;0;https://x.com/undefined/status/1895975568308601205;1,68093E+18;
1,89584E+18;Sat Mar 01 14:33:52 +0000 2025;11;lucu banget #indomie #NewJeans #OhMyGoodItsIndomie https://t.co/23oJx4Lq6W;1,89584E+18;https://pbs.twimg.com/media/Gk9k7YkboAI2qGa.jpg;;in;;0;0;1;https://x.com/undefined/status/1895844943731835362;1,57489E+18;
1,89576E+18;Sat Mar 01 08:48:56 +0000 2025;2;Yang mau beli indomie korean series di tokped udah tersedia lagi https://t.co/LGg30KZCgA;1,89576E+18;;;in;;0;0;0;https://x.com/undefined/status/1895758137803907083;1,7566E+18;
1,89572E+18;Sat Mar 01 06:09:24 +0000 2025;0;IH DI ALFA INDO BELUM ADA HADIAH YG INDOMIE NEWJEANS ITU. Hmmmm;1,89572E+18;;;in;;0;0;0;https://x.com/undefined/status/1895717989963661617;1,00926E+18;
1,8957E+18;Sat Mar 01 06:08:36 +0000 2025;0;@Indomielovers Siap siap CO dan gas beli offline Love indomie love @NJZ_official #OhMyGoodItsIndomie;1,89572E+18;;Indomielovers;in;;0;0;0;https://x.com/undefined/status/1895717791447334932;8,15401E+17;
1,89571E+18;Sat Mar 01 05:56:29 +0000 2025;3;Baru sadar ini Indomie nggak pake NewJeans lagi pakenya nama nama member makasii min;1,89571E+18;;;in;;0;2;0;https://x.com/undefined/status/1895714740984557935;1,26853E+18;
1,89571E+18;Sat Mar 01 05:24:35 +0000 2025;3;#wts #NewJeans #indomie OPEN JASTIP INDOMIE X NEWJEANS MIE NYA RANDOM SEADANYA DAPAT 6 MIE HARGA :40.000 FEE GO PACK DOM KARAWANG https://t.co/tf5NmAMOuW;1,89571E+18;https://pbs.twimg.com/media/Gk7nM4XbEAAaK2s.jpg;;in;;0;3;0;https://x.com/undefined/status/1895706714521157985;1,64261E+18;
1,8957E+18;Sat Mar 01 05:05:59 +0000 2025;2844;OH MY GOOD!! Siapa yang mau makan Indomie ditemenin Postcard Set + Frame with Minji Hanni Danielle Haerin dan Hyein? Cukup beli Indomie minimal RP35 000 bisa dapetin Postcard Set + Frame yang isinya 3 foto Minji Hanni Danielle Haerin and Hyein! #OhMyGoodItsIndomie https://t.co/8cc2EXAdXd;1,8957E+18;https://pbs.twimg.com/amplify_video_thumb/1895701956821491712/img/i-6qMW99TeFEubHu.jpg;;in;;209;102;911;https://x.com/undefined/status/1895702032998416774;284428760;
1,8957E+18;Sat Mar 01 04:49:55 +0000 2025;123;bunnies cepet co Indomie free PC set with frame NewJeans lagi di jual di Tiktok. Langsung join live Indomie sekarang https://t.co/Cp6pyFxdnu https://t.co/fmudiUDosB;1,8957E+18;https://pbs.twimg.com/media/Gk7fRrKbQAE1Q-y.jpg;;in;;11;16;24;https://x.com/undefined/status/1895697990565966323;1,26853E+18;
1,89569E+18;Sat Mar 01 04:36:27 +0000 2025;399;GEMAS SEKALI BAYI UCULLL POSTCARD INDOMIE X NEWJEANS AKA NJZ #Indomie #NewJeans #NJZ_REDEBUT #njz #indomiexnjz https://t.co/y6ewb80B0M;1,89569E+18;https://pbs.twimg.com/media/Gk7cMQMXgAAu2Sc.jpg;;in;;11;6;72;https://x.com/undefined/status/1895694601396359454;1,87002E+18;
1,89542E+18;Fri Feb 28 10:32:28 +0000 2025;0;LAH INDOMIE NEWJEANS GUE UDAH BELI TPI PC NYA BARU MAU NONGOL ;1,89542E+18;;;in;;0;0;0;https://x.com/undefined/status/1895421804409438622;1,07557E+18;
1,89467E+18;Wed Feb 26 09:02:45 +0000 2025;0;INDOMIE NEWJEANS YANG BIRU ENAK BANGET ;1,89467E+18;;;in;;0;1;0;https://x.com/undefined/status/1894674452912492677;1,19721E+18;
1,89448E+18;Wed Feb 26 04:01:35 +0000 2025;0;@bluesmiley_ Betuuull mau beli indomie yg newjeans kaga ada;1,8946E+18;;bluesmiley_;in;;0;0;0;https://x.com/undefined/status/1894598661088448581;2493761792;
1,89317E+18;Sat Feb 22 05:30:27 +0000 2025;7;Siapa yang keinginannya tergantung sama isi FYPnya? Tenang aja kalau kamu BM ramyeon yang pedas creamy pasti cocok dengan kenikmatan saus rose yang creamy dan otentik Korea di Indomie K-Rose lhooo~ #OhMyGoodItsIndomie https://t.co/k5oHQxFq8U;1,89317E+18;https://pbs.twimg.com/amplify_video_thumb/1893171405975625730/img/9_XkzgQLPG6RHklg.jpg;;in;;0;0;0;https://x.com/undefined/status/1893171473197736053;284428760;
1,89283E+18;Fri Feb 21 06:36:42 +0000 2025;6;Berarti udah gak main-main nih masalahnya untung ada Indomie Fiery Chikin yang rasanya otentik ala ayam goreng Korea bisa buat semangat kamu lagi deh #OhMyGoodItsIndomie https://t.co/WkYQ3oXT7J;1,89283E+18;https://pbs.twimg.com/amplify_video_thumb/1892825678221103106/img/OsGhSrkaY52g1Gpu.jpg;;in;;1;0;0;https://x.com/undefined/status/1892825758982123675;284428760;
1,89274E+18;Fri Feb 21 01:00:48 +0000 2025;0;Kalo newjeans jadi BA indomie kok gadapat PCnya pas beli indomie;1,89274E+18;;;in;;0;0;0;https://x.com/undefined/status/1892741228418027693;1,15317E+18;
1,89242E+18;Thu Feb 20 03:45:41 +0000 2025;0;NEW FLAVORS ALERT! Indomie Lovers ready for a flavor explosion?! Yuk cobain Korea Ramyeon Series terbaru kami;;;;;;;;;;;
1,8918E+18;Tue Feb 18 10:27:25 +0000 2025;3;Baru sampe rumah abis konseran Tapi udah kangen lagi sama Idol Untungnya ambil banyak fancam yang bisa diliatin lagi sambil makan Indomie Spicy Ramyeon yang pedas gurih segar buat nemenin kamu yang gagal move on dari konser Indomielovers! #OhMyGoodItsIndomie https://t.co/XDhFDgrADg;1,8918E+18;https://pbs.twimg.com/amplify_video_thumb/1891796581986549760/img/xtFU_UDVNfFxU8Kn.jpg;;in;;0;0;0;https://x.com/undefined/status/1891796654925422598;284428760;
1,89031E+18;Fri Feb 14 07:49:20 +0000 2025;1;Mafa : indomie korea biru yang newjeans Mifa : nipis jeruk;1,89031E+18;;;in;;0;1;0;https://x.com/undefined/status/1890307322800394740;8,57963E+17;
1,89026E+18;Fri Feb 14 04:28:31 +0000 2025;0;@euphonioas Ada tau perawat yang ngeluh di tiktok tentang pasien yang udah diingetin dokternya buat pantang makan ini itu eh dia malah makan indomie spicy ramen yang diiklanin newjeans gblk banget dah. Terus biar apa minta dirawat? Biar nyusahin dokternya;1,89026E+18;;euphonioas;in;;0;1;0;https://x.com/undefined/status/1890256783186546799;1,80267E+18;
1,8896E+18;Wed Feb 12 08:42:20 +0000 2025;0;tl gue isinya jake samyang tp iklannya indomie newjeans :);1,8896E+18;;;in;;0;0;0;https://x.com/undefined/status/1889595886377861563;1,29235E+18;
1,88938E+18;Tue Feb 11 18:26:42 +0000 2025;0;LAH ANYING INDOMIE x NEWJEANS SAMPE KE UNSW COK;1,88938E+18;;;in;;0;1;0;https://x.com/undefined/status/1889380558373114245;1,48183E+18;
1,88929E+18;Tue Feb 11 14:02:26 +0000 2025;0;@ihanssi Pls cobain indomie newjeaNs!! Yg biru;1,88931E+18;;ihanssi;in;;0;1;0;https://x.com/undefined/status/1889314051190313419;7,32058E+17;
1,88927E+18;Tue Feb 11 11:57:45 +0000 2025;0;@Daska_Lt Ini fase di tl ku jugakk bahkan sampe ke youtube kayak 2 minggu lebih padahal gapernah ngesearch/beli produk itu di gugel/e-commerce Tp sekarang sudah engga sih iklan tlku sudah provider sama indomie newjeans;1,88928E+18;;Daska_Lt;in;;0;1;0;https://x.com/undefined/status/1889282673614729608;1,53711E+18;
1,88883E+18;Tue Feb 11 01:45:16 +0000 2025;1;@TheZxcvbnm000 @_mardial_ bilang kek gini ke orang yg project music nya dipake buat iklan indomie newjeans;1,88913E+18;;TheZxcvbnm000;in;;0;0;0;https://x.com/undefined/status/1889128537787121707;1,17599E+18;
1,88893E+18;Mon Feb 10 12:49:25 +0000 2025;0;ini keknya gw mw bgt makan indomie newjeans tp wkt itu blm punya meja dapur... gatau knp tweetnya kepotong wakkwkw;1,88893E+18;;;in;;0;0;0;https://x.com/undefined/status/1888933291329499170;1,18151E+18;
1,88821E+18;Sat Feb 08 12:55:29 +0000 2025;0;indomie kapan ada pc newjeans/njz nya ;1,88821E+18;;;in;;0;0;0;https://x.com/undefined/status/1888210040794018160;1,61717E+18;
1,88821E+18;Sat Feb 08 12:54:31 +0000 2025;0;indomie newjeans enak ga si?;1,88821E+18;;;in;;0;3;0;https://x.com/undefined/status/1888209795330539760;1,50842E+18;
1,88805E+18;Sat Feb 08 02:19:38 +0000 2025;2;cobain rasa baru dari @Indomielovers bumbunya enak! tapi buat yg ga bisa tahan pedes (toleran pedesnya cupu pake bgt) kayak aku ini beneran pedesnext bumbu TRUS SEDIH BGT ODENG KU CUMA DAPAT SATUUU rasa odengnya se odeng itu TOP #KoreanRamyeonSeries #OhMyGoodItsIndomie https://t.co/4690BimtJ3;1,88805E+18;https://pbs.twimg.com/media/GjOzd_naQAEoYHP.jpg;;in;;0;0;0;https://x.com/undefined/status/1888050024598401318;1,4272E+18;
1,88756E+18;Thu Feb 06 17:35:39 +0000 2025;0;gopud nasgor bejo atau buat indomie newjeans yh;1,88756E+18;;lucngambek;in;;0;0;0;https://x.com/undefined/status/1887555771916845468;1,78784E+18;
1,88741E+18;Thu Feb 06 08:02:13 +0000 2025;0;@Boocarisweat udah mam indomie newjeans;1,88741E+18;;Boocarisweat;in;;0;1;0;https://x.com/undefined/status/1887411462467166236;1,41945E+18;
1,8871E+18;Wed Feb 05 11:11:15 +0000 2025;1;jgnkan ini mereka collab indomie sama NewJeans aja waktu menang penghargaan dikasih ucapan selamat baik bgt kata aku teh sampe hal yg kaya gitu jg mereka perhatiin;1,8871E+18;;;in;;0;0;0;https://x.com/undefined/status/1887096644338163879;1237183860;
1,88647E+18;Tue Feb 04 10:15:25 +0000 2025;0;@chiizz13 Masalahnya susah nyarinya ya guis... Apalagi kayaknya ada beberapa yang udah discontinue. Kayaknyaaa... Eh itu Indomie x Newjeans dah coba?;1,88672E+18;;chiizz13;in;;0;1;0;https://x.com/undefined/status/1886720208511099158;9,03032E+17;
1,88671E+18;Tue Feb 04 09:51:32 +0000 2025;0;soto banjar tori miso indomie newjeans yang pink;1,88671E+18;;;in;;0;0;0;https://x.com/undefined/status/1886714195351396813;1,24357E+18;
1,88667E+18;Tue Feb 04 07:32:50 +0000 2025;1;@nyenyo_0 indomie yang bungkus biru apa tuh yang sama newjeans sama mie sedap laksa;1,88668E+18;;nyenyo_0;in;;0;0;0;https://x.com/undefined/status/1886679293058855229;1,79613E+18;
1,88157E+18;Tue Jan 21 05:10:17 +0000 2025;0;@stayracha03 Indomie kak yg sama newjeans/? Ga tau pokoknya yg bungkus nya pink hehehe;1,88157E+18;;stayracha03;in;;0;1;0;https://x.com/undefined/status/1881569987732853180;1,36294E+18;
1,88154E+18;Tue Jan 21 03:09:05 +0000 2025;0;Halo @Indomielovers aku mau kasih feedback soal varian Indomie NewJeans. Tadi aku baru buka salah satu bungkusnya dan ada beberapa hal yang mengganggu. Semoga bisa jadi perhatian ya! https://t.co/7w5vPmWIBY;1,88154E+18;https://pbs.twimg.com/media/GhySL0tawAAy6BG.jpg;;in;;0;1;0;https://x.com/undefined/status/1881539486741598671;7,07198E+17;
1,88132E+18;Mon Jan 20 12:49:10 +0000 2025;0;Indomie newjeans yg biru trus ditambah irisan cabe rawit beuuhh pedesnya sampe ke telinga tapi enaakk ;1,88132E+18;;;in;;0;0;0;https://x.com/undefined/status/1881323079621919185;897197618;
1,88129E+18;Mon Jan 20 10:30:46 +0000 2025;0;mau nanya sbnernya Indomie korea yg newjeans itu yg rekomen rasa apa? kok aku ragu2 tiap mau beli yaa;1,88129E+18;;;in;;0;18;0;https://x.com/undefined/status/1881288252122161616;1,48597E+18;
1,88086E+18;Sun Jan 19 06:02:44 +0000 2025;0;aduh ada newjeans indomie di paskal tp gua males;1,88086E+18;;;in;;0;0;0;https://x.com/undefined/status/1880858412839583956;1,47791E+18;
1,88083E+18;Sun Jan 19 04:19:51 +0000 2025;0;tdinya hari ini pgn ke paskal:( ke booth indomie newjeans tapi malah sakitttt ke kampus tiap hari bgt smpe kmren pas sempro gaada suara:';1,88083E+18;;;in;;0;0;0;https://x.com/undefined/status/1880832519400292488;1,55219E+18;
1,88064E+18;Sat Jan 18 15:21:40 +0000 2025;0;Noraebang Paskal Indomie x Newjeans tp aku ga videoin semua karena keseringan headbanging Sempet juga duduk di backstage saking capeknya maaf tapi aku ngevibe semua lagu KPOP grup BTS NCT Aespa Twice msh banyak lagi yg gilak dan aku nyesel ga rekam video amatir https://t.co/JykmEPB1Pb;1,88064E+18;https://pbs.twimg.com/ext_tw_video_thumb/1880636256989990912/pu/img/jjL0tMVw0HFr6n3R.jpg;;in;;0;1;0;https://x.com/undefined/status/1880636684032991634;9,30711E+17;
1,87983E+18;Sat Jan 18 14:56:10 +0000 2025;0;@OmaoPoaoOalAoo @tanyarlfes Belum sampe situ kali ya? ini aja baru ada di warung dua minggu yg lalu keknya. Belum nyoba indomie newjeans aku ;1,88063E+18;;;in;;0;0;0;https://x.com/undefined/status/1880630264038318502;1,52984E+18;
1,88059E+18;Sat Jan 18 12:36:00 +0000 2025;0;wah kalo ada gue di situ sih gue jalan di tengah permisi pak mau beli indomie newjeans ;1,88059E+18;;;in;;0;0;0;https://x.com/undefined/status/1880594991925621044;337014787;
1,88044E+18;Sat Jan 18 02:18:20 +0000 2025;13;Kamu gak cuma bisa nikmatin Indomie Korean Ramyeon Series tapi juga bisa buat photocard pakai foto kamu sendiri terus bisa dapetin exclusive freebies dan malam ini ada NORAEVIBES juga! Yuk cek info lebih lengkap di Instagram Indomie &amp;;;;;;;;;;;
1,88044E+18;Sat Jan 18 02:10:38 +0000 2025;9;Keseruan Hari pertama Oh My Good Mart Bandung di Atrium 23 Paskal! Oh My Good Mart masih ada sampai Hari Minggu Indomielovers yuk datang dan ramaikan~ #OhMyGoodItsIndomie https://t.co/euX6WC6b34;1,88044E+18;https://pbs.twimg.com/media/Ghin_ffboAAH0ya.jpg;;in;;0;0;1;https://x.com/undefined/status/1880437612575617421;284428760;
1,88024E+18;Fri Jan 17 12:58:00 +0000 2025;0;sumpah indomie newjeans yang biru pedes banget anj gue sampe ngos2an;1,88024E+18;;;in;;0;0;0;https://x.com/undefined/status/1880238140398661865;7,86246E+17;
1,87995E+18;Thu Jan 16 17:51:46 +0000 2025;1;Malam jumat pada ngapain (?) #OhMyGoodItsIndomie;1,87995E+18;;;in;;0;0;0;https://x.com/undefined/status/1879949681914180041;1,61636E+18;
1,87984E+18;Thu Jan 16 12:29:29 +0000 2025;0;@newjeans_loop gambaran cwe yg suka Indomie ;1,87987E+18;;newjeans_loop;in;;0;0;0;https://x.com/undefined/status/1879868577995694199;1,33275E+18;
1,85185E+18;Wed Jan 15 11:56:22 +0000 2025;0;@Indomielovers @NewJeans_ADOR Kayaknya uda harus ganti BA..mereka kan uda kluar dari ADOR..ntar malah indomie bermasalah dgn ADOR;1,8795E+18;;Indomielovers;in;;0;0;0;https://x.com/undefined/status/1879497854324228212;410095495;
1,87917E+18;Wed Jan 15 02:59:09 +0000 2025;0;@cilokmarebu Cobain indomie spicy ramyeon yang sama Newjeans Trisha.;1,87936E+18;;cilokmarebu;in;;0;0;0;https://x.com/undefined/status/1879362660350960124;1,85013E+18;
1,87917E+18;Wed Jan 15 02:57:19 +0000 2025;0;@steafth Cobain indomie ramyeon yang sama Newjeans itu.;1,87936E+18;;qctionq;in;;0;0;0;https://x.com/undefined/status/1879362198205874439;1,85013E+18;
1,87917E+18;Wed Jan 15 02:55:56 +0000 2025;0;@orenspaces Cobain indomie ramyeon yang sama Newjeans.;1,87936E+18;;;in;;0;0;0;https://x.com/undefined/status/1879361850812563580;1,85013E+18;
1,87917E+18;Wed Jan 15 02:40:33 +0000 2025;0;@dollvest Cobain indomie ramyeon yang sama Newjeans itu.;1,87936E+18;;dollvest;in;;0;0;0;https://x.com/undefined/status/1879357978459210162;1,85013E+18;
1,87917E+18;Wed Jan 15 02:39:53 +0000 2025;0;@loveablpe Cobain indomie ramyeon yang sama Newjeans.;1,87936E+18;;loveablpe;in;;0;1;0;https://x.com/undefined/status/1879357812595417264;1,85013E+18;
1,87732E+18;Thu Jan 09 11:30:45 +0000 2025;0;gue marah bgt setelah tau klo indomie emg mau adain mng bareng newjeans tp si ador tai itu sjjejdjsja;1,87732E+18;;;in;;0;0;0;https://x.com/undefined/status/1877317078790574196;1,26382E+18;
1,87721E+18;Thu Jan 09 04:22:59 +0000 2025;0;makan indomie tiap hari krn ak suka newjeans;1,87721E+18;;;in;;0;1;0;https://x.com/undefined/status/1877209430682386586;1,81099E+18;
1,87696E+18;Wed Jan 08 14:50:48 +0000 2025;0;@HNANNYI Suka banget mie goreng dan tempe? Indonesia banget yaa. Btw aku pengen nyobain indomie NewJeans ;;;;;;;;;;;
1,87647E+18;Tue Jan 07 16:12:30 +0000 2025;0;@Indomielovers @NewJeans_ADOR dan akupun tak menyesal selalu stok indomie ;1,87666E+18;;Indomielovers;in;;0;0;0;https://x.com/undefined/status/1876663211233300595;1,63759E+18;
1,87652E+18;Tue Jan 07 13:14:47 +0000 2025;0;@Indomielovers min adain mng indomie x newjeans dongg;1,87662E+18;;Indomielovers;in;;0;0;0;https://x.com/undefined/status/1876618485914386695;1,26382E+18;
1,87647E+18;Tue Jan 07 03:14:18 +0000 2025;2;dahlah newjeans ahensi nya indomie aja. rajin update and promo wkwk;1,87647E+18;;;in;;0;0;0;https://x.com/undefined/status/1876467367330660571;172728073;
1,87629E+18;Mon Jan 06 15:43:08 +0000 2025;0;@sancaimage mending lu beli indomie newjeans;1,87629E+18;;ucihasancai;in;;0;1;0;https://x.com/undefined/status/1876293432236474768;7,0318E+17;
1,87626E+18;Mon Jan 06 13:26:10 +0000 2025;0;Ada yang pernah nyoba indomie yg koleb sama newjeans gaa?;1,87626E+18;;;in;;0;0;0;https://x.com/undefined/status/1876258961542066250;1,13549E+18;
1,87142E+18;Sun Jan 05 22:42:44 +0000 2025;0;@sxhinyu Dem tapi gapapa lah kalau indomienya indomie newjeans biar agak mahal gitu auranya;1,87604E+18;;sxhinyu;in;;0;1;0;https://x.com/undefined/status/1876036640868843858;364180758;
1,87591E+18;Sun Jan 05 14:13:50 +0000 2025;0;LUCU AMAT BJIL ak nemu tower roblox indomie newjeans backsound nya jg indomie hahahah (akulah bocil roblox itu);1,87591E+18;;;in;;0;0;0;https://x.com/undefined/status/1875908570258231456;1,76341E+18;
1,87585E+18;Sun Jan 05 10:23:37 +0000 2025;0;Dari td galau mau makan sore apa ngga ya / makan indomie korea yg BA newjeans. Eh akhirnya makan jg wkwkw gpp lah awal tahun makan mie instan terakhir makan mie instan bulan nov. Anggap aja cheating day;1,87585E+18;;;in;;0;0;0;https://x.com/undefined/status/1875850633426964605;71988973;
1,87572E+18;Sun Jan 05 03:53:37 +0000 2025;1;@FFOODFESS baru nyoba indomie newjeans dan fiery chikin menurutku yang paling enak;1,87575E+18;;FFOODFESS;in;;0;0;0;https://x.com/undefined/status/1875752488571458029;1,83629E+18;
1,87123E+18;Sat Jan 04 16:18:38 +0000 2025;0;@Haeribn @1 Lucu banget namanya Ella! Kamu selain jadi member NewJeans jadi member Meovv juga gak dd? Bonding sama kamu setiap hari bakal dikasih mie Indomie setiap hari juga? Resolusi 2025 Abang mau ZB1 jadi permanen hehe. Kemarin tahun baru rencananya m;1,87558E+18;;Haeriqn;in;;0;1;0;https://x.com/undefined/status/1875577589856915763;2497819087;
1,87552E+18;Sat Jan 04 12:40:31 +0000 2025;0;@sczrxh OH BEDA YA gw kira ini indomie newjeans ;1,87552E+18;;jeyudingitis;in;;0;2;0;https://x.com/undefined/status/1875522699361186068;1,21193E+18;
1,87538E+18;Sat Jan 04 03:19:43 +0000 2025;0;3 hari ini makan mi mulu gegara rasa indomie x newjeans enak bet ya Allahhhhhh lama lama pengen jadi indomie;1,87538E+18;;;in;;0;4;0;https://x.com/undefined/status/1875381567662780767;1,31338E+18;
1,87524E+18;Fri Jan 03 18:09:59 +0000 2025;0;kepedesan makan indomie newjeans;1,87524E+18;;;in;;0;1;0;https://x.com/undefined/status/1875243223469404178;9,95317E+17;
1,8752E+18;Fri Jan 03 15:36:00 +0000 2025;0;eh ini newjeans x indomie ga ada pcnya ya??;1,8752E+18;;;in;;0;0;0;https://x.com/undefined/status/1875204471976079499;1,84745E+18;
1,87509E+18;Fri Jan 03 07:53:45 +0000 2025;0;@Indomielovers Ya lebih excited makan Indomie ketemu Danielle dan anggota @NewJeans_ADOR @NewJeans_twt lainnya di Fanmeeting dong @Indomielovers;1,87509E+18;;Indomielovers;in;;0;0;0;https://x.com/undefined/status/1875088141939589197;1,69639E+18;
1,87508E+18;Fri Jan 03 07:34:39 +0000 2025;5;Indomie newjeans rasanya kayak pipis kucing;1,87508E+18;;;in;;0;1;0;https://x.com/undefined/status/1875083337255338177;1715344074;
1,87477E+18;Thu Jan 02 14:24:53 +0000 2025;7;@newjeans_loop Bukan guys ini adminya cuman copy-paste postingan indomie captionta;1,87482E+18;;newjeans_loop;in;;0;0;0;https://x.com/undefined/status/1874824187455684608;1,36969E+18;
1,87477E+18;Thu Jan 02 14:00:11 +0000 2025;1;@hnniPham73 @newjeans_loop Wkwk nih mimin orang jepang kayaknya dia itu copas captionnya indomie di ig ;1,87482E+18;;hnniPham73;in;;0;1;0;https://x.com/undefined/status/1874817971547463897;1,63733E+18;
1,87477E+18;Thu Jan 02 12:40:02 +0000 2025;0;@kookoooosann @newjeans_loop rela usus buntu demi merasakan indomie masakan hanni️;1,8748E+18;;peacekarra;in;;0;0;0;https://x.com/undefined/status/1874797800560701678;1,29613E+18;
1,87477E+18;Thu Jan 02 12:32:55 +0000 2025;0;@newjeans_loop Indomie paling enak adalah Indomie Goreng;1,8748E+18;;newjeans_loop;in;;0;0;0;https://x.com/undefined/status/1874796010918359260;1,79394E+18;
1,87477E+18;Thu Jan 02 12:12:36 +0000 2025;0;@newjeans_loop ak rela makan indomie tiap hari kalo yg masaknya my hanni;1,87479E+18;;newjeans_loop;in;;0;1;0;https://x.com/undefined/status/1874790896820167161;1,29613E+18;
1,87477E+18;Thu Jan 02 12:10:20 +0000 2025;0;@newjeans_loop gw buatin indomie tiap hari HANNI;1,87479E+18;;newjeans_loop;in;;0;0;0;https://x.com/undefined/status/1874790325312803082;3318788988;
1,87258E+18;Thu Jan 02 11:59:50 +0000 2025;0;@Minjeons Emang kenapa yaa indomie itu enak!! Aku makan indomie karna newjeans;1,87479E+18;;Minjeons;in;;0;1;0;https://x.com/undefined/status/1874787683991744679;7,23962E+17;
1,87478E+18;Thu Jan 02 11:35:54 +0000 2025;1;SEMUA ORG HARUS TAU INDOMIE NEWJEANS SEENAK ITU YA ALLAH BNRBNR SEMUA VARIAN ENAK BGT AKU DAH ABIS 10 lebih;1,87478E+18;;;in;;0;3;0;https://x.com/undefined/status/1874781660543398360;1,77958E+18;
1,87477E+18;Thu Jan 02 11:28:20 +0000 2025;0;@sah_hee93744 @newjeans_loop keknya ambil caption dari akun indomie;1,87478E+18;;sah_hee93744;in;;0;0;0;https://x.com/undefined/status/1874779758996881894;1,07539E+18;
1,87477E+18;Thu Jan 02 11:07:20 +0000 2025;3634;Comment yang rasa favorit Indomie Korean Ramyeon nya samaan kayak Hanni! Miemin duluannnn!! #뉴진스 #NewJeans #하니 #Hanni #ハニ https://t.co/tQGszdnntO;1,87477E+18;https://pbs.twimg.com/amplify_video_thumb/1874774408067473408/img/qTNOVg3Af3LrcDql.jpg;;in;;65;57;438;https://x.com/undefined/status/1874774470315127284;1,55953E+18;
1,87477E+18;Thu Jan 02 10:57:24 +0000 2025;2057;Indomielovers rela berbagi Indomie Korean Ramyeon Series bareng Minji? #뉴진스 #NewJeans #민지 #Minji #ミンジ https://t.co/LrY6YculPG;1,87477E+18;https://pbs.twimg.com/amplify_video_thumb/1874767142329217027/img/giqEoL1kJQvspRYD.jpg;;in;;28;18;293;https://x.com/undefined/status/1874771973672452298;1,55953E+18;
1,87431E+18;Wed Jan 01 05:07:17 +0000 2025;0;@alizareborn indomie yg iklannya pake newjeans kemarin ituuuu kaaa;1,87432E+18;;brrybookflavo;in;;0;0;0;https://x.com/undefined/status/1874321474477318590;2505695120;
1,87411E+18;Tue Dec 31 14:57:06 +0000 2024;0;PIC di event Indomie x NewJeans Malang Akhirnya bisa ngerasain panitia event lagi dan seneng banget dapet pengalaman yg beda dari sebelum nya. For the first time bener belajar dan ngelola excel karna acara ini. Walopun harus kerja seharian pagi ampe malem https://t.co/Humm0RvBi0;1,87411E+18;https://pbs.twimg.com/media/GgIq2j_bwAA7G7e.jpg;NFapasha;in;;0;1;0;https://x.com/undefined/status/1874107519423176780;1,16946E+18;
1,87408E+18;Tue Dec 31 13:25:40 +0000 2024;513;2024: commission job buat JKT 48 &amp;;;;;;;;;;;
1,87373E+18;Mon Dec 30 14:00:21 +0000 2024;0;indomie newjeans yg rose enak bgt ternyata (baru nyoba);1,87373E+18;;;in;;0;1;0;https://x.com/undefined/status/1873730850036273622;1,41462E+18;
1,87361E+18;Mon Dec 30 11:36:54 +0000 2024;0;@Indomielovers @NewJeans_ADOR Minji hanni danielle haerin hyein beneran dirayakan sama indomie btw bisa kali adain fanmeet;1,87369E+18;;Indomielovers;in;;0;0;0;https://x.com/undefined/status/1873694750538355045;1,27782E+18;
1,87361E+18;Mon Dec 30 09:21:16 +0000 2024;0;@Indomielovers @NewJeans_ADOR Makasih Indomie ;1,87366E+18;;Indomielovers;in;;0;0;0;https://x.com/undefined/status/1873660615975485710;1,78342E+18;
1,87365E+18;Mon Dec 30 08:56:05 +0000 2024;0;Indomie K-Rosé enak banget cuy... Kayak rasanya ada keju-keju nya gitu. Ga sia-sia Indomie colab sama Newjeans bener bener seleraku https://t.co/LJTDdiodyr;1,87365E+18;https://pbs.twimg.com/media/GgCOobIbAAA0ZBd.jpg;;in;;0;0;0;https://x.com/undefined/status/1873654277488693318;1,47312E+18;
1,87361E+18;Mon Dec 30 08:42:45 +0000 2024;0;@Indomielovers @NewJeans_ADOR Hanni kemarin pen mam Indomie tu katanya;1,87365E+18;;Indomielovers;in;;0;0;0;https://x.com/undefined/status/1873650922146103611;8,6402E+17;
1,87361E+18;Mon Dec 30 07:58:06 +0000 2024;0;@Indomielovers @NewJeans_ADOR Cuss beli di official storenya di Shopee guys 1 Dus isi 20 Pcs - Indomie Korean K-Rose + Free Rainbow Bag https://t.co/iyOqtofEYP;1,87364E+18;;Indomielovers;in;;0;0;0;https://x.com/undefined/status/1873639685630972023;592397495;
1,87361E+18;Mon Dec 30 06:50:27 +0000 2024;1;@Indomielovers @NewJeans_ADOR Lgsg mukbang indomie gue njirr;1,87362E+18;;Indomielovers;in;;0;0;0;https://x.com/undefined/status/1873622660430909725;2833491746;
1,87077E+18;Sun Dec 22 09:57:26 +0000 2024;9;Oh My Good! Gak kuat banget makan Indomie Spicy Ramyeon rasa sup jamur pedas ala Korea yang gurih pedas &amp;;;;;;;;;;;
1,87068E+18;Sun Dec 22 03:53:33 +0000 2024;0;kita ushakan indomie lucu newjeans itu;1,87068E+18;;;in;;0;0;0;https://x.com/undefined/status/1870679039121441080;1,71884E+18;
1,87066E+18;Sun Dec 22 02:26:30 +0000 2024;0;Guys newjeans beneran bubar? Terus nasib kontraknya sama indomie gimana?;1,87066E+18;;;in;;0;0;0;https://x.com/undefined/status/1870657131852296684;1,66149E+18;
1,87063E+18;Sun Dec 22 00:44:14 +0000 2024;0;eh kocak indomie newjeans yang rose rasanya kek masakan RM padang;1,87063E+18;;;in;;0;1;0;https://x.com/undefined/status/1870631395930059000;1,02194E+18;
1,87015E+18;Sat Dec 21 15:24:45 +0000 2024;0;@sosmedkeras Indomie goreng yang baru kolaborasi dengan newjeans enak banget coo;1,87049E+18;;sosmedkeras;in;;0;0;0;https://x.com/undefined/status/1870490597611761687;1,41609E+18;
1,87044E+18;Sat Dec 21 13:04:15 +0000 2024;0;@strwbbyie aku mending makan mie wow apa indomie newjeans?;1,87046E+18;;strwbbyie;in;;0;1;0;https://x.com/undefined/status/1870455242296570267;1,46196E+18;
1,87044E+18;Sat Dec 21 12:01:11 +0000 2024;0;Demi Indomie newjeans yang biru pedes gila;1,87044E+18;;;in;;0;1;0;https://x.com/undefined/status/1870439367917121605;2833590194;
1,87008E+18;Sat Dec 21 04:00:50 +0000 2024;0;@ferran_peak Bagi pendapat tentang Indomie X NewJeans;1,87032E+18;;ferran_peak;in;;0;1;0;https://x.com/undefined/status/1870318487077585262;1,36354E+18;
1,87031E+18;Sat Dec 21 03:32:41 +0000 2024;0;Newjeans nge-review Indomie kah ini? https://t.co/C9ZX6AUiV7;1,87031E+18;https://pbs.twimg.com/media/GfSuTURbUAAXlTz.jpg;;in;;0;0;0;https://x.com/undefined/status/1870311401228820824;8,60377E+17;
1,87016E+18;Sat Dec 21 02:35:00 +0000 2024;0;@Subhanallahkiky Ini klo ga salah pas bts newjeans x indomie ga sih?;1,8703E+18;;SubhanallahKiky;in;;0;0;0;https://x.com/undefined/status/1870296884583247927;1,27437E+18;
1,87027E+18;Sat Dec 21 00:47:30 +0000 2024;1;newjeans aka jeanz yang udah pindah tempat kerja pindah kosan dan gara gara itu jadi makin rajin makin makan indomie udah beneran mirip average muda mudi indo yang lagi struggle dalam hidupnya https://t.co/5qMfubdFbD;1,87027E+18;https://pbs.twimg.com/ext_tw_video_thumb/1870269815103123456/pu/img/1LtTwq4dlWqxQkVj.jpg;;in;;0;0;0;https://x.com/undefined/status/1870269833658675290;1,09713E+18;
1,87002E+18;Fri Dec 20 08:23:53 +0000 2024;0;baru nyobain indomie newjeans spicy ramyeon tapi versi popmie nya.. ternyata enak banget lebih enak daripada shin ramyeon atau anseongtangmyeon trus pedes banget dah https://t.co/NNJIz2DRUP;1,87002E+18;https://pbs.twimg.com/media/GfOnWJEa0AA0CvR.jpg;;in;;0;0;0;https://x.com/undefined/status/1870022294934008183;2275390344;
1,86963E+18;Thu Dec 19 06:10:32 +0000 2024;0;Ya betul Indomie versi newjeans bisa jadi opsi ransum pendemo hari Ini.;1,86963E+18;;;in;;0;0;0;https://x.com/undefined/status/1869626350736470057;1,8291E+18;
1,86962E+18;Thu Dec 19 05:55:05 +0000 2024;15;PAKETTT! Etsss bukan dari Korea tapi Indomie Spicy Ramyeon yang kuahnya rasa sup jamur pedas ala Korea~ Sekarang kalau kangen cita rasa Korea gak perlu ke Korea soalnya bisa masak Indomie Spicy Ramyeon yang otentik gurih pedas dan segar! #OhMyGoodItsIndomie https://t.co/lq66OfZZDY;1,86962E+18;https://pbs.twimg.com/ext_tw_video_thumb/1869622328780558336/pu/img/YcCUH3AUoBABGe15.jpg;;in;;0;1;2;https://x.com/undefined/status/1869622461203132669;284428760;
1,86942E+18;Wed Dec 18 16:49:18 +0000 2024;1;real guys indomie x newjeans yang biru itu enak bangettt nget nget (tips: kuahnya dibikin kentel +10000 aura) https://t.co/JTZ3UInHsq;1,86942E+18;https://pbs.twimg.com/media/GfGH3l2aYAAPDi1.jpg;;in;;0;1;0;https://x.com/undefined/status/1869424712742515067;1,4968E+18;
1,86929E+18;Wed Dec 18 07:54:12 +0000 2024;0;btw di tulisannya sih ini Indomie X newjeans tapi aku belinya gak di official store nya Indomie tapi di toko lain;1,86929E+18;;huihuimoon96;in;;0;1;0;https://x.com/undefined/status/1869290052024697162;1,25583E+18;
1,86928E+18;Wed Dec 18 07:25:56 +0000 2024;9;Oh My Good! Siapa yang bisa nolak sih kalau ditawarin Indomie K-Rose dengan saus rose yang gurih pedas dan creamy! #OhMyGoodItsIndomie https://t.co/Ae2zrxneeH;1,86928E+18;https://pbs.twimg.com/ext_tw_video_thumb/1869281329428475904/pu/img/N7-elU_d-07T1V5Y.jpg;;in;;0;0;2;https://x.com/undefined/status/1869282939223368176;284428760;
1,86903E+18;Tue Dec 17 14:55:16 +0000 2024;0;Indomie tolong undang newjeans!!!!;1,86903E+18;;;in;;0;0;0;https://x.com/undefined/status/1869033626895340000;329503019;
1,86894E+18;Tue Dec 17 08:41:03 +0000 2024;9;Oh My Good! Ini dia yang bikin dar der dor pas masuk mulut tapi nagih terus Sensasi pedas Indomie Fiery Chikin ala ayam goreng Korea nikmatnya otentik Korea banget! Comment yang setuju! #OhMyGoodItsIndomie https://t.co/il5cZTb3Ey;1,86894E+18;https://pbs.twimg.com/ext_tw_video_thumb/1868939300253188098/pu/img/U6MVwPt_PVWD_cRY.jpg;;in;;0;0;4;https://x.com/undefined/status/1868939451638202421;284428760;
1,8689E+18;Tue Dec 17 05:49:25 +0000 2024;4;nyemil mie indomie newjeans aja ga sih #sandyourheart;1,8689E+18;;;in;;0;0;0;https://x.com/undefined/status/1868896260608213067;1,836E+18;
1,86859E+18;Mon Dec 16 11:55:05 +0000 2024;0;@mwontea @indomilkyourway @mychitato bukan byyy itu dari event newjeans sama indomie gt;1,86863E+18;;mwontea;in;;0;0;0;https://x.com/undefined/status/1868625894161764412;1,75017E+18;
1,8686E+18;Mon Dec 16 09:57:10 +0000 2024;0;gua beli indomie x newjeans krena kepo lgsng beli semua varian ujungnya kemakan dikit doang karena ternyata pedes bgt semuanya cokk ;1,8686E+18;;;in;;0;0;0;https://x.com/undefined/status/1868596219720909166;1,37169E+18;
1,86854E+18;Mon Dec 16 06:17:46 +0000 2024;1;punya tas pvc INDOMIE dari event newjeans terus punya tas pvc INDOMILK dr event seventeen..... Apakah harus punya tas pvc juga dr CHITATO jugaa AAAAKK bingung beli ga yaa...??️ https://t.co/yCAdcGhRVP;1,86854E+18;https://pbs.twimg.com/media/Ge5kJIfbwAESxpY.jpg;;in;;0;1;1;https://x.com/undefined/status/1868541008297984086;1,26131E+18;
1,86831E+18;Sun Dec 15 14:50:12 +0000 2024;0;Ehh indomie x newjeans enak atau engga?;1,86831E+18;;;in;;0;0;0;https://x.com/undefined/status/1868307577920164085;1,12961E+18;
1,86828E+18;Sun Dec 15 13:06:38 +0000 2024;0;indomie x newjeans yg k-rose enak ga by?? rasanya kaya apa???;1,86828E+18;;;in;;0;3;0;https://x.com/undefined/status/1868281514460623035;1,30405E+18;
1,86823E+18;Sun Dec 15 09:55:20 +0000 2024;0;gara gara liat iklan indomie collab newjeans jadi pengen makan mi teruss woii;1,86823E+18;;;in;;0;0;0;https://x.com/undefined/status/1868233369655595448;1,78713E+18;
1,86822E+18;Sun Dec 15 08:46:09 +0000 2024;0;Aku jadi penasaran gimana jadinya ini kerja sama indomie dan newjeans?;1,86822E+18;;;in;;0;0;0;https://x.com/undefined/status/1868215960999727402;1,32169E+18;
1,86817E+18;Sun Dec 15 05:37:49 +0000 2024;0;info penting siang ini yg arul berikan adalah indomie newjeans yg pink udah avail di indomaret finally!;1,86817E+18;;;in;;0;0;0;https://x.com/undefined/status/1868168564722868231;1,03867E+18;
1,86817E+18;Sun Dec 15 05:35:48 +0000 2024;0;kek emangnya ngapain brand-brand indo kolab sama kpop terus? indomie x newjeans contohnya. itu juga kolaborasi soft power kita tau segimana ikonik indomie itu plus rising star dari korea = promosi = profit. also dua kata lucu: nintendo umkm. bro didn't do his research.;1,86817E+18;;tenkadaihiji;in;;0;0;0;https://x.com/undefined/status/1868168057698578657;1,57986E+18;
1,86814E+18;Sun Dec 15 03:56:48 +0000 2024;0;sbnrnya yg indomie x newjeans tuh kl beli dpt pc gak sih..;1,86814E+18;;;in;;0;0;0;https://x.com/undefined/status/1868143145348919365;1,43121E+18;
1,86798E+18;Sat Dec 14 17:20:10 +0000 2024;0;Laper di jam 1 malam Di luar hujan Hasrat buat bikin indomie newjeans ini ;1,86798E+18;;;in;;0;0;0;https://x.com/undefined/status/1867982929487704209;1,49072E+18;
1,86791E+18;Sat Dec 14 12:18:10 +0000 2024;0;menamatkan seluruh rasa indomie newjeans;1,86791E+18;;;in;;0;1;0;https://x.com/undefined/status/1867906930569802171;1,58133E+18;
1,8679E+18;Sat Dec 14 12:01:41 +0000 2024;0;malem2 gini makan indomie newjeans yg rasa k-rose ;1,8679E+18;;;in;;0;0;0;https://x.com/undefined/status/1867902782591922502;1,10533E+18;
1,86759E+18;Fri Dec 13 16:04:35 +0000 2024;0;@txtelur ih ndhog cobain itu indomie newjeans yang spicy ramyeon bungkus biru itu lebih pedes dari shim;1,8676E+18;;txtelur;in;;0;1;0;https://x.com/undefined/status/1867601522395353506;1,4461E+18;
1,8676E+18;Fri Dec 13 15:43:05 +0000 2024;0;Indomie newjeans yg biru pedes bgt;1,8676E+18;;;in;;0;0;0;https://x.com/undefined/status/1867596109998436715;1,76651E+18;
1,86751E+18;Fri Dec 13 09:59:06 +0000 2024;0;indomie x newjeans allahu akbr;1,86751E+18;;;in;;0;0;0;https://x.com/undefined/status/1867509545053954436;1,56331E+18;
1,86741E+18;Fri Dec 13 03:42:51 +0000 2024;0;indomie newjeans yang pink surprisingly kayak gulai;1,86741E+18;;;in;;0;0;0;https://x.com/undefined/status/1867414856510714291;1,64038E+18;
1,86721E+18;Thu Dec 12 13:52:03 +0000 2024;0;indomie newjeans biru enyak;1,86721E+18;;;in;;0;0;0;https://x.com/undefined/status/1867205777490112838;1,65876E+18;
1,86719E+18;Thu Dec 12 12:57:02 +0000 2024;0;makan indomie newjeans agar cantik seperti minji https://t.co/MUMIsgI20l;1,86719E+18;https://pbs.twimg.com/media/GemZK1faQAEe7xu.jpg;;in;;0;3;0;https://x.com/undefined/status/1867191935271944502;7,06068E+17;
1,86706E+18;Thu Dec 12 04:03:59 +0000 2024;0;Bisa ga iklan Yt gw newjeans indomie aja terus? Gw iklasss kokkk;1,86706E+18;;;in;;0;1;0;https://x.com/undefined/status/1867057788540883345;1,29717E+18;
1,8654E+18;Sat Dec 07 15:18:17 +0000 2024;0;@lilfreaks1212 Indomie spicy ramyun ini yang varian BAnya newjeans bukan sih?;1,86542E+18;;lilfreaks1212;in;;0;1;0;https://x.com/undefined/status/1865415542326383032;537990065;
1,86541E+18;Sat Dec 07 14:36:36 +0000 2024;0;barusan nyoba indomie newjeans yg rose krn kata adekku ga pedes2 amat. tetap saja aku sentrap sentrup kepedesan.;1,86541E+18;;;in;;0;0;0;https://x.com/undefined/status/1865405052858581249;479443734;
1,86539E+18;Sat Dec 07 13:25:52 +0000 2024;1;Nyobain indomie Tori Kara pedesnya nampol bjir️‍ Sebenernya mau cobain yang collab mah newjeans tapi yang pink gak ada jadinya cobain ini deh karna yang Tori miso biasa enak https://t.co/wL4hnUN72o;1,86539E+18;https://pbs.twimg.com/media/GeMv0UpakAAlH32.jpg;;in;;0;2;0;https://x.com/undefined/status/1865387250319859846;1,0728E+18;
1,86538E+18;Sat Dec 07 12:51:26 +0000 2024;0;Indomie yg sama newjeans enak woyy;1,86538E+18;;;in;;0;0;0;https://x.com/undefined/status/1865378585168712006;1,4098E+18;
1,86533E+18;Sat Dec 07 09:47:08 +0000 2024;0;Hawanya cocok bgt untuk bikin Indomie newjeans yeahhh;1,86533E+18;;;in;;0;0;0;https://x.com/undefined/status/1865332206081826993;1,85921E+18;
1,86527E+18;Sat Dec 07 05:24:16 +0000 2024;0;gua kena gocek alfa dkt rmh gua apa ya masa peppero 2+indomie fiery chicken 40rb sendiri si goblok gak nge cek struk lg grgr kegirangan sendiri liat newjeans;1,86527E+18;;;in;;0;1;0;https://x.com/undefined/status/1865266053976330311;1,62291E+18;
1,86506E+18;Fri Dec 06 15:25:44 +0000 2024;0;absen indomie newjeans day 1 foto terakhir lagi #masakbanget https://t.co/csMR6UCyR8;1,86506E+18;https://pbs.twimg.com/media/GeIBpPGboAAavQs.jpg;;in;;0;0;0;https://x.com/undefined/status/1865055030350614802;1,13122E+18;
1,865E+18;Fri Dec 06 11:33:59 +0000 2024;1;Makasih Indomie san Newjeans berkat kolaborasi kalian aku bisa menikmati mie instan paling nikmat di dunia ini Gila sih tiap hari makan nih mie untung ga ketahuan mama https://t.co/pEGAb78gTK;1,865E+18;https://pbs.twimg.com/media/GeHMnuoakAABGog.jpg;;in;;0;0;0;https://x.com/undefined/status/1864996706812858737;1,21837E+18;
1,86495E+18;Fri Dec 06 08:19:05 +0000 2024;2;mbak yg dijual SUSU bukan tas tas beginian mah cm gimmick atau freebiesnya aja. nih contohnya tas indomie korean series yg BA nya newjeans ya emg begini doang kan yg dijual mie nya. itu yg punya indomilk udah yg paling bagus dr sekian banyak tas freebies indofood https://t.co/BGRwg3WxeO;1,86495E+18;https://pbs.twimg.com/media/GeGgAFza8AAPCn6.jpg;;in;;0;3;0;https://x.com/undefined/status/1864947660572287014;1,44429E+18;
1,86492E+18;Fri Dec 06 06:31:18 +0000 2024;0;Open jastip indomie x newjeans 40k dapet tas pvc + indomie korean 5pcs 80k dapet tas pvc dan indomie korean 5pcs tas pvc dan indomie 3pcs pop mie 2 pcs dan merch random (nanti dapet dari claw machine) Yang mau dm juseyoo bisa co oren yess dom solo https://t.co/8EJuF028Kc;1,86492E+18;https://pbs.twimg.com/media/GeGHVwQbkAAGRz_.jpg;;in;;0;1;0;https://x.com/undefined/status/1864920534078886159;1,50807E+18;
1,86481E+18;Thu Dec 05 23:29:13 +0000 2024;0;Kayak ngewar Indomie newjeans;1,86481E+18;;;in;;0;0;0;https://x.com/undefined/status/1864814314491961624;1,76507E+18;
1,86459E+18;Thu Dec 05 12:20:18 +0000 2024;0;@cinderjaems indomie nya newjeans enak semua;1,86465E+18;;cinderjaems;in;;0;0;0;https://x.com/undefined/status/1864645973626245443;70607178;
1,86463E+18;Thu Dec 05 11:32:33 +0000 2024;0;indomie yg sama newjeans gak worth it poll rasanya kebanyakan lada anjir semua varian konsepnya LADA bjir;1,86463E+18;;;in;;0;1;0;https://x.com/undefined/status/1864633959814189440;9,32969E+17;
1,86416E+18;Wed Dec 04 03:49:27 +0000 2024;0;ABIS BELI INDOMIE NEWJEANS (telat) ;1,86416E+18;;;in;;0;3;0;https://x.com/undefined/status/1864155025276326214;1,52502E+18;
1,86398E+18;Tue Dec 03 15:57:28 +0000 2024;0;Efek NewJeans makan Indomie? *Jokes ya ini;1,86398E+18;;;in;;0;0;0;https://x.com/undefined/status/1863975850343104574;80315336;
1,86397E+18;Tue Dec 03 15:24:25 +0000 2024;0;@SNayla_JKT48 Malammm sama :( tapi ini lagi coba mie indomie x newjeans. Sudah coba nayraa?;1,86397E+18;;SNayla_JKT48;in;;0;0;0;https://x.com/undefined/status/1863967531884765364;1,75826E+18;
1,86376E+18;Tue Dec 03 04:19:59 +0000 2024;0;@KobunDazai Name &amp;;;;;;;;;;;
1,86367E+18;Mon Dec 02 19:43:30 +0000 2024;0;gua baru menemukan fakta kalo yg bikin soto ayam bu karti ternyata jg bikin lagu indomie x newjeans anjir???;1,86367E+18;;;in;;0;5;0;https://x.com/undefined/status/1863670346177720632;1,77652E+18;
1,86355E+18;Mon Dec 02 11:40:21 +0000 2024;0;indomie newjeans pedes bgt yak ini aku masukin bumbu cuman setengah aja udah lebih pedes dari shin ramyun??? tapi enak sih kl lagi pengen kayanya bakal beli lagi ;1,86355E+18;;;in;;0;2;0;https://x.com/undefined/status/1863548757197127803;7,95223E+17;
1,86347E+18;Mon Dec 02 06:39:29 +0000 2024;2;sekarang kalo kangen NewJeans bawaannya pengen makan indomie sambil dengerin Ditto.;1,86347E+18;;;in;;0;0;0;https://x.com/undefined/status/1863473042376319363;1,702E+18;
1,86342E+18;Mon Dec 02 03:03:36 +0000 2024;0;bekal aku indomie newjeans;1,86342E+18;;;in;;0;1;0;https://x.com/undefined/status/1863418715104288964;1,51802E+18;
1,8634E+18;Mon Dec 02 01:44:56 +0000 2024;0;Kaka gue gatau indomie newjeans masa;1,8634E+18;;;in;;0;0;0;https://x.com/undefined/status/1863398916705886226;1,55323E+18;
1,86325E+18;Sun Dec 01 16:09:47 +0000 2024;0;tahukah kamu newjeans digandeng indomie wkwkwkwwk https://t.co/luAM76uLQK;1,86325E+18;https://pbs.twimg.com/media/GdubxGpagAAcqjV.jpg;;in;;0;0;0;https://x.com/undefined/status/1863254175360139639;1,13315E+18;
1,86324E+18;Sun Dec 01 15:16:05 +0000 2024;0;indomie yg newjeans enakk bgt;1,86324E+18;;;in;;0;1;0;https://x.com/undefined/status/1863240658825482319;1,84354E+18;
1,86314E+18;Sun Dec 01 11:26:42 +0000 2024;0;@asahifiless Oh ini tuh indomie newjeans aku kemarin beli tapi gatau kalau ini indomie newjeans;1,86318E+18;;heosahi;in;;0;1;0;https://x.com/undefined/status/1863182933605163455;1,40046E+18;
1,86314E+18;Sun Dec 01 08:38:14 +0000 2024;0;enak banget ni indomie newjeans;1,86314E+18;;_audina_;in;;0;0;0;https://x.com/undefined/status/1863140538620502126;954851184;
1,8631E+18;Sun Dec 01 06:12:58 +0000 2024;0;@wonpiricuties indomie x newjeans udh cobain blm jell;1,8631E+18;;wonpiricuties;in;;0;1;0;https://x.com/undefined/status/1863103981054263783;275916613;
1,8631E+18;Sun Dec 01 05:41:29 +0000 2024;0;tdi tuh di cfd bungkul ada mbk² indomie jualan indomie nya newjeans. tak keliling i bungkul tak kira bakal ada indomilk nya svt ternyata ora onok ;1,8631E+18;;;in;;0;0;0;https://x.com/undefined/status/1863096058978644082;1,49928E+18;
1,86291E+18;Sat Nov 30 17:05:11 +0000 2024;0;Newjeans buyar.. Bubar? Padahal barusan iklanin indomie. Belum sempat coba pula. Nyari indomienya di indomaret atau alfamart ada gak yah?;1,86291E+18;;;in;;0;0;0;https://x.com/undefined/status/1862905728450838587;63112751;
1,86286E+18;Sat Nov 30 14:15:15 +0000 2024;0;pengen coba indomie x newjeans ;1,86286E+18;;;in;;0;0;0;https://x.com/undefined/status/1862862962572288444;1,534E+18;
1,86284E+18;Sat Nov 30 12:56:25 +0000 2024;0;Ketika Newjeans udah putus kontrak sama HYBE tapi kontrak HYBE sama Indomie masih jalan wkwk;1,86284E+18;;;in;;0;0;0;https://x.com/undefined/status/1862843124936282294;1565293951;
1,86255E+18;Fri Nov 29 17:16:33 +0000 2024;1;gila ya pengaruh indomie ke newjeans. gue nangis nonton press conferencenya buset keren bgt lu pada neng;1,86255E+18;;;in;;0;0;0;https://x.com/undefined/status/1862546203231363122;1,36736E+18;
1,86252E+18;Fri Nov 29 15:14:27 +0000 2024;1;NewJeans: udah paling bener gw jualan indomie ajalah;1,86252E+18;;;in;;0;0;0;https://x.com/undefined/status/1862515473910571447;1,49241E+18;
1,86248E+18;Fri Nov 29 12:52:22 +0000 2024;0;indomie rose topokki rasanya freak bgt knpsih gak enak cm krn udh beli ajeeeeee support idol pengangguranku (newjeans);1,86248E+18;;;in;;0;0;0;https://x.com/undefined/status/1862479716969848994;1,65876E+18;
1,86245E+18;Fri Nov 29 11:34:55 +0000 2024;1;@pppuleee newjeans bar dadi BA indomie jiwa2 idealisme mahasiswane langsung metu;1,86246E+18;;pppuleee;in;;0;1;0;https://x.com/undefined/status/1862460227796574682;8,45452E+17;
1,86246E+18;Fri Nov 29 11:19:38 +0000 2024;0;tapi newjeans masih jadi BA indomie kan?;1,86246E+18;;;in;;0;0;0;https://x.com/undefined/status/1862456381737246803;1,75183E+18;
1,86238E+18;Fri Nov 29 06:21:12 +0000 2024;0;indomie beruntung bgt bisa koleb ama newjeans kemaren wkkwkw;1,86238E+18;;;in;;0;0;0;https://x.com/undefined/status/1862381277145702707;2487483455;
1,86237E+18;Fri Nov 29 05:43:07 +0000 2024;0;Indomie newjeans yang kuah enak bangett pedasnya berasa kuahnya juga kental aku suka lahh;1,86237E+18;;;in;;0;0;0;https://x.com/undefined/status/1862371692926087347;1,19721E+18;
1,86233E+18;Fri Nov 29 03:12:23 +0000 2024;0;Eh padahal newjeans baru sama indomie ya.. kalo ga pake nama nj lg nnti berarti iklannya di take down atau gimana;1,86233E+18;;;in;;0;0;0;https://x.com/undefined/status/1862333760903291203;1,83121E+18;
1,86231E+18;Fri Nov 29 02:40:08 +0000 2024;0;@EmployeeHiseung Itu Indomie Newjeans ya? Btw aku cinta banget sama gebetanku ;1,86233E+18;;heeiseungie;in;;0;1;0;https://x.com/undefined/status/1862325643587068387;2488294495;
1,86179E+18;Wed Nov 27 15:13:44 +0000 2024;0;Pengen indomie newjeans tapi mager beliiiiii;1,86179E+18;;uyahz;in;;0;0;0;https://x.com/undefined/status/1861790516960170030;1,51329E+18;
1,86177E+18;Wed Nov 27 13:45:23 +0000 2024;0;indomie spicy ramyeon yang newjeans itu enak banget plzzz masuk top 3 indomie fav aku;1,86177E+18;;;in;;0;0;0;https://x.com/undefined/status/1861768283516817568;1,77485E+18;
1,86174E+18;Wed Nov 27 11:41:41 +0000 2024;0;abis makan indomie bisa jd member newjeans ga;1,86174E+18;;;in;;0;0;0;https://x.com/undefined/status/1861737154633933119;9,56081E+17;
1,86171E+18;Wed Nov 27 10:22:09 +0000 2024;2;INDOMIE × NEWJEANS Oh My Oh My Good! Siapa sih yang gak bisa hidup tanpa mie? Angkat tangannya! ️ Kita udah siapin spesial buat para pecinta Indomie biar makannya sambil bayangin ditemenin NewJeans. https://t.co/Ms7hz02IGv;1,86172E+18;https://pbs.twimg.com/media/GdYl3nraEAAI7Im.jpg;greoasy;in;;6;1;1;https://x.com/undefined/status/1861717139239084484;3225560598;
1,86171E+18;Wed Nov 27 10:13:31 +0000 2024;0;INDOMIE × NEWJEANS Oh My Oh My Good! Siapa sih yang gak bisa hidup tanpa mie? Angkat tangannya! ️ Kita udah siapin spesial buat para pecinta Indomie biar makannya sambil bayangin ditemenin NewJeans. https://t.co/iUDxjycG9M;1,86171E+18;https://pbs.twimg.com/media/GdYj4gvaQAABAGk.jpg;sorevamp;in;;0;1;0;https://x.com/undefined/status/1861714966371618894;9,04297E+17;
1,86171E+18;Wed Nov 27 09:50:57 +0000 2024;1;gw bagi bagi indomie kl newjeans masuk @oddatelier;1,86171E+18;;;in;;0;0;0;https://x.com/undefined/status/1861709285610467543;1,38306E+18;
1,86161E+18;Wed Nov 27 03:20:04 +0000 2024;0;for context abis nyoblos ke a* niatnya mau nyari indomie yg newjeans tp gaada adanya malah ini. kmrn cmn liat di tl ada yg share yg putih item (rasa cookies?) and bcs i dont vibe with those hari ini baru liat ada yg ijo2 rasa almond dan ternyata wenyaakk;1,86161E+18;;sevendouble2s;in;;0;0;0;https://x.com/undefined/status/1861610918226075729;1,55184E+18;
1,86144E+18;Tue Nov 26 16:07:44 +0000 2024;0;nasi daun jeruk ayam tulang lunak sore mam indomie x newjeans yang merah :&gt;;;;;;;;;;;
1,86139E+18;Tue Nov 26 13:01:53 +0000 2024;0;mau makan Indomie newjeans oi;1,86139E+18;;;in;;0;0;0;https://x.com/undefined/status/1861394947284553822;1,83642E+18;
1,86139E+18;Tue Nov 26 12:59:09 +0000 2024;0;mau makan Indomie newjeans malah kehalang by u error kocak;1,86139E+18;;;in;;0;0;0;https://x.com/undefined/status/1861394259980755449;1,83642E+18;
1,86107E+18;Mon Nov 25 15:48:08 +0000 2024;0;@philoshophia7 yaudah kasih Indomie newjeans aja;1,86107E+18;;philoshophia7;in;;0;1;0;https://x.com/undefined/status/1861074397546831965;1,61014E+18;
1,86086E+18;Mon Nov 25 14:28:22 +0000 2024;0;@hourlywintol @roscentsea Makanya gw diem aja biar dia godok dulu indomie newjeans dia itu;1,86105E+18;;hourlywintol;in;;0;1;0;https://x.com/undefined/status/1861054323364675821;1,6946E+18;
1,86105E+18;Mon Nov 25 14:27:35 +0000 2024;2;first time nyoba indomie spicy ramyeon newjeans TIDAK EXPECT SUAPAN PERTAMA PEDES BANGET ;1,86105E+18;;;in;;1;4;0;https://x.com/undefined/status/1861054126513344939;2644886024;
1,86101E+18;Mon Nov 25 11:45:32 +0000 2024;0;@songmfin indomie yg collab sm newjeans. https://t.co/hrxW6QpFne;1,86101E+18;;songmfin;in;;0;1;0;https://x.com/undefined/status/1861013346482590179;1,20069E+18;
1,86101E+18;Mon Nov 25 11:36:16 +0000 2024;0;Indomie newjeans yg merah ga enak;1,86101E+18;;;in;;0;0;0;https://x.com/undefined/status/1861011015498162513;1,35295E+18;
1,86083E+18;Sun Nov 24 23:27:42 +0000 2024;0;btw mau review deh aku indomie ramyun yang collab bareng newjeans yang warna birunya itu hampir sama kaya shin ramyun enak bgt jir cuman bedanya shin ramyun lebih berasa ajhhh;1,86083E+18;;;in;;1;5;0;https://x.com/undefined/status/1860827663017140699;1,51253E+18;
1,8607E+18;Sun Nov 24 15:04:17 +0000 2024;3;Ketagihan indomie newjeans help minggu ini aja udah 3 kali makan;1,8607E+18;;;in;;0;8;0;https://x.com/undefined/status/1860700976090607986;1,37437E+18;
1,86067E+18;Sun Nov 24 14:28:49 +0000 2024;0;@jonghowhiskers IH INI INDOMIE YG NEWJEANS KAN.?;1,86069E+18;;jonghowhiskers;in;;0;1;0;https://x.com/undefined/status/1860692051802894386;1,44067E+18;
1,86067E+18;Sun Nov 24 13:01:36 +0000 2024;0;ngakak bgt td ada iklan indomie trs si mami blg dek itu blackpink de trs si papi blg newjeans bener bener si papi chronically online;1,86067E+18;;;in;;0;0;0;https://x.com/undefined/status/1860670103324602853;1,4447E+18;
1,86E+18;Sun Nov 24 11:22:59 +0000 2024;0;@Indomielovers @NewJeans_ADOR min saya cari indomie rasa newjeans di indomart dan alfamart kok ga ketemu ya?;1,86065E+18;;Indomielovers;in;;0;0;0;https://x.com/undefined/status/1860645283895603640;1,13525E+18;
1,86022E+18;Sat Nov 23 07:02:21 +0000 2024;0;Yang korean menu collab sama newjeans atau premium udah 6rb-an btw Masih make sense lah harganya daripada samyang sebetulnya ya bun wkwk tapi asli.. indomie mie sedap dll udah nyentuh harga 3rb di supermarket tu kek hah? ;1,86022E+18;;;in;;0;0;0;https://x.com/undefined/status/1860217305961246950;1,02623E+18;
1,86013E+18;Sat Nov 23 01:26:05 +0000 2024;0;indomie ni totalitas banget jir dukung new jeans kata gue indofood lo bikin agensi/label aja buat newjeans di indonesia;1,86013E+18;;;in;;0;0;0;https://x.com/undefined/status/1860132682665202115;1,09099E+18;
1,86E+18;Fri Nov 22 16:44:12 +0000 2024;0;@Indomielovers @NewJeans_ADOR Makasih indomie ;1,86E+18;;Indomielovers;in;;0;0;0;https://x.com/undefined/status/1860001344586977725;1,55026E+18;
1,86E+18;Fri Nov 22 16:32:31 +0000 2024;3;@Indomielovers thankyou ya sudah full support newjeans ntar aku borong indomie https://t.co/9wHEa93BaD;1,86E+18;https://pbs.twimg.com/media/GdAKrgzaUAAuoR3.jpg;Indomielovers;in;;0;0;0;https://x.com/undefined/status/1859998403343851990;1,78207E+18;
1,86E+18;Fri Nov 22 16:28:38 +0000 2024;59;@Indomielovers @NewJeans_ADOR Emang bener nih sayang bngt Indomie Ama Newjeanskuhh bisa kali bawa ke indo️;1,86E+18;;Indomielovers;in;;0;1;0;https://x.com/undefined/status/1859997428667306482;1,36969E+18;
1,85998E+18;Fri Nov 22 15:12:16 +0000 2024;1;merayakan kemenangan newjeans di fan choice dengan dateng ke event indomie di mog malang https://t.co/UyagMN8iV5;1,85998E+18;https://pbs.twimg.com/media/Gc_4PmZaEAAjiUY.jpg;;in;;0;0;0;https://x.com/undefined/status/1859978208608989309;1,5463E+18;
1,85989E+18;Fri Nov 22 09:47:25 +0000 2024;0;@burvbery ydh ubi rebus smpe indomie newjeans;1,8599E+18;;burvbery;in;;0;1;0;https://x.com/undefined/status/1859896459803701674;1,42146E+18;
1,85983E+18;Fri Nov 22 05:09:02 +0000 2024;0;went to Oh My Good Mart Malang by @indomielovers today super FUN! beli mie dapet tas pvc terus masih dapet tas denim jugaaa #OhMyGoodItsIndomie #NewJeans @NewJeans_ADOR https://t.co/OSycMnC4QX;1,85983E+18;https://pbs.twimg.com/media/Gc9uQMkaAAE9Ekl.jpg;;in;;0;1;0;https://x.com/undefined/status/1859826402570498494;1,26769E+18;
1,85957E+18;Thu Nov 21 12:18:38 +0000 2024;0;Sehat² lambung ku. Nyobain indomie yg di iklan newjeans yg warna biru. ga pedas anjir. Ini ku tambahin saos. Soalnya cabe rawit ga ada di rumah https://t.co/3ILaGVziX6;1,85957E+18;https://pbs.twimg.com/media/Gc6G_nuaAAQUh4i.jpg;;in;;0;3;0;https://x.com/undefined/status/1859572126522782150;1,43016E+18;
1,8593E+18;Wed Nov 20 18:25:37 +0000 2024;0;pangsit gacoan udang keju gacoan indomie newjeans;1,8593E+18;;;in;;0;0;0;https://x.com/undefined/status/1859302091669532824;1,4138E+18;
1,8592E+18;Wed Nov 20 13:58:08 +0000 2024;0;@jetaimezoe_ Ya kannn kyk goib bgt Malah duluan indomie x newjeans yg muncul di indo alfa ;1,85923E+18;;jtaimezoe;in;;0;0;0;https://x.com/undefined/status/1859234778089963641;1,15693E+18;
1,85921E+18;Wed Nov 20 12:18:39 +0000 2024;0;indomie newjeans g dpt photocard kah;1,85921E+18;;;in;;0;0;0;https://x.com/undefined/status/1859209741299523708;1,12976E+18;
1,85914E+18;Wed Nov 20 07:37:22 +0000 2024;0;woy indomie newjeans ga enak emang paling bener 1. indomie original 2. indomie rendang 3. indomie soto;1,85914E+18;;;in;;0;0;0;https://x.com/undefined/status/1859138954609783008;1,68697E+18;
1,85908E+18;Wed Nov 20 03:35:38 +0000 2024;1;cobain indomie @Indomielovers newjeans yang katanya premium ith dengan sebiji odeng https://t.co/gOWlWiTMLk;1,85908E+18;https://pbs.twimg.com/media/GczFskEaIAAHYuM.jpg;;in;;0;1;0;https://x.com/undefined/status/1859078118423884109;1,41062E+18;
1,85905E+18;Wed Nov 20 01:53:59 +0000 2024;0;Akhirnya liat newjeans indomie di krl https://t.co/hayMovzteZ;1,85905E+18;https://pbs.twimg.com/media/GcyubU9a0AAEtHu.jpg;;in;;0;0;0;https://x.com/undefined/status/1859052538252980587;1,44979E+18;
1,8589E+18;Tue Nov 19 15:50:57 +0000 2024;0;Nolak makan malem karena pengen cobain indomie newjeans tapi ujung2nya makan pisang doang karena tidak yakin bisa menghabiskan 1 porsi mie ;1,8589E+18;;;in;;0;0;0;https://x.com/undefined/status/1858900781241692370;77705538;
1,85888E+18;Tue Nov 19 14:17:12 +0000 2024;0;Aku ada indomie newjeans kk mau liat egk Mau dong mana indominya? https://t.co/lkG7kYHmbA;1,85888E+18;;;in;;0;0;0;https://x.com/undefined/status/1858877187585147122;1,49278E+18;
1,85881E+18;Tue Nov 19 09:32:13 +0000 2024;0;ini caranya biar dapet newjeans di indomie gimana si?? aku ga dapet mulu anjir dari tadi ;1,85881E+18;;;in;;0;1;0;https://x.com/undefined/status/1858805470972326258;1,39756E+18;
1,8588E+18;Tue Nov 19 09:17:27 +0000 2024;0;@catzkang APAKAH mimpiku kini menjadi KENYATAAN...? AKU memenangkan GIVEAWAY dan akhirnya KEBERUNTUNGANKU terpakai karena aku TIDAK TAHU cara memakainya... ternyata INILAH JAWABAN TUHAN atas segala kesedihanku.. akhirnya aku bisa makan INDOMIE X NEWJEANS ;1,8588E+18;;catzkang;in;;0;0;0;https://x.com/undefined/status/1858801754902790560;3269921683;
1,85871E+18;Tue Nov 19 03:02:24 +0000 2024;0;lain macam newjeans collab dengan indomie;1,85871E+18;;;in;;0;0;0;https://x.com/undefined/status/1858707369829822945;1684943689;
1,85852E+18;Mon Nov 18 14:55:59 +0000 2024;0;@kangtypooo @ newjeans liat ini banis sampe ngestan indomie demi kalian;1,85852E+18;;kangtypooo;in;;0;1;0;https://x.com/undefined/status/1858524559122866217;1,36102E+18;
1,85851E+18;Mon Nov 18 14:16:49 +0000 2024;4;Happy banget ketemu Newjeans x Indomie di Stasiun UI pas mau nonton JGTC @NewJeans_ADOR @Indomielovers #OhMyGoodItsIndomie #IndomiexNewJeans #IndomieKoreanSeries https://t.co/4cMbThX6IZ;1,85851E+18;https://pbs.twimg.com/media/GcrFRLBbYAAPsdA.jpg;;in;;0;1;2;https://x.com/undefined/status/1858514704471351758;1,30361E+18;
1,85851E+18;Mon Nov 18 13:42:25 +0000 2024;0;Random browsing Indomie NewJeans terus nemu artikel yg isinya ternyata collab ini dipermasalahkan. Kesel banget pas baca artikelnya kita diremehin ini jatuhnya. Merasa superior banget mereka. https://t.co/A2a01EMLoo;1,85851E+18;https://pbs.twimg.com/media/Gcq9ZhpbgAABQZf.jpg;;in;;0;1;0;https://x.com/undefined/status/1858506047495000345;1,13807E+18;
1,85838E+18;Mon Nov 18 11:56:02 +0000 2024;1;@DaniManchild24 Indomie newjeans apaan lagi siihh ;1,85848E+18;;DaniManchild24;in;;0;1;0;https://x.com/undefined/status/1858479272798953513;107093212;
1,85838E+18;Mon Nov 18 05:54:43 +0000 2024;0;@dagang_rendang indomie newjeans lg promo kak di aeon tanjung barat;1,85839E+18;;dagang_rendang;in;;0;1;0;https://x.com/undefined/status/1858388347238178896;1,79639E+18;
1,85835E+18;Mon Nov 18 03:32:15 +0000 2024;0;[!!!] Nyanya mau indomie newjeans.;1,85835E+18;;;in;;0;0;0;https://x.com/undefined/status/1858352492679135402;8,89083E+17;
1,85778E+18;Mon Nov 18 00:38:14 +0000 2024;0;@what_isnormal_ @borabuchanesu @uyyuii_ Berita diredam Tokkis ya? Soal tokki sampai telpon LV/Dior kenapa kok idol mereka ditarik dari deal? Dijawab lho karena buat luxury brand Newjeans's itu Extended Ver. of 5050. Lagian kalau masih jadi luxury BA meman;1,85831E+18;;haerinjamet;in;;0;0;0;https://x.com/undefined/status/1858308699204530545;1,46686E+18;
1,85816E+18;Sun Nov 17 14:48:29 +0000 2024;0;habis makan indomie x newjeans enak by. aku suka yang spicy ramyeon ;1,85816E+18;;;in;;0;1;0;https://x.com/undefined/status/1858160286878122118;1,74584E+18;
1,85812E+18;Sun Nov 17 12:19:54 +0000 2024;0;Indomie yang rose newjeans lumayan enak;1,85812E+18;;;in;;0;0;0;https://x.com/undefined/status/1858122892267135307;2173878643;
1,85795E+18;Sun Nov 17 11:17:51 +0000 2024;0;@umvureon aku mau beli cimol bojot indomie baru yang ba-nya newjeans???;1,85811E+18;;;in;;0;0;0;https://x.com/undefined/status/1858107278857298362;1,68222E+18;
1,85784E+18;Sun Nov 17 04:24:13 +0000 2024;0;@Indomielovers @NewJeans_ADOR Tolong dong indomie yg varian K-Rose di stock lagi di indomart/alfamart saya udh cari dimana2 gak tersedia lg;1,858E+18;;Indomielovers;in;;0;0;0;https://x.com/undefined/status/1858003182892494962;239731541;
1,85784E+18;Sun Nov 17 03:39:37 +0000 2024;4;@newjeans_loop Kerja indomie lebih bagus dri hybe anj;1,85799E+18;;newjeans_loop;in;;0;0;0;https://x.com/undefined/status/1857991958347551006;1,16338E+18;
1,85784E+18;Sun Nov 17 03:32:30 +0000 2024;0;@Indomielovers @NewJeans_ADOR omgg indomie supporting NJ tysm️ lgsg borong mie ny nih NEWJEANS NEVER DIE #NEWJEANS #NewJeans10thDaesang;1,85799E+18;;Indomielovers;in;;0;0;0;https://x.com/undefined/status/1857990168554385472;1,65552E+18;
1,85784E+18;Sun Nov 17 03:15:49 +0000 2024;0;@Indomielovers @NewJeans_ADOR Masa di indomaret deket rumah gue belum ada yang bener aja di jkt pun gak rata lu naro indomie;1,85799E+18;;Indomielovers;in;;0;0;0;https://x.com/undefined/status/1857985971289235666;7,67196E+17;
1,85797E+18;Sun Nov 17 02:27:11 +0000 2024;0;Lebih sayang indomie ke newjeans drpd labelnya sendiri bjir;1,85797E+18;;;in;;0;0;0;https://x.com/undefined/status/1857973730691133733;1584738721;
1,85784E+18;Sun Nov 17 02:14:02 +0000 2024;0;@Indomielovers @NewJeans_ADOR Love ya Indomie;1,85797E+18;;Indomielovers;en;;0;0;0;https://x.com/undefined/status/1857970420286394481;242803443;
1,85796E+18;Sun Nov 17 01:18:53 +0000 2024;1;indomie aja ngucapin selamat. semua newjeans dirayakan;1,85796E+18;;;in;;0;0;0;https://x.com/undefined/status/1857956544169775212;1,47759E+18;
1,85795E+18;Sun Nov 17 00:37:47 +0000 2024;1;Indomie x newjeans. Mayan dpt tas pvc tp tinggal sisa warna oren:( masa 30k doang segini. Di sopi w liat 30k mienya doang 3 biji https://t.co/TtXntlBjXG;1,85795E+18;https://pbs.twimg.com/media/GcjAN4zbAAA9EqP.jpg;;in;;0;1;0;https://x.com/undefined/status/1857946200944828801;1,30285E+18;
1,85784E+18;Sat Nov 16 23:59:02 +0000 2024;0;@Indomielovers @NewJeans_ADOR Wih sampe indomie ngucapin BAnya;1,85794E+18;;Indomielovers;in;;0;0;0;https://x.com/undefined/status/1857936447149584474;1,42606E+18;
1,85784E+18;Sat Nov 16 22:41:15 +0000 2024;0;@Indomielovers @NewJeans_ADOR Min aku masi berharap fanmeet NJ as GB Indomie lohh;1,85792E+18;;Indomielovers;in;;0;0;0;https://x.com/undefined/status/1857916871926063172;1,28185E+18;
1,85784E+18;Sat Nov 16 18:01:16 +0000 2024;1;@Indomielovers @NewJeans_ADOR RESPECT MIN.. saatnya mkan indomie stiap hari untuk dpetin Haerin https://t.co/o2wT6n0thp;1,85785E+18;https://pbs.twimg.com/tweet_video_thumb/GchldOjaMAIsIus.jpg;Indomielovers;in;;0;0;0;https://x.com/undefined/status/1857846413956362703;2221162662;
1,85784E+18;Sat Nov 16 17:51:54 +0000 2024;7;@Indomielovers @NewJeans_ADOR INDOMIE SELERAKU~~~ https://t.co/TveLSMPyHb;1,85784E+18;https://pbs.twimg.com/tweet_video_thumb/GchjUgKbwAAvJRq.jpg;Indomielovers;in;;0;0;0;https://x.com/undefined/status/1857844056753320359;1,59704E+18;
1,85784E+18;Sat Nov 16 17:50:57 +0000 2024;2;Ekhem Indomie bisa kali bawa newjeans ke indo;1,85784E+18;;;in;;0;0;0;https://x.com/undefined/status/1857843816444895348;1,36969E+18;
1,85784E+18;Sat Nov 16 17:50:26 +0000 2024;10;@Indomielovers @NewJeans_ADOR AWWWW thank u Indomie MANG GA SALAH JADI MIE FAVORITKU;1,85784E+18;;Indomielovers;in;;0;0;0;https://x.com/undefined/status/1857843687935586539;1,36969E+18;
1,85782E+18;Sat Nov 16 17:42:50 +0000 2024;0;@briskhues @rivereigns @nonlejons @cerishekiss @miseamores @moonstoke Gak ada indomie newjeans adanya indomie fromis;1,85784E+18;;briskhues;in;;0;0;0;https://x.com/undefined/status/1857841771700695424;864588768;
1,85784E+18;Sat Nov 16 17:38:40 +0000 2024;1;@Indomielovers @NewJeans_ADOR MENYALA BANGET GA INDOMIE KITA INI;1,85784E+18;;Indomielovers;in;;0;0;0;https://x.com/undefined/status/1857840722889810249;1,63883E+18;
1,85784E+18;Sat Nov 16 17:38:31 +0000 2024;1;@Indomielovers @NewJeans_ADOR Thank you Indomie seleraku;1,85784E+18;;Indomielovers;in;;0;0;0;https://x.com/undefined/status/1857840687322157201;9,05348E+17;
1,85784E+18;Sat Nov 16 17:37:05 +0000 2024;0;@Indomielovers @NewJeans_ADOR YEYYYYY MAKASIII APREASIASI POSTNYA INDOMIE;1,85784E+18;;Indomielovers;in;;0;0;0;https://x.com/undefined/status/1857840324741398569;1,42987E+18;
1,85779E+18;Sat Nov 16 14:09:39 +0000 2024;0;abis makan indomie newjeans yang biru rasanya kayak ramyeon umumnya kayak gekikara shin ramyeon ansungtangmyun ya rasa-rasa pedes jamur gitu lah setipe rasanya;1,85779E+18;;;in;;0;0;0;https://x.com/undefined/status/1857788125357265382;2263890763;
1,85777E+18;Sat Nov 16 12:42:10 +0000 2024;0;ayo kita coba indomie newjeans yg ini https://t.co/ZlFL4WpsZs;1,85777E+18;https://pbs.twimg.com/media/GcgcbYfaEAAzQaT.jpg;;in;;1;6;0;https://x.com/undefined/status/1857766107907780794;51617330;
1,85775E+18;Sat Nov 16 11:33:15 +0000 2024;0;akhirnya ketemu indomie newjeans newjeans itu https://t.co/kGB6n4FKCA;1,85775E+18;https://pbs.twimg.com/media/GcgMpgGb0AA34TP.jpg;;in;;0;0;0;https://x.com/undefined/status/1857748766566264945;1,54866E+18;
1,85769E+18;Sat Nov 16 07:23:38 +0000 2024;1;mw cuba indomie newjeans yg pink nya gada bjir:( https://t.co/R2bRFYL4F2;1,85769E+18;https://pbs.twimg.com/media/GcfTfktaMAQOppx.jpg;;in;;0;0;0;https://x.com/undefined/status/1857685946969501735;1,67282E+18;
1,85767E+18;Sat Nov 16 06:39:14 +0000 2024;0;semua series indomie korea yg baru ya ada yg enak.. mff newjeans;1,85767E+18;;;in;;0;0;0;https://x.com/undefined/status/1857674775017173203;936394520;
1,8576E+18;Sat Nov 16 02:00:26 +0000 2024;0;@hafnni Udah sarapan dong tapi ga pakai indomie newjeans. Kamu udah belum?;1,8576E+18;;hhannipam;in;;0;1;0;https://x.com/undefined/status/1857604611147719022;7,658E+17;
1,85752E+18;Fri Nov 15 20:18:46 +0000 2024;0;harusnya w beli indomie newjeans sedus kali ya;1,85752E+18;;;in;;0;0;0;https://x.com/undefined/status/1857518628272496910;1,40457E+18;
1,85706E+18;Fri Nov 15 18:45:23 +0000 2024;13;@convomf the infamous indomie INDOmie brand nasionalis itu aja collab sama newjeans. knp seri jepang kmrn gak collab sama idol jepang juga sekalian wkwk bukannya drpd kobo sama ollie. menjual fandom itu namanya. padahal dah bagus brandingnya mie daerah yg;1,8575E+18;;convomf;in;;0;0;0;https://x.com/undefined/status/1857495125418717546;1,27373E+18;
1,85749E+18;Fri Nov 15 18:32:19 +0000 2024;1;Akhirnya dapet juga tas Indomie x Newjeans gratis pula. Cuma beli mie 20 pcs pake voucher 50k jadi cuma bayar 48k. Tapi dikasih warna oren gonjreng. Btw k-rosé &amp;;;;;;;;;;;
1,85745E+18;Fri Nov 15 16:03:24 +0000 2024;0;terpantau produk indonesia belum ada yang mendapuk dia jadi BA produk apa kira-kira ya? Indomie sekarang ada NewJeans Roma sama Azarine ada Lee Minho Mie Sedap ada (lupa namanya) susu ultra pasti dapuk idol apalagi ya? rata2 ngegaet idol sih Iklan tolak angin ok lah wooseok;1,85745E+18;;;in;;0;0;0;https://x.com/undefined/status/1857454360843960683;137984084;
1,85734E+18;Fri Nov 15 08:48:13 +0000 2024;1;*iklan Indomie NewJeans lewat* me : mau yg tengah.... bawain yg tengah adek : emang yg tengah cantik? *mta mlotot n mnatapmu tjam* me : cantik banget lah ganteng juga. adek : kok ganteng kan cewek. gtw aj lukh bocil org ganteng bgt bgini https://t.co/ZzTFahOtGM;1,85734E+18;https://pbs.twimg.com/media/GcadRFTb0AAIqKh.jpg;;in;;0;0;0;https://x.com/undefined/status/1857344844198477842;1,45946E+18;
1,85733E+18;Fri Nov 15 07:53:56 +0000 2024;0;Kasi liat yg terbaru aja deh brand sekelas indomie yg ga pernah pake BA karena udah laku keras aja ngegaet newjeans jadi GBA https://t.co/mr1BnTE6L5;1,85733E+18;;;in;;0;0;0;https://x.com/undefined/status/1857331185200042458;1,43076E+18;
1,8573E+18;Fri Nov 15 05:40:49 +0000 2024;0;Sebenarnya gw bingung ini NewJeans ada di di bawah ADOR dan mereka lagi berkonflik Nah yang bikin bingung tuh kalau ada proyek kontrak kerja sama kayak Indomie kemarin tuh lewat perantara atau gimana dah;1,8573E+18;;;in;;0;0;0;https://x.com/undefined/status/1857297684446511553;1,14768E+18;
1,85728E+18;Fri Nov 15 04:17:38 +0000 2024;0;iklan indomie newjeans tuh membernya gak makan indomienya ya;1,85728E+18;;;in;;0;0;0;https://x.com/undefined/status/1857276751698862452;582431369;
1,85726E+18;Fri Nov 15 02:57:32 +0000 2024;0;Iklan indomie nye newjeans ni dimakan jak endak mie nye. Entah niat ke endak die iklan tu;1,85726E+18;;;in;;0;0;0;https://x.com/undefined/status/1857256593928441999;1,06741E+18;
1,85716E+18;Thu Nov 14 20:17:59 +0000 2024;0;jujur indomie x newjeans enak wkwk tapi next keknya bumbunya aku pake cuman 1/2 ati ga 3/4 soalnya terlalu NAMPOL n agak asin n GUE KEPEDESAN (emang anak nya ga seberapa tahan pedes) https://t.co/30GUrQCBtY;1,85716E+18;https://pbs.twimg.com/media/GcXxkOXawAAfCDm.jpg;;in;;0;0;0;https://x.com/undefined/status/1857156042414846312;1,84285E+18;
1,85714E+18;Thu Nov 14 19:17:57 +0000 2024;1;Army gausah diajak makan Indomie. Kan Indomie pakek BA NewJeans. Hehe;1,85714E+18;;;in;;0;1;0;https://x.com/undefined/status/1857140935794344178;1,19009E+18;
1,85708E+18;Thu Nov 14 15:17:56 +0000 2024;0;Plz aku mau indomie x newjeans dah sampe kalimantan belom sihhh;1,85708E+18;;;in;;0;1;0;https://x.com/undefined/status/1857080533051752712;1,30679E+18;
1,85707E+18;Thu Nov 14 14:54:54 +0000 2024;0;Kenapa gak ada yg kasih tau kalo indomie newjeans yang biru pedes banget...;1,85707E+18;;;in;;0;0;0;https://x.com/undefined/status/1857074736955523172;1,8116E+18;
1,85707E+18;Thu Nov 14 14:54:31 +0000 2024;0;Baru sadar naik krl yang gerbongnya indomie newjeans https://t.co/pR9hZsHDl1;1,85707E+18;https://pbs.twimg.com/media/GcWnip0WUAAhYCs.jpg;;in;;0;0;0;https://x.com/undefined/status/1857074640436244768;69581816;
1,85707E+18;Thu Nov 14 14:47:02 +0000 2024;0;Nyari indomie x newjeans di minimarket variannya jarang lengkap ya udah beli bundle aja sekalian https://t.co/GUFNQdCJfv;1,85707E+18;https://pbs.twimg.com/media/GcWl07hWsAAS7ue.jpg;;in;;0;3;0;https://x.com/undefined/status/1857072755419554274;2458878492;
1,85706E+18;Thu Nov 14 14:04:52 +0000 2024;1;nyoba indomie yg collab ma newjeans enak tpi gk yg wow bgt cuman awal makan ga sepedes itu pas ampe akhir huha huha wkwkw https://t.co/I5OTUq4oT3;1,85706E+18;https://pbs.twimg.com/media/GcWcK1yWoAAgL0K.jpg;;in;;0;0;0;https://x.com/undefined/status/1857062142781907182;1,4303E+18;
1,85705E+18;Thu Nov 14 13:04:39 +0000 2024;0;hehehe makan indomie x newjeans spicy ramyeon (lagi) ;1,85705E+18;;;in;;0;0;0;https://x.com/undefined/status/1857046990489628887;1,56809E+18;
1,85701E+18;Thu Nov 14 10:31:53 +0000 2024;0;tiap iklan NewJeans Indomie lewat gweh : kim minji seleraku~~ mau yg tengah cil (manggil adek w) mau orangnya.... bawain yg tengah cil mau yg biru mau yg pink. ;1,85701E+18;;;in;;0;0;0;https://x.com/undefined/status/1857008545230737408;1,45946E+18;
1,85696E+18;Thu Nov 14 07:13:45 +0000 2024;1;Hihi habis beli ini sayangnya yg varian K-Rose gak ada versi pop mie-nya ya? Cuma satu yg versi biasa itu pun tadi gak ada juga pas aku lihat kayaknya habis Penasaran banget semoga cocok di lidah @Indomielovers #OhMyGoodItsIndomie https://t.co/sEhRIvT5ah;1,85696E+18;https://pbs.twimg.com/media/GcU-EwebkAIkX6k.jpg;;in;;2;3;1;https://x.com/undefined/status/1856958684276105244;1,39343E+18;
1,85694E+18;Thu Nov 14 06:18:10 +0000 2024;1;Kolab dengan NewJeans Indomie Picu Kontroversi di Korea Selatan https://t.co/QZIzw3mCB5;1,85694E+18;;;in;;0;0;0;https://x.com/undefined/status/1856944693915127934;8,47373E+17;
1,85694E+18;Thu Nov 14 05:56:23 +0000 2024;0;Enakkkkkk indomie newjeans yg rose;1,85694E+18;;;in;;0;1;0;https://x.com/undefined/status/1856939213872316505;8,83563E+17;
1,85693E+18;Thu Nov 14 05:21:17 +0000 2024;0;mau nyoba indomie newjeans;1,85693E+18;;;in;;1;4;0;https://x.com/undefined/status/1856930382060687364;1,34689E+18;
1,85346E+18;Thu Nov 14 04:31:24 +0000 2024;0;@hanwnni @hi HHAHAHA tapi ini halodeknya udah jadi inceran idol sekecamatan. Tapi bener juga mie nggak ada boomnya kok aman banget apalagi Indomie. Paling enak kalau lagi santai nggak ada yang bisa ngalahin rasa mi instan favorit. Btw indomie yg NewJeans ;1,85692E+18;;haocurn;in;;0;1;0;https://x.com/undefined/status/1856917828634578953;620735951;
1,85665E+18;Thu Nov 14 00:34:13 +0000 2024;1;@joshualeonheart Bayangkan saja indomie sebagai entitas tunggal saja sudah jadi fenomena global dipadukan dengan Newjeans niscaya APBN kita pasti berdaulat makan siang gratis tak perlu bantuan xi jinping;1,85686E+18;;joshualeonheart;in;;0;1;0;https://x.com/undefined/status/1856858136386441429;374390808;
1,85671E+18;Wed Nov 13 15:41:04 +0000 2024;0;@chilldulugaksie Udah liat blm yg mereka gedeg newjeans jadi BA glogal indomie? Wkwkwkw mana di KRL iklannya lg indomie eds newjeans;1,85672E+18;;chilldulugaksie;in;;0;0;0;https://x.com/undefined/status/1856723966355996922;1,6084E+18;
1,85614E+18;Tue Nov 12 00:55:22 +0000 2024;1;Itu yang submit gak pernah permasalahin mie sedap yang gaet siwon kah? Cuma newjeans doang nih yang dipermasalahin? Ribet banget indomie juga waktu keluarin series jepang orang jepang juga biasa aja ;1,85614E+18;;;in;;0;0;0;https://x.com/undefined/status/1856138682807529675;1,53663E+18;
1,85468E+18;Tue Nov 12 00:05:12 +0000 2024;0;@Haqniy @Haknipham kayanya aku bakalan coba jajan indomie yang banyak karena newjeans;1,85613E+18;;Haqniy;in;;0;0;0;https://x.com/undefined/status/1856126058854318213;8,61882E+17;
1,85593E+18;Mon Nov 11 18:32:21 +0000 2024;0;@catzkang @NewJeans_ADOR @Indomielovers yang biru! sebagai bunnies dan penonton konten kuliner aku udah nonton beberapa review soal #OhMyGoodItsIndomie series inj dan aku denger yang biru alias spicy ramyeon itu yang paling pedas. kebetulan aku pecinta pe;1,85604E+18;;catzkang;in;;0;0;0;https://x.com/undefined/status/1856042293897371704;1,81762E+18;
1,856E+18;Mon Nov 11 16:00:44 +0000 2024;1;hanni aslinya cenayang tau difoto ini dikasih liat kalo hanni kaget sampe nutup mulut tapi aslinya ga kaget soalnya moto sendiri artinya dia tau kalo bakal ada berita jelek bakal terjadi terus captionnya indomie seleraku berarti berita buruk tentang indomie newjeans https://t.co/yyqmkxCKuJ;1,856E+18;https://pbs.twimg.com/media/GcHZ7I3asAA5twk.jpg;;in;;1;1;1;https://x.com/undefined/status/1856004139257676092;1,11091E+18;
1,856E+18;Mon Nov 11 15:49:02 +0000 2024;9;namanya loh udah jelas indomie jadi ya dari indonesia wkwk ada-ada aja ini kalo urusan newjeans pasti salty;1,856E+18;;;in;;0;0;0;https://x.com/undefined/status/1856001194889724385;1,27256E+18;
1,85599E+18;Mon Nov 11 15:00:50 +0000 2024;0;Duh kok malah mencret anyingg padahal besok maw coba indomie newjeans ;1,85599E+18;;;in;;0;0;0;https://x.com/undefined/status/1855989066430648581;1,39594E+18;
1,85468E+18;Mon Nov 11 14:20:00 +0000 2024;0;@Haqniy @Haknipham Jadi pengen mam indomie sambil disuapin newjeans ;1,85598E+18;;Haqniy;in;;0;0;0;https://x.com/undefined/status/1855978791547638137;360620208;
1,85592E+18;Mon Nov 11 14:08:17 +0000 2024;0;@cilukbambi Tadi Indomie spicy ramyeon kepo rasa baru yg collab ama newjeans wkwk;1,85598E+18;;cilukbambi;in;;0;1;0;https://x.com/undefined/status/1855975839906877610;1,25392E+18;
1,85597E+18;Mon Nov 11 14:02:09 +0000 2024;0;indomie yg newjeans enak yg spicy ramenn mirip shin ramyeon versi jauh lebih murah;1,85597E+18;;;in;;0;0;0;https://x.com/undefined/status/1855974299007643667;1,56894E+18;
1,85593E+18;Mon Nov 11 11:43:27 +0000 2024;1;@catzkang @NewJeans_ADOR @Indomielovers K-ROSE bungkusnya lucu &amp;;;;;;;;;;;
1,85346E+18;Mon Nov 11 10:38:41 +0000 2024;0;@seungmtin @hi wahh nanti harus cobain Indomie newjeans yang baru yah kak! nanti aku kirim lewat kargo yaa;1,85592E+18;;seungmtin;in;;0;1;0;https://x.com/undefined/status/1855923092742426663;1555546770;
1,85586E+18;Mon Nov 11 06:34:11 +0000 2024;0;@NINGIExWAR cobain indomie newjeans : v;1,85586E+18;;JOCELlNE;in;;0;0;0;https://x.com/undefined/status/1855861564034945482;1,82518E+18;
1,85585E+18;Mon Nov 11 05:55:50 +0000 2024;0;aku baru nyobain indomie spicy ramyeon yg newjeans itu tapi ga spicy (soalnya bumbunya ga dimasukin smua) :V;1,85585E+18;;;in;;0;0;0;https://x.com/undefined/status/1855851911091765692;1,33331E+18;
1,85584E+18;Mon Nov 11 04:50:51 +0000 2024;0;newwiee and his newjeans pepero. jadi penasaran dia tau gak ya newjeans jadi BA indomie https://t.co/hzeOu43kuM;1,85584E+18;https://pbs.twimg.com/media/GcFAmUobMAAKoXS.jpg;;in;;0;0;0;https://x.com/undefined/status/1855835558896877981;9,2068E+17;
1,85259E+18;Mon Nov 11 04:28:25 +0000 2024;0;@hanmnipham Gue ultahnya 20 Oktober ih lu gak catet ya? Tapi sukses banget tuh gue liat liat dagangannya. Beli indomie bisa dapet tanda tangan Newjeans gak?;1,85583E+18;;kundx11;in;;0;1;0;https://x.com/undefined/status/1855829911505916131;1,04924E+18;
1,85582E+18;Mon Nov 11 04:07:30 +0000 2024;0;sumpah w tuh kek gamau ikut campur perkara army sama ngemtot itu tapi udah keterlaluan anjir perkara boycott newjeans sama boycott BA kayak........ emgnya yang dilist entuh beneran judge dan mocking kh ada juga yang enggak.... terus boycott NJ buat apa boycott indomie buat apa;1,85582E+18;;;in;;1;2;0;https://x.com/undefined/status/1855824649353142457;1,77893E+18;
1,85564E+18;Sun Nov 10 15:39:34 +0000 2024;0;Clue aktivitas newjeans kedepannya dr minji: - akhir taun bakal sibuk - kalo ketemu sapa2 lah bre Fix bakal ada Meet n Greet Indomie ini! ;1,85564E+18;;;in;;0;0;0;https://x.com/undefined/status/1855636424336523421;7,9478E+17;
1,85561E+18;Sun Nov 10 14:08:30 +0000 2024;0;Sisa 1 warna putih Indomie x newjeans Kalau besok mau cod boleh di aeon tanjung barat/gondangdia (jam set.5 sore) Co shopee : https://t.co/UiGbtubKa6 https://t.co/cOy4Z9NDTe;1,85561E+18;https://pbs.twimg.com/media/GcB2pFeaIAAGp4g.jpg;;in;;0;0;0;https://x.com/undefined/status/1855613508290793698;1,76507E+18;
1,85561E+18;Sun Nov 10 13:53:50 +0000 2024;0;indomie x newjeans yg spicy ramyeon gw bener2 ketagihan plsssss!! bahkan sampe ga pengen nyoba yg fiery apalah itu ;1,85561E+18;;;in;;0;0;0;https://x.com/undefined/status/1855609817043546514;1,56809E+18;
1,85561E+18;Sun Nov 10 13:52:26 +0000 2024;27;indomie seleraku! Danielle ya pacarku lah️ #OhMyGoodItsIndomie https://t.co/HNYGMF9txx;1,85561E+18;https://pbs.twimg.com/media/GcBy92UbkAAPw17.jpg;;in;;0;0;4;https://x.com/undefined/status/1855609464172552366;1,85073E+18;
1,85516E+18;Sat Nov 09 08:00:57 +0000 2024;0;@indofood @Indomielovers newjeans juga gamau makan indomie kalo gada bumbu min....;1,85516E+18;;junjunieseu;in;;0;0;0;https://x.com/undefined/status/1855158622701207763;1,4358E+18;
1,85515E+18;Sat Nov 09 07:16:18 +0000 2024;0;Berawal beli karena random nemu di tiptop. Beginilah reviewku as indomie stan ANJAAYYYY. At least coba sekali aja. Karena gue tetep stuck rasa original (goreng ayam special soto kari) #OhMyGoodItsIndomie #KoreanRamyeonSeries;1,85515E+18;;;in;;0;0;0;https://x.com/undefined/status/1855147387079344184;99141360;
1,85191E+18;Sat Nov 09 07:14:53 +0000 2024;0;UDAH COBA YANG K-ROSE!! Menurut gue ini sih yang best dan gong. Spicy creamynya oke ga bikin enek. Pas pas aja. Ga pedes bgt juga. Jadi makannya masih bisa enjoy #OhMyGoodItsIndomie #KoreanRamyeonSeries https://t.co/1EW7wbOIx7;1,85515E+18;https://pbs.twimg.com/media/Gb7OYcAbwAQ72So.jpg;murkleechan;in;;0;0;0;https://x.com/undefined/status/1855147028390850751;99141360;
1,85499E+18;Fri Nov 08 20:42:21 +0000 2024;0;3 AM and we can't sleep saatnya nyobain indomie newjeans. https://t.co/vXxhrFMzfU;1,85499E+18;https://pbs.twimg.com/media/Gb49m_MbwAAkaQx.jpg;;in;;0;1;0;https://x.com/undefined/status/1854987846085697857;1,37286E+18;
1,85454E+18;Fri Nov 08 15:55:25 +0000 2024;0;@eimminji Boleh feromon seblak ya kalau noona? Soalnya gue feromon indomie NewJeans warna biru. Sekaligus nih paket spesial dapat vaksin.;1,85492E+18;;lieesoI;in;;0;1;0;https://x.com/undefined/status/1854915638835466666;1,65373E+18;
1,85491E+18;Fri Nov 08 15:18:27 +0000 2024;3;ada yg blm kedapetan? Indomie X NewJeans https://t.co/HVf5EgE2aV;1,85491E+18;https://pbs.twimg.com/media/Gb3zeofbUAAVYww.jpg;;in;;1;6;0;https://x.com/undefined/status/1854906334174756903;1,79689E+18;
1,85489E+18;Fri Nov 08 14:14:47 +0000 2024;0;pengen indomie newjeans tp aku udh makan mie kemaren...;1,85489E+18;;;in;;0;1;0;https://x.com/undefined/status/1854890312600350909;1,62767E+18;
1,85489E+18;Fri Nov 08 14:04:07 +0000 2024;0;gue tdi mau beli indomie x newjeans tpi ga jdi karena mienya pada diremukin semua bjir kerjaan haters apa gmn dah;1,85489E+18;;;in;;0;0;0;https://x.com/undefined/status/1854887630078722256;2415174678;
1,85487E+18;Fri Nov 08 12:36:52 +0000 2024;7;ada kemungkinan Newjeans meet &amp;;;;;;;;;;;
1,85485E+18;Fri Nov 08 11:48:51 +0000 2024;0;Bjir.. takut klo chitato aja bisa buat mng svt di jkt berarti.. indomie sama newjeans bisa juga ya tuhan... aku siap sebulan bahkan sethun makan indomie kalau iya ;1,85485E+18;;;in;;0;0;0;https://x.com/undefined/status/1854853585718460855;8,94623E+17;
1,85485E+18;Fri Nov 08 11:16:30 +0000 2024;0;emg target marketing indomie dari dulu anak kos ditambah sekarang gba nya newjeans;1,85485E+18;;;in;;0;0;0;https://x.com/undefined/status/1854845447354900674;1,11091E+18;
1,85479E+18;Fri Nov 08 08:21:33 +0000 2024;0;Ada banget orang tiba tiba beli indomie x newjeans cuma karena ngincer keychain ;1,8548E+18;;pinkballey;in;;0;0;0;https://x.com/undefined/status/1854801417275687362;1,45504E+18;
1,85479E+18;Fri Nov 08 07:46:53 +0000 2024;0;Kapan lagi beli 3 mie indomie premium collection × newjeans cuman 1175 sudah termasuk admin Thank you @tokopedia untuk vouchernya ya Kalau bisa banyakin voucher lagi biar sering belanja https://t.co/eJ7fC1Rqce;1,85479E+18;https://pbs.twimg.com/media/Gb2LN_kbUAA_g-r.jpg;;in;;0;0;0;https://x.com/undefined/status/1854792693815427339;9,68483E+17;
1,85478E+18;Fri Nov 08 07:13:16 +0000 2024;0;Indomie newjeans bikin nagih;1,85478E+18;;;in;;0;1;0;https://x.com/undefined/status/1854784236852858975;75603965;
1,85478E+18;Fri Nov 08 07:01:08 +0000 2024;0;nyari indomie newjeans di supermarket belum ada taunya malah di minimarket ada :);1,85478E+18;;;in;;0;0;0;https://x.com/undefined/status/1854781180656099603;2306281604;
1,85005E+18;Fri Nov 08 02:51:41 +0000 2024;0;@minjwiz BENER BANGET indomie yang collab sama NewJeans itu yaa. Boleh kalo beli indomie varian itu langsung dapet album NewJeans? ;;;;;;;;;;;
1,85471E+18;Fri Nov 08 02:36:45 +0000 2024;0;Nyobain indomie baru yg BA nya newjeans https://t.co/3a0Ktj41VB;1,85471E+18;https://pbs.twimg.com/media/Gb1FJDQbwAEcZgv.jpg;;in;;0;0;0;https://x.com/undefined/status/1854714646571499612;1,41441E+18;
1,85471E+18;Fri Nov 08 02:28:58 +0000 2024;0;nah ya tadi pagi ketemu new jeans x indomie. keretanya juga dingin lagi #OhMyGoodItsIndomie https://t.co/hdG9cpDymP;1,85471E+18;https://pbs.twimg.com/media/Gb1DW8dacAAy2UI.jpg;;in;;1;1;0;https://x.com/undefined/status/1854712686598381600;370094403;
1,8547E+18;Fri Nov 08 01:39:29 +0000 2024;0;@Indomielovers jangan mau kalah yok bawa newjeans sm jkt48 ( kan jeketi pernah collabs sm indomie thn lalu jg) di 1 event ;1,8547E+18;;Indomielovers;in;;0;0;0;https://x.com/undefined/status/1854700236578701420;1,34049E+18;
1,85452E+18;Thu Nov 07 13:47:34 +0000 2024;0;repurchase indomie newjeans soalnya enyak https://t.co/G18TszOTpx;1,85452E+18;https://pbs.twimg.com/media/GbyVEwdbwAApP9R.jpg;;in;;0;0;0;https://x.com/undefined/status/1854521076220637298;1,61803E+18;
