"conversation_id_str","created_at","favorite_count","full_text","id_str","image_url","in_reply_to_screen_name","lang","location","quote_count","reply_count","retweet_count","tweet_url","user_id_str","username"
"1990533798606622892","Tue Nov 18 07:27:44 +0000 2025","0","@NamjoonUsa #RM #방탄소년단RM #BTSRM #Namjoon Namjooooonahhhhh","1990683325841936774","","NamjoonUsa","sl","","0","0","0","https://x.com/undefined/status/1990683325841936774","1388384931357724673",
"1990683286298144774","Tue Nov 18 07:27:35 +0000 2025","5","강(아지)태풍이 귀엽다 #이준호 #LEEJUNHO #강태풍 #태풍상사 #TyphoonFamily https://t.co/bq2DEEMgwn","1990683286298144774","https://pbs.twimg.com/media/G6BT5a7akAAvNl6.jpg","","ko","","1","0","0","https://x.com/undefined/status/1990683286298144774","1543965802973773826",
"1990683274788954439","Tue Nov 18 07:27:32 +0000 2025","2","NAVEEEEEEEEEEEEEEEEEEEEEEEEEEEEEEEEEEN https://t.co/mmcv4U172Q","1990683274788954439","https://pbs.twimg.com/media/G6BTy8XbMAMKitb.jpg","","nl","","0","0","0","https://x.com/undefined/status/1990683274788954439","485145009",
"1990683223500960181","Tue Nov 18 07:27:20 +0000 2025","0","TIM INI ENAK BGT WKWKW BACK TO BACK NYERANGNYA https://t.co/ahnRTyw9kP","1990683223500960181","https://pbs.twimg.com/media/G6BT1apbMAAo9Ot.jpg","","in","","0","1","0","https://x.com/undefined/status/1990683223500960181","1705910247452508160",
"1990683202546249851","Tue Nov 18 07:27:15 +0000 2025","0","เอนดูตี๋อ่ะะ ヽ(*´□`)ﾉﾞ คืออร่อยมั้ยนะ5555 https://t.co/bLy6fxvmtj","1990683202546249851","https://pbs.twimg.com/amplify_video_thumb/1990672963130331136/img/6i1k1rcFpCViQOB2.jpg","","th","","0","0","0","https://x.com/undefined/status/1990683202546249851","1487798371440295937",
"1990631047596273924","Tue Nov 18 07:27:04 +0000 2025","0","@iconsiam Thank you we love our happy couple can't wait to see the pretty photo shoot with #ZeeNuNew #ICONSIAM ​#ICONSIAMBangkokIllumination2025 #ICONSIAMCrafttheLight ​#ICONSIAMJoyconicDestination","1990683156568015175","","iconsiam","en","","0","0","0","https://x.com/undefined/status/1990683156568015175","1229131750414135300",
"1990678967657873809","Tue Nov 18 07:26:54 +0000 2025","0","@LESSERAFIM_FR @le_sserafim @IM_LESSERAFIM LE SSERAFIM TOKYO DOME ENCORE D-1 #EASY_CRAZY_HOT_ENCORE #EASY_CRAZY_HOT_ENCORE_TOKYODOME","1990683116243927286","","LESSERAFIM_FR","fr","","0","0","0","https://x.com/undefined/status/1990683116243927286","1282619605371027460",
"1990681174457659899","Tue Nov 18 07:26:53 +0000 2025","0","@yukihanalamy ラミィちゃん紹介ありがとね ユニーリア衣装も可愛いもんね これでどこでもラミィちゃんと一緒にお出かけ出来るね︎","1990683111794094416","","yukihanalamy","ja","","0","0","0","https://x.com/undefined/status/1990683111794094416","1566712348660088832",
"1990675281531769199","Tue Nov 18 07:26:46 +0000 2025","0","@jaomu_ohmpieng รอเรื่องใหม่ แบบผช.ทรงแบดกลับใจ ปรับปรุงตัวงี้","1990683083209912424","","jaomu_ohmpieng","th","","0","1","0","https://x.com/undefined/status/1990683083209912424","1192057670405984256",
"1990683062385234225","Tue Nov 18 07:26:41 +0000 2025","66","สิ่งศักดิ์สิทธิ์สิ่งศักดิ์สิทธิ์สิ่งศักดิ์สิทธิ์ ช่วยลูกด้วย ㅠㅠㅠㅠㅠㅠㅠㅠㅠㅠㅠㅠㅠㅠㅠㅠㅠㅠㅠㅠㅠㅠㅠㅠㅠㅠㅠㅠㅠㅠㅠㅠㅠㅠㅠㅠㅠㅠㅠㅠㅠㅠㅠㅠ https://t.co/tmbD7Nk5Ni","1990683062385234225","https://pbs.twimg.com/media/G6BTsDLbQAAedpC.jpg","","th","","0","0","70","https://x.com/undefined/status/1990683062385234225","786878276463538176",
"1990655133907378492","Tue Nov 18 07:26:30 +0000 2025","1","@yangjungwon_ina @ENHYPEN @ENHYPEN_members #ENHYPEN_JUNGWON #JUNGWON #엔하이픈_정원 #정원 @ENHYPEN @ENHYPEN_members https://t.co/sLcGJixAZ1","1990683013328613727","https://pbs.twimg.com/media/G6BTpUEbMAQqcuO.jpg","yangjungwon_ina","qme","","0","0","1","https://x.com/undefined/status/1990683013328613727","1523693188837707781",
"1990682907284041883","Tue Nov 18 07:26:04 +0000 2025","12","유진이 인스타 @ _yujin_an #IVE #아이브 #ANYUJIN #안유진 https://t.co/2GM6Xg6OQr","1990682907284041883","https://pbs.twimg.com/media/G6BTismbMAIGN-6.jpg","","ko","","0","1","9","https://x.com/undefined/status/1990682907284041883","1571556321539006464",
"1990682899386183878","Tue Nov 18 07:26:02 +0000 2025","1","Yoooohooooo! ","1990682899386183878","","","in","","0","0","0","https://x.com/undefined/status/1990682899386183878","795953168362258432",
"1990672484627292276","Tue Nov 18 07:25:56 +0000 2025","0","8. 귀여운 걸 상당히 좋아합니다 특히 포메라니안을 아주아주 좋아해서 종종 포메 영상이나 사진을 리트윗하곤 해요","1990682873603764710","","Cherry_Jamong","ko","","0","1","0","https://x.com/undefined/status/1990682873603764710","1010511162813775873",
"1990332415135633767","Tue Nov 18 07:25:51 +0000 2025","0","@yoikjja ㅋㅋㅋㅋㅋㅋㅋㅋㅋㅋㅋㅋㅋㅋㅋㅋㅋㅋㅋㅋㅋㅋㅋㅋㅋㅋㅋㅋㅋㅋㅋㅋㅋㅋㅋㅋㅋㅋㅋㅋㅋㅋㅋㅋㅋㅋㅋㅋㅋㅋㅋㅋㅋㅋ","1990682852699353436","","yoikjja","ko","","0","0","0","https://x.com/undefined/status/1990682852699353436","1222094627290796033",
"1990682809749655655","Tue Nov 18 07:25:41 +0000 2025","0","《#CIHSHOP 입고 소식》 #디지몬어드벤처 다양한 굿즈들이 입고되었습니다 ฅʕ ᗜ˂̵ʔฅ️ https://t.co/qRB67q60ak","1990682809749655655","https://pbs.twimg.com/media/G6BTdUeawAAE9Nn.jpg","","ko","","0","0","0","https://x.com/undefined/status/1990682809749655655","1097665609494491137",
"1990654066477895987","Tue Nov 18 07:25:39 +0000 2025","0","@su__piis リプライ失礼します。愛宕セミ希望しております。画像にご希望ございますでしょうか？ご検討よろしくお願いいたします‍️ https://t.co/AJqYH5yTQz","1990682799213547558","https://pbs.twimg.com/media/G6BTdFcaIAAcso2.jpg","su__piis","ja","","0","0","0","https://x.com/undefined/status/1990682799213547558","1441997968798666759",
"1990682779261284461","Tue Nov 18 07:25:34 +0000 2025","1","So many colors So many people to choose from to choose from you chose blue I choose you https://t.co/KI2r3ayMgn","1990682779261284461","https://pbs.twimg.com/media/G6BTboPbYAAUtGn.jpg","","en","","0","1","1","https://x.com/undefined/status/1990682779261284461","1635620992499474432",
"1990682776241385536","Tue Nov 18 07:25:33 +0000 2025","2","JENO 00/tokai/国内･海外コン⭕️ お友達ください or RTでおむかえ #シズニと繋がりたい #NCTZENと繋がりたい #nct好きな人と繋がりたい #NCTDREAM好きな人と繋がりたい #ドリショ https://t.co/Qk1O4OF1qU","1990682776241385536","https://pbs.twimg.com/media/G6BTbkqbUAArFxt.jpg","","ja","","0","0","0","https://x.com/undefined/status/1990682776241385536","1864501795575484416",
"1990677774001111079","Tue Nov 18 07:25:00 +0000 2025","0","@xxkoi_23 ㅅㅃㅋㅋㅋㅋㅋㅋㅋㅋㅋㅋㅋㅋㅋㅋㅋㅋㅋㅋㅋㅋㅋㅋㅋㅋㅋㅋㅋㅋㅋㅋㅋㅋㅋㅋㅋㅋㅋㅋㅋㅋㅋㅋㅋㅋㅋㅋㅋㅋㅋㅋㅋㅋ","1990682638835986565","","xxkoi_23","ko","","0","2","0","https://x.com/undefined/status/1990682638835986565","1588123791028150273",
"1990682601091399977","Tue Nov 18 07:24:51 +0000 2025","22","pertemananku: ⬛ ⬛ ⬛ ⬛ ⬛ ⬛ ⬛ ◼️ teman yang teman yang sekedar kenal teman banget","1990682601091399977","","","in","","0","18","0","https://x.com/undefined/status/1990682601091399977","1172012865961611269",
"1990602103522537921","Tue Nov 18 07:24:50 +0000 2025","0","@JUSTJUNGWONPH @ENHYPEN_members 3. HUNDRED BROKEN HEARTS #정원 #엔하이픈_정원 #양정원 #ENHYPEN_JUNGWON #JUNGWON @ENHYPEN_members https://t.co/uODXv8cqmX","1990682595328471118","https://pbs.twimg.com/media/G6BTRSkbMAES8lH.jpg","JUSTJUNGWONPH","en","","0","0","0","https://x.com/undefined/status/1990682595328471118","1431940503029919748",
"1990457735335604628","Tue Nov 18 07:24:49 +0000 2025","0","@ppikkitta_ 뾰따샘 감사해요( ⸝⸝⸝. .⸝⸝⸝ ) 오랜만에 열일했어요(〃⌒▽⌒〃)ゝ","1990682592350535817","","ppikkitta_","ko","","0","0","0","https://x.com/undefined/status/1990682592350535817","1895991422328979456",
"1990676348625428497","Tue Nov 18 07:24:46 +0000 2025","0","@FEARNOT_ID Ambiguous LE SSERAFIM TOKYO DOME ENCORE D-1 #EASY_CRAZY_HOT_ENCORE #EASY_CRAZY_HOT_ENCORE_TOKYODOME","1990682578962227280","","FEARNOT_ID","fr","","0","0","0","https://x.com/undefined/status/1990682578962227280","1693115320473616385",
"1990661361379242139","Tue Nov 18 07:24:41 +0000 2025","0","@LINEFRIENDSinfo #BT21 #SNOWMAN #LINEFRIENDS #LINEFRIENDSSQUARE #BLACKFRIDAY #라인프렌즈 #라인프렌즈스퀘어 #눈사람 #블랙프라이데이","1990682558586368364","","LINEFRIENDSinfo","qme","","0","0","0","https://x.com/undefined/status/1990682558586368364","1404410397701009409",
"1990682553435762855","Tue Nov 18 07:24:40 +0000 2025","1","#친해지고_싶다_rt_반모하고_싶다_마음_얘는_내_거야_인용_친해지고_싶은데_말을_못걸겠다_멘션_사랑해_디엠 느아아아아아아아아","1990682553435762855","","","ko","","0","0","1","https://x.com/undefined/status/1990682553435762855","1733501006972112896",
"1990682544283791403","Tue Nov 18 07:24:38 +0000 2025","1","️ ️: 아니 사쿠라 이거 하자니깐?? (선택권 있는) : 아니 안한다고!! (선택권 없는)","1990682544283791403","","","ko","","0","0","0","https://x.com/undefined/status/1990682544283791403","1802626719653974016",
"1990678746500845648","Tue Nov 18 07:24:32 +0000 2025","0","@Shirayukihina_ 와ㅠㅠㅠㅠ 히나 항상 생각해주고 열심히 커버곡 내줘서 진짜 너무 고마워요 노래 들을때마다 가슴이 벅차오르는 느낌이고 가끔 눈물도 나요 너무 좋아","1990682521907147249","","Shirayukihina_","ko","","0","0","0","https://x.com/undefined/status/1990682521907147249","1139477579000193024",
"1990362423094837281","Tue Nov 18 07:24:31 +0000 2025","0","@nikonikokokoko3 えー！！！そんな嬉しいこといぅてくれるんすか〜‼️‼️‼️‼️‼️ いつでも会います自分‼️‼️‼️‼️‼️ 行けます‼️‼️‼️‼️‼️","1990682514856554602","","nikonikokokoko3","ja","","0","0","0","https://x.com/undefined/status/1990682514856554602","1932461217085612032",
"1990682513539580120","Tue Nov 18 07:24:30 +0000 2025","0","ฝากเข้าไปกดไลค์ เม้น แชร์ โพสล่าสุดของแจมินด้วยนะคะะะ https://t.co/YjSFHJAI0Y","1990682513539580120","","","th","","0","0","0","https://x.com/undefined/status/1990682513539580120","1119998797226975232",
"1990666240734736852","Tue Nov 18 07:24:28 +0000 2025","0","@_summerz52_ LE SSERAFIM TOKYO DOME ENCORE D-1 #EASY_CRAZY_HOT_ENCORE #EASY_CRAZY_HOT_ENCORE_TOKYODOME","1990682504941142288","","_summerz52_","fr","","0","0","0","https://x.com/undefined/status/1990682504941142288","1505226388407668740",
"1990682481843183870","Tue Nov 18 07:24:23 +0000 2025","0","EKA NILA NAKAUSAD NA ETO BA YUNG TAO WHO MOVE ON","1990682481843183870","","","tl","","0","0","0","https://x.com/undefined/status/1990682481843183870","1338868692453494785",
"1990682478839992617","Tue Nov 18 07:24:22 +0000 2025","0","พี่ยอมแล้วมิ้นพี่ยอมแล้วทิ้งเสื้อได้แต่อย่าทิ้งพี่ https://t.co/ie2XjiEQI1","1990682478839992617","https://pbs.twimg.com/media/G6BTKMmbkAAS_w1.jpg","","th","","0","0","0","https://x.com/undefined/status/1990682478839992617","1419085556592517129",
"1990682451757445154","Tue Nov 18 07:24:16 +0000 2025","2","好きだこのやろ‼️‼️‼️‼️‼️‼️‼️‼️ 早く会いてぇよ‼️‼️‼️‼️‼️‼️‼️‼️ https://t.co/6CzEALeB8z","1990682451757445154","https://pbs.twimg.com/media/G6BTI-NaIAAnHW_.jpg","","ja","","0","0","0","https://x.com/undefined/status/1990682451757445154","1865328542277668864",
"1990682373055525012","Tue Nov 18 07:23:57 +0000 2025","13","⁉️⁉️⁉️⁉️⁉️私も好きだ＿＿ リスイン𝐓𝐡𝐚𝐧𝐤 𝐲𝐨𝐮. https://t.co/xHqLU4AHGH","1990682373055525012","https://pbs.twimg.com/media/G6BTEa1bMAAPina.jpg","","ja","","0","0","1","https://x.com/undefined/status/1990682373055525012","1904193649342312448",
"1990682370731851890","Tue Nov 18 07:23:56 +0000 2025","1","覚えてるよ 覚えてるよ Love ","1990682370731851890","","","ja","","0","0","0","https://x.com/undefined/status/1990682370731851890","1989214220861468676",
"1990682361554743744","Tue Nov 18 07:23:54 +0000 2025","41","⋰⋱⋰⋱⋰⋱⋰⋱⋰⋱⋰⋱⋰⋱ #IRIAMメンテ中のフォロー祭り にいざ出陣 ⋰⋱⋰⋱⋰⋱⋰⋱⋰⋱⋰⋱⋰⋱ メンテ遅刻常習犯 圧倒的全肯定 笑い方が 11/25からバナイベまだ最古参 https://t.co/16CZhlRH6T所属見習いクノイチ 全反応全力巡回 https://t.co/yHTTEVnsIV","1990682361554743744","https://pbs.twimg.com/media/G6BTDhfagAAYU6R.jpg","","ja","","2","0","6","https://x.com/undefined/status/1990682361554743744","1941858524004290560",
"1990682343431135720","Tue Nov 18 07:23:50 +0000 2025","3","ยอมแพ้ล้าววว หยองหล่อ EXPLORING WITH YIBO #WANGYIBOxETU2Premiere https://t.co/4A0LosVSx5","1990682343431135720","https://pbs.twimg.com/media/G6BTCq5bUAA3wa8.jpg","","und","","0","0","3","https://x.com/undefined/status/1990682343431135720","853465915161157633",
"1990682329363395036","Tue Nov 18 07:23:47 +0000 2025","6","하진짜이거ㄹㅇ이긔 건전한오프의뜻을모르시나욤?-? 한국어를모르시나욤?-? 사람이아니신가욤?-?","1990682329363395036","","","ko","","0","0","0","https://x.com/undefined/status/1990682329363395036","1973875913093001216",
"1990682315807469757","Tue Nov 18 07:23:43 +0000 2025","2","[18112025] Hyeri IG story update Foto 1 Selamat berlibur @.hourglasscosmetics Foto 2 @.hourglasscosmetics Sound Gallery by Dmitry Taras - Christmas Theme #Hyeri #LeeHyeri #혜리 #이혜리 https://t.co/v10fWeLCS9","1990682315807469757","https://pbs.twimg.com/media/G6BTApDaAAA0sjZ.jpg","","en","","0","0","1","https://x.com/undefined/status/1990682315807469757","1919435668616630272",
"1990682308836491641","Tue Nov 18 07:23:42 +0000 2025","0","2NE1 GIRLS' GENERATION AND NEWJEANS. ️️️","1990682308836491641","","","en","","0","0","0","https://x.com/undefined/status/1990682308836491641","939494660195495937",
"1990682306508697773","Tue Nov 18 07:23:41 +0000 2025","0","กุงงตัวเองว่ะ ฟังเพลงพังของอินดิโก้บิ้วอารมณ์เพราะจะเอามาตัดคลิป สรุปกุจะตัดถ้าเธอรักฉันจริงของทรีแมนดาวแทน จบ","1990682306508697773","","","th","","0","0","0","https://x.com/undefined/status/1990682306508697773","2749427892",
"1990682306080878779","Tue Nov 18 07:23:41 +0000 2025","0","揃った！！！3だからなのか回せば出てくれる感じなので周年とかも全部3にしてほしいよ https://t.co/TOczl6sBQB","1990682306080878779","https://pbs.twimg.com/media/G6BTAcWbAAAso3c.jpg","","ja","","0","0","0","https://x.com/undefined/status/1990682306080878779","541523942",
"1990680825936162948","Tue Nov 18 07:23:40 +0000 2025","0","@youngonedan meron meron meron meron meron meron meron meron meron meron meron meron meron meron meron meron meron meron meron meron meron","1990682303635595551","","youngonedan","es","","0","1","0","https://x.com/undefined/status/1990682303635595551","1941700927867781120",
"1990672903533449307","Tue Nov 18 07:23:40 +0000 2025","0","@nnnuuunnnnn Done tolong like back dan tonton sampai selesai ya kak makasih. https://t.co/l99abp5qkV","1990682303232946325","","nnnuuunnnnn","in","","0","0","0","https://x.com/undefined/status/1990682303232946325","1571872867264139264",
"1989936763897520212","Tue Nov 18 07:23:40 +0000 2025","1","@Inarinooinori 無言フォローすみません‍️ インスタもありがとうございます️ よろしくお願いします","1990682301177770352","","Inarinooinori","ja","","0","0","0","https://x.com/undefined/status/1990682301177770352","1866421632354639872",
"1989870845179916291","Tue Nov 18 07:23:40 +0000 2025","1","@HidefavoriteDH わぁいわぁい‼️顔文字もかわいい‼️(*/&gt;ω&lt;)/ (似てます‼️素敵です)","1990682300234018999","","HidefavoriteDH","ja","","0","0","0","https://x.com/undefined/status/1990682300234018999","1590952148879446017",
"1990663618120368147","Tue Nov 18 07:23:39 +0000 2025","0","@SUGAprojJPN39 우리 슈가~~️‍ WE LOVE YOU YOONGI WE ARE PROUD OF YOU YOONGI OUR LOTUS FLOWER MIN YOONGI #SUGA #슈가 #방탄소년단슈가 #BTSSUGA #シュガ #AgustD","1990682298669527382","","SUGAprojJPN39","en","","0","0","0","https://x.com/undefined/status/1990682298669527382","968103440684523526",
"1990620320215216292","Tue Nov 18 07:23:39 +0000 2025","0","@suppaidesuyo はじめまして、こんにちは。 お声がけ並びにプロカご確認ありがとうございます。 是非火神君5点お迎えいただけますと幸いです。 お取引の為、フォロー失礼してもよろしいでしょうか⋯？","1990682295804784985","","suppaidesuyo","ja","","0","0","0","https://x.com/undefined/status/1990682295804784985","1895644716475301888",
"1990682287684661466","Tue Nov 18 07:23:37 +0000 2025","0","#INI @official__INI #INI_THE_WINTER_MAGIC #INI_Present USEN 推し活リクエストでINIのPresentをリクエストしました！ https://t.co/SpYOFJe5rI #USEN推し活リクエスト #推しリク #INI https://t.co/eqDeUB9LV1","1990682287684661466","https://pbs.twimg.com/media/G6BS_R7bMAINlD_.jpg","","ja","","0","0","0","https://x.com/undefined/status/1990682287684661466","1424710250876207105",
"1990682287621722225","Tue Nov 18 07:23:37 +0000 2025","0","엔하이픈 ENHYPEN 항공편 정보 11월 한국 &lt;-&gt; 홍콩(마마) 0.2 12월 한국 &lt;-&gt; 일본(도쿄) 0.2 편도 0.1 일괄 0.4 https://t.co/tWnyUAhMEn 변동 시 공지 ⭕️ flight info","1990682287621722225","","","ko","","0","0","0","https://x.com/undefined/status/1990682287621722225","1459055250154070017",
"1990682284505378954","Tue Nov 18 07:23:36 +0000 2025","11","YIBO-OFFICIAL He is back ค่ะ ทุกคนนนนนนนนนน EXPLORING WITH YIBO #WANGYIBOxETU2Premiere https://t.co/GUtIaqa7bG","1990682284505378954","https://pbs.twimg.com/media/G6BS-vIbcAEEOxt.jpg","","en","","1","1","12","https://x.com/undefined/status/1990682284505378954","135854927",
"1990682280227189108","Tue Nov 18 07:23:35 +0000 2025","0","เยยยยย้ หาตั้งนานแงงงง EXPLORING WITH YIBO #WANGYIBOxETU2Premiere","1990682280227189108","","","und","","0","0","0","https://x.com/undefined/status/1990682280227189108","3225236412",
"1990682277874184249","Tue Nov 18 07:23:34 +0000 2025","0","変えたちゃむうんめい うんめい うんめいと言っているちゃむね その前にユザネを変えるべきだと思うちゃむよ、 https://t.co/HkF0TVbi2O","1990682277874184249","https://pbs.twimg.com/media/G6BS-yZbMAALnB-.jpg","","ja","","0","0","0","https://x.com/undefined/status/1990682277874184249","1884216600024473601",
"1990362552543711622","Tue Nov 18 07:23:34 +0000 2025","1","@Kim_Hyyeon ยินดีด้วยนะคะ ขอให้ chapter ต่อไปเต็มไปด้วยสิ่งดี ๆ และราบรื่นเสมอนะคะ ","1990682276527812887","","Kim_Hyyeon","th","","0","1","0","https://x.com/undefined/status/1990682276527812887","620963355",
"1990682275638292572","Tue Nov 18 07:23:34 +0000 2025","0","Kulikitakatí kulikitakatá Kulikitakatí kulikitakatá Sakalakatikitakatiki sakalakatikitakatiki Sakalakatikitakatiki sakalakatiki-taka","1990682275638292572","","","tl","","0","0","0","https://x.com/undefined/status/1990682275638292572","1029594664092004353",
"1990682274841706500","Tue Nov 18 07:23:34 +0000 2025","6","ห้ามมันออกนอกประเทศสิ ทำ อย่าพูด มันไม่ได้ทำแค่นี้นะ ไปตามดูด้วย https://t.co/3b5pRfIN6x","1990682274841706500","https://pbs.twimg.com/media/G6BS-EdbMAUCQIu.jpg","","th","","0","1","2","https://x.com/undefined/status/1990682274841706500","2564675461",
"1990521613578801339","Tue Nov 18 07:23:33 +0000 2025","0","@Dive045 こんにちは(｡ ́︿ ̀｡)️️ 3日ぶりの挨拶ですね 年末が近づいてくると仕事が忙しかったね️ 寒さに気をつけて頑張りましょう️ 火曜日の午後もよろしくね https://t.co/SAf9pzcSSp","1990682273851846736","https://pbs.twimg.com/media/G6BS7oobMAAesFP.jpg","Dive045","ja","","0","0","0","https://x.com/undefined/status/1990682273851846736","1447005063767998471",
"1990682272719384687","Tue Nov 18 07:23:33 +0000 2025","11","美しい３人を見て️ 美味しいものを食べ 甘いものも食べ とにかく笑って笑って楽しすぎ 楽しい幸せ時間をありがとう️️ https://t.co/Po6kJmAYrV","1990682272719384687","https://pbs.twimg.com/amplify_video_thumb/1990682164690907136/img/JKNAeL569nZRKmRZ.jpg","","ja","","0","0","0","https://x.com/undefined/status/1990682272719384687","2728432027",
"1990682266285253109","Tue Nov 18 07:23:32 +0000 2025","0","아크 포토 대면 영통 팬싸컷 1.5 Foreigner ⭕️ 마감까지 3번 변동 알려드리겠습니다 팬싸컷 https://t.co/nOPxsCnzQ8 양도 거래 교환 판매 포카 미공포 앨범 아크 ARrc 현민 끼엔 지우 지빈 리오토 도하 최한 https://t.co/ESGfZ0h7q8","1990682266285253109","https://pbs.twimg.com/media/G6BS977bMAMot_Y.jpg","","ko","","0","0","0","https://x.com/undefined/status/1990682266285253109","1633736027386040321",
"1983885094491418802","Thu Oct 30 13:13:59 +0000 2025","0","yushi bilang jangan buat masakan kaya dia ga rekomen katanya soalnya gaenak larangan adalah perintah yus jd sptnya besok aku buat kaya km tp pake indomie bukan ramyeon ehek ","1983885094491418802","","","in","","0","0","0","https://x.com/undefined/status/1983885094491418802","1039319041603559424",
"1983809233910124664","Thu Oct 30 08:12:33 +0000 2025","0","alternatif shin ramyeon apasih pengen bgt tapi mahal 5x indomie","1983809233910124664","","","in","","0","0","0","https://x.com/undefined/status/1983809233910124664","1709031386701758464",
"1983766805215899818","Thu Oct 30 05:23:57 +0000 2025","1","postcard indomie×newjeans gw jatuh sendiri tadi pagi pertanda apa ya pas liat berita NewJeans kalah nangis bgt anjglah https://t.co/AGNNsZHFfK","1983766805215899818","https://pbs.twimg.com/media/G4fBZW8a8AIu0ky.jpg","","in","","0","0","0","https://x.com/undefined/status/1983766805215899818","1243775622536544257",
"1983113899223462009","Tue Oct 28 10:09:32 +0000 2025","0","kyk jingle collab nya newjeans sm indomie","1983113899223462009","","","in","","0","0","0","https://x.com/undefined/status/1983113899223462009","841155607864328192",
"1982017778648256820","Sat Oct 25 15:10:50 +0000 2025","0","@ngalamfess Indomie spicy ramyeon tori kara mie sedap laksa","1982102558262034591","","ngalamfess","in","","0","0","0","https://x.com/undefined/status/1982102558262034591","2420237658",
"1982017778648256820","Sat Oct 25 13:06:02 +0000 2025","0","@ngalamfess Cakalang kuah Indomie Aceh Ayam special Sedap buldak Tori miso Spicy ramyeon Dan masih banyak lagi","1982071153259950545","","ngalamfess","in","","0","0","0","https://x.com/undefined/status/1982071153259950545","1761995768133767168",
"1981727753675092473","Fri Oct 24 14:22:10 +0000 2025","0","@blisslaceup Hai! Akunmu branding-nya kayak Casual K-Pop Foodie Vibes campuran antara penggemar NMIXX yang antusias curhatan random sehari-hari dan hint makanan pedas kayak Indomie ramyeon di bio. Rating: 8/10. Alasannya: Kontennya relatable dan fun banyak interaksi dengan","1981727922395451523","","blisslaceup","in","","0","1","0","https://x.com/undefined/status/1981727922395451523","1720665183188922368",
"1981645423015281148","Fri Oct 24 08:54:20 +0000 2025","0","indomie goreng seblak shin ramyeon","1981645423015281148","","","in","","0","0","0","https://x.com/undefined/status/1981645423015281148","1709031386701758464",
"1981297300225085551","Thu Oct 23 09:51:01 +0000 2025","4","Sesekali makan mie instan Erna sa buatin Indomie Spicy Ramyeon telur pokchoy dan ada tuna chunks buat proteinnya. Sa lbh rumit Indomie Tori Miso endog pokchoy lalu buat tumisan paha ayam pakai shoyu saus tiram garlic kecap ikan lada dan daun bawang Bon Appetit https://t.co/51jPnp2YBi","1981297300225085551","https://pbs.twimg.com/media/G377YckWgAApalw.jpg","","in","","0","1","0","https://x.com/undefined/status/1981297300225085551","77976639",
"1980584369074164103","Tue Oct 21 13:24:53 +0000 2025","1","@Void_Za_wizard Gabungan banyak hal Roti Dendeng cabe ijo Indomie spicy ramyeon Tong seng Es jeruk Es matcha","1980626346762990072","","Void_Za_wizard","in","","0","1","0","https://x.com/undefined/status/1980626346762990072","1545575117702545408",
"1980578605286535192","Tue Oct 21 10:20:42 +0000 2025","1","@FOOD_FESS Mie indomie × newjeans yang biru yg suka shin ramyun. Coba deh versi murahnya cuma rasanya lebih light dri shin ramyun https://t.co/0OX33HLg3p","1980579992842227719","https://pbs.twimg.com/media/G3xvAeIWMAA5pmW.jpg","FOOD_FESS","in","","0","1","0","https://x.com/undefined/status/1980579992842227719","1041485829770625024",
"1980184782404538551","Mon Oct 20 08:10:16 +0000 2025","0","Indomie tori kara sedaap laksa indomie ramyeon yg biru indomie ayam bawang (basic)","1980184782404538551","","","in","","0","0","0","https://x.com/undefined/status/1980184782404538551","1975723497612845064",
"1979899600942342175","Sun Oct 19 15:24:04 +0000 2025","0","@sbtgirlgroup unsealed postcard indomie x newjeans ada 2 set yap (7.000/set)","1979931561974796723","","sbtgirlgroup","in","","0","0","0","https://x.com/undefined/status/1979931561974796723","1675549593197768704",
"1979524079565852969","Sat Oct 18 12:24:53 +0000 2025","0","indomie spicy ramyeon. rasanya mirip shin ramyun versi low budget.","1979524079565852969","","","in","","0","0","0","https://x.com/undefined/status/1979524079565852969","948751498220994560",
"1979384866123976835","Sat Oct 18 03:11:41 +0000 2025","1","Sarapan Indomie spicy ramyeon enak kali ya https://t.co/OW2t2go9sE","1979384866123976835","https://pbs.twimg.com/media/G3gwC9RX0AAZ5px.jpg","","in","","0","0","0","https://x.com/undefined/status/1979384866123976835","1972159240312967172",
"1979192926719635753","Fri Oct 17 14:29:00 +0000 2025","0","pengen coklat almond beryls pengen ollate peach pengen mie instannya ramyeon carbonara bukan indomie gaada rasanya anj knp kalian jd mahal bgt seh waktu aku ngekost","1979192926719635753","","","in","","0","0","0","https://x.com/undefined/status/1979192926719635753","1342400334967148544",
"1979187389709873455","Fri Oct 17 14:06:59 +0000 2025","1","hi ada yang masih nyari postcard / photocard set newjeans x indomie yang ini kah? isinya utuh semua yaaa sealed 10k/ea unsealed 9k take all 25k only t. wts want to sell jual postcard newjeans ready kamar https://t.co/kbbQ00fUn2","1979187389709873455","https://pbs.twimg.com/media/G3d8b8eWwAEFuGC.jpg","","in","","0","0","1","https://x.com/undefined/status/1979187389709873455","1284831638",
"1979136696412229903","Fri Oct 17 10:45:33 +0000 2025","0","indomie spicy ramyeon enak bgt plissss","1979136696412229903","","","in","","0","1","0","https://x.com/undefined/status/1979136696412229903","1249863479076347904",
"1978892689467670957","Thu Oct 16 18:35:57 +0000 2025","0","kita bikin indomie ramyeon cintaku dulu agar tidak kelaparan","1978892689467670957","","","in","","0","0","0","https://x.com/undefined/status/1978892689467670957","1291414808693112833",
"1978740756857897140","Thu Oct 16 08:32:14 +0000 2025","0","1. Mie gacoan 2. Mie ayam bakso 3. Wow spaghetti carbonara 4. Gekikara Ramen 5. Indomie Soto 6. Sarimi Rendang 7. Mie Sedap Kari Ayam 8. Buldak Ramyeon 9. Pop Mie Baso 10. Mie Gelas Protevit","1978740756857897140","","","in","","0","0","0","https://x.com/undefined/status/1978740756857897140","1893106011894095875",
"1974083164214866101","Fri Oct 03 12:04:37 +0000 2025","0","Dah ah w pen mam shin ramyeon versi indomie + pake kimchi lalu minum obat dan bobo cefat","1974083164214866101","","","in","","0","0","0","https://x.com/undefined/status/1974083164214866101","82894862",
"1974061981280678311","Fri Oct 03 11:07:33 +0000 2025","0","@muncorner Yang murah indomie spicy ramyeon gekikara shin ramyum","1974068800762126597","","muncorner","in","","0","0","0","https://x.com/undefined/status/1974068800762126597","1727704259121278976",
"1955265550751310144","Fri Sep 26 16:16:20 +0000 2025","0","@Juyeonc asli aku mau berterima kasih juga pada pencipta mie.. indomie.. shin dan nongshim ramyeon.. u___u mereka penyelamatku. KWHEKWWK lucu banget tapi kadang ada jugaa yang sejarahnya tuh lucu :o ada cap badaknya ngga abang? coba dicek dulu","1971609795255062829","","Juxyeo","in","","0","0","0","https://x.com/undefined/status/1971609795255062829","2814607188",
"1971270746619150665","Thu Sep 25 17:49:05 +0000 2025","0","grgr gongk jd craving for korean ramyeon yg indomie it lho yg bungkus biru enak dan pedesnya pedes enak","1971270746619150665","","","in","","0","0","0","https://x.com/undefined/status/1971270746619150665","1931703365253423104",
"1970902624187912198","Wed Sep 24 17:26:17 +0000 2025","0","kari ayam sm yg indomie biru ramyeon korea itu jg enak","1970902624187912198","","","in","","0","0","0","https://x.com/undefined/status/1970902624187912198","1755971986076110848",
"1970379598631477510","Tue Sep 23 06:47:58 +0000 2025","0","Keinget pernah menang giveaway Indomie Newjeans. Menang 300k pas bgt ultah waktu itu wkwk. Meski gak banyak tapi w seneng bgt. Dimana Indomie gaet Newjeans sebagai bunnies ape gak seneng gueeehhh","1970379598631477510","","","in","","0","1","0","https://x.com/undefined/status/1970379598631477510","1556662683189260288",
"1970045766615130361","Mon Sep 22 08:41:27 +0000 2025","0","Suka Indomie tapi nggak semua varian rasa cocok di lidah ndesoku. Beda sama mie Sedaap. Semua varian rasa mie Sedaap aku suka. Nggak ada yang nggak cocok. Pernah nyoba Indomie K-Rose Spicy Ramyeon Tori Kara Takoyaki. Semuanya bikin hoek ...","1970045766615130361","","","in","","0","1","0","https://x.com/undefined/status/1970045766615130361","1966766193035141120",
"1969976301860905043","Mon Sep 22 04:05:25 +0000 2025","0","indomie ramyeon pink sangat tida cocok dilidah akuu","1969976301860905043","","","in","","0","0","0","https://x.com/undefined/status/1969976301860905043","1212280373305962501",
"1967924151634862248","Wed Sep 17 02:13:05 +0000 2025","0","@shypinklet Itu loh indomie yg collab sama newjeans","1968136092261265633","","shypinklet","in","","0","1","0","https://x.com/undefined/status/1968136092261265633","1749719584587075584",
"1967832952345419816","Tue Sep 16 06:08:31 +0000 2025","0","Shin ramyeon b aja gon nanti w kirimin indomie soto sama kari sepack","1967832952345419816","","","in","","0","1","0","https://x.com/undefined/status/1967832952345419816","1225959149114052608",
"1966843089537925310","Sun Sep 14 10:14:16 +0000 2025","0","@FOOD_FESS lagi suka popmie x indomie yang spicy ramyeon umami pedas gitu","1967170022146797907","","FOOD_FESS","in","","0","0","0","https://x.com/undefined/status/1967170022146797907","1164085395295854597",
"1966838459957735676","Sat Sep 13 12:16:45 +0000 2025","0","Indomie ramyeon biru telor keju kimchi ENAK BGT","1966838459957735676","","","in","","0","0","0","https://x.com/undefined/status/1966838459957735676","828975920",
"1966703171008340271","Sat Sep 13 03:19:10 +0000 2025","0","Kuah spicy ramyeon Indomie tuh bikin pengen soju","1966703171008340271","","","in","","0","0","0","https://x.com/undefined/status/1966703171008340271","77723090",
"1965950451364610379","Thu Sep 11 01:28:07 +0000 2025","3","Indomie ramyeon k rose rasanya gak semenggugah selera bungkusnya","1965950451364610379","","","in","","0","1","0","https://x.com/undefined/status/1965950451364610379","2728877532",
"1965789390988567009","Wed Sep 10 14:58:42 +0000 2025","0","@vichazkwkdjd tapi 1 bks shin ramyeon = 2 bks indomie tau","1965792052299632671","","vichazkwkdjd","in","","0","1","0","https://x.com/undefined/status/1965792052299632671","1259233548826865664",
"1965423584991728046","Tue Sep 09 14:34:33 +0000 2025","0","Baru nyoba indomie spicy ramyeon. Mayan enak juga next yang merah. https://t.co/4Ukg5wQZl0","1965423584991728046","https://pbs.twimg.com/media/G0aWVbRbQAARYBh.jpg","","in","","0","0","0","https://x.com/undefined/status/1965423584991728046","1852931647295164416",
"1965395000063336603","Tue Sep 09 14:25:04 +0000 2025","0","@heartforhyeon Indomie ramyeon enak deh cocok pas lagi hujan gini","1965421198822773120","","heartforhyeon","in","","0","1","0","https://x.com/undefined/status/1965421198822773120","1281940481589407747",
"1965004738526687491","Mon Sep 08 23:55:16 +0000 2025","0","@FOOD_FESS indomie ramyeon spicy indomie tori kara indomie seblak mie sedap laksa singapore sama indomie soto banjar top five akuu","1965202306141741356","","FOOD_FESS","in","","0","0","0","https://x.com/undefined/status/1965202306141741356","1448990293286477830",
"1965004738526687491","Mon Sep 08 11:25:26 +0000 2025","0","@FOOD_FESS lagi suka banget sama spicy ramyeon indomie","1965013607294681482","","FOOD_FESS","in","","0","0","0","https://x.com/undefined/status/1965013607294681482","758915641",
"1965004738526687491","Mon Sep 08 11:21:10 +0000 2025","0","@FOOD_FESS indomie ramyeon yg biru","1965012530377744633","","FOOD_FESS","in","","0","0","0","https://x.com/undefined/status/1965012530377744633","1890603947938942976",
"1964892203186270670","Mon Sep 08 03:24:04 +0000 2025","0","Ngelih cukkk ... tadi pagi kgk jadi sarapan soale indomie spicy ramyeon 'e pedes bgt njuk tak tinggal adus","1964892464357196286","","winazharxy","in","","0","0","0","https://x.com/undefined/status/1964892464357196286","1911380607180881920",
"1964668259741184149","Sun Sep 07 12:33:09 +0000 2025","0","kenapa indomie spicy ramyeon PEDES BANGET padahal looksnya kaya biasa aja ya ARGHHH","1964668259741184149","","","in","","0","0","0","https://x.com/undefined/status/1964668259741184149","1900199629939236865",
"1964662837890199927","Sun Sep 07 12:22:20 +0000 2025","0","@sfoHABIN Raka ngajakin indomie lu ngajak ramyeon. Ada ga ya?","1964665538157895719","","sfoHABIN","in","","0","1","0","https://x.com/undefined/status/1964665538157895719","1962350773683298304",
"1964135984791998733","Sat Sep 06 05:01:05 +0000 2025","0","@nomunemii jagoanku indomie kuah ramyeon yg biru","1964192107410694196","","nomunemii","in","","0","0","0","https://x.com/undefined/status/1964192107410694196","1291414808693112833",
"1962740432758038936","Thu Sep 04 12:08:25 +0000 2025","0","@youtngk @selfolx Biar yang namanya Younghyun nggak MIE TERUS. Emm maaf yah gak sedia mie lain selain buldak shin ramyeon chappagetti dan indomie. Tapi ya boleh kalau request mie sakura plus ongkir aja. BISA GAK MAKAN YANG LAINN Hyung?? Oh blur? Itu aku ngetik Brian Kang from toronOuWh.","1963574870236959183","","youtngk","in","","0","1","0","https://x.com/undefined/status/1963574870236959183","1953878958644375553",
"1963426455376773463","Thu Sep 04 02:18:40 +0000 2025","0","Aduh please indomie spicy ramyeon pake telur + enoki + bakso atau sosis.","1963426455376773463","","","in","","0","0","0","https://x.com/undefined/status/1963426455376773463","1921770704556765184",
"1963082059640926266","Wed Sep 03 15:54:53 +0000 2025","0","@FOOD_FESS UDAH TORI KKARA JUARANYA. SPICY RAMYEON SURPRISINGLY LEBIH ENAK POP MIE DARI PADA INDOMIE. TAPI GAADA YANG NGALAHIN TORI KARA NY LOVEEEE.","1963269475819741592","","FOOD_FESS","in","","0","0","0","https://x.com/undefined/status/1963269475819741592","1403983073075613703",
"1963082059640926266","Wed Sep 03 15:22:59 +0000 2025","4","@FOOD_FESS spicy ramyeon enak banget sumpah Aku gasuka mi instan apalagi yang kuah tapi Indomie spicy ramyeon enak banget aku bisa makan sampe tetes kuah terakhir ","1963261447536070824","","FOOD_FESS","in","","0","0","0","https://x.com/undefined/status/1963261447536070824","1297001065716387841",
"1963229754343203034","Wed Sep 03 13:17:03 +0000 2025","0","Tori kara soalnya suka yang pedes Tori miso eneg Spicy ramyeon blend ngambang bgt rasanya Buat yang goreng indomie goreng ori pemegang tahta tertinggi sii","1963229754343203034","","","in","","0","0","0","https://x.com/undefined/status/1963229754343203034","1267849202828144640",
"1963082059640926266","Wed Sep 03 12:44:48 +0000 2025","0","@FOOD_FESS Tori kara tori miso sama spicy ramyeon. Anjir yg ramyeon gara Heeseung gw ketagihan harusnya pake mie shin ramyun tp krna mahal gw pake indomie. Dan untungnya rasanya gk beda jauhh","1963221638776016930","","FOOD_FESS","in","","0","0","0","https://x.com/undefined/status/1963221638776016930","1349714849152995331",
"1963215365850439979","Wed Sep 03 12:19:52 +0000 2025","1","Indomie yang ramyeon chikin dan rose itu enak ga si apalagi yang rose aku pengen nyoba","1963215365850439979","","","in","","0","3","0","https://x.com/undefined/status/1963215365850439979","1738750425724248064",
"1962498865128710348","Mon Sep 01 12:52:45 +0000 2025","0","njf! hi bunnies apakah disini ada yg pernah screenshot postingan iklan indomie x newjeans? kalau ada yg punya boleh minta ga yaa? soalnya postingannya udah ga ada trimakasii sebelumnyaa","1962498865128710348","","","in","","0","0","0","https://x.com/undefined/status/1962498865128710348","1573968056245661696",
"1960562848154959910","Wed Aug 27 04:39:43 +0000 2025","0","Gua jarang makan siang tiba pengen mie karna liat orang mukbang dan akhirnya buat Indomie spicy ramyeon ternyata beneran pedes kirain boong","1960562848154959910","","","in","","0","1","0","https://x.com/undefined/status/1960562848154959910","1950415863007637504",
"1960519327796314207","Wed Aug 27 03:51:33 +0000 2025","0","@meowieppu @roblox_fess Tadi aku mampir ke menara Indomie x Newjeans","1960550727136489809","","meowieppu","in","","0","0","0","https://x.com/undefined/status/1960550727136489809","1015017858688942080",
"1949344668249940317","Tue Aug 26 12:18:24 +0000 2025","0","@seongminf abis masang susuk ya? ah yang bener kalau nemu gimana? beliin gua satu dus ramyeon ya? emang asw tapi gua ngga mau juga se OA sama nih bokem. ngga mau gua udah punya OA. lu mah indomie","1960315892056903977","","seongminf","in","","0","1","0","https://x.com/undefined/status/1960315892056903977","1120571547918356480",
"1959991886871158823","Mon Aug 25 14:50:55 +0000 2025","1","Indomie thankyou udah ciptain mie yang enak kayak spicy ramyeon ini mie nagih banget apalagi makan ditemani es teh dan tictac jadi salah satu rasa favorit selain rendang https://t.co/ubeKwfMZSw","1959991886871158823","https://pbs.twimg.com/media/GzNKOt0aMAA0DAI.jpg","","in","","0","0","0","https://x.com/undefined/status/1959991886871158823","1610194270996267015",
"1959863556083728573","Mon Aug 25 06:42:13 +0000 2025","0","@raabbilt Minat indomie newjeans ngidam dari kemarin","1959868902156210439","","raabbilt","in","","0","0","0","https://x.com/undefined/status/1959868902156210439","1613358697350311936",
"1959767413358252177","Sun Aug 24 23:58:56 +0000 2025","0","aku nyobain resep ramyeon mingyu tadi sore apa lidah aku yang kebiasaan makan micin indomie mie enak cuma kurang kuat rasanya maybe karena itu resep korea tapi overall enak awokaqoakqok kelihatannya kayak mie nyemek","1959767413358252177","","","in","","0","0","0","https://x.com/undefined/status/1959767413358252177","1675897211207692288",
"1958881262506049679","Fri Aug 22 13:17:41 +0000 2025","0","Indomie goreng spicy ramyeon pedes juga ia","1958881262506049679","","","in","","0","0","0","https://x.com/undefined/status/1958881262506049679","1367010631086301185",
"1958505782234042565","Fri Aug 22 12:25:33 +0000 2025","0","@urashnti @dubudubudibdub Sebelum beli mampir dulu kak ke kasir tanya stok Saya pas newjeans indomie bgitu","1958868141431562624","","urashnti","in","","0","0","0","https://x.com/undefined/status/1958868141431562624","273977169",
"1958715482670080233","Fri Aug 22 02:23:27 +0000 2025","0","@moonstars_night Ih aku juga tadi ke indomart masih belum ada si mbaknya malah nunjukin pc indomie newjeans udh punya kata aku teh","1958716619326419362","","moonstars_night","in","","0","1","0","https://x.com/undefined/status/1958716619326419362","1285362027544711168",
"1958128158827270654","Thu Aug 21 13:52:02 +0000 2025","0","@tanyakanrl mie sedaap ayam special sama indomie yang ramyeon yg biru","1958527515506680106","","tanyakanrl","in","","0","0","0","https://x.com/undefined/status/1958527515506680106","1456489867219652613",
"1958128158827270654","Thu Aug 21 05:53:46 +0000 2025","0","@tanyakanrl MIE SEDAP KOREAN SPICY SOUP INDOMIE TORI KARA INDOMIE SPICY RAMYEON","1958407156874744318","","tanyakanrl","in","","0","0","0","https://x.com/undefined/status/1958407156874744318","1494896122740948992",
"1958254910170161194","Wed Aug 20 19:48:47 +0000 2025","0","Skeptis tapi enak jg ramyeon indomie https://t.co/0KUZUUnG6s","1958254910170161194","https://pbs.twimg.com/media/Gy0ebceaoAAIjlK.jpg","","in","","0","0","0","https://x.com/undefined/status/1958254910170161194","1316784799269310464",
"1958128158827270654","Wed Aug 20 13:16:11 +0000 2025","0","@tanyakanrl Sedaap kari spesial sedaap soto indomie tori miso samaa shin ramyeon","1958156107857428821","","tanyakanrl","in","","0","0","0","https://x.com/undefined/status/1958156107857428821","1384721923305656322",
"1958128158827270654","Wed Aug 20 12:52:24 +0000 2025","0","@tanyakanrl Indomie tori kara sama Indomie spicy ramyeon udh no debat","1958150122992505295","","tanyakanrl","in","","0","0","0","https://x.com/undefined/status/1958150122992505295","1513026063634366469",
"1958128158827270654","Wed Aug 20 11:49:31 +0000 2025","0","@tanyakanrl Indomie premium collection newjeans yang varian spicy ramyeon aku ga abis makan mi kuah satu bungkus tapi kalo varian ini bisa aku makan sampe tetes kuah terakhir ️‍","1958134296897892703","","tanyakanrl","in","","0","0","0","https://x.com/undefined/status/1958134296897892703","1297001065716387841",
"1957727792453374228","Tue Aug 19 08:54:13 +0000 2025","0","indomie spicy ramyeon ngapa enak bgt yh https://t.co/Y2pdKgJpqi","1957727792453374228","https://pbs.twimg.com/media/Gys_DQhacAE4lmA.jpg","","in","","0","0","0","https://x.com/undefined/status/1957727792453374228","1374002859734274048",
"1956735421121278457","Sat Aug 16 15:10:53 +0000 2025","0","INDOMIE RAMYEON KOREA YG BUNGKUS BIRU PEDES BGT YA ALLAH","1956735421121278457","","","in","","1","0","0","https://x.com/undefined/status/1956735421121278457","1370042448311820293",
"1955133668680520136","Fri Aug 15 02:19:55 +0000 2025","0","@jaeykn semua buah juga harus habis gak sih kalau udah dipotong dan dimakan sama kita?! AKU JUGA SUKA RAMYEON TAPI VERSI LOKAL ALIAS INDOMIE. ","1956179014797885572","","jaeykn","in","","0","0","0","https://x.com/undefined/status/1956179014797885572","1143472885857603584",
"1955598495374803414","Wed Aug 13 11:53:09 +0000 2025","0","INDOMIE RAMYEON ENAK BANGET ACIKIWIR","1955598495374803414","","","in","","0","1","0","https://x.com/undefined/status/1955598495374803414","1740910742084448257",
"1955292481588957405","Tue Aug 12 15:37:09 +0000 2025","0","gambaran aku ketika menikah dengan heeseung. Bedanya gue indomie dia shin ramyeon https://t.co/OmoWa6KX2n","1955292481588957405","https://pbs.twimg.com/ext_tw_video_thumb/1954947621766017024/pu/img/4QqHOXXvwXzP0Sej.jpg","","in","","0","0","0","https://x.com/undefined/status/1955292481588957405","1108213984463749120",
"1954418489873383820","Mon Aug 11 10:16:37 +0000 2025","0","@es_twr Walau itu origin dari belanda kan bahan bakunya dah beda jg. Itu kan inspired by berarti dia terinspirasi menjadi resep baru. Itu kan kayak pembuatan mie originnya di china terus berubah jadi ramen (jepang) ramyeon (korea) indomie (indonesia)","1954849427300205049","","es_twr","in","","0","0","0","https://x.com/undefined/status/1954849427300205049","1091583301540696064",
"1954144105367556535","Sat Aug 09 16:37:41 +0000 2025","0","@_____bunno aku tteoknya pake ommason trs mie indomie hanguk ramyeon! tambahin kejunya aku pake prochiz :9","1954220549439148049","","_____bunno","in","","0","0","0","https://x.com/undefined/status/1954220549439148049","1211884847070760960",
"1954144105367556535","Sat Aug 09 16:35:32 +0000 2025","0","@Sarasnama GAMPAANGG. tumis bawang putih sampe wangi masukin air sampe agak mendidih. masukin tteok (aku pake ommason) sama ramyeon (aku pake indomie hanguk ramyeon). terus kurangin airnya sedikit masukin susu full cream. masukin bumbu tambahin sosis oregano sm keju mozza!!","1954220007245971915","","Sarasnama","in","","1","1","0","https://x.com/undefined/status/1954220007245971915","1211884847070760960",
"1953842315824390625","Fri Aug 08 15:34:43 +0000 2025","0","mootss mending masak indomie spicy ramyeon dulu atau tori miso dulu yaa? belum pernah coba 22nyaa","1953842315824390625","","","in","","0","2","0","https://x.com/undefined/status/1953842315824390625","1789541228201279488",
"1953350562357129537","Thu Aug 07 08:27:02 +0000 2025","0","Indomie Spicy Ramyeon - Mie lbh keriting &amp; tebel - Pedes tp g bgt (cabeny ngasi sendiri) - Kuahny kentel rasany kyk indomie ayam bawang tp versi pedes less asin agak ad hint rasa samyang stew - Sisa kuahnya dipakein nasi endul - Plg mending dibanding 2 rasa lainnya Score 6/10 https://t.co/s71IUogJH1","1953372299044004342","https://pbs.twimg.com/media/GxvFwNrb0AAXQkI.jpg","teronggholland","in","","0","1","0","https://x.com/undefined/status/1953372299044004342","1832349866598764544",
"1953350562357129537","Thu Aug 07 08:22:46 +0000 2025","0","Indomie Fiery Chikin (Korean Ramyeon) - Tekstur mie sama sausnya kek samyang - Rasanya mirip Mie Sedaap korean spicy chicken yg BAnya Siwon ntuh - Not bad tp not good jg ya okela - At least better dr yg rose ygy Score 5/10 https://t.co/nR8vPyhKtT","1953371225541038319","https://pbs.twimg.com/media/GxvExrgaQAAM0xe.jpg","teronggholland","in","","0","1","0","https://x.com/undefined/status/1953371225541038319","1832349866598764544",
"1953350562357129537","Thu Aug 07 08:20:59 +0000 2025","0","Indomie Rose (Korean Ramyeon) - Mie lbh keriting &amp; tebel - Rasanya.. gajelas susah dijelasin beneran absurd kek ada wangi gjls tp kek ada bau obat jg - Topping oden itu sebiji doang rill - Entah apa yg ad dipikiran pembuat indomie rose enih - Gaenak guys mff Score 2 5/10 https://t.co/nx1TT4Jqpt","1953370776138084633","https://pbs.twimg.com/media/GxvEXksawAQ_qyo.jpg","teronggholland","in","","0","1","0","https://x.com/undefined/status/1953370776138084633","1832349866598764544",
"1952352702417207721","Thu Aug 07 03:30:20 +0000 2025","0","@seongminf @_minanism Hawooo! Kalau aku sih yang berkuah yaa kayak indomie soto indomie kari ayam indomie ayam bawang bahkan indomie korea spicy ramyeon itu. Kamu suka mie gak?","1953297629582115162","","seongminf","in","","0","1","0","https://x.com/undefined/status/1953297629582115162","2467141352",
"1953128109663830481","Wed Aug 06 22:14:46 +0000 2025","0","@kdrama_menfess klo makan ramyeon bikin bengkak....klo makan indomie kagak...","1953218215469019507","","kdrama_menfess","in","","0","0","0","https://x.com/undefined/status/1953218215469019507","2516764844",
"1953010090744975623","Wed Aug 06 08:27:45 +0000 2025","0","indomie korean ramyeon yg dipromoin newjeans ga enak cok","1953010090744975623","","","in","","0","4","0","https://x.com/undefined/status/1953010090744975623","882505055441608704",
"1952449048344207747","Mon Aug 04 19:18:22 +0000 2025","0","Grgr nonton drakor ada scene mam ramyeon jadi ingin mie rebus terakhir hamba mam indomie tu 6 juli.. uda sebulan lalu Besok ah order indomie KALO MIE AYAM GAUSA DITANYA YH HAMPIR TIAP HARI AK NGEDET AMA MIE AYAM NI HATI KALO DIBONGKAR ISINYA TU MIE AYAM sama jackson wang https://t.co/a5NOoF7pCn","1952449048344207747","https://pbs.twimg.com/media/Gxh-EBcbEAAteRa.jpg","","in","","1","3","0","https://x.com/undefined/status/1952449048344207747","1604766209383497729",
"1951999794261512394","Sun Aug 03 14:27:29 +0000 2025","0","@beomtiyu Iyaa anjir padahal yj doyan ramyeon kok bisa ga ketampung ya gw makan indomie setengah aja dah kayak orang hamil bentukannya ","1952013456816931195","","beomtiyu","in","","0","1","0","https://x.com/undefined/status/1952013456816931195","1166145618923753472",
"1951463258755571729","Sun Aug 03 14:27:03 +0000 2025","0","@simjaske @ENHYPEN Kenapa kok harus ramyeon abang? Aku lebih suka indomie gimana? Indomie original adalah jalan ninjaku.","1952013348897472558","","simjaske","in","","0","0","0","https://x.com/undefined/status/1952013348897472558","180702331",
"1951463258755571729","Sun Aug 03 04:30:20 +0000 2025","0","@simjaske Paling suka sama ramyeon yang dibeliin temen (bercanda). Suka Indomie ya. Kamu tim Indomie atau Sedap?","1951863180784816281","","simjaske","in","","0","0","0","https://x.com/undefined/status/1951863180784816281","879364806",
"1951463258755571729","Sat Aug 02 11:21:21 +0000 2025","0","@simjaske @ENHYPEN ramyeon andalan gw.. INDOMIE.... ️","1951604225848574267","","simjaske","in","","0","1","0","https://x.com/undefined/status/1951604225848574267","370173373",
"1951600273019080993","Sat Aug 02 11:05:38 +0000 2025","0","abis makan indomie satu pake nasi begah bgt langsung mikir KOK BISA TZUYANG MAKAN RAMYEON BERBUNGKUS2......","1951600273019080993","","","in","","0","0","0","https://x.com/undefined/status/1951600273019080993","1138235409350111233",
"1951530911750824062","Sat Aug 02 06:35:57 +0000 2025","0","@imnotYRJ Hi kok jago sih guys... 1. Merch AOS biar lu suka aja dan nonton sesuai dengan clue souls yang gue kasih ^^ 2. Indomie spicy ramyeon khas mie indo x korea enak guys sluuurp 3. Buat bumil Enjoy and be happy! https://t.co/L2Ebjdj5CI","1951532403354378717","https://pbs.twimg.com/media/GxU8YPtbAAAaMH-.jpg","SHEILspark","in","","0","1","0","https://x.com/undefined/status/1951532403354378717","1876855184",
"1950890032962682977","Thu Jul 31 12:03:24 +0000 2025","2","Dikira di yg tmpt newjeans x indomie kmrn... Ternyata di bawah euy ramenya kek apeu ini","1950890032962682977","","","in","","0","0","0","https://x.com/undefined/status/1950890032962682977","1340489955311677440",
"1950224763101585863","Wed Jul 30 10:34:55 +0000 2025","0","@yappingfess Indomie kari indomie spicy ramyeon indomie cabe ijo sedap geprek sedap ayam jerit","1950505377440969206","","yappingfess","in","","0","0","0","https://x.com/undefined/status/1950505377440969206","1800444492929232896",
"1950224157079130388","Tue Jul 29 15:57:27 +0000 2025","0","Rona kamu coba yang indomie korean ramyeon fiery chicken juga ga yang bungkus merah?? Soalnya aku suka yang itu dari pada y OOHH! aku pernah coba itu tapi karena udah lamaaa banget jadi lupa rasanya. cuman seingetku nggak ada impression pedes deh. https://t.co/xr9kgT0eE4","1950224157079130388","","","in","","0","0","0","https://x.com/undefined/status/1950224157079130388","1636228125364215811",
"1950139925686325504","Tue Jul 29 10:22:44 +0000 2025","0","Oh My Good! It's INDOMIE x NewJeans Exclusive mini postcard set Semoga cepet kelar ya dik adik terus comeback #NewJeans #NJZ #indomie https://t.co/JwfyPc96LS","1950139925686325504","https://pbs.twimg.com/media/GxBJ60ObUAIA_Qi.jpg","","in","","0","0","0","https://x.com/undefined/status/1950139925686325504","1244588323084972033",
"1950109934739169582","Tue Jul 29 08:23:34 +0000 2025","0","indomie newjeans masih ada gasih","1950109934739169582","","","in","","0","1","0","https://x.com/undefined/status/1950109934739169582","1946795618732806145",
"1949891897209868339","Mon Jul 28 18:51:37 +0000 2025","0","@pinktarbery indomie ramyeon suka tp brokolinya huekk","1949905602928386175","","pinktarbery","in","","0","1","0","https://x.com/undefined/status/1949905602928386175","1655441275578089472",
"1949680031610921264","Mon Jul 28 03:55:17 +0000 2025","0","ada yang jual tas indomie x newjeans ini gak yaa? https://t.co/RZrrPnO22g","1949680031610921264","https://pbs.twimg.com/media/Gw6nppxbcAE4AoU.jpg","","in","","0","1","0","https://x.com/undefined/status/1949680031610921264","1310474589638520840",
"1949125182515556509","Sat Jul 26 15:17:53 +0000 2025","0","@renrkaji 1. Indomie goreng 2. Spicy ramyeon 3. Cabe ijo 4. Kari ayam 5. Ayam bawang","1949127036863234558","","renrkaji","in","","0","0","0","https://x.com/undefined/status/1949127036863234558","1920700505770405888",
"1949098319181152436","Sat Jul 26 13:23:46 +0000 2025","0","Gak afdol soalbya gak ada mie ayam indomie goreng mie goreng Eh tapi Young K kalo ngelihat ini sih langsung makan ramyeon 6 bungkus sih...","1949098319181152436","","","in","","0","0","0","https://x.com/undefined/status/1949098319181152436","53892005",
"1948984174368686486","Sat Jul 26 10:01:12 +0000 2025","0","@wardenight Indomie goreng rendang mie goreng Aceh Shin ramyeon","1949047342843277328","","wardenight","in","","0","1","0","https://x.com/undefined/status/1949047342843277328","863638505741631488",
"1949018346432635058","Sat Jul 26 08:05:59 +0000 2025","0","baru nyobain indomie korean spicy ramyeon ternyata enak sebenernya udh lama beli tapi baru sempet masak (ini juga karena mepet exp ) menurutku rasanya mirip shin ramyun versi lebih hemat budget","1949018346432635058","","","in","","0","0","0","https://x.com/undefined/status/1949018346432635058","1183707400273977344",
"1948991068990833136","Sat Jul 26 06:33:05 +0000 2025","5","@dan__tae makasih ph lagunya enak dan masuk playlistku shoutout to mamang kesbor jg sih our versatile king bisa buat jingle indomie newjeans to serious unserious hyperdut gini ","1948994966320980031","","dan__tae","in","","0","0","0","https://x.com/undefined/status/1948994966320980031","896056821999222784",
"1948741484544409695","Fri Jul 25 13:45:50 +0000 2025","0","Ngeliat jaemin makan ramyeon jadi mau... Apa bikin aja ya tapi dari Indomie Aceh hmzzz enak kayaknya","1948741484544409695","","","in","","1","0","0","https://x.com/undefined/status/1948741484544409695","1555121625753722880",
"1948307374965436622","Thu Jul 24 09:00:50 +0000 2025","0","wonu kamu suka makan buldak ramyeon kl kamu orang indo pasti makannya indomie goreng rendang jumbo yah wonu elefyu loh","1948307374965436622","","","in","","0","2","0","https://x.com/undefined/status/1948307374965436622","1881716242794610688",
"1948263135925915879","Thu Jul 24 06:06:06 +0000 2025","0","terakhir makan mie tgl 8 juli he he mantapppp mau indomie jumbo atau shin ramyeon biar kenyang","1948263400728940710","","liruepie_","in","","0","0","0","https://x.com/undefined/status/1948263400728940710","954587131409661953",
"1948186275237994922","Thu Jul 24 00:59:59 +0000 2025","0","mardial kan yang sama newjeans indomie juga.","1948186362865504478","","FulgentStar","in","","0","1","0","https://x.com/undefined/status/1948186362865504478","763943496923308032",
"1947293714021323100","Mon Jul 21 13:52:55 +0000 2025","0","indomie spicy ramyeon bungkus biru lebih enak yg versi cup ternyata. lebih berasa jamur nya kl yg dirwbus dlu dominan manis pedesnya pun kurang","1947293714021323100","","","in","","0","0","0","https://x.com/undefined/status/1947293714021323100","981687544952705024",
"1947212407929209248","Mon Jul 21 08:29:50 +0000 2025","0","Indomie ramyeon yg biru pedes bgt jir tapi pedesnya gaenak wkwkw","1947212407929209248","","","in","","0","1","0","https://x.com/undefined/status/1947212407929209248","1856580203763642369",
"1938659027057287361","Sun Jul 20 21:25:36 +0000 2025","1","@callmeyexia @GoodDayID biasanya suprise pc tuh terakhiran gasih nder? kaya aespa tango sama newjeans indomie","1947045249475571963","","callmeyexia","in","","0","0","0","https://x.com/undefined/status/1947045249475571963","1427610755608707073",
"1946808485049761947","Sun Jul 20 14:30:12 +0000 2025","0","@cornerhunter_ Wkwk sorry bro gue analisis ulang postmu lebih dalam. Revisi lagi top 15 fokus yg sering lu mention: JKT48 LE SSERAFIM (Sakura bias) aespa (Giselle) NewJeans (collab Indomie). 1. JKT48 - Ngidol lokal sering bahas. 2. LE SSERAFIM - Stan Sakura. 3. aespa - Mention Giselle.","1946940712219746774","","cornerhunter_","in","","0","0","0","https://x.com/undefined/status/1946940712219746774","1720665183188922368",
"1946369077649567833","Sat Jul 19 00:38:44 +0000 2025","0","Egg cloud ramyeon Heeseung ternyata emang enak ya yg bikin enak egg cloud nya. Kyknya mulai skrg tiap gw bikin mie telornya pake cara egg cloud deh tp mie-nya ganti indomie","1946369077649567833","","","in","","0","0","0","https://x.com/undefined/status/1946369077649567833","1092654756416221184",
"1946227044867768808","Fri Jul 18 15:14:21 +0000 2025","0","kalo kuah pop mie ramyeon biru kalo goreng indomie ayam geprek","1946227044867768808","","","in","","0","0","0","https://x.com/undefined/status/1946227044867768808","1214860114387058688",
"1945845996052734452","Thu Jul 17 14:00:12 +0000 2025","0","Makan Indomie afdolnya dengan NewJeans https://t.co/84xdtWo3xF","1945845996052734452","","","in","","0","0","0","https://x.com/undefined/status/1945845996052734452","1920050387471802368",
"1945830839922958712","Thu Jul 17 12:59:58 +0000 2025","0","kalo makan indomie spicy ramyeon pake nasi agak sungkan ke newjeans","1945830839922958712","","","in","","0","0","0","https://x.com/undefined/status/1945830839922958712","883205056870334465",
"1945781186393174520","Thu Jul 17 10:02:19 +0000 2025","0","@maxgnumm @jungkubk Ramyeon kurang mas coba mas tawarin adek indomie ayam geprek adek langsung ngibrit masuk rumah mas","1945786133746798910","","maxgnumm","in","","0","1","0","https://x.com/undefined/status/1945786133746798910","3009000445",
"1945440836189098368","Wed Jul 16 15:47:46 +0000 2025","0","@tanyarlfes gw pernahh... dirumah gw tinggal sisa indomie korean ramyeon yg biru padahal gw maunya yg yg tori merah trus kata mak gw enakan yg mana gw bilang enakan tori merah dan kmrn gw dibeliin 10 bungkus indomie tori merah buat gw sendiri.....","1945510679743742216","","tanyarlfes","in","","0","0","0","https://x.com/undefined/status/1945510679743742216","1806328088604938240",
"1945174413860651267","Tue Jul 15 17:31:34 +0000 2025","0","indomie yang spicy ramyeon beneran pedes yh... aku sampe nangis sedikit","1945174413860651267","","","in","","0","0","0","https://x.com/undefined/status/1945174413860651267","1842861957470371840",
"1945077391077875771","Tue Jul 15 11:06:02 +0000 2025","0","I SAW INDOMIE in Xiumin's ramyeon store omg ada Indonesia","1945077391077875771","","","in","","0","0","0","https://x.com/undefined/status/1945077391077875771","1101850058893348865",
"1945054011109073086","Tue Jul 15 09:33:08 +0000 2025","1","want to sell wts indomie varian hype abis isi 5pcs tas pvc (dari prj) Avail: 55rb ️ bisa oren ️ excl adm t. jastip prj tas indomie popmie newjeans pvc https://t.co/kRcmDfJyBJ","1945054011109073086","https://pbs.twimg.com/media/Gv44ULmaoAAF18O.jpg","","in","","0","0","0","https://x.com/undefined/status/1945054011109073086","882120827541397504",
"1944768017675817364","Mon Jul 14 14:36:42 +0000 2025","0","gue pesen ramyeon kan 19k expectation gue ya seenggaknya ya mienya beda kali ya... eh ini mah indomie kari anjir PADAHAL KALO INDOMIE HARGANYA CUMA 6K https://t.co/HAPqnjzLat","1944768017675817364","https://pbs.twimg.com/media/Gv00M8jbEAAm34w.jpg","","in","","1","3","0","https://x.com/undefined/status/1944768017675817364","1224603066256654336",
"1944729560760959065","Mon Jul 14 12:03:53 +0000 2025","4","njf! titipan hai bunnies bole minta waktunya utk bantu isi kuisioner skripsi aku gaa yaa? topiknya content marketing Indomie x NewJeans pada minat beli Korean Ramyeon Series. Terimakasii banyaak yaa https://t.co/l5tj8jiBsu","1944729560760959065","","","in","","0","0","3","https://x.com/undefined/status/1944729560760959065","1573968056245661696",
"1940736995258736896","Thu Jul 03 11:38:51 +0000 2025","0","WTS NewJeans Mini Postcard (Indomie Ver.) Kondisi: Baru (sealed) Versi: Indomie Collab Harga: 18k + packaging Lokasi: Depok kirim via ekspedisi Minat? DM #wts #newjeans #indomie #indomienewjeans #newjeans #wts https://t.co/v4dxCNXlv7","1940736995258736896","https://pbs.twimg.com/media/Gu7h_c0awAAXq9e.jpg","","in","","0","0","0","https://x.com/undefined/status/1940736995258736896","803856872776364032",
"1940375358261584059","Wed Jul 02 11:41:50 +0000 2025","78","njf! haloo bunnies aku boleh minta tolong bantu isi kuesioner aku ga yaaa? skripsi aku bahas tentang pengaruh newjeans sebagai BA Indomie nihh. buat pertanyaan awal jawab ya aja yaa biar bisa lanjut ke pertanyaan selanjutnya. maaciii banyak https://t.co/pfT5EYKSdR https://t.co/ziyF9cBXMq","1940375358261584059","https://pbs.twimg.com/media/Gu2ZF5VWwAAs5Lo.jpg","","in","","2","18","29","https://x.com/undefined/status/1940375358261584059","1573968056245661696",
"1939960444816400576","Tue Jul 01 08:13:07 +0000 2025","1","indomie spicy ramyeon pedes bgt faaaak. ini lebih pedes dari gekikara ramen. rasanya sih mirip2. tapi pedesnya pedesan ini. sampe ingusan idungku. kalo gekikara ramen pedesnya di ending aja https://t.co/ize2Fh1bSe","1939960444816400576","https://pbs.twimg.com/media/Guwfu5DXYAA0OH5.jpg","","in","","0","3","0","https://x.com/undefined/status/1939960444816400576","1261208276873568259",
"1939889692033568933","Tue Jul 01 03:31:58 +0000 2025","1","Pepero indomie dulu di kota gue yang terbilang kecil juga ada muka newjeans terpampang di banner mcd","1939889692033568933","","","in","","0","0","0","https://x.com/undefined/status/1939889692033568933","1816065522020278273",
"1939683538057773087","Mon Jun 30 13:52:47 +0000 2025","1","Aku pengen makan indomie goreng jdnya setelah liat iklan indomie bareng newjeans. Tp td siang baru makan mie pecel HIDEANDSIS FIRST EP #HideAndSisEP1","1939683538057773087","","","in","","0","0","1","https://x.com/undefined/status/1939683538057773087","1248463299710038018",
"1939659408398794765","Mon Jun 30 12:16:54 +0000 2025","5","bro belum liat billboard newjeans indomie yang mukanya segede gaban di kabupaten","1939659408398794765","","","in","","0","0","0","https://x.com/undefined/status/1939659408398794765","1110907761494097920",
"1939551109728567491","Mon Jun 30 05:06:34 +0000 2025","0","jujur after tastenya indomie rose ramyeon itu gak cocok bgt di lidah gw....","1939551109728567491","","","in","","0","0","0","https://x.com/undefined/status/1939551109728567491","1729516467509702656",
"1938596565775737195","Sat Jun 28 04:18:50 +0000 2025","0","@prayuyal Iyaa ya lg hiatus itu eh mereka kalah di pengadilan ya huhu bner2 ni hybe. Aku ga pernah merhatiin iklan indomie newjeans sih tp barangnya kan masih dijual kalo ga salah si hehe","1938814321590706573","","prayuyal","in","","0","0","0","https://x.com/undefined/status/1938814321590706573","120101857",
"1938792163501846694","Sat Jun 28 02:56:53 +0000 2025","0","@ngalamfess indomie spicy ramyeon! bumbunya dulu nanti lek wes agak blebek-blebek masuk telur diaduk biar pecah terakhir mienya. enaak pol!!!","1938793699863076981","","ngalamfess","in","","0","0","0","https://x.com/undefined/status/1938793699863076981","1095944686236196869",
"1938622106776027161","Fri Jun 27 15:35:02 +0000 2025","0","Mending masak ramyeon/Indomie ya‍️","1938622106776027161","","","in","","0","2","0","https://x.com/undefined/status/1938622106776027161","1491023803035848709",
"1938441121006485906","Fri Jun 27 05:35:50 +0000 2025","0","@notCarasuma Aku pernah coba ramyeon tapi gak inget merk apa dan menurutku indomie mie aceh masih lebih pedes ","1938471310226821420","","notCarasuma","in","","0","0","0","https://x.com/undefined/status/1938471310226821420","1184452881673408512",
"1938234084922429886","Thu Jun 26 13:53:11 +0000 2025","0","Indomie ramyeon yg biru enak bgt ","1938234084922429886","","","in","","0","0","0","https://x.com/undefined/status/1938234084922429886","1927286637043552256",
"1937935143756566958","Wed Jun 25 18:05:18 +0000 2025","0","sumpaaa indomie ramyeon yg varian Minjii enak bgttt jadi kepo yg varian Hanni yang Danielle gaenak skip https://t.co/Xz2wHgAV8W","1937935143756566958","https://pbs.twimg.com/media/GuTtvVCbEAEvVVS.jpg","","in","","0","0","0","https://x.com/undefined/status/1937935143756566958","1529836336135385088",
"1937847664131100796","Wed Jun 25 12:17:41 +0000 2025","0","1. Indomie soto special 2. Indomie goreng 3. Indomie ramyeon yg biru 4. Samyang carbonara 5. Mie sedaap kari special","1937847664131100796","","","in","","0","0","0","https://x.com/undefined/status/1937847664131100796","204256340",
"1937790816522776646","Wed Jun 25 10:03:10 +0000 2025","0","@justfor_gyu Makan indomie spicy ramyeon pake telor + keju no debat","1937813814185255321","","justfor_gyu","in","","0","0","0","https://x.com/undefined/status/1937813814185255321","1826096653348253700",
"1937794084187594849","Wed Jun 25 08:44:46 +0000 2025","0","tiap iklan indomie x newjeans lewat di tv atau yt kiamat mundur sehari","1937794084187594849","","","in","","0","0","0","https://x.com/undefined/status/1937794084187594849","1033235378331742208",
"1937557874391286062","Tue Jun 24 17:06:09 +0000 2025","0","makan indomie sambil nangis krn tanggal tua dan keinget newjeans","1937557874391286062","","","in","","0","0","0","https://x.com/undefined/status/1937557874391286062","3011699600",
"1937516936088408228","Tue Jun 24 14:23:29 +0000 2025","0","aku cinta indomie korea spicy ramyeon","1937516936088408228","","","in","","0","1","0","https://x.com/undefined/status/1937516936088408228","1841504020822896640",
"1936796853225537665","Sun Jun 22 14:45:14 +0000 2025","0","@matapandaan pake indomie kuah juga enak bngt ((gasuka ramyeon))","1936797632187572381","","matapandaan","in","","0","2","0","https://x.com/undefined/status/1936797632187572381","1413091139326930944",
"1936746094702334222","Sun Jun 22 11:39:11 +0000 2025","0","@coupsbongie Indomie korean series yg spicy ramyeon","1936750811281052147","","coupsbongie","in","","0","1","0","https://x.com/undefined/status/1936750811281052147","1157189221498548224",
"1936280737726316840","Sat Jun 21 04:31:16 +0000 2025","0","sumpah lucu bangettt papaku tanda danielle newjeans gara-gara iklan indomie ","1936280737726316840","","","in","","0","1","0","https://x.com/undefined/status/1936280737726316840","1241234655501635585",
"1936270697845997847","Sat Jun 21 03:51:23 +0000 2025","0","hii indomie lovers~ *WTS SPESIAL PROMO* yg masih ready: indomie soto koya dower indomie soto koya nagih indomie goreng indomie korean series ~ spicy ramyeon ~ fiery chikin harga start 3k an yaa free delivery area tembalang min order 15k pengiriman senin https://t.co/l78jMHGozb","1936270697845997847","https://pbs.twimg.com/media/Gt8D8DnXgAA9p1w.jpg","","in","","0","0","0","https://x.com/undefined/status/1936270697845997847","1876157257324572672",
"1936132963122790543","Fri Jun 20 18:44:04 +0000 2025","0","Indomie spicy ramyeon sm tori kara enakan mana yah","1936132963122790543","","","in","","0","1","0","https://x.com/undefined/status/1936132963122790543","1061414309933150209",
"1935938778855883049","Fri Jun 20 05:52:27 +0000 2025","0","cita cita gw nikah sama indomie spicy ramyeon","1935938778855883049","","","in","","0","0","0","https://x.com/undefined/status/1935938778855883049","1584126075491450880",
"1935895380517953638","Fri Jun 20 03:53:25 +0000 2025","0","@undipmfs hii indomie lovers~ *WTS SPESIAL PROMO* yg masih ready: indomie soto koya dower indomie soto koya nagih indomie goreng indomie korean series ~ spicy ramyeon ~ fiery chikin harga start 3k an yaa free delivery area tembalang min order 15k pengiriman senin https://t.co/IE5xq80Sjx","1935908823191240810","https://pbs.twimg.com/media/Gt26zv_WoAAbx7x.jpg","undipmfs","in","","0","0","0","https://x.com/undefined/status/1935908823191240810","1876157257324572672",
"1935908399394570611","Fri Jun 20 03:51:44 +0000 2025","0","hii indomie lovers~ *WTS SPESIAL PROMO* yg masih ready: indomie soto koya dower indomie soto koya nagih indomie goreng indomie korean series ~ spicy ramyeon ~ fiery chikin harga start 3k an yaa free delivery area tembalang min order 15k pengiriman senin https://t.co/gY17vXZ60p","1935908399394570611","https://pbs.twimg.com/media/Gt26bC7XMAAzgia.jpg","","in","","0","0","0","https://x.com/undefined/status/1935908399394570611","1876157257324572672",
"1935716173762679244","Thu Jun 19 15:07:54 +0000 2025","1","Ceritanya habis belanja bulanan pas bayar dikasih postcard newjeans pdhl gue beli indomie nya bukan korean edition. Mana warna framenya carat coded bgt ntar aku mau print postcard seventeen ahh trus pajang di situ xixi sementara pake foto dede2 newjeans dulu https://t.co/rvTnSqmzfu","1935716173762679244","https://pbs.twimg.com/media/Gt0LkzlWsAAivBM.jpg","","in","","0","1","0","https://x.com/undefined/status/1935716173762679244","1265282788715970561",
"1935547579108130927","Thu Jun 19 03:57:58 +0000 2025","0","hii indomie lovers~ *WTS SPESIAL PROMO* yg masih ready: indomie soto koya dower indomie soto koya nagih indomie goreng indomie korean series ~ spicy ramyeon ~ fiery chikin harga start 3k an yaa exp sampai 2026 free delivery area tembalang min order 15k https://t.co/C7a4WZYI0C","1935547579108130927","https://pbs.twimg.com/media/GtxyRBmaAAAeU1t.jpg","","in","","0","0","0","https://x.com/undefined/status/1935547579108130927","1876157257324572672",
"1935210087452393837","Wed Jun 18 05:36:53 +0000 2025","0","indomie ayam bawang mi sedap white curry wonhae cheese ramyeon","1935210087452393837","","","in","","0","0","0","https://x.com/undefined/status/1935210087452393837","1254598887026769920",
"1935174539631362082","Wed Jun 18 03:15:38 +0000 2025","0","hii indomie lovers~ *WTS SPESIAL PROMO* yg masih ready: indomie soto indomie goreng indomie korean series ~ spicy ramyeon ~ fiery chikin harga start 3k an yaa exp sampai 2026 baru banget dateng dari pabrik nii free delivery area tembalang min order 15k https://t.co/rdJElYz4Y1","1935174539631362082","https://pbs.twimg.com/media/Gtse-6faYAANYM3.jpg","","in","","0","0","0","https://x.com/undefined/status/1935174539631362082","1876157257324572672",
"1935170604589801544","Wed Jun 18 03:11:29 +0000 2025","0","@undipmfs hii indomie lovers~ *WTS SPESIAL PROMO* yg masih ready: indomie soto indomie goreng indomie korean series ~ spicy ramyeon ~ fiery chikin harga start 3k an yaa exp sampai 2026 baru banget dateng dari pabrik nii free delivery area tembalang min order 15k https://t.co/Uo5SP74TjP","1935173492984660220","https://pbs.twimg.com/media/GtseCAnaQAA_-nX.jpg","undipmfs","in","","0","0","0","https://x.com/undefined/status/1935173492984660220","1876157257324572672",
"1935018932903063778","Wed Jun 18 01:39:06 +0000 2025","0","@undipmfs hii indomie lovers~ *WTS SPESIAL PROMO* yg masih ready: indomie soto indomie goreng indomie korean series ~ spicy ramyeon ~ fiery chikin harga start 3k an yaa exp sampai 2026 free delivery area tembalang min order 15k pengirimannya mulai besok kamis https://t.co/WdSLIk2jED","1935150243785617581","https://pbs.twimg.com/media/GtsI4kNaEAAdHqG.jpg","undipmfs","in","","0","0","0","https://x.com/undefined/status/1935150243785617581","1876157257324572672",
"1933566731798393220","Mon Jun 16 03:44:37 +0000 2025","0","@aaleshals Halo Kak untuk Indomie Korean Ramyeon Series varian K-Rose memang tidak ada minyaknya Jadi yang Kakak miliki sudah sesuai ya. Jika menginginkan yang ada minyaknya Kakak bisa mencoba varian Fiery Chikin ","1934457055584370952","","aaleshals","in","","0","0","0","https://x.com/undefined/status/1934457055584370952","284428760",
"1933938348693086594","Sun Jun 15 12:59:29 +0000 2025","0","@FFOODFESS Shin ramyeon indomie yg baru yg ramyeon itu juga enak","1934234306408517637","","FFOODFESS","in","","0","0","0","https://x.com/undefined/status/1934234306408517637","1160288978",
"1934229926963757503","Sun Jun 15 12:42:05 +0000 2025","0","Top five never kill yourself meals: - ayam geprek - toge goreng - indomie x new jeans spicy ramyeon - mie ayam (esp. buatan mama n ayah) - nasi goreng seafood ","1934229926963757503","","","in","","1","0","0","https://x.com/undefined/status/1934229926963757503","1781824496015720448",
"1934227680687518092","Sun Jun 15 12:33:09 +0000 2025","0","indomie spicy ramyeon + keju https://t.co/FcosJz26bJ","1934227680687518092","https://pbs.twimg.com/media/GtfB0WpbEAAWq9b.jpg","","in","","0","0","0","https://x.com/undefined/status/1934227680687518092","1108705859490598912",
"1934192818563760619","Sun Jun 15 10:14:38 +0000 2025","2","#wts postcard Indomie x Newjeans bisa ambil satu set atau per member https://t.co/PA3csf0Jd3","1934192818563760619","https://pbs.twimg.com/media/GteiHAVacAELRAX.jpg","","in","","0","0","1","https://x.com/undefined/status/1934192818563760619","1049609415463133189",
"1934192455525798139","Sun Jun 15 10:13:11 +0000 2025","3","wts Postcard Indomie x NewJeans bisa ambil satu set atau permember #wts #zonajajan️️ #zonauang️ #indomie #NewJeans #indomiexnewjeans #pc #POSTCARD #photocard #kpop #kpoptwt https://t.co/GrKYWWB9bP","1934192455525798139","https://pbs.twimg.com/media/GtehyFeasAAze6d.jpg","","in","","0","0","2","https://x.com/undefined/status/1934192455525798139","1049609415463133189",
"1934090586212159642","Sun Jun 15 03:28:24 +0000 2025","0","hii indomie lovers~ WTS SPESIAL PROMO indomie soto indomie ayam bawang indomie ayam sepesial indomie goreng indomie korean series (coming soon) ~ spicy ramyeon ~ fiery chikin harga start 3k an yaa exp sampai 2026 free delivery area tembalang min order 15k https://t.co/LAYhFK5KHH","1934090586212159642","https://pbs.twimg.com/media/GtdFIUlbcAAURXq.jpg","","in","","0","1","0","https://x.com/undefined/status/1934090586212159642","1876157257324572672",
"1934083450618679730","Sun Jun 15 03:08:51 +0000 2025","0","@undipmfs hii indomie lovers~ WTS SPESIAL PROMO indomie soto indomie ayam bawang indomie ayam sepesial indomie goreng indomie korean series (coming soon) ~ spicy ramyeon ~ fiery chikin harga start 3k an yaa exp sampai 2026 free delivery area tembalang min order 15k https://t.co/9TIaWliTy2","1934085669615517892","https://pbs.twimg.com/media/GtdAqGYbEAAcqSs.jpg","undipmfs","in","","0","0","0","https://x.com/undefined/status/1934085669615517892","1876157257324572672",
"1933854221499281636","Sat Jun 14 12:07:17 +0000 2025","0","@BurstMinji Indomie goreng ori Indomie soto mie dan Nongshim Shin Ramyeon kalau dd apaaa?","1933858782045688188","","BurstMinji","in","","0","1","0","https://x.com/undefined/status/1933858782045688188","781200399575289857",
"1933805768308043929","Sat Jun 14 08:36:38 +0000 2025","1","i indomie lovers~ *WTS SPESIAL PROMO* yg masih ready: indomie soto indomie ayam bawang indomie goreng indomie korean series (coming soon) ~ spicy ramyeon ~ fiery chikin harga start 3k an yaa exp sampai 2026 https://t.co/h54o6NkfS1","1933805768308043929","https://pbs.twimg.com/media/GtZCFu-bkAEZtoZ.jpg","","in","","0","0","0","https://x.com/undefined/status/1933805768308043929","1876157257324572672",
"1933755095520510269","Sat Jun 14 05:15:16 +0000 2025","0","Kirain bakal naik banyak. Cuma naik 400 rupiah. Tapi salfok Indomie NewJeans kok mahal bgt. Perasaan 2 bulan lalu masih 5000.","1933755095520510269","","","in","","0","1","0","https://x.com/undefined/status/1933755095520510269","1326483725165580289",
"1933736043356041656","Sat Jun 14 03:59:34 +0000 2025","0","hii indomie lovers~ *WTS* yg masih ready: indomie soto indomie soto sepesial indomie ayam bawang indomie ayam sepesial indomie goreng indomie korean series ~ spicy ramyeon ~ fiery chikin harga start 3k an yaa exp sampai 2026 https://t.co/hqY37frD1R","1933736043356041656","https://pbs.twimg.com/media/GtYCrV3bMAEkVT1.jpg","","in","","0","0","0","https://x.com/undefined/status/1933736043356041656","1876157257324572672",
"1933557919184007499","Fri Jun 13 16:11:46 +0000 2025","0","Nyobain omoide mi udon engga zonk sih tp buat kaum mendang mending kyk gue mau beli lg ya mikir banyak. Ft daging qurban dan cabe yg selalu di hati Bisa dipake beli 2 indomie spicy ramyeon so far mi yg varian aneh2 si spicy ramyeon ini best bahkan si tori kara kalah. https://t.co/XMGPeNCJAM","1933557919184007499","https://pbs.twimg.com/media/GtVgqS-bMAEE8pg.jpg","","in","","0","0","0","https://x.com/undefined/status/1933557919184007499","1285218953204101120",
"1933538145875997126","Fri Jun 13 14:53:12 +0000 2025","0","Kalo ga berkasus udah ada fanmeet Indomie x NewJeans kali ya ","1933538145875997126","","","in","","0","1","0","https://x.com/undefined/status/1933538145875997126","78568379",
"1933466542085447890","Fri Jun 13 10:08:40 +0000 2025","0","indomie rendang aceh spicy ramyeon","1933466542085447890","","","in","","0","0","0","https://x.com/undefined/status/1933466542085447890","1639194539134169088",
"1933437408508539319","Fri Jun 13 08:12:54 +0000 2025","0","hii indomie lovers~ WTS yg masih ready: indomie soto indomie soto sepesial indomie ayam bawang indomie ayam sepesial indomie goreng indomie korean series ~ spicy ramyeon ~ fiery chikin harga start 3k exp sampai 2026 free delivery tembalang min order 15k https://t.co/4sLaimd1kN","1933437408508539319","https://pbs.twimg.com/media/GtTzEeGaUAA2v8w.jpg","","in","","0","0","0","https://x.com/undefined/status/1933437408508539319","1876157257324572672",
"1932448240596840704","Thu Jun 12 16:10:26 +0000 2025","0","@sandelweis btw anomali ini yang ngebikin sama ngedirect voice di iklan Indomie x NewJeans","1933195197120471102","","sandelweis","in","","0","0","0","https://x.com/undefined/status/1933195197120471102","440403571",
"1933157058054123739","Thu Jun 12 13:38:53 +0000 2025","0","Indomie ramyeon rose ga enak bener bener ga kemakan ","1933157058054123739","","","in","","0","1","0","https://x.com/undefined/status/1933157058054123739","1385062133868556288",
"1933147003170791763","Thu Jun 12 12:58:56 +0000 2025","0","Indomie original indomie sambal matah indomie yang x newjeans itu","1933147003170791763","","","in","","0","0","0","https://x.com/undefined/status/1933147003170791763","1881356098420228097",
"1933136028878938183","Thu Jun 12 12:18:00 +0000 2025","0","@munvess hello.. aku lagi suka banget sama indomie yang varian korean ramyeon","1933136701519704427","","munvess","in","","0","1","0","https://x.com/undefined/status/1933136701519704427","1929544545735413760",
"1932365873718886451","Wed Jun 11 08:35:16 +0000 2025","1","@awkhaaay @_mardial_ BGM iklan Indomie x Newjeans beliau yg garap","1932718264054133218","","awkhaaay","in","","0","0","0","https://x.com/undefined/status/1932718264054133218","321328094",
"1932669792747728951","Wed Jun 11 05:22:40 +0000 2025","0","gue cm beli indomie.... #NewJeans https://t.co/Nbf9RRAydZ","1932669792747728951","https://pbs.twimg.com/media/GtI47evbMAAbmCE.jpg","","in","","0","0","0","https://x.com/undefined/status/1932669792747728951","1059748015701807104",
"1932488152876466661","Tue Jun 10 17:30:06 +0000 2025","1","@renebxebxe bagus bgt sih aslinya emg ga salah indomie pilih new jeans *NJZ (MHDHH)@Indomielovers #NJZ #NewJeans #MHDHH","1932490470359539893","","renebxebxe","in","","0","1","1","https://x.com/undefined/status/1932490470359539893","1354120160148242434",
"1932340865927975243","Tue Jun 10 09:55:02 +0000 2025","0","@Composhit_chaos harus cobain indomie newjeans enak banget ","1932375948260978832","","Composhit_chaos","in","","0","1","0","https://x.com/undefined/status/1932375948260978832","1011948390840594432",
"1932295539204460798","Tue Jun 10 04:35:31 +0000 2025","332","newjeans indomie baemon good day lambung gue sbg bunnies &amp; monstiez lagi nyengir https://t.co/JuRTYqFYI7","1932295539204460798","https://pbs.twimg.com/media/GtDkiX4bYAAvpbs.jpg","","in","","3","8","42","https://x.com/undefined/status/1932295539204460798","1852356310265978880",
"1932109438695170435","Tue Jun 10 02:22:46 +0000 2025","0","@munvess Mie Aceh enak sender cuman kalau kamu mau selain Indomie aku sukanya Shin Ramyeon yang stir fry seri! Enak semuaaa. Aku paling suka yang Gourmet Spicy.","1932262129555648942","","munvess","in","","0","0","0","https://x.com/undefined/status/1932262129555648942","2508616250",
"1931977706016833609","Mon Jun 09 07:32:34 +0000 2025","0","bokap gua beli banyak indomie sampe dikasih postcard newjeans dari indomaret ","1931977706016833609","","","in","","0","1","0","https://x.com/undefined/status/1931977706016833609","1394869797578416135",
"1931957602793173284","Mon Jun 09 06:12:41 +0000 2025","0","Halo ada yang bersedia aku wawancara yang pernah ikut fan event kayak carat having fun carat go healthy carat beach party bts monochrom newjeans bunnyland newjeans indomie allo bank project Enhypen Fate Plus The City Jakarta dll buat tugas akhir aku ? please ","1931957602793173284","","","in","","0","0","1","https://x.com/undefined/status/1931957602793173284","1577020020395507712",
"1931890898306302332","Mon Jun 09 01:47:37 +0000 2025","0","Jd kmrn aku nonton nana bnb yg eps 2. Lalu lalu laluuuu ak lapar sekali melihat mereka masak dan mamam Akhirnya dengan bodohnya aku masak indomie yg spicy ramyeon tapi versi cup. Itukan enak dan pedas. Gws perut.","1931890898306302332","","","in","","0","0","0","https://x.com/undefined/status/1931890898306302332","536253118",
"1931856583941837116","Sun Jun 08 23:31:16 +0000 2025","0","adiknya temen gue tuh yg menang tender indomie x newjeans. jd dia ke korea buat ngedirect newjeans ngiklanin indomie. katanya anak2 newjeans tuh unyu2 bocip gt lho wkwk gemes banget.","1931856583941837116","","","in","","0","0","0","https://x.com/undefined/status/1931856583941837116","136943140",
"1931791711925403935","Sun Jun 08 19:13:29 +0000 2025","0","indomie spicy ramyeon ini enak juga ya","1931791711925403935","","","in","","0","1","0","https://x.com/undefined/status/1931791711925403935","1003250055237648385",
"1931546735165247891","Sun Jun 08 03:05:15 +0000 2025","1","@undipmfs hii indomie lovers~ WTS yg masih ready: indomie soto indomie soto sepesial indomie ayam bawang indomie ayam sepesial indomie goreng indomie goreng jumbo indomie goreng jumbo rendang indomie korean series ~ k-rose ~ spicy ramyeon ~ fiery chikin https://t.co/nZ45FVdPp4","1931548048687296716","https://pbs.twimg.com/media/Gs48tbBa4AA44BX.jpg","undipmfs","in","","0","2","0","https://x.com/undefined/status/1931548048687296716","1876157257324572672",
"1931328541687496989","Sat Jun 07 12:33:01 +0000 2025","0","ramyeon mingyu dibikin pake indomie tuh bisa ngga ya dhdhhsjsjd tbtb kepengen ramyeon mingyu tp cuma ada indomie kuah terlalu malas untuk jalan ke alfa","1931328541687496989","","","in","","0","0","0","https://x.com/undefined/status/1931328541687496989","798021629410299905",
"1931067791777681683","Sat Jun 07 08:06:22 +0000 2025","0","@jivsal yg satu tori misoo yg satu yg spicy ramyeon gituu. indomie semua :3","1931261438875832390","","jivsal","in","","0","2","0","https://x.com/undefined/status/1931261438875832390","2364989947",
"1931004569422897385","Fri Jun 06 15:53:05 +0000 2025","1","@kkruuby Bener banget skskskk waktu itu aku nonton its ngeliat mingyu masak ramyeon jadi ikutan masak indomie 3 bungkus ","1931016504520429683","","kkruuby","in","","0","0","0","https://x.com/undefined/status/1931016504520429683","1310074895024357376",
"1930146282414182608","Thu Jun 05 09:26:42 +0000 2025","1","@tanyarlfes Aku suka modelan kuah kek gini pedes gurih asin nder. Kadang shin ramyun kadang indomie spicy ramyeon. https://t.co/KFdTIFVKiS","1930556876691030085","https://pbs.twimg.com/media/Gsq3PeqaoAARYl4.jpg","tanyarlfes","in","","0","0","0","https://x.com/undefined/status/1930556876691030085","1590922674448265216",
"1930146282414182608","Thu Jun 05 06:00:47 +0000 2025","1","@tanyarlfes indomie ramyeon yg warna biru GA BOONG RASANYA PERSIS RAMYEON CUMA VER INDO JADI DI LIDAH GUE PAS AJA GITUU","1930505056115396734","","tanyarlfes","in","","0","0","0","https://x.com/undefined/status/1930505056115396734","1724808376629227520",
"1930146282414182608","Thu Jun 05 04:48:04 +0000 2025","0","@tanyarlfes No debat sekarang kalau ke hypermart belanja bulanan mie yg dibeli 2 ini.. Mie Gaga Lada Hitam sama Indomie Spicy Ramyeon https://t.co/CVj6fSZQYL","1930486758065709499","https://pbs.twimg.com/media/Gsp3SXSasAEyhv5.jpg","tanyarlfes","in","","0","0","0","https://x.com/undefined/status/1930486758065709499","573264515",
"1930146282414182608","Thu Jun 05 00:09:02 +0000 2025","0","@tanyarlfes indomie mie instant premium korean spicy ramyeon 3 varian semuanya enak sih cuman yang paling enak menurutku ini","1930416538433270095","","tanyarlfes","in","","0","0","0","https://x.com/undefined/status/1930416538433270095","2166167010",
"1930200712757293064","Wed Jun 04 15:56:02 +0000 2025","0","@ranahbingkuang @strootsys Lebih ajaib kalau di bawahnya lagi ada iklan indomie newjeans.","1930292469700407647","","ranahbingkuang","in","","0","0","0","https://x.com/undefined/status/1930292469700407647","1240285357897220096",
"1930258847228207475","Wed Jun 04 13:42:26 +0000 2025","0","mie goreng: indomie rendang mie sedap korean spicy chicken mie kuah: indomie korean spicy ramyeon mie sedap white curry honorable mention: wow spageti carbonara &amp; samyang carbonara","1930258847228207475","","","in","","0","0","0","https://x.com/undefined/status/1930258847228207475","741495831396655105",
"1930146282414182608","Wed Jun 04 11:35:20 +0000 2025","0","@tanyarlfes Indomie x newjeans yg biru","1930226860841197617","","tanyarlfes","in","","0","0","0","https://x.com/undefined/status/1930226860841197617","1381672734699134979",
"1930202069174235570","Wed Jun 04 09:56:49 +0000 2025","0","bulddak ramyeon yg bungkus item super pedes sama carbonara neoguri shin ramen rasa jamur smaa udang gekikara ramen yg bungkus item indomie ramen premium collection yg rasa takoyaki dan tori miso ","1930202069174235570","","","in","","0","0","0","https://x.com/undefined/status/1930202069174235570","289906628",
"1930189191650128328","Wed Jun 04 09:05:39 +0000 2025","0","INDOMIE SPICY RAMYEON JUARAAA POKONYAAA","1930189191650128328","","","in","","0","0","0","https://x.com/undefined/status/1930189191650128328","2872180999",
"1930146282414182608","Wed Jun 04 08:53:22 +0000 2025","0","@tanyarlfes Nissin gekikara kuah sama goreng enak semua minusnya agak lebih mahal tapi ttep kubeli. Sama akhir-akhir ini suka beli indomie korean spicy ramyeon","1930186104101318747","","tanyarlfes","in","","0","0","0","https://x.com/undefined/status/1930186104101318747","1111609532944285697",
"1930146282414182608","Wed Jun 04 08:42:45 +0000 2025","0","@tanyarlfes Indomie goreng cabe ijo tapi sayangnya dah ga pernah nemu d sulawesi selatan indomie spicy ramyeon juga enak","1930183429947306479","","tanyarlfes","in","","0","0","0","https://x.com/undefined/status/1930183429947306479","1210881196072165376",
"1930146282414182608","Wed Jun 04 07:51:49 +0000 2025","0","@tanyarlfes Sedaap laksa singapur yg spicyyy sedaap goreng ayam bakar limau mie gaga Indomie tori kara spicy ramyeon","1930170612510798019","","tanyarlfes","in","","0","0","0","https://x.com/undefined/status/1930170612510798019","1070719637594169344",
"1930146282414182608","Wed Jun 04 07:27:04 +0000 2025","1","@tanyarlfes indomie aceh indomie rendang indomie mi keriting indomie spicy ramyeon indomie fiery chikin sm indomie tori miso enak polll","1930164384652771356","","tanyarlfes","in","","0","0","0","https://x.com/undefined/status/1930164384652771356","1094618309784293376",
"1929871183262151039","Wed Jun 04 04:40:35 +0000 2025","0","@chorong2x wkwkwkw betul enakan indomie tori miso maksudnya yang sejenis kuahnya itu kan. Tapi yang korean ramyeon juga enak ","1930122488887029817","","chorong2x","in","","0","1","0","https://x.com/undefined/status/1930122488887029817","730558923753684993",
"1929871183262151039","Wed Jun 04 04:16:28 +0000 2025","0","@gimochiii Wkwkwkwk mantap gi aku jadi ikut ngebayangin rasanya jadi kesimpulannya mending beli yg asli atau kalau mau mie instant mending ramyeon indomie yak ","1930116417720078708","","gimochiii","in","","0","1","0","https://x.com/undefined/status/1930116417720078708","1037620674498506752",
"1929894772245967148","Tue Jun 03 13:40:30 +0000 2025","0","@A_FionyJKT48 Goreng: best wok original samyang rose indomie goreng Kuah: shin ramyeon original mie sedaap kaldu ayam spesial","1929895973540770190","","A_FionyJKT48","in","","0","0","0","https://x.com/undefined/status/1929895973540770190","1646080747575607296",
"1929871183262151039","Tue Jun 03 13:31:33 +0000 2025","0","@chorong2x duh aku g pinter repiu zi tp yaaaa gabisa dibandingin sm yg asli si namanya juga instan. Aku tuh lebih suka shoyu dibanding ekstrim jadi tadi tuh keknya aku pake bubuk lemonnya kebanyakan jd rasanya asem gitu wkwwkkw rasanya asin gurih asem aja gt si. Masih enakan ramyeon indomie","1929893719366610981","","chorong2x","in","","0","1","0","https://x.com/undefined/status/1929893719366610981","730558923753684993",
"1929791146181738600","Tue Jun 03 06:43:57 +0000 2025","0","indomie k-series yg hanguk ramyeon ini pedes bener buat aku... lebih pedes daripada shin ramyeon nongshim","1929791146181738600","","","in","","0","0","0","https://x.com/undefined/status/1929791146181738600","104410124",
"1929726842585702560","Tue Jun 03 02:28:26 +0000 2025","3","Awokwwowkwok emak nanyain Erine habis nonton iklan Indomie newjeans. Emak : kok di hp kamu ga ada yang kayak mereka (karena wa pake foto Intun). Gw : oh itu orang Bogor. Emak : terus yang cina-cina itu mana? Siapa namanya? Gw : ....... Lanjut makan Uli ️","1929726842585702560","","","in","","0","1","0","https://x.com/undefined/status/1929726842585702560","2246898924",
"1929135971888488949","Sun Jun 01 11:20:31 +0000 2025","0","every papa as my favorite insutanto ramen: primo buldak jjajang. secondo shin ramyeon. terzo indomie seblak. copia sedaap korean cheese buldak. perpy sedaap singapore spicy laksa.","1929135971888488949","","","in","","0","1","0","https://x.com/undefined/status/1929135971888488949","1515465188786737152",
"1928673952123204047","Sat May 31 14:59:38 +0000 2025","0","@jerukjepang indomie udah sama newjeans","1928828722766815635","","jerukjepang","in","","0","0","0","https://x.com/undefined/status/1928828722766815635","83586867",
"1928816497972904349","Sat May 31 14:11:03 +0000 2025","1","Kesampean beli indomie di superindo buat dapetin mereka #OhMyGoodItsIndomie https://t.co/KJonpVEfSu","1928816497972904349","https://pbs.twimg.com/media/GsSIX9NbMAA3-Tj.jpg","","in","","0","0","0","https://x.com/undefined/status/1928816497972904349","199220728",
"1928793501182968165","Sat May 31 12:39:40 +0000 2025","0","rehat dl mau beli indomie ramyeon","1928793501182968165","","","in","","0","1","0","https://x.com/undefined/status/1928793501182968165","1302207514902052864",
"1928732836321964467","Sat May 31 08:38:36 +0000 2025","0","WTS Postcard Frame + Photo New Jeans x Indomie READY Sealed &amp; Unboxing‼️ Bisa CO Shopee &amp; JNT Yang udah di unboxing harga lebih murah #newjeans #newjeansxindomie #postcardnewjeans #minji #hanni #danielle #HAERIN #hyein #wtspcnewjeans #indomienewjeans https://t.co/l4dqGQsLZw","1928732836321964467","https://pbs.twimg.com/media/GsQ8SXTaYAAHpqa.jpg","","in","","0","0","0","https://x.com/undefined/status/1928732836321964467","1317801220765970435",
"1928643826669007256","Sat May 31 02:44:55 +0000 2025","6","Indomie: Jadikan NewJeans BA kita! Mie Sedaap: Santai kawan kita pakai produk lokal https://t.co/C1yuJe5p7g","1928643826669007256","https://pbs.twimg.com/media/GsPrVsVboAAoDEs.jpg","","in","","0","0","2","https://x.com/undefined/status/1928643826669007256","282245805",
"1921420141939601492","Fri May 30 15:58:43 +0000 2025","0","@ivewonno Pasti sunghoon kan (menjawab dengan nada tidak kegeeran) betul NewJeans seleranya indomie. Apalagi yang bikinnya kamu apa gak melejit harga indomie","1928481206351319140","","ivewonno","in","","0","0","0","https://x.com/undefined/status/1928481206351319140","2936358876",
"1928075151431606335","Thu May 29 13:05:12 +0000 2025","0","Saya menjual 3 SET INDOMIE X NEWJEANS POSTCARD OFFICIAL (NEW/SEGEL) seharga Rp40.000. Ayo beli di Shopee! https://t.co/ZSt7Y200v8","1928075151431606335","","","in","","0","0","0","https://x.com/undefined/status/1928075151431606335","841644998",
"1927975087887835214","Thu May 29 06:27:35 +0000 2025","0","Indomie newjeans yg biru yg versi cup lebih enak ik","1927975087887835214","","","in","","0","0","0","https://x.com/undefined/status/1927975087887835214","263603762",
"1927549679707041980","Wed May 28 02:31:17 +0000 2025","0","@shaquirreloveu nanti siapin indomie telur cabe 2 biji yaa biar nyobain ramyeon versi indo ","1927553231443402800","","shaquirreloveu","in","","0","1","0","https://x.com/undefined/status/1927553231443402800","1696595857490186243",
"1927453545713819953","Tue May 27 19:55:10 +0000 2025","0","#NewJeans 8 pcs Bundling 2 Goreng &amp; Korean Free Mini Postcard Set Indomie https://t.co/ZrdBGsiSPt","1927453545713819953","","","in","","0","0","0","https://x.com/undefined/status/1927453545713819953","3253419608",
"1925179738517299373","Tue May 27 14:19:02 +0000 2025","0","@warin @sooink Hihihi happy sekaliiii satu rumah sama DD anin!! Kenalan lagi dari awal sampai sedekat perangko? KOPI TERUSSSS tapi itu Indomie ramyeon kasih bon cabe apa ga makin pedes? Bukannya tanpa bon cabe juga udah pedes banget ya? Aku tim air putih dan ayam kriuk aja dehh soalnya kek ga","1927368957062684754","","warin","in","","0","0","0","https://x.com/undefined/status/1927368957062684754","1552877006856921089",
"1925179738517299373","Tue May 27 14:11:50 +0000 2025","0","@warin @sooink Hihihi happy sekaliiii satu rumah sama DD anin!! Kenalan lagi dari awal sampai sedekat perangko? KOPI TERUSSSS tapi itu Indomie ramyeon kasih bon cabe apa ga makin pedes? Bukannya tanpa bon cabe juga udah pedes banget ya? Aku tim air putih dan ayam kriuk aja dehh soalnya kek ga","1927367142392975514","","warin","in","","0","0","0","https://x.com/undefined/status/1927367142392975514","1552877006856921089",
"1926814788883009871","Mon May 26 01:36:58 +0000 2025","0","Ada yg mau Indomie harganya 2.800 - 5.000 varian nya sekarang ada cabe ijo Korean series dll bisa co oren yaa aku juga jual postcard baru newjeans isi 7 postcard harga 25k/set detail harga ada dibawah yaa boleh tinggalin jejak dulu exp masih aman semua yaa https://t.co/79ZVkwsIl2","1926814788883009871","https://pbs.twimg.com/media/Gr1rzSUXIAAgVoY.jpg","","in","","0","0","0","https://x.com/undefined/status/1926814788883009871","764191190879129601",
"1923721461539238149","Sun May 18 02:59:35 +0000 2025","2","@FOOD_FESS terlihat sangat micin alias akan aku masukin list. so far kuah favoritku masih indomie soto lamongan sama spicy ramyeon","1923936476099903720","","FOOD_FESS","in","","0","0","0","https://x.com/undefined/status/1923936476099903720","1095944686236196869",
"1922588481915666541","Sat May 17 12:49:24 +0000 2025","0","@crushnyareece Pecinta indomie dan penggemar newjeans wajib beli dan dapetin ini juga sih","1923722520743850356","","crushnyareece","in","","0","0","0","https://x.com/undefined/status/1923722520743850356","1912375157206970369",
"1922588481915666541","Sat May 17 12:45:49 +0000 2025","0","@crushnyareece collab tersweet sih ini Indomie x NewJeans??? CRYINGG ","1923721619878576262","","crushnyareece","in","","0","0","0","https://x.com/undefined/status/1923721619878576262","1803224162514903040",
"1922588481915666541","Sat May 17 12:44:29 +0000 2025","0","@crushnyareece Sekarang beli indomie bisa dapat postcard nya newjeans hayu belii.. kiyowo..","1923721283935797372","","crushnyareece","in","","0","0","0","https://x.com/undefined/status/1923721283935797372","1610927905802186752",
"1922588481915666541","Sat May 17 12:42:44 +0000 2025","0","@crushnyareece abis gajian langsung lari beli Indomie demi postcard NewJeans ","1923720840681758871","","crushnyareece","in","","0","0","0","https://x.com/undefined/status/1923720840681758871","1867406098791378944",
"1922585560507371855","Sat May 17 12:34:41 +0000 2025","0","@dhelsadell Serius ini indomie ada pc NewJeans?? Berasa dapet angin segar karna dah lama ga berburu pc","1923718818071007678","","dhelsadell","in","","0","0","0","https://x.com/undefined/status/1923718818071007678","957490243",
"1922588481915666541","Sat May 17 12:24:35 +0000 2025","0","@crushnyareece Kren banget nih indomie gass lah beli varian indomie semua biar dpet postcard nya NewJeans","1923716273109869045","","crushnyareece","in","","0","0","0","https://x.com/undefined/status/1923716273109869045","1816009318468313091",
"1922575232767820154","Sat May 17 12:15:34 +0000 2025","0","@nisanindita_ Gue tuh ya awalnya niat beli Indomie doang eh sekarang nyari figure NewJeans juga ","1923714006252126611","","nisanindita_","in","","0","0","0","https://x.com/undefined/status/1923714006252126611","1912349495708602368",
"1922575232767820154","Sat May 17 12:14:42 +0000 2025","0","@nisanindita_ NewJeans bener-bener tau cara nyentuh hati fans. Even di bungkus Indomie pun tetep iconic ","1923713786596487662","","nisanindita_","in","","0","0","0","https://x.com/undefined/status/1923713786596487662","1912355530087231489",
"1922588481915666541","Sat May 17 12:08:50 +0000 2025","0","@crushnyareece Beli indomie x newjeans bisa dapet postcard keren banget ini bisa beli di semua tempat kah atau toko bertanda khusus","1923712312755753193","","crushnyareece","in","","0","0","0","https://x.com/undefined/status/1923712312755753193","1667877215957286913",
"1922575232767820154","Sat May 17 11:56:24 +0000 2025","0","@nisanindita_ Siapa yang relate: ngga lapar tapi tetep beli Indomie demi NewJeans ","1923709183733662192","","nisanindita_","in","","0","0","0","https://x.com/undefined/status/1923709183733662192","1912165019178930176",
"1922585560507371855","Sat May 17 11:55:49 +0000 2025","0","@dhelsadell Gak nyangka NewJeans bisa gemes di Indomie juga ","1923709035481903121","","dhelsadell","in","","0","0","0","https://x.com/undefined/status/1923709035481903121","1753620817702006784",
"1922585560507371855","Sat May 17 11:50:19 +0000 2025","0","@dhelsadell Sebagai pecinta indomie dan NewJeans aku mau borong semua pc nya","1923707652410138967","","dhelsadell","in","","0","0","0","https://x.com/undefined/status/1923707652410138967","1751863723663532032",
"1922585560507371855","Sat May 17 11:48:53 +0000 2025","0","@dhelsadell Serius ini beli indomie dapat pc nya NewJeans? Info dong belinya dimana","1923707291414704513","","dhelsadell","in","","0","1","0","https://x.com/undefined/status/1923707291414704513","1760481988509929472",
"1922588481915666541","Sat May 17 11:48:25 +0000 2025","0","@crushnyareece NewJeans emang selalu bikin dompet gak aman ku belain beli indomie banyak ","1923707175161168078","","crushnyareece","in","","0","0","0","https://x.com/undefined/status/1923707175161168078","1563863073328287746",
"1922575232767820154","Sat May 17 11:47:54 +0000 2025","0","@nisanindita_ Indomie + NewJeans = kolaborasi paling niat yang pernah ada GUA MAU BELI","1923707041950072885","","nisanindita_","in","","0","0","0","https://x.com/undefined/status/1923707041950072885","892924957877043200",
"1922585560507371855","Sat May 17 11:47:14 +0000 2025","0","@dhelsadell Baru tau kalo ternyata Indomie collab sama NewJeans beli dimana ini mbak?","1923706876409282628","","dhelsadell","in","","0","0","0","https://x.com/undefined/status/1923706876409282628","1864952093683126274",
"1922588481915666541","Sat May 17 11:46:20 +0000 2025","0","@crushnyareece Plis bilang ini gak limited edition... soalnya aku panik demi NewJeans aku beli sekarton indomie ️","1923706648117510443","","crushnyareece","in","","0","0","0","https://x.com/undefined/status/1923706648117510443","1726107526570328064",
"1922585560507371855","Sat May 17 11:45:52 +0000 2025","0","@dhelsadell Gemes banget NewJeans pc nya makan indomie ","1923706531746546160","","dhelsadell","in","","0","0","0","https://x.com/undefined/status/1923706531746546160","1773329464921071616",
"1922588481915666541","Sat May 17 11:44:35 +0000 2025","0","@crushnyareece Udah beli 2 karton Indomie. Demi NewJeans gaspol! ","1923706208621621346","","crushnyareece","in","","0","0","0","https://x.com/undefined/status/1923706208621621346","1598206154106019842",
"1922581138205200617","Sat May 17 09:18:03 +0000 2025","0","@cerealcakes Indomie ngerti banget cara bikin fans NewJeans bahagia","1923669331566789116","","cerealcakes","in","","0","0","0","https://x.com/undefined/status/1923669331566789116","1770499880248803328",
"1922571977455198477","Sat May 17 09:16:32 +0000 2025","0","@luckyloeyli gemooyyy nya ya Ampun tolong. mau belii indomie yang banyak biar bisa ngumpulin postcard nya newjeans ️","1923668949952233810","","luckyloeyli","in","","0","0","0","https://x.com/undefined/status/1923668949952233810","1816763615258771457",
"1922570785677349109","Sat May 17 09:08:24 +0000 2025","0","@pramuhtialll Cuma di Superindo sama official Indomie aja ya kak yang bisa dapetin postcard NewJeans?","1923666904251818473","","pramuhtialll","in","","0","0","0","https://x.com/undefined/status/1923666904251818473","1816898615291613184",
"1922570785677349109","Sat May 17 09:06:37 +0000 2025","0","@pramuhtialll Pas bgt lagi hujan Indomie nya dimakan NewJeans nya nemenin makan ","1923666456836976782","","pramuhtialll","in","","0","0","0","https://x.com/undefined/status/1923666456836976782","1850025469464412165",
"1922570785677349109","Sat May 17 09:03:17 +0000 2025","0","@pramuhtialll Emang gemesin banget NewJeans tuh ngga rugi deh beli Indomie banyak banyak","1923665617263178073","","pramuhtialll","in","","0","0","0","https://x.com/undefined/status/1923665617263178073","1807419763263696896",
"1922575379623010466","Sat May 17 09:02:05 +0000 2025","0","@Nurafilah__ Indomie makanan fav gue tambah ada newjeans makin gue beli terus","1923665312064602469","","Nurafilah__","in","","0","0","0","https://x.com/undefined/status/1923665312064602469","1904617721779904512",
"1922570785677349109","Sat May 17 09:01:20 +0000 2025","0","@pramuhtialll Siap deh tiap hari makan Indomie demi punya postcardnya NewJeans ","1923665126118523203","","pramuhtialll","in","","0","0","0","https://x.com/undefined/status/1923665126118523203","1816907743477006338",
"1922570785677349109","Sat May 17 08:57:36 +0000 2025","0","@pramuhtialll akan aku usahain dapetin postcard newjeans via indomie ","1923664185470443570","","pramuhtialll","in","","0","0","0","https://x.com/undefined/status/1923664185470443570","1724678917955674112",
"1922570785677349109","Sat May 17 08:57:09 +0000 2025","0","@pramuhtialll Seriusan ini beli Indomie dapet postcard newjeans?? Mauu jugaa spill dong beli nya dimanaa","1923664072505164183","","pramuhtialll","in","","0","0","0","https://x.com/undefined/status/1923664072505164183","1731215913784139776",
"1922570785677349109","Sat May 17 08:54:51 +0000 2025","0","@pramuhtialll Demi dapet postcard NewJeans hujan² nekat beli indomie ","1923663492856545414","","pramuhtialll","in","","0","0","0","https://x.com/undefined/status/1923663492856545414","1826069328728567808",
"1922571977455198477","Sat May 17 08:40:04 +0000 2025","0","@luckyloeyli NewJeans aku datang mau borong indomie goreng dulu","1923659774081777892","","luckyloeyli","in","","0","0","0","https://x.com/undefined/status/1923659774081777892","1879785619364388864",
"1922790446306119680","Sat May 17 08:35:37 +0000 2025","0","@paracetamoods Postcard nya Newjeans ada di Indomie beneran?? Mauu","1923658654819156230","","paracetamoods","in","","0","0","0","https://x.com/undefined/status/1923658654819156230","1788985612432994309",
"1922571977455198477","Sat May 17 08:31:25 +0000 2025","0","@luckyloeyli Demi NewJeans gw langsung borong Indomie sepuluh bungkus! hahah","1923657595635761249","","luckyloeyli","in","","0","0","0","https://x.com/undefined/status/1923657595635761249","1903443065194651648",
"1922571977455198477","Sat May 17 08:31:09 +0000 2025","0","@luckyloeyli Kesukaan gue indomie dapet poscard newjeans lagi yakali ga borong ","1923657531119018414","","luckyloeyli","in","","0","0","0","https://x.com/undefined/status/1923657531119018414","1904592451492601861",
"1922790446306119680","Sat May 17 08:29:20 +0000 2025","0","@paracetamoods Borong Indomie suka banget sama postcard nya newjeans","1923657070529872243","","paracetamoods","in","","0","0","0","https://x.com/undefined/status/1923657070529872243","1813753046217936896",
"1922575379623010466","Sat May 17 08:27:37 +0000 2025","0","@Nurafilah__ Oke fix abis ini gue nyari Indomie rasa Korea demi NewJeans","1923656641901363681","","Nurafilah__","in","","0","0","0","https://x.com/undefined/status/1923656641901363681","1807065931216293888",
"1921431943813415253","Sat May 17 06:45:07 +0000 2025","0","@IndoPopBase @Indomielovers indomie jadi makin berkelas karena newjeans","1923630843903541728","","IndoPopBase","in","","0","0","0","https://x.com/undefined/status/1923630843903541728","1816727826185486336",
"1921431943813415253","Sat May 17 06:42:31 +0000 2025","0","@IndoPopBase @Indomielovers ini combo paling gila sih newjeans x indomie","1923630192989438306","","IndoPopBase","in","","0","0","0","https://x.com/undefined/status/1923630192989438306","1815742978432094208",
"1921434060322218048","Sat May 17 06:42:10 +0000 2025","0","@koreanindo gila sih ini fix bisa jadi koleksi newjeans x indomie","1923630101373255815","","koreanindo","in","","0","0","0","https://x.com/undefined/status/1923630101373255815","1667446737714450434",
"1921431943813415253","Sat May 17 06:38:56 +0000 2025","0","@IndoPopBase @Indomielovers newjeans bawa rejeki buat indomie sih ini","1923629288676524395","","IndoPopBase","in","","0","0","0","https://x.com/undefined/status/1923629288676524395","1711385748736524288",
"1922993049107349590","Thu May 15 12:30:45 +0000 2025","0","ponakan gue dapet ginian jir ini postcard newjeans x indomie kah? tp lucu sih bagus https://t.co/EQqbbBzhxy","1922993049107349590","https://pbs.twimg.com/media/Gq_WvlNaAAESZDu.jpg","","in","","0","0","0","https://x.com/undefined/status/1922993049107349590","1483823758196736002",
"1922924165587169346","Thu May 15 07:57:01 +0000 2025","0","Ditanya doyan ramyeon iya iya aja lupa kalo ramyeon korea kebanyakan ada awokawok ga kemakan deh ini Untung bawa indomie my lop&lt;3 https://t.co/4eYE9hwqgO","1922924165587169346","https://pbs.twimg.com/media/Gq-ZIB2XsAEUzWu.jpg","","in","","0","0","0","https://x.com/undefined/status/1922924165587169346","694910629065281537",
"1922680713452605783","Wed May 14 15:49:38 +0000 2025","0","Wayah kieu mah ngonah na Indomie spici ramyeon sing lada","1922680713452605783","","","in","","0","0","0","https://x.com/undefined/status/1922680713452605783","1423723929454088196",
"1922643032496590944","Wed May 14 15:28:45 +0000 2025","0","@nineteenfreak Indomie apa dulu klo indomie model ramyeon kek tori miso gtu ya wajar. Btwindomie banyak nder bkn cm goreng yg harga 3ribuan","1922675458161688593","","nineteenfreak","in","","0","0","0","https://x.com/undefined/status/1922675458161688593","1537688500866523136",
"1922643032496590944","Wed May 14 13:55:46 +0000 2025","2","@nineteenfreak lu tinggal dmn dah nder? di kampung gue indomie masi 4rb yg goreng yg kuah 3 5k. kecuali kl lo beli indomie ramyeon ya wajar soal nya di indoalfa aja dia udah 6k.","1922652057531494852","","nineteenfreak","in","","0","0","0","https://x.com/undefined/status/1922652057531494852","1425668927007326210",
"1922643032496590944","Wed May 14 13:44:59 +0000 2025","7","@nineteenfreak Ini mah indomie korea ga sih? Yang sama newjeans itu","1922649343338701000","","nineteenfreak","in","","0","0","0","https://x.com/undefined/status/1922649343338701000","1817165884232015872",
"1922585560507371855","Wed May 14 09:46:17 +0000 2025","0","@taqibalqibul İni aku kmren beli Indomie 35rb lah totalnya dapet postcard newjeans dong aaaaa seneng bgt","1922589271669477614","","taqibalqibul","in","","0","0","0","https://x.com/undefined/status/1922589271669477614","294528028",
"1922585560507371855","Wed May 14 09:31:32 +0000 2025","208","Dapet Indomie postcard NewJeans juga akhirnyaa gemes semua apalagi Minji duh! https://t.co/oKvz6AX43N","1922585560507371855","https://pbs.twimg.com/media/Gq5lXjpWcAABPpR.jpg","","in","","1","292","78","https://x.com/undefined/status/1922585560507371855","294528028",
"1922575379623010466","Wed May 14 08:51:04 +0000 2025","222","Niat cuma beli Indomie yang rasa korea tapi pulangnya bawa mini postcard NewJeans https://t.co/4t6uESXdFH","1922575379623010466","https://pbs.twimg.com/media/Gq5cHNHakAAwZVs.jpg","","in","","0","236","104","https://x.com/undefined/status/1922575379623010466","1215650920647671808",
"1922574662422106560","Wed May 14 08:48:13 +0000 2025","73","Baru nyampe paket Indomie dari e-commerce dan isinya ada Indomie postcard NewJeans pengen pajang di kamar https://t.co/tkJLexN0hq","1922574662422106560","https://pbs.twimg.com/media/Gq5bdF6WwAA8iUi.jpg","","in","","0","165","61","https://x.com/undefined/status/1922574662422106560","1143728067392655361",
"1922571977455198477","Wed May 14 08:37:33 +0000 2025","108","Tadi beli Indomie karena laper terus pas buka dapet Indomie postcard NewJeans ya ampun seneng banget https://t.co/srCiFBVoVI","1922571977455198477","https://pbs.twimg.com/media/Gq5Y_SKb0AAjjY-.jpg","","in","","0","157","61","https://x.com/undefined/status/1922571977455198477","1272858824987168768",
"1922249744476414140","Wed May 14 07:50:04 +0000 2025","0","@Dantyonna Stok indomie korean ramyeon aja masih banyak","1922560025320391088","","Dantyonna","in","","0","0","0","https://x.com/undefined/status/1922560025320391088","3652889303",
"1922420570349609117","Wed May 14 00:47:45 +0000 2025","0","@not_odi Indomie korean ramyeon!enak deh cobain bub","1922453748736991468","","","in","","0","0","0","https://x.com/undefined/status/1922453748736991468","1753299320416403456",
"1922296384507506894","Tue May 13 14:22:27 +0000 2025","0","Siapa mau beli pc newjeans indomie edition #wts","1922296384507506894","","","in","","0","0","0","https://x.com/undefined/status/1922296384507506894","1542897473185730560",
"1922260268463042904","Tue May 13 13:05:18 +0000 2025","0","@woosanpride 8. Indomie yg spicy ramyeon itu enak bgt klo ditambahin telur bubuk cabe sm keju slice 27. Mie ayamm aku tim mie ayamm","1922276970458382779","","woosanpride","in","","0","0","0","https://x.com/undefined/status/1922276970458382779","1822205935470682112",
"1922273096058257412","Tue May 13 12:49:54 +0000 2025","0","Muak gua dgn indomie goreng demi photocard newjeans ","1922273096058257412","","","in","","0","0","0","https://x.com/undefined/status/1922273096058257412","1497122680600162304",
"1922089308304863293","Tue May 13 12:45:06 +0000 2025","0","@puzzleaerim Intinya: sami mawon toksiknya wkwk.. Tp sekarang lebih suka benda pakai kayak hoodie Paling kalo postcard sejenisnya cuma nyari yg murah2 kayak bonus indomie kemaren. Sekedar punya-punyaan aja ujung2nya tergeletak di rak https://t.co/iNCv4jzuv2","1922271885909217774","https://pbs.twimg.com/media/Gq1HlyCW8AAgY0B.jpg","Masmas_NewJeans","in","","0","0","0","https://x.com/undefined/status/1922271885909217774","273977169",
"1922260009498333545","Tue May 13 11:57:54 +0000 2025","0","Indomie spicy ramyeon!!! ENAK BGT","1922260009498333545","","","in","","0","0","0","https://x.com/undefined/status/1922260009498333545","1865941409150451712",
"1922181639012041030","Tue May 13 06:47:49 +0000 2025","0","@4tobimaru MAU HOI Indomie newjeans yah","1922181973872640045","","4tobimaru","in","","0","1","0","https://x.com/undefined/status/1922181973872640045","1765346014461067264",
"1922164577464119344","Tue May 13 05:38:42 +0000 2025","6538","NewJeans emg betulan idola! Nambah lagi koleksi gue Gue beli mini postcard set-nya Indomie ini di Super Indo Cilandak. Ada yang udh dapet? https://t.co/NrvmzvqbId","1922164577464119344","https://pbs.twimg.com/media/GqzmfIEW0AA5jF7.jpg","","in","","64","244","258","https://x.com/undefined/status/1922164577464119344","1315170681261228032",
"1922157778174362042","Tue May 13 05:11:40 +0000 2025","0"," wts aab bts photocard jk v ina ୨୧ co ୨୧ include all ୨୧ dm for condition batam ୨୧ karna batam ada biaya cukai jadi kena pajak 18% yaa ୨୧ biaya pajak spay pas paket mau dikirim wts wtb photocard pc bts newjeans nj indomie postcard https://t.co/QoQw0Ma6ni","1922157778174362042","https://pbs.twimg.com/media/GqzgTf5XMAAQfc8.jpg","","in","","1","0","0","https://x.com/undefined/status/1922157778174362042","402465149",
"1921742150099755414","Mon May 12 16:02:32 +0000 2025","0","@tanyarlfes Indomie ramyeon yang biru asli itu pedes bukan yg pedes di idung doang ","1921959182762148346","","tanyarlfes","in","","0","0","0","https://x.com/undefined/status/1921959182762148346","1468776271513411584",
"1921932085620559957","Mon May 12 15:18:50 +0000 2025","0","@suncterry pls mawu sm junet mamam ramyeon indomie","1921948187264254151","","suncterry","in","","0","0","0","https://x.com/undefined/status/1921948187264254151","1627376403619680256",
"1921742150099755414","Mon May 12 10:52:18 +0000 2025","0","@tanyarlfes mie gaga 100 (kuah jalapeno) indomie (spicy ramyeon)","1921881111338115093","","tanyarlfes","in","","0","0","0","https://x.com/undefined/status/1921881111338115093","1163942189778362368",
"1921865706913587600","Mon May 12 09:53:52 +0000 2025","1","@boospresso indomie x popmie yg spicy ramyeon enaaaak","1921866408415085051","","boospresso","in","","0","1","0","https://x.com/undefined/status/1921866408415085051","1161860530694307841",
"1921844536893927907","Mon May 12 08:26:58 +0000 2025","0","Masa skrg beli indomie dapet pc NewJeans? ","1921844536893927907","","","in","","0","0","0","https://x.com/undefined/status/1921844536893927907","1460586262956425220",
"1921268912798257463","Sun May 11 16:13:37 +0000 2025","1","@orangitemm Indomie korean yg collab sama newjeans mas","1921599585413214513","","orangitemm","in","","0","1","0","https://x.com/undefined/status/1921599585413214513","1376948658868875266",
"1921545988398825944","Sun May 11 12:40:38 +0000 2025","0","GUSY JUJURLY MIE SEDAP&gt;&gt;&gt;&gt;INDOMIE MAAF UTK FANS NEWJEANS MAAF YAK (aku ituh)","1921545988398825944","","","in","","0","0","0","https://x.com/undefined/status/1921545988398825944","1464127566638460930",
"1921545856177651988","Sun May 11 12:40:07 +0000 2025","0","wtf no one told me kalo mie sedap lebih gak micin dr indomie kayak WOYYY BISA BISANYA W SEUMUR IDUP MAKAN INDOMIE ok mksi. No offense y mff utk pecinta newjeans(aku)","1921545856177651988","","","in","","0","3","0","https://x.com/undefined/status/1921545856177651988","1464127566638460930",
"1921540815303721337","Sun May 11 12:20:05 +0000 2025","1","Semua ramyeon ny dia jadi otot..... Indomie ku jd lemak.....","1921540815303721337","","","in","","0","0","0","https://x.com/undefined/status/1921540815303721337","1622217297225199617",
"1921533656977314242","Sun May 11 12:00:43 +0000 2025","0","@pharitakecil 8. indomie ayam geprek &amp; spicy ramyeon","1921535941409144862","","pharitakecil","in","","0","0","0","https://x.com/undefined/status/1921535941409144862","1537658702312112128",
"1921442309377253643","Sun May 11 05:48:39 +0000 2025","1","OPEN JASTIP K-FUN FEST X Indomilk Chitato Indomie (edisi Seventeen &amp; NewJeans) dp 20k/item | fee : 10k/item dom jakbar bisa co via oren pack 5k #zonauang #zonaba https://t.co/ZZdO4A8o9y","1921442309377253643","https://pbs.twimg.com/media/GqpVl9AawAAxQ5G.jpg","","in","","1","1","0","https://x.com/undefined/status/1921442309377253643","1771852789280575488",
"1921434060322218048","Sun May 11 05:15:53 +0000 2025","77","Ayo siapa yang kemarin ketinggalan? Jangan sampai ketinggalan lagi yaa~ Beli Indomie min. 35K (varian apa aja) di Super Indo/ Official Store &amp; dapetin Mini Postcard Set terbaru Indomie! Jgn lupa mainkan AR Filter seru yang ada di packagingnya! #Indomie #OhMyGooditsIndomie https://t.co/4WBXy7atfN","1921434060322218048","https://pbs.twimg.com/media/GqpOGEMacAAJwmB.jpg","","in","","0","168","62","https://x.com/undefined/status/1921434060322218048","31092279",
"1921429421254160798","Sun May 11 04:57:27 +0000 2025","0","OPEN JASTIP K-FUN FEST X Indomilk Chitato Indomie (edisi Seventeen &amp; NewJeans) dp 20k/item | fee : 10k/item dom jakbar bisa co via oren pack 5k . https://t.co/qqbD64Ncqe","1921429421254160798","https://pbs.twimg.com/media/GqpJ2tAX0AAfybI.jpg","","in","","0","1","0","https://x.com/undefined/status/1921429421254160798","1771852789280575488",
"1921054874847858968","Sat May 10 08:19:24 +0000 2025","0","@briankhrisna Ikut meramaikan #PERSIBDAY dengan seporsi indomie spicy ramyeon enak bgt . Wish me luck menang bukunya ️. Mie ayam fav https://t.co/uTYdyoNNVg","1921117859314389383","https://pbs.twimg.com/media/GqkugNFbcCIYk5D.jpg","briankhrisna","in","","0","0","0","https://x.com/undefined/status/1921117859314389383","1510137626984316929",
"1921113989016125581","Sat May 10 08:04:02 +0000 2025","7","Antara lagi mood makan indomie yg speciall edition ramyeon an sama emg gada duet jembt","1921113989016125581","","","in","","0","0","0","https://x.com/undefined/status/1921113989016125581","1732534241265901568",
"1920684538390261921","Sat May 10 06:22:56 +0000 2025","0","#everyvvonu_jastip secured 3 chitato + ls bag 2 indomilk 2 indomie yg masih mau jastip chitato (kecuali warna rqs) with ls bag indomie newjeans njz indomilk scoups wonwoo vernon cherry kucing bear bisa lgsng dm yah!! https://t.co/pB7K8ABDe6","1921088546149928994","https://pbs.twimg.com/media/GqkTzrpbcAI2KQe.jpg","everyvvonu","in","","1","2","0","https://x.com/undefined/status/1921088546149928994","1326511466027995142",
"1920905952137511421","Fri May 09 18:23:44 +0000 2025","0","@heesunnoona Udah paling bener emang Indomie aja gausa ramyeon ramyeon-an","1920907556509069463","","heesunnoona","in","","0","1","0","https://x.com/undefined/status/1920907556509069463","767240884614270980",
"1920905952137511421","Fri May 09 18:17:22 +0000 2025","0","Cloud egg aku lebih berhasil di Indomie dibandingkan di Shin ramyeon. https://t.co/FBZcp1BsOL","1920905952137511421","https://pbs.twimg.com/media/GqhtxUFWkAAjxH5.jpg","","in","","0","2","0","https://x.com/undefined/status/1920905952137511421","767240884614270980",
"1920800546631348388","Fri May 09 11:18:31 +0000 2025","0","up. jastip k-fun kvibes chitato cp indomie dan indomilk package fee jastip 10k (indomilk indomie) fee jastip 15k (chitato) bisa cod langsung sekitar jakbar bisa via oren atau gosend/grbxpress t. chitato rqs indomilk pvc bag vernon scoups wonwoo newjeans indomie","1920800546631348388","","","in","","0","0","1","https://x.com/undefined/status/1920800546631348388","1326511466027995142",
"1920799332846182802","Fri May 09 11:13:42 +0000 2025","1190"," Ada yang baru dari Indomie! Beli varian apa aja min. 35K di Super Indo dan Indomie official store kamu bisa dapet Mini Postcard Set terbaru dari Indomie &amp; NewJeans (5 foto member + 2 grup) Sudah beli jangan lupa buat main AR Filter seru! cuma sampai 31 Mei 2025 https://t.co/IWDgjSrsjS","1920799332846182802","https://pbs.twimg.com/media/GqgMzj_bsAAG9Wn.jpg","","in","","9","172","103","https://x.com/undefined/status/1920799332846182802","430845087",
"1920773206371082505","Fri May 09 09:29:53 +0000 2025","0","Newjeans tetiba indomie pulak dah","1920773206371082505","","","in","","0","0","0","https://x.com/undefined/status/1920773206371082505","511887138",
"1920771751522218173","Fri May 09 09:24:06 +0000 2025","12","Hai Indomielovers mau seru-seruan + dapet hadiah? Jangan lupa datang dan ajak Bestie Crush atau Keluarga Hari Sabtu &amp; Minggu 10 - 11 Mei 2025 ke K-FUN Fest di Tribeca Park Central Park Mall Jakarta yaah! #OhMyGoodItsIndomie https://t.co/JMU2iHQmmR","1920771751522218173","https://pbs.twimg.com/amplify_video_thumb/1920771685168373760/img/ttv1sK-HpYGOFCut.jpg","","in","","0","0","0","https://x.com/undefined/status/1920771751522218173","284428760",
"1920508811195961495","Thu May 08 15:59:16 +0000 2025","0","Indomie spicy ramyeon enak jg","1920508811195961495","","","in","","0","1","0","https://x.com/undefined/status/1920508811195961495","1644611410763337735",
"1920437066380554400","Thu May 08 11:14:11 +0000 2025","11","Indomielovers udah siap belum nyobain Authentic Taste yang Korea banget dan Playful Journey bareng Indomie Korean Ramyeon Series? Yuk datang ke K-FUN FEST Hari Sabtu &amp; Minggu 10 - 11 Mei 2025 di Tribeca Park Central Park Mall Jakarta! #OhMyGoodItsIndomie https://t.co/n92rqZnuHK","1920437066380554400","https://pbs.twimg.com/amplify_video_thumb/1920436992837382145/img/5Y_5T1h5IbfoN_p_.jpg","","in","","0","0","0","https://x.com/undefined/status/1920437066380554400","284428760",
"1920340632834592986","Thu May 08 04:50:59 +0000 2025","2","Hari ini Minji dari NewJeans membuat kejutan manis dengan mengunjungi birthday cafe event yang diselenggarakan oleh para penggemarnya. Dalam momen tersebut gadis kelahiran 7 Mei 2004 itu tidak lupa mempromosikan mempromosikan produk Indomie menunjukkan dukungannya secara https://t.co/j7FK8X519J","1920340632834592986","https://pbs.twimg.com/media/GqZrntWWoAAL-tX.jpg","","in","","0","0","0","https://x.com/undefined/status/1920340632834592986","430845087",
"1920134804349304943","Wed May 07 15:13:06 +0000 2025","10","Oh My Good! Indomie bareng Indomilk &amp; Chitato buat acara yang Korea banget nih! Yuk datang &amp; having FUN bareng di K-FUN FEST with Indomie Tanggal 10 - 11 Mei 2025 di Tribeca Park Central Park Jakarta! Tenang aja acaranya gratis!! #OhMyGoodItsIndomie https://t.co/dTNB9mYKMd","1920134804349304943","https://pbs.twimg.com/amplify_video_thumb/1920134717082664960/img/h466Bdly-HQdxMbI.jpg","","in","","1","0","2","https://x.com/undefined/status/1920134804349304943","284428760",
"1920064254595784856","Wed May 07 10:32:46 +0000 2025","0","Fak ramen ramyeon dan sejenisnya. Indomie paling enak sedunia.","1920064254595784856","","","in","","0","0","0","https://x.com/undefined/status/1920064254595784856","782015418",
"1920023774277079072","Wed May 07 10:32:33 +0000 2025","0","@holly111i @with_koma COY IYA LG ANJIR???? KURANG MECIN AJGGGG buat klen pecinta indomie mau yg mecin bgt indomie varian ayam geprek yg rasanya masih mecin bgt ges ayo cobain (dengan nada brand ambassador seperti newjeans)","1920064200556310705","","leitedeomca","in","","0","1","0","https://x.com/undefined/status/1920064200556310705","1679448843438678016",
"1920049146830213155","Wed May 07 09:32:44 +0000 2025","0","gua beli indomie kuah 100 rebu kirain dapet postcard newjeans ternyata harus beli yg GORENG ","1920049146830213155","","","in","","0","1","0","https://x.com/undefined/status/1920049146830213155","1214594254082723840",
"1920030272508105081","Wed May 07 08:39:51 +0000 2025","1","@newjeans_loop indomie seleraku iyah ga minj?","1920035842166489494","","newjeans_loop","in","","0","0","0","https://x.com/undefined/status/1920035842166489494","888704610",
"1919950249377857554","Wed May 07 05:31:36 +0000 2025","0","@newjeans_loop Ada Indomie coy","1919988464885604539","","newjeans_loop","in","","0","0","0","https://x.com/undefined/status/1919988464885604539","1041939036183461888",
"1919950249377857554","Wed May 07 04:07:19 +0000 2025","0","@newjeans_loop Ada indomie goreng cuy Minjiyaa sehat selalu yaaa","1919967256504655908","","newjeans_loop","in","","0","0","0","https://x.com/undefined/status/1919967256504655908","67866459",
"1919790008711667952","Tue May 06 16:23:00 +0000 2025","0","kimchi emang lebih masuk buat indomie spicy ramyeon daripada shin ramyeon https://t.co/5i6WwmfwHe","1919790008711667952","https://pbs.twimg.com/media/GqR21VAbQAAlzCm.jpg","","in","","0","0","0","https://x.com/undefined/status/1919790008711667952","815172133",
"1919678778013323661","Tue May 06 09:01:01 +0000 2025","0","Indomie x NewJeans dapet mini Postcard set Bisa cek disini https://t.co/swKqfBddXS https://t.co/Klng7R4POj","1919678778013323661","https://pbs.twimg.com/media/GqQRqoZbAAADOEF.jpg","","in","","0","0","0","https://x.com/undefined/status/1919678778013323661","808578305561624576",
"1919506355620348305","Mon May 05 21:35:52 +0000 2025","0","akhirnya memberanikan diri mencoba spicy ramyeon indomie. rasanya 8/10 namun aku tidak menyukainya karena pedas.","1919506355620348305","","","in","","0","1","0","https://x.com/undefined/status/1919506355620348305","2759024542",
"1919384141994369229","Mon May 05 13:33:02 +0000 2025","0","@DeathRails iyaa tadi abis makan indomie newjeans","1919384844653777024","","DeathRails","in","","0","1","0","https://x.com/undefined/status/1919384844653777024","2240729012",
"1919359212347691452","Mon May 05 11:51:10 +0000 2025","0","trying indomie x newjeans yang varian k rose oh god ternyata emang lidah gue gak bisa menyatu dengan yang bau bau carbonara atau rose gitu kecuali rose tokpokinya red dog :) indomie nomor satu masih aceh ","1919359212347691452","","","in","","0","0","0","https://x.com/undefined/status/1919359212347691452","1371310246174486528",
"1919337518345891949","Mon May 05 10:24:58 +0000 2025","13","Yeyyy akhirnya postcard Indomie x MHDHH aku sampai #OhMyGoodItsIndomie https://t.co/d8Xk0tPVxk","1919337518345891949","https://pbs.twimg.com/media/GqLbS95asAAAVH8.jpg","","in","","0","0","0","https://x.com/undefined/status/1919337518345891949","1702000200733335552",
"1919335575649173543","Mon May 05 10:22:44 +0000 2025","0","@skeloveska ada indomie collab newjeans itu","1919336957739425989","","skeloveska","in","","0","0","0","https://x.com/undefined/status/1919336957739425989","1415737573645770755",
"1919253051874955352","Mon May 05 04:49:20 +0000 2025","0","saatnya mencoba indomie spicy ramyeon ntu","1919253051874955352","","","in","","1","0","0","https://x.com/undefined/status/1919253051874955352","1572044911",
"1644022278764777473","Sun May 04 18:02:27 +0000 2025","1","#93 Indomie Korean Series Spicy Ramyeon. A nongshim wannabe yang rasanya tentu belum bisa menyamakan nongshim. Tapi dari harga anggap saja ini versi bpjs nya yang masih bisa dijangkau kalau lagi kepengen nongshim di akhir bulan. 7/10 https://t.co/O7GPKYnbln","1919090258102059309","https://pbs.twimg.com/media/GqH6a2VaoAAMsyQ.jpg","dekinoreborn","in","","0","1","0","https://x.com/undefined/status/1919090258102059309","1111585585955663872",
"1918654572823994384","Sat May 03 13:11:11 +0000 2025","1","wts postcard newjeans | indomie x new jeans bisa co di oren #wts #NewJeans #photocard https://t.co/Axa2w4qn5o","1918654572823994384","https://pbs.twimg.com/media/GqBuJ7baYAAXmve.jpg","","in","","0","0","0","https://x.com/undefined/status/1918654572823994384","1201147921925734401",
"1918629465154032068","Sat May 03 11:31:25 +0000 2025","0","indomie spivy ramyeon pedes banget tapi spicy chicken ga ada pedesnya samsek. spicy ramyeon masi masuk di lidah ak tapi spicy chicken issa no no skrng ak bingung gimana ngabisinnya","1918629465154032068","","","in","","0","0","0","https://x.com/undefined/status/1918629465154032068","1782608614571823104",
"1918623436328640526","Sat May 03 11:07:28 +0000 2025","4","Ya lo bawa² logical fallacy Gw tanya skrng lo masih mempermasalahkan indomie X Newjeans itu kan ? Gw dritadi baca mana ada lo bawa2 ador. Touch some grass","1918623436328640526","","","in","","0","0","0","https://x.com/undefined/status/1918623436328640526","1878067916593303552",
"1918291651874963923","Fri May 02 13:47:24 +0000 2025","0","@minjisuroboyo Ga konsisten apa njir Ya emg jarang mention newjeans cuma nama member Plus yg gw suruh tuntut krn ngadain survey lewat third party Lagian akhirnya sempet ditakedown artinya indomie_kr aware sama pengumuman ador ttg masalah survei2 itu probably udh solved+ kontakan sm ador","1918301299449495920","","minjisuroboyo","in","","0","0","0","https://x.com/undefined/status/1918301299449495920","1853052436925353984",
"1918224782375698688","Fri May 02 13:27:02 +0000 2025","0","@dontbebIu @wndfJIHYE Ko kocak lu melenceng kemana2 KALAU-pun indomie ngerasa DIRUGIIN atas situasi sengketa hukum antara njz sama ador Indomie BISA nuntut ke ador atas tidak kondusif situasi promosi brand indomie dgn newjeans ","1918296174148374713","","dontbebIu","in","","0","0","0","https://x.com/undefined/status/1918296174148374713","1853052436925353984",
"1918224782375698688","Fri May 02 12:52:14 +0000 2025","0","@dontbebIu @wndfJIHYE Terus apa ngaruhnya indomie yg teken sm manajemen lama? Lu kira indomie kaya newjeans?? Ngebatalin kontrak/ga ngehormati ador AS company/agency; krn ganti manajemen didalamnya ","1918287414768136349","","dontbebIu","in","","0","1","0","https://x.com/undefined/status/1918287414768136349","1853052436925353984",
"1918008968276021447","Fri May 02 12:31:31 +0000 2025","5","@722whp @Ayrien_Kim Lihat ig nya indomie wkwk. Udh jelas² Indomie | NewJeans https://t.co/cE7W6RB4aD","1918282202737185056","https://pbs.twimg.com/media/Gp8bXeEboAAGTdF.jpg","722whp","in","","0","0","0","https://x.com/undefined/status/1918282202737185056","3038820883",
"1918224782375698688","Fri May 02 12:16:06 +0000 2025","0","@dontbebIu @wndfJIHYE Ador scr hukum pny copyright atas brand newjeans Tp setelah ador ngumumin kalo tindakan njz illegal mengganti nama sepihak sblm proses hukum indomie ttp nulis nama member doang 2) yg gw tulis itu tuntut krn pake pihak KETIGA utk survei BUKAN tuntut krn ngadai event blok ️","1918278323979075765","","dontbebIu","in","","0","1","0","https://x.com/undefined/status/1918278323979075765","1853052436925353984",
"1918270138912260198","Fri May 02 11:43:35 +0000 2025","0","Indomie yang spicy ramyeon enak banget pls https://t.co/5HmDmp7maK","1918270138912260198","https://pbs.twimg.com/media/Gp8QhOnbwAAlRHc.jpg","","in","","0","0","0","https://x.com/undefined/status/1918270138912260198","981573225699164162",
"1918160996226744752","Fri May 02 04:29:53 +0000 2025","0","3. Shin ramyeon 2. Mie yamin 1. Indomie goreng jumbo keriting","1918160996226744752","","","in","","0","0","0","https://x.com/undefined/status/1918160996226744752","1243250647991848961",
"1918158166715756681","Fri May 02 04:18:39 +0000 2025","0","pake tas mission no.9? entar aku bawa tas pvc indomie newjeans","1918158166715756681","","","in","","0","0","0","https://x.com/undefined/status/1918158166715756681","819579811391631360",
"1903785422435549577","Fri May 02 02:55:27 +0000 2025","1","@nanabuntoori @Indomielovers emang ga makan indomie yang korean ramyeon series wkwkwk enek liat muka2 orang ga tau diri WKWKW","1918137229400281281","","nanabuntoori","in","","0","1","0","https://x.com/undefined/status/1918137229400281281","565162274",
"1918010546697412804","Thu May 01 18:32:03 +0000 2025","0","postcard newjeans yg indomie sedus bjir banyak banget niiii mo gua buka in sayang","1918010546697412804","","","in","","0","1","0","https://x.com/undefined/status/1918010546697412804","929912261505794048",
"1917992351655719379","Thu May 01 17:25:12 +0000 2025","0","@woongandpie semenjak kena trauma maag dari indomie aku dah ga gitu doyan indomie lagi sih (ramyeon kadang masih tapi karena mahal suka mikir juga kalo mau beli wkwkwkwk)","1917993722530398487","","woongandpie","in","","0","1","0","https://x.com/undefined/status/1917993722530398487","3242115217",
"1917964165593137519","Thu May 01 15:27:45 +0000 2025","0","indomie goreng indomie ramyeon indomie ayam bawang","1917964165593137519","","","in","","0","0","0","https://x.com/undefined/status/1917964165593137519","1659879983739985923",
"1917941830970445956","Thu May 01 14:38:19 +0000 2025","0","Bahkan u know.. Indomie... Dari akhir tahun lalu mereka hubungin beberapa fanbase NewJeans. Bahkan ajakin zoom meeting. Terus yg baru kemarin sama tim bunnies dan meskipun ada kendala dari ADOR dan bbrp komentar negatif dari haters acaranya tetap berjalan dengan lancar","1917951724251480434","","onevzaa","in","","0","1","0","https://x.com/undefined/status/1917951724251480434","1493843002153787394",
"1917929691744501874","Thu May 01 13:10:46 +0000 2025","588"," Kasian CK putusin kontraknya sama NJ gara gara rebranding jadi NJZ *Gak lama langsung kolab official dan gak pake nama NewJeans tapi pake nama member Pop up Indomie batal dan ador bisa nuntut Indomie kalo maksa buat acaranya Acara tetep jadi dan iklan di mana mana ","1917929691744501874","","","in","","4","4","98","https://x.com/undefined/status/1917929691744501874","1886977692387696640",
"1917913258356605170","Thu May 01 12:18:16 +0000 2025","7","@maewishie tapi karna emg pop up indomie newjeans ini ada disleuruh dunia dan legal tetep di buka meskipun udah dibikin medplay sama diserang buzzer kuning segala macem maju terus indofood nih tweet ador dan team bunnies https://t.co/L6WN4pnZzM https://t.co/SxjQRy96TP","1917916477946306887","","gcrlhyein","in","","0","0","0","https://x.com/undefined/status/1917916477946306887","2795641115",
"1917908359690559863","Thu May 01 12:00:35 +0000 2025","0","@munvess 1 indomie soto medan 2 indomie ayam bawang 3 shin ramyeon","1917912029303898432","","munvess","in","","0","0","0","https://x.com/undefined/status/1917912029303898432","1554808207637303297",
"1917886509568704981","Thu May 01 10:19:11 +0000 2025","0","#nwask cinta ada yang tau ga newjeans x indomie postcard yg ver 2 ini dimana dapetnya https://t.co/FbrSiQNBOg","1917886509568704981","https://pbs.twimg.com/media/Gp2zndsbIAAAnum.jpg","","in","","0","0","0","https://x.com/undefined/status/1917886509568704981","1876212558375665664",
"1917879208107454873","Thu May 01 09:50:10 +0000 2025","0","indomie keluarin postcard newjeans baru lagi ada di shopee atau tiktok shop https://t.co/X99cIceWoa https://t.co/iuY2HCoggv","1917879208107454873","https://pbs.twimg.com/media/Gp2s-GCbUAAJklL.jpg","","in","","0","0","0","https://x.com/undefined/status/1917879208107454873","1371132820937080832",
"1917861404193026170","Thu May 01 08:39:25 +0000 2025","0","BURUAN beli indomie bisa langsung dapet Mini Postcard Set Indomie x NewJeans NJZ https://t.co/0i9xoZHqe0 https://t.co/wHdUXtgF3n","1917861404193026170","https://pbs.twimg.com/media/Gp2cxsMawAA29IC.jpg","","in","","0","0","0","https://x.com/undefined/status/1917861404193026170","808578305561624576",
"1917823318599819659","Thu May 01 06:08:05 +0000 2025","6","enak banget bjil fiery chikin dibikin nyemek #OhMyGoodItsIndomie https://t.co/gxfBlMDvnV","1917823318599819659","https://pbs.twimg.com/media/Gp16HOpaYAAC4S0.jpg","","in","","0","0","0","https://x.com/undefined/status/1917823318599819659","1504114060337446916",
"1917796447048851741","Thu May 01 06:07:36 +0000 2025","0","@fenziel ahh gituu jd beli 40 tuh semuany indomie korean ramyeon kh byy?? atau dicampur sm indomie yg biasa?","1917823199150235873","","","in","","0","0","0","https://x.com/undefined/status/1917823199150235873","1243527271341678595",
"1917757128527286416","Thu May 01 01:52:26 +0000 2025","0","@FOODFESS2 mie korean ramyeon (indomie korean series yg biru sama sosis) beuh enak bgt https://t.co/vRu5PR23fP","1917758982107849152","https://pbs.twimg.com/media/Gp0_oHlaYAACyG1.jpg","FOODFESS2","in","","0","0","0","https://x.com/undefined/status/1917758982107849152","242691538",
"1917616887019794786","Wed Apr 30 16:27:48 +0000 2025","0","guys ada yang nyari postcard newjeans indomie atau pc itzy skz ultramilk gak?? gue punya banyak banget yang mau adopsi boleh bangett","1917616887019794786","","","in","","0","2","0","https://x.com/undefined/status/1917616887019794786","1534026641889845248",
"1917245262105657779","Tue Apr 29 15:51:05 +0000 2025","0","1. indomie mie goreng 2. shin ramyeon 3. samyang","1917245262105657779","","","in","","0","0","0","https://x.com/undefined/status/1917245262105657779","1583038069523247104",
"1916114079678185709","Tue Apr 29 07:28:26 +0000 2025","0","@Listalivia @Snper22 tanya karena ga ngikutin jadi indomie collab ma newjeans tu ga lewat ador???","1917118764912677297","","Listalivia","in","","0","1","0","https://x.com/undefined/status/1917118764912677297","418276741",
"1917063234554892410","Tue Apr 29 04:12:02 +0000 2025","0","@ednmza rawon juga enak! indomie newjeans yang ramen itu? paling enak yang mana din?","1917069340643659987","","ednmza","in","","0","1","0","https://x.com/undefined/status/1917069340643659987","1539222155564810240",
"1917063234554892410","Tue Apr 29 04:10:10 +0000 2025","0","@dhirggi UDAH PERNAH. Itu enak bangeet yang rawon juga enaaak tapi aku lagi suka Indomie NEWJEANS WKWKWKWK.","1917068870604685705","","dhirggi","in","","0","1","0","https://x.com/undefined/status/1917068870604685705","1579801287654137857",
"1916770119985901877","Mon Apr 28 08:23:03 +0000 2025","0","Ternyata Indomie kprean spicy ramyeon enaaaaaaak bgt hehe","1916770119985901877","","","in","","0","0","0","https://x.com/undefined/status/1916770119985901877","1603059799",
"1916057067338551496","Mon Apr 28 04:53:30 +0000 2025","1","@Danielkyugf @etaernalmin @daratatawarning @a1071364 @Indomielovers Kayaknya brand Indomie udah terlalu besar sih untuk sekedar hancur keseret NewJeans. Kecuali ADOR atau pengadilan Korea mau menegur Indomie karena lancang melangkahi keputusan hukum pengadilan Republik Korean.","1916717388583895323","","weirdpastelrest","in","","0","1","0","https://x.com/undefined/status/1916717388583895323","1466864464758657025",
"1851857429736362388","Sun Apr 27 20:46:42 +0000 2025","0","@Indomielovers Lagi rame nih di korea katanya Indomie batalin iklan bareng NewJeans ini hahaha.","1916594879809065437","","Indomielovers","in","","0","0","0","https://x.com/undefined/status/1916594879809065437","538184084",
"1916115301969858713","Sun Apr 27 14:15:32 +0000 2025","0","@Melody_doremi3 nah form itu untuk data demografi konsumen yg ada di korea. karena ini pop up store indomie x newjeans pertama di korea jadi indomie butuh data perkiraan berapa banyak stok yg harus dijual disana. nah nanti yg po bisa beli lewat email yg dicantumkan di form setelah dapat notif","1916496437115789524","","onevzaa","in","","0","0","0","https://x.com/undefined/status/1916496437115789524","1493843002153787394",
"1916115301969858713","Sun Apr 27 14:11:25 +0000 2025","0","@Melody_doremi3 fyi team bunnies ini akun fanbase newjeans kak yg ada di korea. nah acara indomie ini kan nggak cuma di korea aja tapi diluar korea juga ada. tahun lalu juga indomie vietnam hubungin fanbase newjeans fund dan diajak zoom bareng juga. jadi bukan bunnies duluan hubungin indomie","1916495405090767148","","Melody_doremi3","in","","0","1","0","https://x.com/undefined/status/1916495405090767148","1493843002153787394",
"1916115301969858713","Sun Apr 27 14:07:30 +0000 2025","0","@Listalivia @Melody_doremi3 ngurusin transaksi bisnis newjeans terus2an whenn? source please. yg indomie itu jg nggak cuma team bunnies tapi indomie hubungin akun fanbase newjeans lain diajak zoom bareng juga","1916494418745721322","","Listalivia","in","","0","0","0","https://x.com/undefined/status/1916494418745721322","1493843002153787394",
"1916078825940668890","Sun Apr 27 10:38:46 +0000 2025","0","@ChinguStars @Listalivia @Snper22 @Listalivia @Snper22 Ya bener. Pop-up store NewJeans x Indomie resmi di Seoul (1-13 Mei 2025) tapi ada akun fan tidak resmi seperti Team Bunnies yang coba kumpulin data pribadi lewat survei tanpa izin ADOR. Indomie hapus iklan karena aturan hukum yang batasi aktivitas","1916441887277453687","","ChinguStars","in","","0","0","0","https://x.com/undefined/status/1916441887277453687","1720665183188922368",
"1916078825940668890","Sun Apr 27 08:30:46 +0000 2025","1","@screwp0cket @Listalivia @emgmales @Snper22 Yaelah kalo mau bicara masalah hukum sekalian aja noh brand CK yg gaet mereka tanpa embel2 NewJeans itu kan pake pake nama PERSONAL MEMBER sekalian tuntut brand CK nya wkwkwkwk klo Indomie x NJ apakah mau dilaporkan juga?? Kan mereka pake embel2 NJ ","1916409673760096464","","screwp0cket","in","","0","1","0","https://x.com/undefined/status/1916409673760096464","1637333654111387648",
"1916078825940668890","Sun Apr 27 08:13:47 +0000 2025","6","@Snper22 Lalu berita penjualan ramen limited edition NewJeans sudah dihapus Indomie dan Indofood.","1916405403073626522","","Listalivia","in","","0","0","0","https://x.com/undefined/status/1916405403073626522","1466864464758657025",
"1916379798881870218","Sun Apr 27 06:32:03 +0000 2025","0","nggak salah kontak kok mereka juga hubungin newjeans fund vietnam + bbrp akun fanbase newjeans dan diajak zoom bareng buat diskusi terkait promosi indomie ini","1916379798881870218","","","in","","0","2","0","https://x.com/undefined/status/1916379798881870218","1493843002153787394",
"1916078825940668890","Sun Apr 27 05:02:39 +0000 2025","0","@emgmales @Snper22 Mereka kan mesti balik modal abis ngabisin duit buat Newjeans. Nah ini upaya mereka ngabisin stok. Indomie sendiri nggak majang ramen NJ di etalase di toko-toko berbagai kota besar di Indonesia malah diem-diem suruh toko Popmie di Korsel beli dan mau diimporin aja ke sana.","1916357299687592005","","emgmales","in","","1","1","0","https://x.com/undefined/status/1916357299687592005","1466864464758657025",
"1916320669740240957","Sun Apr 27 02:37:05 +0000 2025","0","Wkwk asli lu bisa banget NUNTUT indomie tau dor 1) almost never using newjeans 2) ngadain event tp ngontak pihak ketiga buat so called survei buat estimasi ketersediaan produk","1916320669740240957","","","in","","0","0","0","https://x.com/undefined/status/1916320669740240957","1853052436925353984",
"1916276755742232855","Sat Apr 26 23:42:35 +0000 2025","18","anying haters makin kesini makin ga nyambung beli indomie newjeans nanti data pembeli di pake ador teh apaaa coba","1916276755742232855","","","in","","0","3","0","https://x.com/undefined/status/1916276755742232855","1782072642423697408",
"1916247598819906018","Sat Apr 26 21:46:44 +0000 2025","0","ADOR vs. #TeamBunnies: Kontroversi Survei #Indomie Pop-Up Store Picu Kebingungan di Kalangan Fans #NewJeans Read More: https://t.co/wREjJbRrLI -KGaeul https://t.co/ynfTPGZtzL","1916247598819906018","https://pbs.twimg.com/media/GpfhB2YbwAEdoOD.jpg","","in","","0","0","0","https://x.com/undefined/status/1916247598819906018","1687094580670615552",
"1916125984056873190","Sat Apr 26 18:26:37 +0000 2025","1","@flyhigharies Ngga kak ini tuh cuman pendataan biasa kayak survei kepuasan indomie x newjeans di korea. Di Indonesia ngga kenapa2 kok","1916197237459390553","","flyhigharies","in","","0","0","0","https://x.com/undefined/status/1916197237459390553","1878067916593303552",
"1916107801132470395","Sat Apr 26 17:13:58 +0000 2025","3","@_Crescentmoon7 emg iyh penyalahan kontrak min? @Indomielovers survey cm diminta email sm kuantiti mau beli brp udh byk popup store indomie x newjeans di berbagai negara lwt fanbase research dlu deh ya","1916178957256561035","","_Crescentmoon7","in","","0","1","0","https://x.com/undefined/status/1916178957256561035","741495831396655105",
"1916152487570190576","Sat Apr 26 15:45:19 +0000 2025","0","@haetokkies Emang pernah beli indomie newjeans mba/masnya nanyin data diri? ","1916156644364587143","","haetokkies","in","","0","1","0","https://x.com/undefined/status/1916156644364587143","1863197291823423488",
"1916152487570190576","Sat Apr 26 15:28:48 +0000 2025","157","Serius nanya emang beli indomie x newjeans sama kasirnya ditanyain nama kamu siapa kah","1916152487570190576","","","in","","0","9","9","https://x.com/undefined/status/1916152487570190576","3269921683",
"1916019390061097285","Sat Apr 26 14:16:44 +0000 2025","0","@minjisuroboyo @alldoorsoneroom Ada bukti ngak ? Mereka Indomie melalui ador lah pertanyaan gw team bunnies itu legal ngak ? Ingat keputusan pengadilan semua kegiatan newjeans di bawah ador","1916134353605984338","","minjisuroboyo","in","","0","1","0","https://x.com/undefined/status/1916134353605984338","1372867077346791427",
"1916078825940668890","Sat Apr 26 13:58:46 +0000 2025","11","@songyunikeenayk @Snper22 Hai @Snper22! Iklan Indomie x NewJeans dihapus kemungkinan karena dipromosikan oleh akun fan (Team Bunnies) bukan saluran resmi yang menimbulkan kebingungan. ADOR sudah konfirmasi pop-up store di Seoul (1-13 Mei 2025) itu resmi tapi mereka tidak setuju dengan promosi akun fan.","1916129833647759764","","songyunikeenayk","in","","0","1","0","https://x.com/undefined/status/1916129833647759764","1720665183188922368",
"1916078825940668890","Sat Apr 26 13:17:03 +0000 2025","16","@Rafifjkt @Snper22 Mereka mah terserah. Tapi Indofood aja lagi cuci tangan dari NJ dan ngabisin stok. Itu kan Indomie lagi nyelenggarain promosi Popmie goreng di seluruh toko mereka di dunia tapi ramen NewJeans malah dijual online PO ke Bunnies bukannya dipajang di pagelaran seluruh dunia mereka","1916119333903937603","","Rafifjkt","in","","0","2","0","https://x.com/undefined/status/1916119333903937603","1466864464758657025",
"1916115301969858713","Sat Apr 26 13:09:12 +0000 2025","0","@Melody_doremi3 Betul hati-hati kalau mau beli Kak. Lebih baik tunggu PO dari Indomie. Kan aneh Team Bunnies tiba-tiba bilang butuh data pribadi. Untuk apa coba data pribadi kalian yang cuma mau beli ramen NewJeans? Iyaa sama-sama Kak ","1916117359766725082","","Melody_doremi3","in","","1","1","0","https://x.com/undefined/status/1916117359766725082","1466864464758657025",
"1916078825940668890","Sat Apr 26 12:56:55 +0000 2025","177","@Snper22 Teman-teman dari Indonesia hari-hari sekali ya kalau mau beli ramen NewJeans Indomie. Data pribadi kalian dikumpulin lho oleh Team Bunnies dan ADOR menyatakan mereka tidak terlibat maka kalau data pribadi kalian disalahgunakan Team Bunnies jangan ngamuk bg nanti sama ADOR. https://t.co/zrVRRoiPIO","1916114265368629351","https://pbs.twimg.com/media/GpdnwwxakAAMqAT.jpg","Snper22","in","","101","26","10","https://x.com/undefined/status/1916114265368629351","1466864464758657025",
"1916057067338551496","Sat Apr 26 12:36:19 +0000 2025","13","@daratatawarning @a1071364 @Indomielovers Jadi [5] Indomie gak salah. Mereka lagi berusaha nyelametin duit mereka dengan segala cara memastikan ramen NewJeans terjual dan duit kembali dari hasil PO. Yang salah Team Bunnies. Pengadilan dan putusan hakim melarang NJ/pihak ketiga melakukan aktivitas bisnis di luar ADOR.","1916109082567839813","","daratatawarning","in","","0","1","0","https://x.com/undefined/status/1916109082567839813","1466864464758657025",
"1916057067338551496","Sat Apr 26 12:30:18 +0000 2025","7","@daratatawarning @a1071364 @Indomielovers Kalem Kak. Jadi gini ceritanya: [1] Di seluruh dunia lagi ada pagelaran popup store Indomie Popmie goreng. Nah Indofood sama importir Indomie tuh nanya ke popup store di Korea nawarin mau gak beli stok mienya NewJeans tapi open PO....","1916107567744364588","","daratatawarning","in","","1","0","0","https://x.com/undefined/status/1916107567744364588","1466864464758657025",
"1916030604698677734","Sat Apr 26 12:17:10 +0000 2025","0","@Snper22 Team Bunnies pula yang ngadain survey PO. Berapa nih fans NJ yang mau beli Indomie? Mereka bilang cuma nanya data pribadi pembeli untuk pengiriman mau tahu seberapa banyak jumlah mie yang butuh dipesen setelah tahu lewat survey seberapa banyak fans NJ mau beli ramen NewJeans.","1916104261605462250","","Listalivia","in","","0","0","0","https://x.com/undefined/status/1916104261605462250","1466864464758657025",
"1916030604698677734","Sat Apr 26 12:08:47 +0000 2025","9","@Snper22 Buat yang orang Indonesia: Indomie tampaknya berupaya menghabiskan stock Ramen NewJeans mereka pakai kata-kata sopan dalam melakukan penjualan mendahulukan Bunnies dengan PO duluan secara eksklusif. Bahasa mudahnya https://t.co/qmyKSe5jBb","1916102154840117415","https://pbs.twimg.com/media/GpdcZtjbEAId9c5.jpg","Snper22","in","","0","7","0","https://x.com/undefined/status/1916102154840117415","1466864464758657025",
"1916024576300945587","Sat Apr 26 07:00:31 +0000 2025","0","Indomie x NewJeans: Toko Pop Up Resmi Dikonfirmasi ADOR Peringatkan #Bunnies Soal Penipuan Data Pribadi! #Kpop #ADOR #NewJeans #Indomie Selengkapnya https://t.co/NkdpaTeCpY -K.Gaeul https://t.co/A8CSorqRS7","1916024576300945587","https://pbs.twimg.com/media/GpcWMGqbEAILiqw.jpg","","in","","0","0","0","https://x.com/undefined/status/1916024576300945587","1687094580670615552",
"1916024006253408545","Sat Apr 26 06:58:15 +0000 2025","2","Kontroversi Toko Pop Up Indomie x NewJeans: ADOR Angkat Bicara Soal Brand Ambassador dan Informasi di Luar Akun Resmi #NewJeans https://t.co/mjtBKnAMvH","1916024006253408545","","","in","","0","0","0","https://x.com/undefined/status/1916024006253408545","972179486",
"1916010648133341605","Sat Apr 26 06:05:10 +0000 2025","0","ADOR Peringatkan Akun Fan Tidak Resmi #NewJeans Terkait Survei Data Pribadi Sementara #TeamBunnies Terlibat dalam Promosi #PopUpStore #Indomie di Tengah Konflik dengan #ADOR Selengkapnya https://t.co/NdiiRBairN -K.Gaeul https://t.co/yxYFnvu664","1916010648133341605","https://pbs.twimg.com/media/GpcJhW_bEAEz_NX.jpg","","in","","0","0","0","https://x.com/undefined/status/1916010648133341605","1687094580670615552",
"1916005974772748350","Sat Apr 26 05:46:36 +0000 2025","0","Kontroversi Pop-Up Indomie #NewJeans: Antara Dukungan #ADOR dan Kekhawatiran Pengumpulan Data Pribadi #Fans Selengkapnya https://t.co/3vp3ms1bWR -K.Gaeul https://t.co/9eZ2Bs6i86","1916005974772748350","https://pbs.twimg.com/media/GpcFRZxagAAfabn.jpg","","in","","0","0","0","https://x.com/undefined/status/1916005974772748350","1687094580670615552",
"1915825414427316341","Fri Apr 25 17:49:07 +0000 2025","0","#NewJeans x #Indomie Mi Goreng: Pop-Up Store Eksklusif di Seoul Bunnies Merapat! Selengkapnya https://t.co/7PuakFPd29 -K.Gaeul https://t.co/5DlS6UJNH9","1915825414427316341","https://pbs.twimg.com/media/GpZhDWHbEAEu_DT.jpg","","in","","0","0","0","https://x.com/undefined/status/1915825414427316341","1687094580670615552",
"1915824624082030601","Fri Apr 25 17:45:59 +0000 2025","1","Indomie X NJZ: Kebocoran Pop-Up Store Seoul oleh Akun Fans Picu Pertanyaan #Indomie #NewJeans #ADOR #TeamBunnies #PopUpStore #Seoul Selengkapnya https://t.co/BuNGnLQOro -K.Gaeul https://t.co/pzTPkNMZnX","1915824624082030601","https://pbs.twimg.com/media/GpZgVYqbEAIJY_7.jpg","","in","","0","0","0","https://x.com/undefined/status/1915824624082030601","1687094580670615552",
"1915757894580211999","Fri Apr 25 13:20:49 +0000 2025","0","mam malam pake nasi + ayam tepung spicy ala korea mamasuka + indomie tori miso dicampur spicy ramyeon https://t.co/QAgpCHvY4o","1915757894580211999","https://pbs.twimg.com/media/GpYjplEbEAAsFRu.jpg","","in","","0","0","0","https://x.com/undefined/status/1915757894580211999","1809835001359527936",
"1915726711305420929","Fri Apr 25 11:28:03 +0000 2025","0","@Bamtan97 Naspad didukung Atau kalau indomie yang ramyeon aja pake cabe rawit lagi Mantap ","1915729512710701116","","Bamtan97","in","","0","1","0","https://x.com/undefined/status/1915729512710701116","1553024044370300928",
"1915687718119715014","Fri Apr 25 08:41:58 +0000 2025","38","Di Kereta Api udah bisa masak Indomie Ramyeon Odeng &amp; Bakso 2 biji! Argo Semeru 29k Persediaan terbatas ya paling cuma ada 20gt jadi kalo mau langsung beli pas naik. Masak pake mesin tinggal scan nanti airnya keluar sendiri dan otomatis masak &amp; berhenti sendiri! https://t.co/SqQ7v6POsC","1915687718119715014","https://pbs.twimg.com/media/GpXj0buawAAh4mK.jpg","","in","","0","4","1","https://x.com/undefined/status/1915687718119715014","379008920",
"1915405156558266791","Thu Apr 24 13:59:10 +0000 2025","0","Indomie aceh indomie takoyaki (tp udh gak produksi) indomie spicy ramyeon soup noodle gekikara ramen carbonara","1915405156558266791","","","in","","0","0","0","https://x.com/undefined/status/1915405156558266791","1061922167007264768",
"1915378086788686079","Thu Apr 24 12:11:36 +0000 2025","0","Gamau nonton reality show yg ada makan ramyeon nya aku dah puasa indomie 3 minggu moga ttp kuat","1915378086788686079","","","in","","0","0","0","https://x.com/undefined/status/1915378086788686079","1394148690143502337",
"1915365412373463361","Thu Apr 24 11:21:14 +0000 2025","0","selain samyang carbonara indomie ramyeon yg biru tuh enak banget sumpil kaya rasa shin ramyun tp lebih enak menurut gue ","1915365412373463361","","","in","","0","0","0","https://x.com/undefined/status/1915365412373463361","1755971986076110848",
"1915102350811000994","Wed Apr 23 17:55:55 +0000 2025","0","- shin ramyeon - indomie aceh + indomie rendang - sedaap kari special + sedaap rawit","1915102350811000994","","","in","","0","0","0","https://x.com/undefined/status/1915102350811000994","1318605568093814789",
"1914690421923713184","Tue Apr 22 15:33:38 +0000 2025","0","@Saiberkrimjkt iyakah? lain kali deh aku ambil indomie spicy ramyeōn sama torikara tadi","1914704154125385996","","Saiberkrimjkt","in","","0","0","0","https://x.com/undefined/status/1914704154125385996","1840078670687547399",
"1914643196086489204","Tue Apr 22 11:36:22 +0000 2025","0","@whimsocal mie gaga atauga indomie yang spicy ramyeon. kalaau suka berkuah bisa coba shin ramyun atau gekikara ramen","1914644445665853620","","whimsocal","in","","0","1","0","https://x.com/undefined/status/1914644445665853620","1325759242981158912",
"1914353901035540943","Mon Apr 21 16:21:51 +0000 2025","0","Indomie k-rose enak bgt fawk no.2 setelah spicy ramyeon","1914353901035540943","","","in","","0","0","0","https://x.com/undefined/status/1914353901035540943","1502566519108415488",
"1914288215642747175","Mon Apr 21 13:43:29 +0000 2025","0","cukub ngeongnya jawaban benarnya dia mau mie indomie newjeans dan pepero newjeans di rak makanan instan ya ^^ yang jawabnya ke rak makanan instan betul yang lain salah nyebut mie + pepero: + 50 nyebut salah satu mie/pepero: +25 ngeong: +30 like dan rt tambahin ky sblmnya https://t.co/0OOvx0Q6Zq","1914314045823570418","https://pbs.twimg.com/media/GpECJbEbQAAq3Nf.png","RantauSelasa","in","","10","1","0","https://x.com/undefined/status/1914314045823570418","758188934111301632",
"1914141561929302132","Mon Apr 21 02:18:06 +0000 2025","0","Habis nyoba indomie spicy ramyeon dan menurut aku bukan jadi mie yang akan aku stock setiap belanja bulanan. Rasanya bagi aku kaya pop mie ver bakso tp kental atau mungkin aku bisa salah menginterpretasikan rasanya tp pas mencoba kuahnya itu yg pertama kali muncul di pikiran. https://t.co/y6GRtbbOZt","1914141561929302132","https://pbs.twimg.com/media/GpBlm20aoAAjGTq.jpg","","in","","0","0","0","https://x.com/undefined/status/1914141561929302132","1283092780919648256",
"1913609924661354702","Sat Apr 19 15:05:33 +0000 2025","0","Mau makan tahu baxo yg dikasih muridku dr semarang pake kuah sisa indomie spicy ramyeon tp ku simpen di freezer &amp; struggling bgt buat defrostnya akhirnya nyerah....lalu masukin nugget ","1913609924661354702","","","in","","1","0","0","https://x.com/undefined/status/1913609924661354702","1865710375758684160",
"1913602914314321969","Sat Apr 19 14:37:42 +0000 2025","0","Menurut kalian mendingan Indomie Mie Goreng atau Shin Ramyeon?","1913602914314321969","","","in","","0","1","0","https://x.com/undefined/status/1913602914314321969","420981971",
"1913561754334089660","Sat Apr 19 11:54:09 +0000 2025","0","1. Indomie goreng aceh 2. Indomie soto 3. Indomie ramyun newjeans","1913561754334089660","","","in","","0","0","0","https://x.com/undefined/status/1913561754334089660","2654801917",
"1913449354297589995","Sat Apr 19 04:27:30 +0000 2025","0","Abis nyoba cloud ramyeon nya hee (meskipun pake indomie sih aslinya) ini bener gasi tp dia gabisa yg textured bgt gitu jadinya mulus tp nekuk nekuk https://t.co/trIHaG23wG","1913449354297589995","https://pbs.twimg.com/media/Go3wCQxbAAAjy7O.jpg","","in","","0","0","0","https://x.com/undefined/status/1913449354297589995","945080816",
"1913207841604964688","Fri Apr 18 12:27:49 +0000 2025","0","Jangankan shun ramyeon sekarang kalo makan indomie aja eggnya harus cloud egg https://t.co/G5m78AAWsH","1913207841604964688","https://pbs.twimg.com/ext_tw_video_thumb/1913172734324232192/pu/img/8Ujh_xX2OyYgIubf.jpg","","in","","0","0","0","https://x.com/undefined/status/1913207841604964688","947180942539472896",
"1912159500276007056","Tue Apr 15 15:56:33 +0000 2025","0","@jheonsa OOOH ABIS RAMEN. ramen mah jepun. iyaaah hrs ramyeon meokgo gallae pake indomie kuah telor plus cabe rawit ","1912173205256851508","","jheonsa","in","","0","0","0","https://x.com/undefined/status/1912173205256851508","968666617000308736",
"1907673173027373113","Tue Apr 15 14:44:05 +0000 2025","0","@woewoo MASA RAMYEON. T___T emangnya di sana gak ada ramyeon? Nanti kakak bawain indomie 5 kardus oke? :3 BiSA gak dd permintaannya yang masih bisa diterima akal sehat.. kalau bawa pacar dd nanti kakak dimarahin sama CARAT gimana.. ","1912154967621722444","","woewoo","in","","0","0","0","https://x.com/undefined/status/1912154967621722444","707097319",
"1912111990384021966","Tue Apr 15 11:53:18 +0000 2025","0","Apakah aku ramyeon indomie atau tokushima ramen hidup adalah pilihan","1912111990384021966","","","in","","0","0","0","https://x.com/undefined/status/1912111990384021966","64715722",
"1911704502920438252","Tue Apr 15 05:52:43 +0000 2025","0","@acenaraa Itu indomie spicy ramyeon terus dikasih sayur sesuai selera aja terus gue tambahin saos keju sama mayonnaise dikit biar nggak terlalu pedes Maap banget baru bales ","1912021246604349688","","acenaraa","in","","0","1","0","https://x.com/undefined/status/1912021246604349688","1256670642667020288",
"1911704502920438252","Tue Apr 15 05:51:27 +0000 2025","1","@marabelongsyou Mon maap banget baru dijawab indomie yang spicy ramyeon nihhh","1912020929183727947","","marabelongsyou","in","","0","0","0","https://x.com/undefined/status/1912020929183727947","1256670642667020288",
"1911662010690855078","Tue Apr 15 05:15:18 +0000 2025","3","@tanyakanrl - sedap ayam jerit - indomie ayam pop - Indomie goreng - sedap soto - sedap kari - Samyang spicy - Samyang jjajang - shin ramyeon - pop mie pedas gledek Maaf kl soal mie aku rakus","1912011831838949494","","tanyakanrl","in","","0","0","0","https://x.com/undefined/status/1912011831838949494","1240986050719141889",
"1911662010690855078","Tue Apr 15 04:11:10 +0000 2025","0","@tanyakanrl Gekikara mie sedap korean spicy chicken sama Indomie yg biru itu spicy ramyeon kalo nggak salah. Behhh mantep bgt","1911995688738762866","","tanyakanrl","in","","0","0","0","https://x.com/undefined/status/1911995688738762866","1437004414418448388",
"1911662010690855078","Mon Apr 14 06:18:33 +0000 2025","0","@tanyakanrl Buldak shin ramyeon gaga soto indomie goreng","1911665358580404497","","tanyakanrl","in","","0","0","0","https://x.com/undefined/status/1911665358580404497","1311551105738788864",
"1911391468805038579","Mon Apr 14 04:43:09 +0000 2025","0","@yourmuffin_s @FOODFESS2 Indomie soto tapi ini di campur saos sambal sama kecap. Kalo mau pure merah + pedes dari kuah mie nya coba pake pop mie spicy ramyeon biru. ","1911641353521631425","","yourmuffin_s","in","","0","1","0","https://x.com/undefined/status/1911641353521631425","1613147791643283459",
"1911618141408641185","Mon Apr 14 03:10:55 +0000 2025","0","ternyata indomie yg BAnya newjeans ada kemasan yg cup yaa kupikir cuma ada buat kemasan mie pada umumnya aja (soalnya kebanyakan) https://t.co/sGGB4Mc7VK","1911618141408641185","https://pbs.twimg.com/media/GodukVPWQAE9xpB.jpg","","in","","0","1","0","https://x.com/undefined/status/1911618141408641185","1035536395794710528",
"1911037881499476199","Sun Apr 13 07:43:18 +0000 2025","0","@FOODFESS2 Pertama Laksa Singapur Trus nemu Indomie Ramyeon yg bungkus warna biru Menyusul lagi nemu Indomie Tori Kara Dan sekarang Jagoan aku Indomie Tori Kara di tambahi irisan kol yg di rebus Udahlah manteppp bangettt","1911324298289066143","","FOODFESS2","in","","0","0","0","https://x.com/undefined/status/1911324298289066143","475672653",
"1911037881499476199","Sun Apr 13 07:39:57 +0000 2025","0","@FOODFESS2 SEDAP kari INDOMIE aceh rendang soto spicy ramyeon tori miso SAMYANG cheese carbo ABC sup tomat SHIN RAMYUN tp sekarang uda jarang beli indomie sm abc.. masuk boikot list soalny (tp bukan yg paling urgent untuk diboikot seingetku)","1911323456136003735","","FOODFESS2","in","","0","0","0","https://x.com/undefined/status/1911323456136003735","1858816340527886337",
"1911037881499476199","Sun Apr 13 03:13:38 +0000 2025","0","@FOODFESS2 1. Indomie goreng yang jumbo 2. Indomie kriuk (yang bungkusnya warna oren) 3. Mie sedap laksa 4. Ramyeon antara neoguri atau shin ramyeon. Tapi aku lebih suka neoguri:)","1911256435356581934","","FOODFESS2","in","","0","0","0","https://x.com/undefined/status/1911256435356581934","1589899543784882177",
"1911037881499476199","Sat Apr 12 22:56:46 +0000 2025","0","@FOODFESS2 indomie yg x njz itu yg biru enak bgt mirip shin ramyeon","1911191794257457259","","FOODFESS2","in","","0","0","0","https://x.com/undefined/status/1911191794257457259","1568831577152712704",
"1911037881499476199","Sat Apr 12 17:16:32 +0000 2025","0","@FOODFESS2 dah pernah nyobain hampir seluruh varian indomi ampe merk lain tapi bener2 nemu yg aseli enak nih ya INDOMIE NEWJEANS alias varian terbaru Indomie rasa korea (ada 3 varian 2 goreng 1 kuah HIGHLY RECOMMEND YG WARNA PINK demi apapun enak bgt ) https://t.co/PHJvFKBDGy","1911106170372370789","https://pbs.twimg.com/tweet_video_thumb/GoWc7U6WcAA86ps.jpg","FOODFESS2","in","","0","0","0","https://x.com/undefined/status/1911106170372370789","1821201747710504960",
"1911078844007850163","Sat Apr 12 15:27:57 +0000 2025","0","Sumpah indomie spicy ramyeon pedes banget ternyata hidung gue meleleh ","1911078844007850163","","","in","","0","0","0","https://x.com/undefined/status/1911078844007850163","1440996415635800064",
"1911069709564535209","Sat Apr 12 14:51:39 +0000 2025","0","spicy ramyeon nya indomie enak banget cokk","1911069709564535209","","","in","","0","0","0","https://x.com/undefined/status/1911069709564535209","1659879983739985923",
"1911037881499476199","Sat Apr 12 13:29:22 +0000 2025","0","@FOODFESS2 shin ramyeon indomie soto dower bestwok yg pink","1911049002214441076","","FOODFESS2","in","","0","0","0","https://x.com/undefined/status/1911049002214441076","1605963261223915533",
"1911044091288359074","Sat Apr 12 13:09:51 +0000 2025","0","tori kara indomie ramyeon biru","1911044091288359074","","","in","","0","0","0","https://x.com/undefined/status/1911044091288359074","946700364010500097",
"1910980574048895158","Sat Apr 12 08:57:27 +0000 2025","1","Indomie NewJeans Rose menurut gue kemahalan porsi terlalu sedikit sangat jauh dari ekspektasi. Masih lebih enak produk Nissin sih menurut gue dengan harga yang mirip. https://t.co/HP9CTjM7D7","1910980574048895158","https://pbs.twimg.com/media/GoUqs7iW0AACUJg.jpg","","in","","0","0","0","https://x.com/undefined/status/1910980574048895158","1326483725165580289",
"1910892404850516428","Sat Apr 12 06:08:02 +0000 2025","0","@YukMuncak Popmie gledek mie sedaap ayam jerit Indomie tori kara ramen Indomie korean special spicy ramyeon Indomie kari ayam superbubur kuah kari ️","1910937936151142875","","YukMuncak","in","","0","0","0","https://x.com/undefined/status/1910937936151142875","2300705724",
"1910935201666281611","Sat Apr 12 05:57:10 +0000 2025","0","Mi goreng indomie newjeans enak gak","1910935201666281611","","","in","","0","2","0","https://x.com/undefined/status/1910935201666281611","857962977714069504",
"1910894412290544120","Sat Apr 12 03:15:05 +0000 2025","2","jangan benci nanti malah suka ternyata bener (mulai cinta indomie ramyeon jir) https://t.co/Zrnk14374y","1910894412290544120","https://pbs.twimg.com/media/GoTcVVRWIAMd-sl.jpg","","in","","0","4","0","https://x.com/undefined/status/1910894412290544120","1859541807966846980",
"1910697160838131868","Fri Apr 11 14:11:16 +0000 2025","0","Recook ramyeon mingyu tapi pake indomie trnyt enak jg jirr","1910697160838131868","","","in","","0","1","0","https://x.com/undefined/status/1910697160838131868","1547252181933256704",
"1910692426991493224","Fri Apr 11 13:55:03 +0000 2025","0","@pitahabit kapita udah pernah cobain indomie ramyeon yang biru belum?","1910693080204009589","","pitahabit","in","","0","0","0","https://x.com/undefined/status/1910693080204009589","1300439529736687616",
"1910676534882689436","Fri Apr 11 12:49:19 +0000 2025","2","Kenapa Indomie dan Pop Mie tidak memproduksi Chinese Lamian (Mie China) tapi hanya memproduksi Japanese Ramen (Mie Jepang) dan Korean Ramyeon (Mie Korea) Series? #Indomie #Makanan #Foods https://t.co/OIao1SuSl4","1910676534882689436","https://pbs.twimg.com/media/GoQVk5Sa0AAPHfZ.jpg","","in","","0","1","1","https://x.com/undefined/status/1910676534882689436","1782740271677235200",
"1910641491795378380","Fri Apr 11 11:05:04 +0000 2025","0","@convomf mie indomie korean ramyeon rasa jamur pedas enak bangettt 100/10","1910650298772619409","","convomf","in","","0","0","0","https://x.com/undefined/status/1910650298772619409","1890437547949715459",
"1910575034743361833","Fri Apr 11 06:46:21 +0000 2025","0","@shjayine HAHAHHAHAAH KETAWA KUBRO MAAF SEUNG AKU GA TERLALU SUKA MAKAN INDOMIE ATAU RAMYEON","1910585192248418817","","shjayine","in","","0","0","0","https://x.com/undefined/status/1910585192248418817","1626055209226215425",
"1909885163108188548","Thu Apr 10 16:01:13 +0000 2025","0","@kirishibma @can_lialeyy @bemylight_____ @Hop3OnTheStage @archive4nad @latierravita Setauku photocards itu bisa untuk paket promosi bonusan album atau promo brand tertentu misalnya McD atau indomie. Seumpama indofood bayar 10 miliar ke ADOR untuk lisensinya ya nanti 10 miliar dibagi ADOR-HYBE ke member newjeans sesuai kesepakatan mereka dikontrak.","1910362440577294736","","kirishibma","in","","0","1","0","https://x.com/undefined/status/1910362440577294736","2934688181",
"1909960811184857219","Wed Apr 09 19:14:00 +0000 2025","0","@tanyarlfes Indomie spicy ramyeon yg warna biru itu enak bgt beneran pedes gurih","1910048567336796246","","tanyarlfes","in","","0","0","0","https://x.com/undefined/status/1910048567336796246","1177554366443573248",
"1909997414028853484","Wed Apr 09 17:04:32 +0000 2025","0","@ye_vely67 Tahu Indomie seri ramyeon yang baru keluar enggak? Itu lumayan pedas.","1910015987245879388","","alirhayuu","in","","0","1","0","https://x.com/undefined/status/1910015987245879388","1764707325938741248",
"1909908014465012004","Wed Apr 09 09:55:29 +0000 2025","1","ak beli indomie ramyeon sama sosis kanzler yg bungkus hitam (tpi ak skip aku tetep makan masakan ibu ⁉️)","1909908014465012004","","","in","","0","1","0","https://x.com/undefined/status/1909908014465012004","1859541807966846980",
"1909102180608455115","Mon Apr 07 04:33:23 +0000 2025","1","Sumpah Indomie Spicy Ramyeon yg warna biru enak bgt coy. Ditambahin topping keju+telor+sosis+daun bawang behh mantep. Masaknya pake resep ala Mingyu jd tmbh wangi. Bakal repeat masak ini lg https://t.co/9g9aZ5izHM","1909102180608455115","https://pbs.twimg.com/ext_tw_video_thumb/1909102058902614016/pu/img/S2ht2cUBKU6sGXj9.jpg","","in","","1","1","0","https://x.com/undefined/status/1909102180608455115","1376115147249344524",
"1908303417807942045","Fri Apr 04 23:49:11 +0000 2025","1","@babehbapakucing Iya nongshim emg kaya yaudah indomie gitu. Kayanya akan baik2 aja kalo hoshi nyebutnya ramyeon dan kimchi jongga ini cocok banget asal ga nyebut merk. Cuma dr awal emg udh nyebut2 chappaguri nongshim jadinya takut kena disitu mungkin yaa kaya free advertisement gt","1908305881407906166","","babehbapakucing","in","","0","1","0","https://x.com/undefined/status/1908305881407906166","334578527",
"1908096669516026232","Fri Apr 04 12:55:48 +0000 2025","0","@candyeulfeed Enak banget Versi aku Indomie yang edisi Korea Yang paling enak ramyeon kemudian fiery chicken low edisi Jepang tetep tori miso yang juara ","1908141453576167698","","candyeulfeed","in","","0","0","0","https://x.com/undefined/status/1908141453576167698","1553024044370300928",
"1908096669516026232","Fri Apr 04 10:45:00 +0000 2025","0","@candyeulfeed Indomie ramyeon lagi suka itu banget sekarang ","1908108536539955383","","candyeulfeed","in","","0","1","0","https://x.com/undefined/status/1908108536539955383","1553024044370300928",
"1908064778960204036","Fri Apr 04 07:51:08 +0000 2025","0","Ya Allah makasih udah ciptain akal dan pikiran sehingga ada orang yg bisa bikin indomie x pop mie rasa spicy ramyeon ","1908064778960204036","","","in","","0","0","0","https://x.com/undefined/status/1908064778960204036","739730198011117568",
"1908021708411552008","Fri Apr 04 04:59:59 +0000 2025","0","indomie spicy ramyeon ternyata beneran spicy ANJASSSSS","1908021708411552008","","","in","","0","0","0","https://x.com/undefined/status/1908021708411552008","1256164478695047168",
"1902349912005865765","Wed Mar 19 14:04:03 +0000 2025","0","@giejin7 jadi Indonesia kpan nih gapapa sekali² pindah dari Indomie 3 rebu ke jin ramyeon yang sudah pasti ini up 3rebu wkwkwk","1902360422969413849","","giejin7","in","","0","1","0","https://x.com/undefined/status/1902360422969413849","3919167793",
"1902036367909285975","Tue Mar 18 16:36:22 +0000 2025","0","cinta banget sama Indomie korean ramyeon yg merah enak dari kemaren makanin itu mulu","1902036367909285975","","","in","","0","0","0","https://x.com/undefined/status/1902036367909285975","1362420465457750025",
"1901794584541467060","Tue Mar 18 00:35:37 +0000 2025","0","Lucu ya tiap konten viral dibikin challenge padahal aslinya cuma nyari engagement buat jualan. Kalo lo nonton drakor sambil makan ramyeon di mall bukan jadi wibu tapi kalo nonton anime sambil makan indomie di kamar kos tiba-tiba jadi kurang gaul.","1901794584541467060","","","in","","0","0","0","https://x.com/undefined/status/1901794584541467060","1881375460963254272",
"1901640800179769770","Mon Mar 17 14:24:32 +0000 2025","1","@ENHYPEN_members Heeseung makasih banyak ya resepnya ENAK BANGET MIE REBUS TELUR DADARNYA (ALIAS CLOUDY EGG RAMYEON) Btw aku ga pake RAMYEON wkwkwk. Aku pake Indomie Torimiso. Enak banget ga boong https://t.co/4PpAexoPpm","1901640800179769770","https://pbs.twimg.com/media/GmP8Oppa8AEzsvR.jpg","ENHYPEN_members","in","","0","0","0","https://x.com/undefined/status/1901640800179769770","1708303463648747520",
"1899702721722347779","Mon Mar 17 03:20:45 +0000 2025","16","@cheezeny @coppamagz Benar chinguuu 35k pada 1 struk berisi varian Indomie Korean Ramyeon Series dan bisa di mix dengan varian rasa lainnya ya .","1901473756515586171","","cheezeny","in","","2","3","1","https://x.com/undefined/status/1901473756515586171","284428760",
"1901360002830626918","Sun Mar 16 19:48:44 +0000 2025","0","postcard set indomie x newjeans (njz) udah hadir di batam rupanya https://t.co/LvWQPC24tb","1901360002830626918","https://pbs.twimg.com/media/GmL814raQAAa_PI.jpg","","in","","0","0","0","https://x.com/undefined/status/1901360002830626918","503873317",
"1901263122125729842","Sun Mar 16 13:23:46 +0000 2025","4","LUCU BANGETT mamah pulang dari indomaret nenteng postcard newjeans × indomie : Kakk mama bawa ini~ kata mbak nya beli minimal 30an dapet ini : Ihh kirain gaada disini kok dapett beli berapa dah? : mama beli mie 20 bungkus ya dapet https://t.co/RJQyzfbeOe","1901263122125729842","https://pbs.twimg.com/media/GmKku3aaoAAxWT0.jpg","","in","","0","1","0","https://x.com/undefined/status/1901263122125729842","1502914011704475651",
"1901256536007364940","Sun Mar 16 12:57:36 +0000 2025","1","nyobain spicy ramyeon punyanya indomie~ https://t.co/KG516SEFPy","1901256536007364940","https://pbs.twimg.com/media/GmKeuxQboAA0LTZ.jpg","","in","","0","2","0","https://x.com/undefined/status/1901256536007364940","1950381282",
"1901233760731033834","Sun Mar 16 11:43:19 +0000 2025","0","@swastamitta indomie ramyeon yang biru ituloh","1901237840937427334","","swastamitta","in","","0","0","0","https://x.com/undefined/status/1901237840937427334","1898464904266633216",
"1901237496002019590","Sun Mar 16 11:41:56 +0000 2025","0","sumpah porsi ramyeon indomie yang biru 1 aja tuh BANYAK BGT ANJIR","1901237496002019590","","","in","","0","2","0","https://x.com/undefined/status/1901237496002019590","1898464904266633216",
"1901185440549347650","Sun Mar 16 08:17:13 +0000 2025","0","@enginafess Aku kalo buat pake Indomie bumbunya gk aku masak soalnya gk boleh kan Tapi kalo pake ramyeon baru ikutin resep Hee","1901185975365365981","","enginafess","in","","0","0","0","https://x.com/undefined/status/1901185975365365981","1326428323128414209",
"1900961033218637971","Sat Mar 15 17:23:23 +0000 2025","0","Indomie spicy ramyeon enak! Meski pedes tapi gk bikin pencernaanku babak belur ️","1900961033218637971","","","in","","0","0","0","https://x.com/undefined/status/1900961033218637971","1145164683290136576",
"1900942102059774405","Sat Mar 15 16:10:26 +0000 2025","0","@tomkira88 Ga suka indomie ramyeon atau tori kara kah?","1900942675999944840","","tomkira88","in","","0","1","0","https://x.com/undefined/status/1900942675999944840","1166270224527585282",
"1900897642101830139","Sat Mar 15 14:53:53 +0000 2025","0","@ilovjakez ituu akuu pake shin ramyeon raaa boleehh bgtt ihh aku juga pernah bikin pake indomie kari sama soto tetep enakk bgt!! yg penting telurnya itu sih","1900923411939111180","","ilovjakez","in","","0","0","0","https://x.com/undefined/status/1900923411939111180","1691743806335651840",
"1900907747849203716","Sat Mar 15 13:51:38 +0000 2025","0","Aku pengen coba resep ramyeon Heeseung di Indomie soto ","1900907747849203716","","","in","","1","1","0","https://x.com/undefined/status/1900907747849203716","2613097489",
"1900888230364672475","Sat Mar 15 12:34:05 +0000 2025","0","indomaret atau alfamart tembalang mana yang masih ready postcard newjeans x indomie?","1900888230364672475","","","in","","0","1","0","https://x.com/undefined/status/1900888230364672475","1733384940891619328",
"1900878305303375991","Sat Mar 15 11:54:39 +0000 2025","4","Aku open lg Indomie murah harganya 2.700 - 4.500 aja yaa limited stock jd cepet cepetan aja yaa buat postcard newjeans nya aku masih jual yaa udah free Indomie juga https://t.co/SXzxxUtkm3","1900878305303375991","https://pbs.twimg.com/media/GmFGu0kbcAQ-GdD.jpg","","in","","0","2","0","https://x.com/undefined/status/1900878305303375991","1522071922183327744",
"1900871979756122572","Sat Mar 15 11:29:31 +0000 2025","2","budak! Beli Indomie yang dapat postcard newjeans tu bise di semue toko ke budak? Atau cuma di indomar*t same Alf*mart? https://t.co/YvjNm1XRWi","1900871979756122572","https://pbs.twimg.com/media/GmFA_fqaQAACcsO.jpg","","in","","0","3","0","https://x.com/undefined/status/1900871979756122572","1212717256234291200",
"1900259007794979095","Sat Mar 15 07:26:08 +0000 2025","0","@dnyar_ @pajeon98 @bewthoven @tang__kira @Indomielovers kalo mie biasanya bubuk cabainya dipisah sama bubuk bawangnya kalau bubuk cabai iya bisa optional tapi kalau bubuk bawang yg putih itu cuma separo apa ga hambar rasanya? nah kasusnya indomie spicy ramyeon ini kan langsung dicampur jadi kalo cuma separo bumbunya kurang nendang","1900810733555704225","","dnyar_","in","","0","1","0","https://x.com/undefined/status/1900810733555704225","2229082393",
"1900669496811286698","Fri Mar 14 22:04:56 +0000 2025","3","udah coba semua rasa indomie Korean series enak semua si yang paling ak suka spicy ramyeon karena berkuah dan pedes enak bangettt https://t.co/rE6JdxlUkU","1900669499734716525","","awayyae","in","","0","0","2","https://x.com/undefined/status/1900669499734716525","760821813416894464",
"1900669496811286698","Fri Mar 14 22:04:55 +0000 2025","16","OMG Indomie Korean Series x NewJeans kalau beli bundle dapet postcard NewJeans! jadi bundle ini dapet 6pcs indomie Korean series 1 set postcard NewJeans https://t.co/rE6JdxlUkU #Minji #Hanni #Danielle #Haerin #hyein #Kpop #NJZ @Indomielovers https://t.co/vdsnaliwRR","1900669496811286698","https://pbs.twimg.com/media/GmCI1BUaEAAAd1A.jpg","","in","","1","1","10","https://x.com/undefined/status/1900669496811286698","760821813416894464",
"1895566127943860244","Fri Mar 14 21:21:12 +0000 2025","0","Day 15. Mie part 2 kali ini indome spicy ramyeon. Menurut gw ya indomie yang versi kr ini enak semua. https://t.co/VLqEdTL0dM","1900658496011382855","https://pbs.twimg.com/media/GmB-0-6X0AADwEU.jpg","anansd","in","","0","1","0","https://x.com/undefined/status/1900658496011382855","69581816",
"1900575579113443756","Fri Mar 14 15:51:43 +0000 2025","0","Btw kemaren ke alfamart nanya soal pack indomie newjeans. Katanya udh gak adaadanya di online doang","1900575579113443756","","","in","","0","0","0","https://x.com/undefined/status/1900575579113443756","1289170748666339330",
"1900535940977971321","Fri Mar 14 15:12:50 +0000 2025","0","@soboroppang aku pake indomie ramyeon yg biru itu","1900565794607845406","","soboroppang","in","","0","0","0","https://x.com/undefined/status/1900565794607845406","1468029261692899328",
"1900550664486260964","Fri Mar 14 14:12:43 +0000 2025","0","asikkk akhirnya dapet postcard newjeans x indomie trs di swalayan domku ada yg dapet gift kipas lipat mantep bener https://t.co/yScWcYb5NG","1900550664486260964","https://pbs.twimg.com/media/GmAcvvgaoAAXE9m.jpg","","in","","0","0","0","https://x.com/undefined/status/1900550664486260964","1498963464416493573",
"1900539350796108050","Fri Mar 14 13:27:46 +0000 2025","2","Udah sampe dari kemaren belum dianboksing isinya. Sekalian mau dibuat konten awikwok #OhMyGoodItsIndomie #Indomie https://t.co/kz7xkXHEAx","1900539350796108050","https://pbs.twimg.com/media/GmASTB5WcAAqQep.jpg","","in","","0","0","0","https://x.com/undefined/status/1900539350796108050","4888625689",
"1900521757137662186","Fri Mar 14 12:17:51 +0000 2025","3","Dapet dari indomie yg NewJeans set itu https://t.co/CkHVO4cNwD","1900521757137662186","https://pbs.twimg.com/media/GmACdkdbYAAVwL9.jpg","","in","","0","0","0","https://x.com/undefined/status/1900521757137662186","1154586305700831232",
"1900521009465491586","Fri Mar 14 12:14:53 +0000 2025","0","bikin ini versi indomie kali ya? mager keluar buat beli ramyeon nya tapi pengen ","1900521009465491586","","","in","","0","0","0","https://x.com/undefined/status/1900521009465491586","1430514707505455106",
"1900503283216601165","Fri Mar 14 11:04:27 +0000 2025","0","terima kasih newjeans aku jadi beli varian indomie selain indomi goreng ","1900503283216601165","","","in","","0","0","0","https://x.com/undefined/status/1900503283216601165","1545624545650167808",
"1900498429014659544","Fri Mar 14 10:45:09 +0000 2025","1","Tadi di indomaret ada poca newjeans kayaknya. Pas gue tanya harus beli berapa indomie biar dapet. Katanya 35k indomie baru dapet. Murah sih tapi siapa yang mau makan indomie sebanyak itu anjeeer wkwkwk","1900498429014659544","","","in","","0","1","0","https://x.com/undefined/status/1900498429014659544","1405374320537264131",
"1900477537341292786","Fri Mar 14 09:22:08 +0000 2025","0","eh terimakasih AAAAAAAAAAAAAA pingin nyobain dari kapan hari tapi aku gak terlalu suka shim ramyeon takut gak kemakan akan kucoba pake Indomie besok kekekeke","1900477537341292786","","","in","","0","0","0","https://x.com/undefined/status/1900477537341292786","1590471633843519488",
"1900259007794979095","Fri Mar 14 09:18:29 +0000 2025","1","@tang__kira misal ini mienya ga pake shin ramyeon diganti sama indomie/mie sedaap gitu masih enak ga ya?","1900476619065602470","","tang__kira","in","","0","4","0","https://x.com/undefined/status/1900476619065602470","1217400321376305152",
"1900471214231216255","Fri Mar 14 08:57:01 +0000 2025","0","waktu itu pernah nyoba si tp pake indomie kari mari nanti kita coba pake shin ramyeon","1900471214231216255","","","in","","0","0","0","https://x.com/undefined/status/1900471214231216255","918708032221061122",
"1900381114432369145","Fri Mar 14 03:13:25 +0000 2025","0","@nanonsfuture Shin ramyeon ada kakk bisa dibeli di Alfa/indo. Kalo indomie banyak yg nyaranin pake rasa soto / buldak korea / mie aceh^^","1900384743990141345","","nanonsfuture","in","","0","1","0","https://x.com/undefined/status/1900384743990141345","1530473534635769856",
"1900268894004400329","Thu Mar 13 19:33:04 +0000 2025","0","gue ga boleh terlalu sering makan mie instan tapi dengan sadar dan dengan semangatnya gue beli indomie x newjeans demi frame lucu adik2ku... sampe detik ini tu mie kaga habis2 pdhal gue beli 39rb dapat 9 dari awal puasa sampe skrg belum habis","1900268894004400329","","","in","","0","2","0","https://x.com/undefined/status/1900268894004400329","1806513850826838016",
"1900174013240140161","Thu Mar 13 13:16:02 +0000 2025","0","Harus beli berapa biji anjir itu mie sampe 35k buat dapetin foto newjeans masalahnya di rumah udah ada 2 kardus indomie","1900174013240140161","","","in","","0","2","0","https://x.com/undefined/status/1900174013240140161","1768524530438598656",
"1900144121475719325","Thu Mar 13 11:17:16 +0000 2025","0","mau recook ramyeon wonwoo pake mie indomie yg biru","1900144121475719325","","","in","","0","0","0","https://x.com/undefined/status/1900144121475719325","2434761367",
"1895582506671571032","Thu Mar 13 11:14:57 +0000 2025","0","Berbuka Day 13 - Karena ujannya udah ga masuk akal i can't go wrong with Indomie Ramyeon. https://t.co/i3tCe3D6o6","1900143538173571074","https://pbs.twimg.com/media/Gl6qej6aEAAUru0.jpg","26Aphr","in","","0","1","0","https://x.com/undefined/status/1900143538173571074","1112666586274422784",
"1900122416283885671","Thu Mar 13 09:51:01 +0000 2025","32","anw my fellow ina friends kalo mau coba egg cloud ramyeon heeseung bisa pake indomie juga enak banget ayo ramein resep heeseung inii","1900122416283885671","","","in","","0","6","4","https://x.com/undefined/status/1900122416283885671","1479445297281449985",
"1900119873897832946","Thu Mar 13 09:40:55 +0000 2025","1","kemarin udh coba pakek shin ramyeon tp lupa foto hiks pengen coba pakek indomie cocok ga si? tp indomie apa yaa yg enak?","1900119873897832946","","","in","","0","7","0","https://x.com/undefined/status/1900119873897832946","1715912994901970944",
"1900112565289775394","Thu Mar 13 09:19:56 +0000 2025","0","@yeyunaaa Shin ramyeon tapi pake indomie juga enak pliss telornya ","1900114593030300022","","yeyunaaa","in","","0","1","0","https://x.com/undefined/status/1900114593030300022","947180942539472896",
"1900103971102220735","Thu Mar 13 08:37:43 +0000 2025","0","ga harus shin ramyeon kan??? indomie aja g si lebih murah?","1900103971102220735","","","in","","0","4","0","https://x.com/undefined/status/1900103971102220735","1764980534969868288",
"1900100363107107326","Thu Mar 13 08:23:23 +0000 2025","0","resep ramyeon heeseung kalau mie nya diganti indomie soto apa boleh?!?! ada nya indomie soto sama bihunku soalnya di kost gw","1900100363107107326","","","in","","0","0","0","https://x.com/undefined/status/1900100363107107326","1349377298852560896",
"1900064332391592112","Thu Mar 13 06:35:51 +0000 2025","0","@heeseungfess mau recook tp pake indomie spicy ramyeon itu krn kata org2 enak","1900073300883366380","","heeseungfess","in","","0","0","0","https://x.com/undefined/status/1900073300883366380","1355027265877229577",
"1900061994407125236","Thu Mar 13 05:50:55 +0000 2025","0","Resep telur Heeseung nih memang enak banget sih fluffy kek makan awan Gk cuma Ramyeon skrng selalu bikin telur kek gitu walaupun pake Indomie ","1900061994407125236","","","in","","0","0","0","https://x.com/undefined/status/1900061994407125236","1326428323128414209",
"1899840353454149822","Thu Mar 13 04:48:43 +0000 2025","0","@lovingleey @heeseungfess Buat lidah lokal kek kita memang shin ramyeon tuh kurang medok tapi cobain resep nya hiseng ke indomie enak poll (menurut ku)","1900046339339120904","","lovingleey","in","","0","0","0","https://x.com/undefined/status/1900046339339120904","1611214898113175556",
"1900027250395001003","Thu Mar 13 03:32:51 +0000 2025","0","Pernah tapi pake Indomie soalnya shin ramyeon rasanya hambar menurutku","1900027250395001003","","","in","","0","1","0","https://x.com/undefined/status/1900027250395001003","1263225483610615808",
"1899840353454149822","Thu Mar 13 00:34:40 +0000 2025","1","@heeseungfess aku sudah mencoba resep mie heeseung ini bolak balik tpi pake mie indomie yg spicy ramyeon soalnya micin dan pedesnya nampol huhu","1899982406066856285","","heeseungfess","in","","0","1","0","https://x.com/undefined/status/1899982406066856285","1809590212890415106",
"1899853347706036304","Wed Mar 12 16:01:50 +0000 2025","1","gue gasuka ramyeon ntar coba pake indomie ajadah","1899853347706036304","","","in","","0","3","0","https://x.com/undefined/status/1899853347706036304","1413091139326930944",
"1899840262727459277","Wed Mar 12 15:09:50 +0000 2025","0","Newjeans literally nyuruh kita untuk makan indomie sama minum cocacola banyak-banyak. Oke ","1899840262727459277","","","in","","0","0","0","https://x.com/undefined/status/1899840262727459277","952004702006272000",
"1899827632000438689","Wed Mar 12 14:19:39 +0000 2025","0","kenapa lidah gue cocoknya indomie bukan shin ramyeon","1899827632000438689","","","in","","0","11","0","https://x.com/undefined/status/1899827632000438689","1829125763955863552",
"1899782303427203583","Wed Mar 12 12:31:08 +0000 2025","0","@kat56op Dituang di mangkok dulu tapi khusus indomie yang ramyeon itu ku masak langsung bareng mie nya","1899800323335819576","","BaerriAllen","in","","0","0","0","https://x.com/undefined/status/1899800323335819576","1156025289400442886",
"1899795447851651484","Wed Mar 12 12:11:45 +0000 2025","0","gak expect Indomie spicy ramyeon bakal sepedes itu","1899795447851651484","","","in","","0","0","0","https://x.com/undefined/status/1899795447851651484","1373474087020883968",
"1899184019075629329","Wed Mar 12 09:32:23 +0000 2025","0","@GoesEdit @serenarcissism @koucilok @Baaariie @idextratime 35k tapi harus ada varian Indomie Korean Ramyeon Series ya gan ","1899755340314603709","","GoesEdit","in","","0","2","0","https://x.com/undefined/status/1899755340314603709","284428760",
"1899702721722347779","Wed Mar 12 06:03:18 +0000 2025","3880","Yang ditunggu-tunggu akhirnya dateng jugaa! Indomie baru aja rilis postcard spesial featuring Minji Danielle Hanni Haerin sampe Hyein gemes parahhh! Bunnies udah siap koleksi belum nih? Jangan sampe ketinggalan yaa~ #OhMyGoodItsIndomie #Indomie #Minji #Hanni https://t.co/f3mkH7bNRZ","1899702721722347779","https://pbs.twimg.com/media/Gl0ZjaBbkAAl7zo.jpg","","in","","46","31","113","https://x.com/undefined/status/1899702721722347779","1078999759",
"1899575373412843783","Tue Mar 11 21:37:16 +0000 2025","0","ketika lo salah liat jam pas sahur dikira 3.18 taunya 4.18 dan lo malah makan indomie spicy ramyeon","1899575373412843783","","","in","","0","1","0","https://x.com/undefined/status/1899575373412843783","1132889438",
"1899331702566375434","Tue Mar 11 11:15:37 +0000 2025","0","@NEKOCHiiNG btw kmu harus cobain indomie cuo rasa ramyeon spicy itu enak bingitss gila mampus cup nya warna biru. keliatan gk pedes aslinya pedes bingitsss","1899418930244211062","","NEKOCHiiNG","in","","0","1","0","https://x.com/undefined/status/1899418930244211062","3243675267",
"1899331702566375434","Tue Mar 11 05:41:24 +0000 2025","0","@NEKOCHiiNG hus hus huss indomie cup rasa ramyeon spicy enak bgt lohhh rii","1899334821442396468","","NEKOCHiiNG","in","","0","1","0","https://x.com/undefined/status/1899334821442396468","3243675267",
"1899307827233161511","Tue Mar 11 03:54:08 +0000 2025","0","INDOMIE NEWJEANS KALO DI PYK CARI DIMANA WOI ....","1899307827233161511","","","in","","0","1","0","https://x.com/undefined/status/1899307827233161511","1269831529951158272",
"1899087697458983366","Tue Mar 11 02:19:52 +0000 2025","0","@breadluvpham Yang boikot gk akan tau seenak apa indomie spicy ramyeon pedes nampolllll","1899284107508720046","","breadluvpham","in","","0","0","0","https://x.com/undefined/status/1899284107508720046","1208205079100051457",
"1899159581378699279","Mon Mar 10 18:05:03 +0000 2025","6","gue seneng banget naik krl yang isinya iklan indomie njz segede gaban soalnya visually pleasing. terus lu bayangin di antara desakan manusia itu ada antis yang lagi naber dan penumpang lainnya membahas mana rasa yang paling enak antara rose fiery chickin sama spicy ramyeon","1899159581378699279","","","in","","0","0","0","https://x.com/undefined/status/1899159581378699279","1167609579196149762",
"1899154344383299637","Mon Mar 10 17:44:14 +0000 2025","39","Makan bareng pacar dan adik ipar #OhMyGoodItsIndomie https://t.co/e8msLyvY0R","1899154344383299637","https://pbs.twimg.com/media/GlsmzR_bsAANh1-.jpg","","in","","0","3","4","https://x.com/undefined/status/1899154344383299637","1702000200733335552",
"1899089778420977749","Mon Mar 10 13:27:41 +0000 2025","0","Saya cinta indomie dan newjeans https://t.co/M7xjrrveje","1899089778420977749","https://pbs.twimg.com/media/GlrrrHubUAADu73.jpg","","in","","0","1","0","https://x.com/undefined/status/1899089778420977749","1467072376366006273",
"1899087697458983366","Mon Mar 10 13:19:25 +0000 2025","9085","NewJeans/NJZ jadi GBA Indomie antis sok boikot tapi gak ngaruh ke penjualan Indomie ada iklan NJZ di KRL boikot naik ke transum lain TAPI nyatanya gak ngaruh juga masih desek desekan. Lucu nih kalo NJZ jadi BA PLN kayanya mereka juga rela pake lilin / lampu semprong demi ego","1899087697458983366","","","in","","155","93","969","https://x.com/undefined/status/1899087697458983366","953734255816753152",
"1899076545270120682","Mon Mar 10 12:35:06 +0000 2025","63","Ini bahkan indomie aja tetep mertahanin mereka dan yg lucunya direktur indofood langsung nyebut mereka udah bukan newjeans tapi nama member satu2","1899076545270120682","","","in","","0","1","5","https://x.com/undefined/status/1899076545270120682","1333301779023360001",
"1899058536891789568","Mon Mar 10 11:51:28 +0000 2025","0","@viachandesu indomie goreng NewJeans bareng sama Minji nya langsung","1899065565668598131","","viachandesu","in","","0","1","0","https://x.com/undefined/status/1899065565668598131","1245396129849606144",
"1898381530705092618","Sun Mar 09 17:48:44 +0000 2025","0","@aaloesungjae Ke indomaret beli indomie 35k ( tp tnya dlu ke kasir kek mas/mba bli indomie ada bonus poscard ga ) klo ada km beli deh udh psti dpt kok klo avail tp variasi indomienya setau ak hrus yg sm newjeans jg by","1898793085821476935","","aaloesungjae","in","","0","1","0","https://x.com/undefined/status/1898793085821476935","1490216393987747846",
"1898760667278319654","Sun Mar 09 15:39:55 +0000 2025","0","indomie yg collab sama newjeans enak enak jir kecuali yg ramyeon itu kurang suka","1898760667278319654","","","in","","0","0","0","https://x.com/undefined/status/1898760667278319654","1388611613020753920",
"1898744464015053100","Sun Mar 09 14:35:31 +0000 2025","0","Indomie newjeans yang ramyun pedes bgt gakuattt","1898744464015053100","","","in","","0","0","0","https://x.com/undefined/status/1898744464015053100","1667961975295594496",
"1898690098113532260","Sun Mar 09 10:59:30 +0000 2025","10","kasian mau main game favorit jadi susah mau makan indomie ga bisa mau ke korea takut disambut foto newjeans di airport ","1898690098113532260","","","in","","0","0","1","https://x.com/undefined/status/1898690098113532260","1700314914253156352",
"1898689920979632281","Sun Mar 09 10:58:47 +0000 2025","0","indomie spicy korean ramyeon pedesnya melebihi ekspektasi ternyata","1898689920979632281","","","in","","0","0","0","https://x.com/undefined/status/1898689920979632281","1313482484072484867",
"1898592341851885909","Sun Mar 09 05:39:12 +0000 2025","0","@bluesky_lovee indomie adalah ramyeon indonesa","1898609492616692071","","bluesky_lovee","in","","0","1","0","https://x.com/undefined/status/1898609492616692071","1889274911530917888",
"1898599824485912870","Sun Mar 09 05:00:47 +0000 2025","3","Yuk aku open lg Indomie X Newjeans yaa rasanya macem macem nih harganya masih sama yaa 2.700 - 4.000 aja buat yg mau beli postcard nya aja aku ada yaa https://t.co/aG28wnUKRN","1898599824485912870","https://pbs.twimg.com/media/GlkudUJa0AAXRoO.jpg","","in","","0","2","3","https://x.com/undefined/status/1898599824485912870","1522071922183327744",
"1898592341851885909","Sun Mar 09 04:52:17 +0000 2025","0","@pyapinkism Kak ramyeon kak bukan indomie wkwkwk","1898597687450341442","","pyapinkism","in","","0","1","0","https://x.com/undefined/status/1898597687450341442","1637812388601778177",
"1898573165183525287","Sun Mar 09 03:14:51 +0000 2025","1","Ya Allah Indomie newjeans ","1898573165183525287","","","in","","0","0","0","https://x.com/undefined/status/1898573165183525287","1719896274156269568",
"1898376333052514612","Sat Mar 08 14:12:42 +0000 2025","7","tas indomie newjeans warna biru rem udah sampe https://t.co/UFBHmRj36M","1898376333052514612","https://pbs.twimg.com/media/GlhjNewa4AAOORl.jpg","","in","","0","5","0","https://x.com/undefined/status/1898376333052514612","1442379807371661320",
"1898350322743210258","Sat Mar 08 13:03:15 +0000 2025","0","@hellaplace ini beli indomie nya bisa bebas atau harus yg collab sama newjeans?","1898358853718233141","","hellaplace","in","","0","1","0","https://x.com/undefined/status/1898358853718233141","1882121349294182400",
"1898324080476242376","Sat Mar 08 11:22:56 +0000 2025","1","@skynieszmn Mau nyobain indomie × newjeans. Telat bgt ya aku","1898333608454009084","","skynieszmn","in","","0","0","0","https://x.com/undefined/status/1898333608454009084","1714860276078821376",
"1898315918272602209","Sat Mar 08 10:12:38 +0000 2025","0","sedih banget beli indomie newjeans tapi gak dibolehin ambil fotonya ","1898315918272602209","","","in","","0","1","0","https://x.com/undefined/status/1898315918272602209","1784400749709217792",
"1898297493391135020","Sat Mar 08 08:59:25 +0000 2025","2","seriusan yg udah dapet ini bagi pengalaman please #njz #NJZ_REDEBUT #indomie #newjeans https://t.co/L7Mnshwbr1","1898297493391135020","https://pbs.twimg.com/media/GlgbX1kaMAA2JqF.jpg","","in","","0","0","0","https://x.com/undefined/status/1898297493391135020","581013467",
"1898252735423955216","Sat Mar 08 06:01:34 +0000 2025","0","nyari indomie x newjeans di alfamidi malah ketemu ini indomienya gak ada https://t.co/KSLxTlD45C","1898252735423955216","https://pbs.twimg.com/media/Glfyy-obwAA4cbm.jpg","","in","","0","1","0","https://x.com/undefined/status/1898252735423955216","801247272109412352",
"1898022925451903190","Fri Mar 07 14:48:23 +0000 2025","1","buset berasa ngaca ini mah indomie x newjeans https://t.co/203W6Tl4IT","1898022925451903190","https://pbs.twimg.com/media/Glchx5jbwAI0skH.jpg","","in","","0","0","0","https://x.com/undefined/status/1898022925451903190","1094048844860424193",
"1898017819117469738","Fri Mar 07 14:32:24 +0000 2025","0","@fightSUNGHOON Indomie Seblak Ayam geprek Ayam goreng Ayam krispi Cumi goreng Udang goreng Nasi padang Nasi campur Bakso Soto Kari ayam Rendang Ikan goreng Ikan bakar Sosis Sushi Pizza Pisang goreng Hot dog Burger Steak Pasta Ramen Ramyeon Mie ayam Mie goreng Mie kuah Nasi goreng Dimsum","1898018900505460798","","fightSUNGHOON","in","","0","1","1","https://x.com/undefined/status/1898018900505460798","4802146236",
"1898001720833429583","Fri Mar 07 13:24:08 +0000 2025","2","wah dapet postcard NJ ternyata... #ตลาดนัดนิวจีนส์ #NewJeans #NJZ #indomie https://t.co/uOQ2E9pnwF","1898001720833429583","https://pbs.twimg.com/media/GlcOZwlbcAEh_4U.jpg","","in","","0","0","0","https://x.com/undefined/status/1898001720833429583","1648075959302762496",
"1897993371576132056","Fri Mar 07 12:50:57 +0000 2025","21","LUCUUU BANGET! @indomielovers postcard featuring Minji Hanni Danielle Haerin dan Hyein tiap beli Indomie! Hunting di Indomaret akhirnya dapat minimal beli 35K Indomie apapun! sc images by x @priomada #OhMyGoodItsIndomie #Minji #Hanni #Danielle #Haerin #Hanni #Kpop https://t.co/0vRLiRUleL","1897993371576132056","https://pbs.twimg.com/media/GlcGukWbwAAh_bS.jpg","","in","","0","5","4","https://x.com/undefined/status/1897993371576132056","972179486",
"1897991810661994847","Fri Mar 07 12:44:45 +0000 2025","0","#wts yukk jajan ada aab enhypen sunoo seventeen mingyu txt yeonjun aespa winter karina ive wonyoung newjeans x indomie https://t.co/y7HrlqtaUG","1897991810661994847","","","in","","0","0","0","https://x.com/undefined/status/1897991810661994847","1442808428921978880",
"1897991174126027032","Fri Mar 07 12:42:13 +0000 2025","0","#s yukk jajan ada aespa wonyoung ive newjeans x indomie https://t.co/y7HrlqtaUG","1897991174126027032","","","in","","0","0","0","https://x.com/undefined/status/1897991174126027032","1442808428921978880",
"1897990991103377569","Fri Mar 07 12:41:29 +0000 2025","0","#wts yukk jajan ada aespa wonyoung ive newjeans x indomie https://t.co/y7HrlqtaUG","1897990991103377569","","","in","","0","0","0","https://x.com/undefined/status/1897990991103377569","1442808428921978880",
"1897990835620430089","Fri Mar 07 12:40:52 +0000 2025","0","#gs yukk jajan ada aespa wonyoung sama newjeans x indomie https://t.co/y7HrlqtaUG","1897990835620430089","","","in","","0","0","0","https://x.com/undefined/status/1897990835620430089","1442808428921978880",
"1897958855021412368","Fri Mar 07 10:33:48 +0000 2025","481","Bahas bola cm sidejob dukung bias itu main job #njztillidie Sebagai bunnies sejati mari sempetin dulu hunting ke Indomaret buat dapetin postcard set Indomie featuring Minji Hanni Danielle Haerin dan Hyein. #OhMyGoodItsIndomie #njztillidie #Minji #Hanni #Danielle #Haerin https://t.co/YsqbYZPB8S","1897958855021412368","https://pbs.twimg.com/media/GlbngpubwAE2D49.jpg","","in","","10","25","71","https://x.com/undefined/status/1897958855021412368","1315170681261228032",
"1897954164636041637","Fri Mar 07 10:15:09 +0000 2025","3","@indomielovers baru aja release exclusive postcard set featuring Minji Hanni Danielle Haerin dan Hyein loh. Harus banget kalian dapetin cuman ada di Indomaret Alfamart Alfamidi dan official storenya Indomie. Buruan deh jangan sampe ketinggalan!!! #OhMyGoodItsIndomie https://t.co/BaAsVMXLgZ","1897954164636041637","https://pbs.twimg.com/media/GlbjQL0bwAMvgS7.jpg","Indomielovers","in","","0","0","0","https://x.com/undefined/status/1897954164636041637","31092279",
"1897947106239033510","Fri Mar 07 09:47:06 +0000 2025","32","Indomie Exclusive Postcard featured Minji Danielle Hanni Haerin Hyein ?! Gemes gemes bangetttttt ada yang udah dapetin belum ? #OhMyGoodItsIndomie #Minji #Hanni #Danielle #Haerin #Hyein #Kpop https://t.co/BHNK5FicWc","1897947106239033510","https://pbs.twimg.com/media/Glbc05AbwAIKKo4.jpg","","in","","1","6","7","https://x.com/undefined/status/1897947106239033510","252997004",
"1897939972357079296","Fri Mar 07 09:18:46 +0000 2025","1357","POPO? Aniyo~~ Haengbokheyo!! Ekskuslif postcard set Minji Hanni Danielle Haerin dan Hyein spesial kolaborasi dengan Indomie udah rilis. Affiliator drop link nya !! Photo credit: @Indomielovers #OhMyGoodItsIndomie #Indomie #Minji #Hanni #Danielle #Haerin #Hanni #Kpop https://t.co/ebWfOW7DrV","1897939972357079296","https://pbs.twimg.com/media/GlbWR8sbIAA-okG.jpg","","in","","20","15","35","https://x.com/undefined/status/1897939972357079296","92476849",
"1897936903242236381","Fri Mar 07 09:06:34 +0000 2025","1","kita rayakan kemenangan itu dengan indomie newjeans","1897936903242236381","","","in","","0","0","0","https://x.com/undefined/status/1897936903242236381","1233069637",
"1897871511656317131","Fri Mar 07 04:46:43 +0000 2025","1","Kpoper jateng sama jatim udh nyikat indomie newjeans nih diliat-liat ‍↕️","1897871511656317131","","","in","","1","1","0","https://x.com/undefined/status/1897871511656317131","1321907196",
"1897275694826316133","Fri Mar 07 03:55:20 +0000 2025","0","@Woosetok Ramyeon dong kk pilihanku indomie di dadakuh. Btw kk suka main gim apatuh?!","1897858577395859912","","Woosetok","in","","0","1","0","https://x.com/undefined/status/1897858577395859912","1044981194",
"1897792609034420600","Thu Mar 06 23:33:11 +0000 2025","0","daripada indomie ramyeon yg pink ada odengnya dan cuman sebiji anjritttt bener bener sebiji‍↕️","1897792609034420600","","","in","","0","2","0","https://x.com/undefined/status/1897792609034420600","1439088727599505412",
"1897590554797478296","Thu Mar 06 16:05:18 +0000 2025","3","@Adelfjkt48 @convomf Dan fyi... Untuk semua varian Korea terbaru dari Indomie itu pedas semua yaa kalo kalian suka yg kuah bisa cobain varian spicy ramyeon rasa sup jamur. Dan tekstur mie nya agak tebal dikarenakan premium. Cmiiw","1897679892176855370","","cahrska","in","","0","0","0","https://x.com/undefined/status/1897679892176855370","1291564909575069696",
"1897668708576948488","Thu Mar 06 15:20:51 +0000 2025","0","besok gw mau ke indomaret beli indomie+pc newjeans bodoamat #fomo","1897668708576948488","","","in","","0","0","0","https://x.com/undefined/status/1897668708576948488","1106931332343459840",
"1897646842109935753","Thu Mar 06 13:53:58 +0000 2025","0","Duh...mie apa ya yg odengnya juga 2 doang indomie newjeans kayanya ","1897646842109935753","","","in","","0","2","0","https://x.com/undefined/status/1897646842109935753","1752278568590336000",
"1897634366383124904","Thu Mar 06 13:48:23 +0000 2025","0","@Nettodachi di tempat isa udah nggak ada mie sakura apalagi indomie ibu kantin pake shin ramyeon sih. ","1897645438280577184","","Nettodachi","in","","0","0","0","https://x.com/undefined/status/1897645438280577184","811053642052763648",
"1897637007884722443","Thu Mar 06 13:44:06 +0000 2025","0","@Saturnern Esa pernah makan mie carbonara indomie X NewJeans enggak... They give us odeng.... A tiny piece of odeng... Seujung kuku.","1897644359505604737","","Miidnightse","in","","0","1","0","https://x.com/undefined/status/1897644359505604737","781188738047021056",
"1897597453488332846","Thu Mar 06 10:37:43 +0000 2025","0","Adek-adek cantik sudah sampaiiii #OhMyGoodItsIndomie #NJZ Ada drama dikit sama kurir tapi gapapa yg penting barangnya selamat https://t.co/U0KPmhPRIj","1897597453488332846","https://pbs.twimg.com/media/GlWe02AboAAiVuL.jpg","","in","","0","1","0","https://x.com/undefined/status/1897597453488332846","156529555",
"1897582014989037904","Thu Mar 06 09:36:22 +0000 2025","0","iseng² beli indomie ternyata beneran dpt postcard newjeans avv","1897582014989037904","","","in","","0","1","0","https://x.com/undefined/status/1897582014989037904","1114554343473070080",
"1896881273861447778","Thu Mar 06 07:47:56 +0000 2025","0","@HaveGoodDaay @menyalahhh ka maaf disini beli indomie minimal 35rb. Sudah dapet postcard with frame NewJeans nggak ya kalau kasirnya bilang dapet nah kaka langsung beli.","1897554728336396713","","HaveGoodDaay","in","","0","1","0","https://x.com/undefined/status/1897554728336396713","1268534467896934407",
"1897516636720222593","Thu Mar 06 05:16:35 +0000 2025","0","berburu indomie sama dedek haerin #OhMyGoodItsIndomie #NJZ #Minji #Hanni #Danielle #Haerin #Hyein https://t.co/lh9IYlB7Ev","1897516636720222593","https://pbs.twimg.com/media/GlVVS8sa4AAIyVX.jpg","","in","","0","0","0","https://x.com/undefined/status/1897516636720222593","1579607015000723457",
"1897504117821714780","Thu Mar 06 04:26:50 +0000 2025","1854","Udah seliweran banget nih di TL! Finally Indomie ngeluarin postcard bareng Minji Hanni Danielle Haerin dan Hyein Kalian udah punya? Thank you @Indomielovers yang udah ngeluarin yang udh kita tunggu2 Source: @panagene @/nyachanya #OhMyGoodItsIndomie #NJZ #Minji #Hanni https://t.co/fDBrmGUgPm","1897504117821714780","https://pbs.twimg.com/media/GlVJ2x1WwAEBwB6.jpg","","in","","68","8","66","https://x.com/undefined/status/1897504117821714780","430845087",
"1897496192390742258","Thu Mar 06 03:55:20 +0000 2025","1","Pc indomie x newjeans cari dimana lagi aaaaa","1897496192390742258","","","in","","0","0","0","https://x.com/undefined/status/1897496192390742258","983044216732303360",
"1897422114573205514","Wed Mar 05 23:00:59 +0000 2025","0","Apa gw buka jastip ni newjeans x indomie ye","1897422114573205514","","","in","","0","0","0","https://x.com/undefined/status/1897422114573205514","1233759276562124801",
"1897370494346911816","Wed Mar 05 19:35:51 +0000 2025","0","bundle indomie + bonus pp newjeans kayaknya lebih worth it dibandingkan pp jeketi imo","1897370494346911816","","","in","","0","0","0","https://x.com/undefined/status/1897370494346911816","389335185",
"1897323335211737324","Wed Mar 05 16:28:28 +0000 2025","0","pengen beli indomie cuma mau dapet poto newjeans aja mwehehehe","1897323335211737324","","","in","","0","2","0","https://x.com/undefined/status/1897323335211737324","1872591723383369728",
"1897316373975719988","Wed Mar 05 16:00:48 +0000 2025","1","Open Jastip INDOMIE X NEWJEANS Dapat 6 pcs Indomie varian random Price : 40k Exc : adm + pack #indomie #NewJeans https://t.co/6mxU9MhkXX","1897316373975719988","https://pbs.twimg.com/media/GlSfMAIbYAAvUjG.jpg","","in","","0","1","1","https://x.com/undefined/status/1897316373975719988","1812151726478368768",
"1897272292369183203","Wed Mar 05 13:05:38 +0000 2025","0","Mau sungkem ke indomie ramyeon biru. Pedes co ga kuat gweh","1897272292369183203","","","in","","0","0","0","https://x.com/undefined/status/1897272292369183203","1160217940525895680",
"1897223758047506533","Wed Mar 05 09:52:47 +0000 2025","1","ada yg cari postcard njz newjeans x indomie? https://t.co/ChoSdP2uRM","1897223758047506533","https://pbs.twimg.com/media/GlRK8lkXQAAqRDS.jpg","","in","","0","1","0","https://x.com/undefined/status/1897223758047506533","1470345688189833216",
"1897195381777477963","Wed Mar 05 08:55:30 +0000 2025","0","@lexigo109 beli indomie seri korean ramyeon di indomaret minimal 35K kak","1897209345030717905","","lexigo109","in","","0","0","0","https://x.com/undefined/status/1897209345030717905","2467054748",
"1897177241542644000","Wed Mar 05 06:47:56 +0000 2025","183","gais aku jual indomie karena aku cuma ambil postcard newjeans ajaah semua indomie harganya 2.500/pcs yaah. varian yg tersedia ayam bawang ayam spesial ayam geprek soto Indomie goreng (kalau mau rasa lain bisa request) https://t.co/A67v8D3RHt","1897177241542644000","https://pbs.twimg.com/media/GlQgpY0WQAA57GR.jpg","","in","","7","41","24","https://x.com/undefined/status/1897177241542644000","1541791983542210560",
"1897166023041978754","Wed Mar 05 06:03:22 +0000 2025","13","Ehh lucu banget dong #OhMyGoodItsIndomie https://t.co/F2avJDvfJX","1897166023041978754","https://pbs.twimg.com/media/GlQWbv2aQAEiGIU.jpg","","in","","0","0","0","https://x.com/undefined/status/1897166023041978754","1783417273786724352",
"1897161668528103533","Wed Mar 05 05:46:03 +0000 2025","0","belanja indomie 35 terus dapet postcard newjeans CAKEP BANGET DAN BANYAAKKK https://t.co/mdYGq6AEcZ","1897161668528103533","https://pbs.twimg.com/media/GlQSeHobkAAN9-w.jpg","","in","","0","0","0","https://x.com/undefined/status/1897161668528103533","1152570624176353281",
"1897150359476502709","Wed Mar 05 05:01:07 +0000 2025","490","Ada yg mau Indomie gak harga nya 2.700 - 4.000 an aja rasanya macem macem yaa aku beli cuman mau ambil fotonya newjeans aja tp kalau mau beli postcard aku juga jual yaa bisa via shopee yaa https://t.co/a11QVI8PKQ","1897150359476502709","https://pbs.twimg.com/media/GlQILdca4AEWjs3.jpg","","in","","10","89","20","https://x.com/undefined/status/1897150359476502709","1522071922183327744",
"1897134577631756469","Wed Mar 05 03:58:25 +0000 2025","1","Ada yang suka New Jeans kah ??? Aku abis beli indomie dapet postcard indomie x new jeans #IndomieXNEWJEANS #NewJeans https://t.co/AN9OhhyWH7","1897134577631756469","https://pbs.twimg.com/media/GlP51JVaMAAKlGH.jpg","","in","","0","1","0","https://x.com/undefined/status/1897134577631756469","1259887287560622085",
"1897130102250692659","Wed Mar 05 03:40:38 +0000 2025","0","rela makan indomie 1 minggu full #indomie #NewJeans #NJZ_REDEBUT #bunnies #Collaboration https://t.co/LHF01KZUkW","1897130102250692659","https://pbs.twimg.com/media/GlP1xCJaIAA323b.jpg","","in","","0","0","0","https://x.com/undefined/status/1897130102250692659","1275463481295171584",
"1897028897042260208","Tue Mar 04 20:58:28 +0000 2025","12","mau ikut puasa ternyata indomie newjeans udah ada di gerbang beneran sahur pake indomie https://t.co/zXGoAP9OKR","1897028897042260208","https://pbs.twimg.com/media/GlOZty4bwAAY7bI.jpg","","in","","0","3","0","https://x.com/undefined/status/1897028897042260208","1852356310265978880",
"1896927670459670734","Tue Mar 04 14:16:14 +0000 2025","0","eh indomie spicy ramyeon enak bgt ","1896927670459670734","","","in","","0","2","0","https://x.com/undefined/status/1896927670459670734","774207535419097088",
"1896911695047709003","Tue Mar 04 14:08:52 +0000 2025","0","@_Frmnnnn Yg Korean ramyeon sm Indomie varian apapun kk https://t.co/yZ68vKHFoy","1896925817638416643","https://pbs.twimg.com/media/GlM7-lWWwAAA-5L.jpg","_Frmnnnn","in","","1","0","0","https://x.com/undefined/status/1896925817638416643","1324649234231029761",
"1896833400851599756","Tue Mar 04 12:34:46 +0000 2025","0","@bucinrei Kalau mau tau tanya kasirnya dulu abang. Mba/mas ada postcard indomie newjeans gak","1896902137424298151","","bucinrei","in","","0","0","0","https://x.com/undefined/status/1896902137424298151","2946746214",
"1896893539499565427","Tue Mar 04 12:00:37 +0000 2025","0","indomie x newjeans! balik ngampus keliling alfa &amp; indo buat ngebantu temen nyari frame nyujins https://t.co/oRmLYrMcrn","1896893539499565427","https://pbs.twimg.com/media/GlMenJoXAAAvzvW.jpg","","in","","0","1","0","https://x.com/undefined/status/1896893539499565427","1358449908592697347",
"1896886353536888943","Tue Mar 04 11:32:03 +0000 2025","1","Dapet juga ️️ @Indomielovers #OhMyGoodItsIndomie https://t.co/8CydaNaYki","1896886353536888943","https://pbs.twimg.com/media/GlMYFcoXgAA6jx7.jpg","","in","","0","0","0","https://x.com/undefined/status/1896886353536888943","1247469909681958912",
"1896873218729996791","Tue Mar 04 10:39:52 +0000 2025","0","Eh beneran ga sengaja lg nyetok indomie di indomaret trs pas mau bayar kata kasirnya nambah 1 indomie lg dapet 1 postcard newjeans dan ternyata lucu???!! https://t.co/yufI0bjOLr","1896873218729996791","https://pbs.twimg.com/media/GlMMIPHWMAA8lwO.jpg","","in","","0","1","0","https://x.com/undefined/status/1896873218729996791","611426402",
"1896747336497520850","Tue Mar 04 02:19:39 +0000 2025","1","Indomie x NewJeans di NYC ada Indonesia cooooyyyyy 🇮🇩🇮🇩️🇮🇩 https://t.co/jvpSZJVmmr","1896747336497520850","https://pbs.twimg.com/media/GlKZpRpbAAAkcIY.jpg","","in","","0","0","0","https://x.com/undefined/status/1896747336497520850","1218647558559395840",
"1896308207154544710","Mon Mar 03 17:27:00 +0000 2025","1","@skinnyskebs @onlychiId mas atau mba maaf ini ada Indomie postcard with frame NewJeans nggak ya? Yang pembelian nya minimal 35rb Kalau si kasirnya bilang ada. Gas langsung beli kak. Kalau nggak paham tunjukkin aja video itu ka. Semoga membantu.","1896613290719281307","","skinnyskebs","in","","0","1","0","https://x.com/undefined/status/1896613290719281307","1268534467896934407",
"1896308207154544710","Mon Mar 03 17:23:46 +0000 2025","0","@puppyjiun @onlychiId bilang dulu ka ke kasir ada Indomie yang gitftnya postcard with frame NewJeans nggak? Kalau ada gas beli kak. Pembelian minimal 35rb ka","1896612478932725787","","puppyjiun","in","","0","0","0","https://x.com/undefined/status/1896612478932725787","1268534467896934407",
"1896590885703532784","Mon Mar 03 16:13:54 +0000 2025","0","@dontbebIu Gabut soalnya ka dan kalau nggak tau tentang kaya gini. Rasanya tau banget. nggak enak. Menghindari juga rasa kekecewaan beli indomie x NewJeans. Jadi aman. Nggak ada drama dramaan wkwkww","1896594895277809847","","dontbebIu","in","","0","1","0","https://x.com/undefined/status/1896594895277809847","1268534467896934407",
"1896593071158308920","Mon Mar 03 16:06:39 +0000 2025","0","infokan indomaret depok yang menyediakan postcard newjeans x indomie","1896593071158308920","","","in","","0","0","0","https://x.com/undefined/status/1896593071158308920","1618034149998350336",
"1896523345476432383","Mon Mar 03 15:19:25 +0000 2025","0","@stuenflower Pembelian minimal 35rb ka jadi sebelum beli tanya dulu ke kasir. Ada Indomie postcard with frame NewJeans nggak? Kalau ada gas langsung beli.","1896581184710390007","","stuenflower","in","","0","0","0","https://x.com/undefined/status/1896581184710390007","1268534467896934407",
"1896561028592517182","Mon Mar 03 13:59:20 +0000 2025","1","Kiw kiw~~ paket dari @KlikIndomaret udah dateng.. Cc @papahgaling wk wk #ohmygooditsindomie @Indomielovers https://t.co/nWBMM7WHyI","1896561028592517182","https://pbs.twimg.com/media/GlHvzapb0AAJAD0.jpg","","in","","1","0","0","https://x.com/undefined/status/1896561028592517182","77942362",
"1896558703605899770","Mon Mar 03 13:50:05 +0000 2025","0","w baru sadar udah beli indomie newjeans telat bgt ada pcnya yahh heuhue","1896558703605899770","","","in","","0","0","0","https://x.com/undefined/status/1896558703605899770","464412748",
"1896538252267700642","Mon Mar 03 12:28:49 +0000 2025","0","doain w bsk dpt foto newjeans indomie w akan cari di 5 or even more indo/alfamart ","1896538252267700642","","","in","","0","1","0","https://x.com/undefined/status/1896538252267700642","3690997939",
"1896308207154544710","Mon Mar 03 12:13:13 +0000 2025","104","@onlychiId Mjb kak di alfa/indo mert udah bisa beli langsung ga harus series korean ramyeon kata mbak mbaknya pokok nya indomie aja bebas mau indomie apa aja","1896534323886772240","","onlychiid","in","","4","4","0","https://x.com/undefined/status/1896534323886772240","1544186085408145408",
"1896512962925670492","Mon Mar 03 10:48:20 +0000 2025","2","siapa yang udah beli Indomie x newjeans https://t.co/J0afZcyFjS","1896512962925670492","https://pbs.twimg.com/media/GlHEeeHWkAAid_e.jpg","","in","","0","2","0","https://x.com/undefined/status/1896512962925670492","1841388709713002496",
"1896505972253958404","Mon Mar 03 10:41:37 +0000 2025","0","@farilong indomie yang collab sama newjeans itu ","1896511273346781572","","farilong","in","","0","0","0","https://x.com/undefined/status/1896511273346781572","1442379807371661320",
"1895758137803907083","Sat Mar 01 08:48:56 +0000 2025","2","Yang mau beli indomie korean series di tokped udah tersedia lagi https://t.co/LGg30KZCgA","1895758137803907083","","","in","","0","0","0","https://x.com/undefined/status/1895758137803907083","1756603317508288512",
"1895717989963661617","Sat Mar 01 06:09:24 +0000 2025","0","IH DI ALFA INDO BELUM ADA HADIAH YG INDOMIE NEWJEANS ITU. Hmmmm","1895717989963661617","","","in","","0","0","0","https://x.com/undefined/status/1895717989963661617","1009255521323401216",
"1895702032998416774","Sat Mar 01 06:08:36 +0000 2025","0","@Indomielovers Siap siap CO dan gas beli offline Love indomie love @NJZ_official #OhMyGoodItsIndomie","1895717791447334932","","Indomielovers","in","","0","0","0","https://x.com/undefined/status/1895717791447334932","815400982611791873",
"1895708857571426713","Sat Mar 01 05:56:29 +0000 2025","0","@hyeinizer Iya dia akun tiktok indomie asti dapet dan indomienya yang varian collab newjeans dapat 2 per rasa jadi 6 total","1895714741831811418","","f1xinlong","in","","0","0","0","https://x.com/undefined/status/1895714741831811418","1410969615451099141",
"1895714740984557935","Sat Mar 01 05:56:29 +0000 2025","3","Baru sadar ini Indomie nggak pake NewJeans lagi pakenya nama nama member makasii min","1895714740984557935","","","in","","0","2","0","https://x.com/undefined/status/1895714740984557935","1268534467896934407",
"1895706714521157985","Sat Mar 01 05:24:35 +0000 2025","3","#wts #NewJeans #indomie OPEN JASTIP INDOMIE X NEWJEANS MIE NYA RANDOM SEADANYA DAPAT 6 MIE HARGA :40.000 FEE GO PACK DOM KARAWANG https://t.co/tf5NmAMOuW","1895706714521157985","https://pbs.twimg.com/media/Gk7nM4XbEAAaK2s.jpg","","in","","0","3","0","https://x.com/undefined/status/1895706714521157985","1642610172379148288",
"1895702032998416774","Sat Mar 01 05:05:59 +0000 2025","2833","OH MY GOOD!! Siapa yang mau makan Indomie ditemenin Postcard Set + Frame with Minji Hanni Danielle Haerin dan Hyein? Cukup beli Indomie minimal RP35 000 bisa dapetin Postcard Set + Frame yang isinya 3 foto Minji Hanni Danielle Haerin and Hyein! #OhMyGoodItsIndomie https://t.co/8cc2EXAdXd","1895702032998416774","https://pbs.twimg.com/amplify_video_thumb/1895701956821491712/img/i-6qMW99TeFEubHu.jpg","","in","","209","102","908","https://x.com/undefined/status/1895702032998416774","284428760",
"1895697990565966323","Sat Mar 01 04:49:55 +0000 2025","124","bunnies cepet co Indomie free PC set with frame NewJeans lagi di jual di Tiktok. Langsung join live Indomie sekarang https://t.co/Cp6pyFxdnu https://t.co/fmudiUDosB","1895697990565966323","https://pbs.twimg.com/media/Gk7fRrKbQAE1Q-y.jpg","","in","","11","16","24","https://x.com/undefined/status/1895697990565966323","1268534467896934407",
"1895694601396359454","Sat Mar 01 04:36:27 +0000 2025","398","GEMAS SEKALI BAYI UCULLL POSTCARD INDOMIE X NEWJEANS AKA NJZ #Indomie #NewJeans #NJZ_REDEBUT #njz #indomiexnjz https://t.co/y6ewb80B0M","1895694601396359454","https://pbs.twimg.com/media/Gk7cMQMXgAAu2Sc.jpg","","in","","11","6","72","https://x.com/undefined/status/1895694601396359454","1870015449574121472",
"1990696840589869547","Tue Nov 18 08:21:26 +0000 2025","0","드라마도 보고싶고 걍 라방도 보고싶고 뎅뎅뎅 팔이라방도 보고싶고 콘서트도 보고싶고","1990696840589869547","","","ko","","0","0","0","https://x.com/undefined/status/1990696840589869547","1335249359592513537",
"1858397688095805763","Tue Nov 18 08:21:08 +0000 2025","0","Selamat atas dua tahunnya bro @CErine_JKT48 @Delynn_JKT48 @M_OlineJKT48 @Levi_JKT48 @JTrisha_JKT48 #SymphonyOfColors #2ndAnnivGen12 #TwoYearsOfHarmony","1990696762487812397","","hus_hszn","in","","0","0","0","https://x.com/undefined/status/1990696762487812397","1553745349",
"1990696713116660010","Tue Nov 18 08:20:56 +0000 2025","0","NGELEDEK BANGETTT IHHH BONNN ","1990696713116660010","","","in","","0","0","0","https://x.com/undefined/status/1990696713116660010","1895870342159351811",
"1990696708993610160","Tue Nov 18 08:20:55 +0000 2025","0","อย่ายิ้มแบบนี้ แม่เขิน ㅠㅠ ㅠㅠ ㅠㅠ ㅠㅠ ㅠㅠ ㅠㅠ ㅠㅠ ㅠㅠ ㅠㅠ ㅠㅠ ㅠㅠ ㅠㅠ ㅠㅠ ㅠㅠ ㅠㅠ ㅠㅠ ㅠㅠ ㅠㅠ ㅠㅠ ㅠㅠ EXPLORING WITH YIBO #WANGYIBOxETU2Premiere https://t.co/iFXgV73tkD","1990696708993610160","https://pbs.twimg.com/amplify_video_thumb/1990696652068565000/img/PiRfJxuPOHKkkccb.jpg","","ko","","0","0","1","https://x.com/undefined/status/1990696708993610160","4442282172",
"1990696545013149769","Tue Nov 18 08:20:16 +0000 2025","0"," | Daily Tweet | 2025.11.17 | Brand Reputation | BTS Jimin | #지민 #JIMIN #박지민 #방탄지민 #ジミン #Jimin_MUSE @BTS_twt","1990696545013149769","","","en","","0","0","0","https://x.com/undefined/status/1990696545013149769","1568963745837371396",
"1990696466810286501","Tue Nov 18 08:19:57 +0000 2025","0","こちら、条件変わりました‼️ 引き続き、宜しくお願い致します &amp;TEAM CanCam フォトムック HMV特典 手つなぎカード　交換 譲】TAKI タキ 求】FUMA フウマ ※郵送交換のみになります 検索からでもお気軽にお声掛け下さい #andTEAM #andTEAM交換 #andTEAM_交換 https://t.co/pPGmnnOQUV","1990696466810286501","https://pbs.twimg.com/media/G6Bf4uMaYAAICei.jpg","","ja","","0","0","0","https://x.com/undefined/status/1990696466810286501","917169453162307584",
"1990696368319701324","Tue Nov 18 08:19:34 +0000 2025","0","스트레이키즈 스키즈 DO IT두잇 디마뮤 분철 ⭕️리노 창빈 필릭스 아이엔⭕️ 편하게 연락주세요 스키즈 앨범 일반반 특전 포카 디어마이뮤즈 컴백 https://t.co/rNr2JHTlg6","1990696368319701324","https://pbs.twimg.com/media/G6Bfy0vbMAMxFFm.jpg","","ko","","0","0","0","https://x.com/undefined/status/1990696368319701324","1735907215004098560",
"1990696265450205241","Tue Nov 18 08:19:09 +0000 2025","0","어므낰 저장 . . 해도 될ㄱㅏ . . (ˆ꜆ᵒ̴̷͈ · ᵒ̴̷͈ )","1990696265450205241","","","ko","","0","0","0","https://x.com/undefined/status/1990696265450205241","881753643866759168",
"1990696179374698788","Tue Nov 18 08:18:49 +0000 2025","0","난 정말 선량하고 상냥하고 무해하고 싱싱하고 싱싱하고 싱싱하고 싱싱하고 싱싱하고 싱싱하고 싱싱하고 싱싱하고 싱싱하고 싱싱하고 싱싱하고 싱싱하고 싱싱하고 싱싱하고 싱싱하고 싱싱하고싱싱하고 싱싱하고 싱싱하고 싱싱하고 싱싱하고 싱싱하고 싱싱하고 싱싱하고싱싱하고 싱싱한 아이스티","1990696179374698788","","","ko","","0","0","0","https://x.com/undefined/status/1990696179374698788","1411315235210743816",
"1990696087896928309","Tue Nov 18 08:18:27 +0000 2025","1","&gt;&gt;보고싶어도 좀만 참아요&lt;&lt; 이게 모에요....? (++++++","1990696087896928309","","","ko","","0","0","0","https://x.com/undefined/status/1990696087896928309","571784547",
"1990695815741161902","Tue Nov 18 08:17:32 +0000 2025","0","- On Instagram @/treasure.sites @/baby.doyoung @/findarea_trejo @/Dobbyglobal @/Treasurebomb_ @/teumeevent @/teumedeobitna @/teume.tegal @/treasuremaker_smg @/teuvent.pp @/dojae._w0o @/dokyuv @/teumemalang @/teume_bekasi @/shicn.rys @/rumbby__","1990695858124567008","","TREASURE_INA","sl","","0","0","0","https://x.com/undefined/status/1990695858124567008","1298263554957533184",
"1990695794387853706","Tue Nov 18 08:17:22 +0000 2025","0","251117 현엽이 인스타그램 게시글 (3) Kenshi Yonezu - IRIS OUT 東京でまたね #현엽 #Hyunyeop #yeop_hoto #InAMinute #인어미닛 https://t.co/XThPWoEcCC","1990695815275495678","https://pbs.twimg.com/media/G6BfSpyaoAARhxE.jpg","SUNDAYs_SUNDAEs","ja","","0","0","0","https://x.com/undefined/status/1990695815275495678","1544503954616504320",
"1990695794387853706","Tue Nov 18 08:17:19 +0000 2025","0","251117 현엽이 인스타그램 게시글 (2) Kenshi Yonezu - IRIS OUT 東京でまたね #현엽 #Hyunyeop #yeop_hoto #InAMinute #인어미닛 https://t.co/rHN0z7TUz7","1990695804890419287","https://pbs.twimg.com/media/G6BfSC4aYAAL6-X.jpg","SUNDAYs_SUNDAEs","ja","","0","1","0","https://x.com/undefined/status/1990695804890419287","1544503954616504320",
"1990695794387853706","Tue Nov 18 08:17:17 +0000 2025","0","251117 현엽이 인스타그램 게시글 (1) Kenshi Yonezu - IRIS OUT 東京でまたね #현엽 #Hyunyeop #yeop_hoto #InAMinute #인어미닛 https://t.co/vEVPRlb8Cs","1990695794387853706","https://pbs.twimg.com/media/G6BfRVdbAAAsGAF.jpg","","ja","","0","1","0","https://x.com/undefined/status/1990695794387853706","1544503954616504320",
"1990673531731116140","Tue Nov 18 08:16:56 +0000 2025","0","@belloWONYOUNG IH INI JAMAN IZONE YA? YA AMPUN ADIKKUUU","1990695706680778931","","belloWONYOUNG","in","","0","0","0","https://x.com/undefined/status/1990695706680778931","2758564403",
"1990695645066506254","Tue Nov 18 08:16:41 +0000 2025","0","hah.... gue... 2025... bahkan.... baru.... inget.... blm... makan.... rambutan.... lagi....","1990695645066506254","","","in","","0","1","0","https://x.com/undefined/status/1990695645066506254","1673666869432025088",
"1990695546563305831","Tue Nov 18 08:16:18 +0000 2025","7","사랑해 사랑해️ 조밍규 사랑해‍️️‍️‍️‍️‍","1990695546563305831","","","ko","","1","0","5","https://x.com/undefined/status/1990695546563305831","1364578607436238851",
"1990695499398287664","Tue Nov 18 08:16:07 +0000 2025","1","251108 #tripleS #정하연 #HAYEON #하연 #JEONGHAYEON #트리플에스 https://t.co/oTYNQQutEa","1990695499398287664","https://pbs.twimg.com/media/G6BfAB7a4AAdGUI.jpg","","und","","0","0","0","https://x.com/undefined/status/1990695499398287664","1831599969863909376",
"1990663321541095472","Tue Nov 18 08:15:32 +0000 2025","0","@oasisekk !!!!!!!!! 만약 하게 되시면 저도 살짝 올라탈 수 잇을지 ㅠㅠㅠㅠㅠㅠㅠㅠㅠ 부탁 드립니다 ㅠㅠㅠㅠㅠㅠㅠㅠㅠㅠㅠㅠㅠㅠㅠ","1990695355483291983","","oasisekk","ko","","0","1","0","https://x.com/undefined/status/1990695355483291983","1802308634396999680",
"1990583690016223722","Tue Nov 18 08:15:26 +0000 2025","0","@yufnjin mau yang makan ajah. (⁠´⁠∩⁠｡⁠ ⁠ ⁠ᵕ⁠ ⁠ ⁠｡⁠∩⁠`⁠) https://t.co/nEvU8qnNJp","1990695327767351479","https://pbs.twimg.com/media/G6Be2dJbMAEpFAV.jpg","yufnjin","in","","0","0","0","https://x.com/undefined/status/1990695327767351479","144223784",
