conversation_id_str;created_at;favorite_count;full_text;id_str;image_url;in_reply_to_screen_name;lang;location;quote_count;reply_count;retweet_count;tweet_url;user_id_str;username
1,98658E+18;Fri Nov 07 00:32:34 +0000 2025;0;@nyanco_nyannyan いしかわさん おはようございます &amp;;;;;;;;;;;
1,98659E+18;Fri Nov 07 00:32:25 +0000 2025;0;Nanti malam udah 1 pulau sama Younghoon ;1,98659E+18;;;in;;0;0;0;https://x.com/undefined/status/1986592541454786628;1,20823E+18;
1,98659E+18;Fri Nov 07 00:31:02 +0000 2025;0;コラボ投票を取りまとめてくださってるENGENEさん、積極的に参加してくれてるENGENEさん、ありがとうございます‼︎ あと少し、ENGENE切らずに頑張ろう #ENHYPEN #2025MAMAVOTE‍⬛;1,98659E+18;;;ja;;0;0;1;https://x.com/undefined/status/1986592190756495536;1,5048E+18;
1,98659E+18;Fri Nov 07 00:29:59 +0000 2025;0;aku updatenya - heehoon - hoonseung - heehoon - hoonseung biar adil ya adik adik jangan tanya terus kek bocah kok gak heehoon lagi ;1,98659E+18;;;in;;0;0;0;https://x.com/undefined/status/1986591926485946710;1,43018E+18;
1,98658E+18;Fri Nov 07 00:28:36 +0000 2025;0;@2022810MZDAO ともららちゃん ﾟ* (*･ω･*)おはよう ( *´꒳`*)ฅ ｲｯﾃﾗｯｼｬｲ 楽しんできてね︎;1,98659E+18;;2022810MZDAO;ja;;0;0;0;https://x.com/undefined/status/1986591581139575224;1,57834E+18;
1,98659E+18;Fri Nov 07 00:26:09 +0000 2025;0;あぁぁアンコン行きたいアンコン行きたいアンコン行きたいアンコン行きたいアンコン行きたいアンコン行きたいアンコン行きたいアンコン行きたいアンコン行きたいアンコン行きたいアンコン行きたいアンコン行きたいアンコン行きたいアンコン行きたいアンコン行きたいアンコン行きたい https://t.co/1pX9wzJIlg;1,98659E+18;https://pbs.twimg.com/media/G5HJ83zbcAAHVwU.jpg;;ja;;0;0;0;https://x.com/undefined/status/1986590964551647439;1,74641E+18;
1,98659E+18;Fri Nov 07 00:18:38 +0000 2025;0; 𝗚𝗢𝗢𝗗 𝗠𝗢𝗥𝗡𝗜𝗡𝗚 ˳༚ / - ท้องฟ้ายามเช้าจงพาเธอสุขสันต์! - #MewyuNikkoNikko #NikkoNikko #ニッコニッコ #IC45Ent https://t.co/NB2O5eCxVX;1,98659E+18;https://pbs.twimg.com/media/G5HIOQxbIAAcYyf.jpg;;th;;0;0;0;https://x.com/undefined/status/1986589071398035637;1,59761E+18;
1,98659E+18;Fri Nov 07 00:16:16 +0000 2025;1;むくんだ超スーパーアヒル どーしたらそんな髪型になるわけ #NI_KI #ENHYPEN #2025MAMAVOTE https://t.co/lNq8dlgsx1;1,98659E+18;https://pbs.twimg.com/media/G5HHsPcbIAchsMC.jpg;;ja;;0;0;1;https://x.com/undefined/status/1986588478495469634;1,43514E+18;
1,98659E+18;Fri Nov 07 00:15:32 +0000 2025;3;Aku nak Ipong (Carats nya juga bowleh );1,98659E+18;;;in;;0;0;0;https://x.com/undefined/status/1986588292440334350;1,75194E+18;
1,98659E+18;Fri Nov 07 00:15:04 +0000 2025;4; ‼️SIJEUNI INA ONLY‼️ NCTZEN FOLLOW SPREE NCTZEN FOLLOW SPREE NCTZEN FOLLOW SPREE drop and follow everyone who likes your reply don't forget to follback!;1,98659E+18;;;en;;0;13;1;https://x.com/undefined/status/1986588176106848285;2503485216;
1,98659E+18;Fri Nov 07 00:13:54 +0000 2025;1;はい！はい！ﾊｲﾊｲ.ᐟ 今日もお仕事前の～推し事完了 夢の国から現実世界のお仕事に 切り替えて〜頑張ってくるw #ATEEZ #에이티즈 理由は いちばん好きだから〜 #ATEEZ #2025MAMAVOTE https://t.co/YvsVZs95tz;1,98659E+18;https://pbs.twimg.com/media/G5HHJXSbIAYkvYd.jpg;;ja;;0;0;0;https://x.com/undefined/status/1986587879070740947;1,31063E+18;
1,98659E+18;Fri Nov 07 00:13:23 +0000 2025;0;TE AMO TE AMO TE AMO TE AMO TE AMO TE AMO;1,98659E+18;;;pt;;0;0;0;https://x.com/undefined/status/1986587752377499873;2986420415;
1,98659E+18;Fri Nov 07 00:11:58 +0000 2025;0;De madrugá de madrugá de madrugá de madrugá ️️️;1,98659E+18;;;es;;0;0;0;https://x.com/undefined/status/1986587395949797548;504692812;
1,98658E+18;Fri Nov 07 00:11:25 +0000 2025;1;@hedebonbon おはようございます( ˃◡˂ )️ 暖かくして素敵な休日をお過ごしください;1,98659E+18;;hedebonbon;ja;;0;0;0;https://x.com/undefined/status/1986587254027092382;1,62676E+18;
1,98659E+18;Fri Nov 07 00:11:05 +0000 2025;4;今日もENHYPENへ #ENHYPEN #2025MAMAVOTE https://t.co/S4kvUNvefC;1,98659E+18;https://pbs.twimg.com/media/G5HGgUibcAACOwj.jpg;;ja;;0;0;3;https://x.com/undefined/status/1986587172200456703;1,58124E+18;
1,98659E+18;Fri Nov 07 00:07:50 +0000 2025;1;te amo jakehoon te amo jakehoon te amo jakehoon te amo jakehoon te amo jakehoon te amo jakehoon te amo jakehoon te amo jakehoon te amo jakehoon te amo jakehoon;1,98659E+18;;;fi;;0;1;0;https://x.com/undefined/status/1986586354537427457;1,70398E+18;
1,98658E+18;Fri Nov 07 00:06:37 +0000 2025;0;@nanadoongifess NA JAEMIN THANK YOU NA JAEMIN THANK YOU NA JAEMIN THANK YOU NA JAEMIN THANK YOU NA JAEMIN THANK YOU NA JAEMIN THANK YOU NA JAEMIN THANK YOU @NCTsmtown_DREAM;1,98659E+18;;nanadoongifess;en;;0;0;0;https://x.com/undefined/status/1986586049787957564;1,11837E+18;
1,98656E+18;Fri Nov 07 00:05:19 +0000 2025;0;@nouonl ちょこちゃん おはよぉぉ^^ 懐っこいイーブイなのかなかわいいなあ(*^^*);1,98659E+18;;nouonl;ja;;0;0;0;https://x.com/undefined/status/1986585721269068076;1,48663E+18;
1,98658E+18;Fri Nov 07 00:00:30 +0000 2025;1;. ᕕ ᕕ ( ⌯ΦωΦ⌯) ┏━ ️ ️━━┓ 11月6日(木) ┗━━━━━┛ 🈵️16時-17時半 🈵️܀ #満了 🈵️ 🈵️18時-19時半 🈵️20時-22時 🈵️22時半-24時 ܀ ... #𝕀ℤ𝕌𝕄𝕀ℤꓵ𝕎𝐈𝐙𝐮𝐌𝐈𝕎ꓵℤ𝕀𝕄𝕌ℤ𝕀 ܀ ...銀座1️⃣1️⃣0️⃣6️⃣ 𝕋𝕙𝕖𝕣𝕖 https://t.co/L8MTlJWU4W;1,98658E+18;https://pbs.twimg.com/ext_tw_video_thumb/1986584488504344576/pu/img/zFRsOosDyLztU2ze.jpg;;ja;;1;0;0;https://x.com/undefined/status/1986584507416514934;1,79293E+18;
1,98655E+18;Thu Nov 06 23:59:03 +0000 2025;0;@aldebaran_654 かわいいね〜 よちよちよちよちよちよちよちよちよちよちよちよち おててももちもちぬいぐるみでかわいいよ〜️;1,98658E+18;;aldebaran_654;ja;;0;0;0;https://x.com/undefined/status/1986584142595891260;1,57887E+18;
1,98658E+18;Thu Nov 06 23:58:58 +0000 2025;1;巻きつきハグ ‍⬛うつ伏せ&amp;;;;;;;;;;;
1,98656E+18;Thu Nov 06 23:58:45 +0000 2025;0;@Amaou_sweet_ つぶちゃ〜っ️ おはなびありがとう〜！！！！ そして聞いてくれてありがとう️️️嬉しいよっ;1,98658E+18;;Amaou_sweet_;ja;;0;0;0;https://x.com/undefined/status/1986584067970936976;1,79539E+18;
1,98658E+18;Thu Nov 06 23:58:30 +0000 2025;0;Lucu banget bonedo-&gt;;;;;;;;;;;
1,85335E+18;Thu Nov 06 23:58:11 +0000 2025;0;D-177 Have a good day นะคับ วันศุกร์ซะที จะหมดสัปดาห์นี้แล้ว https://t.co/uNZMeKIlZX;1,98658E+18;https://pbs.twimg.com/media/G5HDjInaYAAjNIS.jpg;0617_JunnieWY;th;;0;0;0;https://x.com/undefined/status/1986583925616222237;77424131;
1,98658E+18;Thu Nov 06 23:57:30 +0000 2025;0;リクエストしました #INI @official__INI #INI_THE_WINTER_MAGIC #INI_Present;1,98658E+18;;;ja;;0;0;0;https://x.com/undefined/status/1986583753737867506;1,47895E+18;
1,98644E+18;Thu Nov 06 23:55:59 +0000 2025;0;@whoisyayee ชาติขอให้ได้ดูด้วยเถอะ (⸝⸝o̴̶̷᷄‸o̴̶̷̥᷅⸝⸝);1,98658E+18;;whoisyayee;th;;0;0;0;https://x.com/undefined/status/1986583370755969432;1,96466E+18;
1,98658E+18;Thu Nov 06 23:55:33 +0000 2025;0;- jomblo ngenes - ihh ayo temenann!! aku ga gigit kokkk &lt;;;;;;;;;;;
1,98658E+18;Thu Nov 06 23:55:31 +0000 2025;0;@hiyocom_channel おはひよ！ひよこさん、おはようございます！今日も一日頑張りましょう;1,98658E+18;;hiyocom_channel;ja;;0;0;0;https://x.com/undefined/status/1986583254024253690;1,12958E+18;
1,98639E+18;Thu Nov 06 23:55:11 +0000 2025;0;@hamtyuta なんだかんだ和食がやっぱり一番好きです️ ありがとうございます*ଘ(੭*ˊᵕˋ)੭* ੈ‧₊˚;1,98658E+18;;hamtyuta;ja;;0;0;0;https://x.com/undefined/status/1986583171618767164;1,7484E+18;
1,98657E+18;Thu Nov 06 23:54:56 +0000 2025;5;@booniecake AAAAAAHHHHHHHHHHHHHHHHHHHHHH;1,98658E+18;;booniecake;und;;0;1;0;https://x.com/undefined/status/1986583108888523120;1,39336E+18;
1,98658E+18;Thu Nov 06 23:54:00 +0000 2025;0;ขอให้เป็นวันที่ดีเจอแต่สิ่งที่ดีนะคะคนเก่ง UPLIFTING VIBES ENGFA07 #อิงฟ้าวราหะ #อิงฟ้ามหาชน #EngfaWaraha @EWaraha https://t.co/lOjFx5BuqZ;1,98658E+18;https://pbs.twimg.com/media/G5FA6gLboAEGgSl.jpg;;th;;0;0;0;https://x.com/undefined/status/1986582871843189018;1,69959E+18;
1,98658E+18;Thu Nov 06 23:53:34 +0000 2025;5;おはようございます 快晴️⤴️ 今日も素敵な１日を イケメンさん️️ https://t.co/qzRdD1eo9P;1,98658E+18;https://pbs.twimg.com/media/G5HCfz7bIAMlQhi.jpg;;ja;;0;0;1;https://x.com/undefined/status/1986582764603514976;1,53634E+18;
1,98658E+18;Thu Nov 06 23:52:35 +0000 2025;0;あ～ちゃんインライしてたやん！ あ～ちゃんあ～ちゃんあ～ちゃんあ～ちゃんあ～ちゃんあ～ちゃん;1,98658E+18;;;ja;;0;0;0;https://x.com/undefined/status/1986582515830956335;4188422052;
1,98629E+18;Thu Nov 06 23:52:31 +0000 2025;0;@ipadophel aKU BARU TAU BEJIR. . . GELO gk tau‼️ dari ak sih semua usiL jadi cuma bisa sBAR‼️‼️ ngakakyakin bgt langsung lemes pWOL‼️ ayo ke THAILAND aku hilang timbul but i would always love you in every interaction { nangis keciL } ;1,98658E+18;;ipadophel;in;;0;0;0;https://x.com/undefined/status/1986582498172936686;2499016922;
1,98658E+18;Thu Nov 06 23:52:29 +0000 2025;0;@enbaibo_02 護國🇯🇵さーん、おはようございます 可愛いありがとうございます 護國さんも素敵な金曜日、週末をお過ごしください️;1,98658E+18;;enbaibo_02;ja;;0;0;0;https://x.com/undefined/status/1986582491164254643;2598279175;
1,98658E+18;Thu Nov 06 23:51:53 +0000 2025;0;PINK TYUN PINK TYUN PINK TYUN ️️️️️;1,98658E+18;;;tl;;0;0;0;https://x.com/undefined/status/1986582341062431227;1,08923E+18;
1,98658E+18;Thu Nov 06 23:51:40 +0000 2025;1;️️️️️️️ ️️ 단짝즈 ️️ ️️️️️️️;1,98658E+18;;;ko;;0;0;0;https://x.com/undefined/status/1986582287673364883;1,86504E+18;
1,98658E+18;Thu Nov 06 23:50:24 +0000 2025;4; #ROCKY #HAMO 306/365 사랑해 라키 ️‍ Te amo muito Rocky ️‍ Se você desejar isso se tornará realidade! ‍️ Beijos pra HAMO #라키 #하모 #WouldYouBeMy #ForeverandEver @p_rockyent @wonijin_ent https://t.co/62YbCD4PcS;1,98658E+18;https://pbs.twimg.com/media/G5HBw8ZX0AAaFEJ.jpg;;pt;;0;0;2;https://x.com/undefined/status/1986581965131100453;1,39624E+18;
1,98658E+18;Thu Nov 06 23:50:18 +0000 2025;0;わ！わ！わ！！！姫ちゃああ！！！！ めっちゃ素敵ぃぃ！！！いいなあ！！ デジタルサイネージも 幸せの共有ありがとう！！！！！！！;1,98658E+18;;;ja;;0;0;0;https://x.com/undefined/status/1986581940955488380;1,811E+18;
1,98658E+18;Thu Nov 06 23:50:17 +0000 2025;0;推しを2回押すだけ簡単投票 明日まで #最愛ドル #テーマPICK 11月カムバック&amp;;;;;;;;;;;
1,98658E+18;Thu Nov 06 23:50:13 +0000 2025;1;#YoMeRebelo7N #YoMeRebelo8N . . #RocioNoTeCreo https://t.co/t1UKL3s2Yx;1,98658E+18;https://pbs.twimg.com/media/G5HBujYWoAA9yV9.jpg;;und;;0;0;2;https://x.com/undefined/status/1986581921422282906;1,33991E+18;
1,98658E+18;Thu Nov 06 23:50:11 +0000 2025;1;UUUUUUUUU UMADACCHI UUUUUUUU UMA PYOI UMA PYOI https://t.co/JrZUu9wGf8;1,98658E+18;https://pbs.twimg.com/media/G5HBZQFWwAA4dB8.jpg;;in;;0;0;0;https://x.com/undefined/status/1986581911758635173;1,36256E+18;
1,98608E+18;Thu Nov 06 23:50:10 +0000 2025;0;@nkskrdwyn Duh malam bgt yah kakak padahal pengen bgt join ;1,98658E+18;;nkskrdwyn;in;;0;0;0;https://x.com/undefined/status/1986581909967905224;1,92223E+18;
1,98658E+18;Thu Nov 06 23:50:07 +0000 2025;63;251106 위버스 대면 1차 #andTeam #앤팀 #YUMA #ユウマ #유마 https://t.co/qptekGLlvA;1,98658E+18;https://pbs.twimg.com/media/G5HBsxSaMAAFlCn.jpg;;ko;;3;0;33;https://x.com/undefined/status/1986581897011720404;1,8397E+18;
1,98658E+18;Thu Nov 06 23:50:07 +0000 2025;0;oh dah sampe sokor gaes KEKWKWKWK MANTAPPPP;1,98658E+18;;imnvyp;in;;0;0;0;https://x.com/undefined/status/1986581896290312375;1,35622E+18;
1,98658E+18;Thu Nov 06 23:50:07 +0000 2025;1;おはようございます金曜日 今日はあったかいかも それだけでなんかうれしい;1,98658E+18;;;ja;;0;1;0;https://x.com/undefined/status/1986581894130200662;1,16972E+18;
1,98658E+18;Thu Nov 06 23:50:01 +0000 2025;3;おはよーございます️ いつも朝ごはん食べないけど、 休みの日はゆっくり食べるんだq(q'∀`*) たまの贅沢Uber！！ 金曜日みなさんがんばろーにょღღ ̥̑ .̮ ̥̑) https://t.co/EU3qMDNhoR;1,98658E+18;https://pbs.twimg.com/media/G5HBrWNbIAIPGRN.jpg;;ja;;0;1;0;https://x.com/undefined/status/1986581868477882872;1,27341E+18;
1,98658E+18;Thu Nov 06 23:50:00 +0000 2025;2;Morning Newwiee @New_Thitipoom #Newwiee Please eat something yummy today okay? Good food always brings good mood. https://t.co/N7fQ14TsnP;1,98658E+18;https://pbs.twimg.com/media/G4y273_akAEi0Hu.jpg;;en;;0;0;3;https://x.com/undefined/status/1986581865118028273;28643847;
1,98658E+18;Thu Nov 06 23:49:56 +0000 2025;1;#YoMeRebelo7N #YoMeRebelo8N . . #RocioNoTeCreo https://t.co/3BAk6aQG3w;1,98658E+18;https://pbs.twimg.com/media/G5HBqVzWkAAQDHP.jpg;;und;;0;0;1;https://x.com/undefined/status/1986581851558060281;1,33991E+18;
1,98658E+18;Thu Nov 06 23:49:56 +0000 2025;1;#입트 쪼나쪼나ㅏ️‍ 내일 토요일‼️‼️‼️‼️‼️‼️ 오늘만 홧팅해봅시다 내일이 기다리니까;1,98658E+18;;;ko;;0;0;0;https://x.com/undefined/status/1986581848500408377;1,97376E+18;
1,98658E+18;Thu Nov 06 23:49:42 +0000 2025;0;ไม่เป็นไร ไม่เป็นไรนะ ไม่เป็นไรเลย ไม่เป็นไรเว้ย ไม่เป็นไรจ้า ไม่เป็นไรค่ะ ไม่เป็นไรงับ ไม่เป็นไรคับ;1,98658E+18;;;th;;0;0;0;https://x.com/undefined/status/1986581792099533267;1,58491E+18;
1,98641E+18;Thu Nov 06 23:49:40 +0000 2025;2;おはぼん*｡( ´∩ ͈ω ͈∩` )*｡ 金曜日乗り越えようね️‍️‍️‍;1,98658E+18;;ivy__ai;ja;;0;4;0;https://x.com/undefined/status/1986581780628123673;1262152686;
1,98658E+18;Thu Nov 06 23:49:39 +0000 2025;4;おはようございません！！！ ひまりです [▓▓]=͟͟͞͞=͟͟͞͞ εː){お布団がひまりを離してくれない。 金曜日ゆるふぁいだよ[▓▓]꜆'ω')ﾉ゛;1,98658E+18;;;ja;;0;0;0;https://x.com/undefined/status/1986581779755704697;1,96143E+18;
1,98658E+18;Thu Nov 06 23:49:35 +0000 2025;0;EU NÃO VOU TE ASSUMIR HONGJOONG NÃO ADIANTAAAAA;1,98658E+18;;;pt;;0;1;0;https://x.com/undefined/status/1986581762588213259;1,7253E+18;
1,98654E+18;Thu Nov 06 23:49:09 +0000 2025;1;@kankan_ovo_ こちらこそ、いつもありがとうございます️ 光と共に シャローム ;1,98658E+18;;kankan_ovo_;ja;;0;0;0;https://x.com/undefined/status/1986581650407629222;2557801993;
1,98658E+18;Thu Nov 06 23:49:04 +0000 2025;42;おはようございます！('ω')ノ やっと金曜日です。よく頑張って、週末を楽しんでください！ (∩&gt;;;;;;;;;;;
1,98658E+18;Thu Nov 06 23:49:02 +0000 2025;1;ジェヒョンおはよう️ 金曜日だ〜わーい 朝からめちゃくちゃいい天気 今日も元気に頑張ろう #jaehyun #AlwaysOnJaehyunSide #우리는_영원히_재현이편 https://t.co/Dd6a9ZI60l;1,98658E+18;https://pbs.twimg.com/media/G5HBdPYasAAumU2.jpg;;ja;;0;0;0;https://x.com/undefined/status/1986581623568253054;1,8327E+18;
1,97859E+18;Thu Oct 16 15:18:56 +0000 2025;0;@NANCY0V @NJZBAM2 And I can t find Indomie Newjeans here in my city Indonesia is large dumbass;1,97884E+18;;arrriiie39;en;;0;0;0;https://x.com/undefined/status/1978843108440682963;107256407;
1,97575E+18;Wed Oct 08 02:49:20 +0000 2025;0;@lxverainyblue Newjeans if they are indomie;1,97576E+18;;lxverainyblue;en;;0;1;0;https://x.com/undefined/status/1975755360742060049;1,92916E+18;
1,94262E+18;Mon Sep 29 05:53:13 +0000 2025;0;wts ina newjeans njz indomie mini photocard set 65K ෆ manual/ ෆ depok https://t.co/DzmJfU3zZv;1,97254E+18;https://pbs.twimg.com/media/G1_ezswbEAA33hG.jpg;ieattheavocado;en;;0;0;0;https://x.com/undefined/status/1972540144080339399;1,45794E+18;
1,96529E+18;Tue Sep 09 05:33:05 +0000 2025;498;Remember when Indomie do a full global promo for Indomie x NewJeans https://t.co/8XmjPzkZRG;1,96529E+18;https://pbs.twimg.com/amplify_video_thumb/1965287245432377344/img/ZO-84FP7ikXTNwcg.jpg;;en;;1;4;65;https://x.com/undefined/status/1965287321219273170;1,58016E+18;
1,96386E+18;Fri Sep 05 08:03:04 +0000 2025;0;@RR_FR01 @Snper22 As of Sept 2025 NewJeans' deals are limited due to ADOR dispute &amp;;;;;;;;;;;
1,95912E+18;Sat Aug 23 05:18:24 +0000 2025;284;My friend bought Indomie packs and received NewJeans photocards ofc they are now mine. https://t.co/AaZ4daoYI8;1,95912E+18;https://pbs.twimg.com/media/GzA0Ak2boAE6XeN.jpg;;en;;1;0;21;https://x.com/undefined/status/1959123031650889778;1,58016E+18;
1,95766E+18;Tue Aug 19 04:05:29 +0000 2025;0;snagged indomie x newjeans mini postcard set couldnt believe my eyes when i saw it in the supermarket https://t.co/VbXE0PnLci;1,95766E+18;https://pbs.twimg.com/media/Gyr89YZacAY8LWv.jpg;;en;;0;0;0;https://x.com/undefined/status/1957655132667277480;1,3661E+18;
1,95672E+18;Sat Aug 16 14:23:04 +0000 2025;0;The success of Indomie × NewJeans highlights how Indonesia sets the standard for K-Pop brand power. From creative campaigns to global buzz it proves Indonesian fans and brands together can influence the world stage in unique and powerful ways.;1,95672E+18;;rezxhfx;en;;0;0;0;https://x.com/undefined/status/1956723389634326718;1,85662E+18;
1,95672E+18;Sat Aug 16 14:23:04 +0000 2025;3;In 2025 Indonesia shines as a top K-Pop hub with Indomie proudly teaming up with NewJeans. This collab shows how local brands are not just following trends but leading the wave proving Indonesia s strength in shaping global K-Pop culture. #NewJeans #Indonesia https://t.co/WdxFeWQ679;1,95672E+18;https://pbs.twimg.com/media/GyesfVtb0AAHNpp.jpg;;en;;0;1;0;https://x.com/undefined/status/1956723386484433180;1,85662E+18;
1,95551E+18;Wed Aug 13 05:43:32 +0000 2025;1;🆕 want to sell / wts postcard newjeans (NJZ) x indomie - ⁠only on - ⁠10k (include frame &amp;;;;;;;;;;;
1,95475E+18;Mon Aug 11 03:57:13 +0000 2025;0;just got the newjeans x indomie noodles bro i miss my girls sm;1,95475E+18;;;en;;1;1;0;https://x.com/undefined/status/1954753948612775970;1,12707E+18;
1,95193E+18;Sun Aug 03 09:07:52 +0000 2025;1444; I miss newjeans but indomie so delicious BUNNIES STAWPH https://t.co/XpSxnuFSMQ;1,95193E+18;https://pbs.twimg.com/ext_tw_video_thumb/1951932980911624193/pu/img/gNg9mfpupc_nMqJx.jpg;;en;;11;2;204;https://x.com/undefined/status/1951933022644875594;1,67115E+18;
1,95091E+18;Thu Jul 31 13:19:18 +0000 2025;0;🆕 want to sell / wts postcard newjeans (NJZ) x indomie - ⁠only on - ⁠10k (include frame &amp;;;;;;;;;;;
1,95055E+18;Wed Jul 30 13:16:02 +0000 2025;0;🆕 want to sell / wts postcard newjeans (NJZ) x indomie - ⁠only on - ⁠10k (include frame &amp;;;;;;;;;;;
1,94911E+18;Sat Jul 26 17:13:31 +0000 2025;0;@idextratime going to buy more indomie and stream more newjeans;1,94916E+18;;idextratime;en;;0;0;0;https://x.com/undefined/status/1949156139154931850;1,60621E+18;
1,94914E+18;Sat Jul 26 16:02:54 +0000 2025;0;successful host benefits: * free purple macaron binder * free 2 line friends minji photocard * free 2 supernatural unsealed album * free newjeans indomie cards # newjeans minji hanni haerin danielle hyein sg25 get up supernatural line friends sg 24 newjeans weverse pc ph mhdhh;1,94914E+18;;gigibreadlover;en;;0;1;0;https://x.com/undefined/status/1949138365858640213;1,60148E+18;
1,94764E+18;Tue Jul 22 13:04:16 +0000 2025;0;🆕 want to sell / wts postcard newjeans (NJZ) x indomie - ⁠only on - ⁠10k (include frame &amp;;;;;;;;;;;
1,94713E+18;Mon Jul 21 09:45:17 +0000 2025;0;@Ernenewjeans well the only reason they do this is because they want to protect the brand name ador that MHJ made its crazy how underhanded they are even telling a fan NOT to promote newjeans indomie because it was for only newjeans/MHDHH;1,94723E+18;;Ernenewjeans;en;;0;0;0;https://x.com/undefined/status/1947231398328209821;1,73174E+18;
1,94462E+18;Mon Jul 14 05:14:36 +0000 2025;0;SVT klo collab sm local brand lg smoga kluarin photocard ky gini jg I think freebies Ind0food bgs2 &amp;;;;;;;;;;;
1,94262E+18;Wed Jul 09 05:33:25 +0000 2025;0;wts ina newjeans njz indomie mini photocard set 65K exc shopee fee 12% depok https://t.co/WaUbT1qrrH;1,94282E+18;https://pbs.twimg.com/media/GvZH534aYAQdDHe.jpg;ieattheavocado;en;;0;1;0;https://x.com/undefined/status/1942819358407025038;1,45794E+18;
1,94262E+18;Tue Jul 08 16:38:55 +0000 2025;0;wts newjeans njz hanni season's greetings 2025 sg25 8 pcs 120K indomie mini photocard set 65K exc shopee fee 12% depok https://t.co/Ig9gfP3fP5;1,94262E+18;https://pbs.twimg.com/media/GvWWo7SbEAAGbMX.jpg;;en;;1;1;1;https://x.com/undefined/status/1942624448282255716;1,45794E+18;
1,94175E+18;Sun Jul 06 06:53:43 +0000 2025;0;🆕 want to sell / wts postcard newjeans (NJZ) x indomie - ⁠only on - ⁠10k (include frame &amp;;;;;;;;;;;
1,9415E+18;Sat Jul 05 13:51:31 +0000 2025;0;🆕 want to sell / wts postcard newjeans (NJZ) x indomie - ⁠only on - ⁠10k (include frame &amp;;;;;;;;;;;
1,9407E+18;Thu Jul 03 14:03:35 +0000 2025;2;wts ina lfb storange box pc photocard sticker 3k / ea newjeans postcard x indomie 10k all tapcash jaemin candy unseal (saldo 10k) 65k tapcash jeno candy sealed 60k tapcash haechan mark candy 55k / ea (ga ke foto) jaksel accept ww worldwide but must have ina address https://t.co/81aFeM5v50;1,94077E+18;https://pbs.twimg.com/media/Gu8DHsRXwAAVrkq.jpg;nectarns;en;;0;5;0;https://x.com/undefined/status/1940773419265806640;2653680361;
1,94069E+18;Thu Jul 03 08:53:28 +0000 2025;0;@ijbolismimpact newjeans indomie;1,9407E+18;;ijbolismimpact;en;;0;1;0;https://x.com/undefined/status/1940695373338890634;1,74574E+18;
1,9399E+18;Tue Jul 01 04:23:00 +0000 2025;0;@ggvkevst Nitip indomie newjeans️️;1,9399E+18;;dustofmisu;en;;0;1;0;https://x.com/undefined/status/1939902533537079708;4702302998;
1,93961E+18;Mon Jun 30 09:27:37 +0000 2025;0;@tomattosss ada album only+ qr sm newjeans indomie postcard nih;1,93962E+18;;165site;en;;0;0;0;https://x.com/undefined/status/1939616805930311892;1,68384E+18;
1,93889E+18;Sat Jun 28 09:16:35 +0000 2025;1;@58puppylo they claim bcs of this news chanel release the picture. Well chanel tagging newjeans_official..Chanel never acknowledged mhdhh or any revolutionary action by them. Only indomie do so but last 2 month indomie also make a drastic Uturn and using ;1,93889E+18;;58puppylo;en;;0;0;0;https://x.com/undefined/status/1938889251363737635;1,89945E+18;
1,93808E+18;Thu Jun 26 03:37:48 +0000 2025;6;whhy are there newjeans photocards in my pack of indomie;1,93808E+18;;;en;;0;1;0;https://x.com/undefined/status/1938079221923848247;7,86662E+17;
1,93777E+18;Wed Jun 25 07:14:42 +0000 2025;1;didnt get to go to the pop ups in makati so i had to order online #OhMyGoodItsIndomie #KoreanRamyeonSeries https://t.co/obObddecPb;1,93777E+18;https://pbs.twimg.com/media/GuRY1ULbwAEN_pU.jpg;;en;;0;1;0;https://x.com/undefined/status/1937771415786389815;1,84943E+18;
1,93531E+18;Wed Jun 18 12:03:39 +0000 2025;0;wts wtb photocard pc bts newjeans nj indomie postcard ina;1,93531E+18;;;en;;0;0;0;https://x.com/undefined/status/1935307417597919700;402465149;
1,93495E+18;Tue Jun 17 12:27:59 +0000 2025;747;Can t wait to get home eat Indomie and have NewJeans and other good music on loop. My kind of reset. https://t.co/PQNTPoi7z5;1,93495E+18;https://pbs.twimg.com/media/GtpT0AOa4AAzT2E.jpg;;en;;2;4;83;https://x.com/undefined/status/1934951153177157936;1,28467E+18;
1,93461E+18;Mon Jun 16 13:33:28 +0000 2025;2; wts aab bts photocard jk v ina ୨୧ co ୨୧ include all ୨୧ dm for condition batam ୨୧ splitpay spay yaa wts wtb photocard pc bts newjeans nj indomie postcard https://t.co/mQgZrNn2iy;1,93461E+18;https://pbs.twimg.com/media/GtkZNgCakAAOf49.jpg;;en;;1;0;0;https://x.com/undefined/status/1934605246577451389;402465149;
1,93308E+18;Thu Jun 12 08:32:54 +0000 2025;3;WTS POSTCARD INDOMIE X NEW JEANS #newjeans #NewJeans #indomie #pc #photocard #PHOTOCARD #postcard #wts #bunnies #BUNNIES #Minji #Hanni #Haerin #Hyein #Danielle #zonajajan #zonauang #kpop #kpopers https://t.co/5vAx0gVURB;1,93308E+18;https://pbs.twimg.com/media/GtOuCq4b0AArK-a.jpg;;en;;0;0;2;https://x.com/undefined/status/1933080056378896520;1,04961E+18;
1,93205E+18;Mon Jun 09 12:32:16 +0000 2025;1;Check out 'WTS NewJeans x Indomie Mini Postcards' available at RM40 on #Carousell https://t.co/15PZ4NrQIY @PasarNewJeans https://t.co/SRGGqFt7W0;1,93205E+18;https://pbs.twimg.com/media/GtAIEjVagAA6ZeN.jpg;;en;;0;0;1;https://x.com/undefined/status/1932053127588725162;1,59175E+18;
1,93173E+18;Sun Jun 08 15:48:17 +0000 2025;6;@gakankulangi Still seeing Olens Calvin Klein UGG and Indomie and Chanel for Minji absolutely everywhere Minji is still under 3 products on the Chanel no1 product camelia futura and eclat premier despite change of global ambassadors the NewJeans Pepero is;1,93174E+18;;342milesfromyou;en;;0;1;0;https://x.com/undefined/status/1931740069238333709;1,64258E+18;
1,92916E+18;Sun Jun 01 12:42:16 +0000 2025;0;Twice's colors tuh AKU banget! Pas mereka rilis official colors + ls aku seneng BANGETTT Peachy Chae used to be my nickname in highschool Twice Magenta + Apricot BTS Purple NewJeans Pink Purple (not official tapi dari collab Mcd sampe Indomie warnanya itu) ;1,92916E+18;;;en;;0;1;0;https://x.com/undefined/status/1929156544962130087;1,04912E+18;
1,92697E+18;Mon May 26 12:35:55 +0000 2025;0;@partyboylix newjeans has a collab with indomie right?;1,92698E+18;;partyboylix;en;;0;1;0;https://x.com/undefined/status/1926980617406726438;1,3765E+18;
1,92686E+18;Mon May 26 04:29:43 +0000 2025;1;indomie x newjeans pop-up store in bangkok thailand ️ #OhMyGoodItsIndomie #IndomieThailand #NewJeans #NJZ #MHDHH https://t.co/e4GvGIUrz2;1,92686E+18;https://pbs.twimg.com/media/Gr2TWKPXYAE2J_Q.jpg;;en;;0;0;0;https://x.com/undefined/status/1926858263447945442;145898361;
1,9266E+18;Sun May 25 11:32:30 +0000 2025;0;Finally found NJZ #OhMyGoodItsIndomie #IndomieThailand #NewJeans #NJZ #MHDHH https://t.co/AbVAl2uqtf;1,9266E+18;https://pbs.twimg.com/media/GryqigbXUAAg1xM.jpg;;en;;0;0;0;https://x.com/undefined/status/1926602268897312834;1,30446E+18;
1,92633E+18;Sat May 24 17:21:38 +0000 2025;17;choose one! #ohmygooditsindomie #indomiethailand #mhdhh #njz #newjeans https://t.co/zb2eWT3ziY;1,92633E+18;https://pbs.twimg.com/media/Gruw3keWMAAHnkS.jpg;;en;;0;2;0;https://x.com/undefined/status/1926327743337136194;1,72401E+18;
1,92617E+18;Sat May 24 06:51:18 +0000 2025;3;#ohmygooditsindomie #indomiethailand We love NJZ️ https://t.co/yE0rShYPwa;1,92617E+18;https://pbs.twimg.com/media/GrsgmbhW0AApYyL.jpg;;en;;0;0;0;https://x.com/undefined/status/1926169118257856809;8,26386E+17;
1,92616E+18;Sat May 24 06:34:34 +0000 2025;13;NewJeans x Indomie 🇹🇭 สถานที่จัด Event Pop-Up CentralwOrld Zone Becon3 ️วันที่ 23-25 พ.ค. 2025 #ohmygooditsindomie #indomiethailand #뉴진스 #NewJeans #jeanzforfree #NJZ https://t.co/qjbTAMURiN;1,92616E+18;https://pbs.twimg.com/amplify_video_thumb/1926164806794461184/img/Q92zurEzHKVV1_ok.jpg;;en;;0;0;8;https://x.com/undefined/status/1926164903800242573;1080947990;
1,92609E+18;Sat May 24 01:25:31 +0000 2025;0;upp 𐙚 all mem still avail t. wts lfb njz mhdhh jeanz newjeans x indomie exclusive mini postcards minji hanni dani haerin hyein pc;1,92609E+18;;;en;;0;0;0;https://x.com/undefined/status/1926087130058547306;1,49055E+18;
1,92595E+18;Fri May 23 16:31:36 +0000 2025;272;indomie x newjeans pop-up store in bangkok thailand #OhMyGoodItsIndomie #IndomieThailand #NewJeans #NJZ #MHDHH https://t.co/mozcUmSSi3;1,92595E+18;https://pbs.twimg.com/amplify_video_thumb/1925952665206263809/img/L1qtcBuNGfiw7EyQ.jpg;;en;;0;0;68;https://x.com/undefined/status/1925952763982123308;1,72401E+18;
1,9259E+18;Fri May 23 12:52:02 +0000 2025;0;Tryna get Indomie NJZ pack for next paycheck #OhMyGoodItsIndomie;1,9259E+18;;;en;;0;0;0;https://x.com/undefined/status/1925897509630583106;245217750;
1,92588E+18;Fri May 23 12:08:59 +0000 2025;0;note - ₱50 nrdp payo rembal once intransit - direct ggx or jnt ! - prio taking more can steal rcbyt : https://t.co/ubSsYVeDMP t. wts lfb njz mhdhh jeanz newjeans x indomie exclusive mini postcards minji hanni dani haerin hyein pc;1,92589E+18;;shuapastelcrt;en;;0;1;0;https://x.com/undefined/status/1925886675399360765;1,49055E+18;
1,92588E+18;Fri May 23 11:40:02 +0000 2025;1;#shpastelsells : wts lfb ph go ! 𐙚 njz x indomie mini postcards tingi FETA ₱100 ea mem / ₱80 ea grp 𐙚 - must take all to push ! - prio taking DN HI &amp;;;;;;;;;;;
1,92581E+18;Fri May 23 07:22:42 +0000 2025;4;Indomie x NewJeans @ Thailand จาก CTW Becon3 #OhMyGoodItsIndomie #IndomieThailand #NewJeans #NJZ #MHDHH https://t.co/OeLieI8ejE;1,92581E+18;https://pbs.twimg.com/media/GrndjGRXIAA_6Xb.jpg;;en;;0;0;2;https://x.com/undefined/status/1925814629625704865;187982900;
1,92578E+18;Fri May 23 05:23:28 +0000 2025;382;thank you indomie #OhMyGoodItsIndomie #IndomieThailand #NewJeans #NJZ #MHDHH https://t.co/pPh8kYs10Z;1,92578E+18;https://pbs.twimg.com/amplify_video_thumb/1925784549490888705/img/2tzF4X9pTKfhlTI9.jpg;;en;;1;0;112;https://x.com/undefined/status/1925784626619883903;1,72401E+18;
1,92485E+18;Wed May 21 04:44:22 +0000 2025;3;@basix_rush any brand who give the best money and benefit will win the deal. there's nothing to do w/ the country. newjeans w/ indomie. so many kpop artists invited by tokopedia in pandemic era.;1,92505E+18;;basix_rush;en;;0;0;0;https://x.com/undefined/status/1925050007348248914;1,60265E+18;
1,92399E+18;Sun May 18 06:14:24 +0000 2025;1;WTS New jeans X Indomie Post Card. Area Medan. #postcard #kpop #newjeansxindomie #newjeans https://t.co/eOBE9olWbi;1,92399E+18;https://pbs.twimg.com/media/GrNenZhXwAA8riP.jpg;;en;;0;0;0;https://x.com/undefined/status/1923985504787366179;1,191E+18;
1,92258E+18;Sat May 17 09:24:33 +0000 2025;0;@cerealcakes Indomie Korean x NewJeans collab memang top-tier crossover;1,92367E+18;;cerealcakes;en;;0;0;0;https://x.com/undefined/status/1923670968511365389;1,81531E+18;
1,92367E+18;Sat May 17 09:16:20 +0000 2025;0;wts wtb photocard pc bts newjeans nj indomie postcard ina;1,92367E+18;;;en;;0;0;0;https://x.com/undefined/status/1923668898366529945;402465149;
1,92143E+18;Sat May 17 06:13:12 +0000 2025;0;@coppamagz @Indomielovers beli indomie bonus newjeans... this is what dreams are made of ;1,92362E+18;;coppamagz;en;;0;0;0;https://x.com/undefined/status/1923622814281761054;1,90404E+18;
1,92329E+18;Fri May 16 08:17:51 +0000 2025;0;WTS POSTCARD NJZ INDOMIE NEW JEANS Harga : 27k IDR/ 2$ ️Shopee https://t.co/s5yFeMxLQG ️Tokped https://t.co/ueojyXsIhp Gratis ongkir Merchandise Official Merch Hanni Haerin Minji Danielle Hyein Newjeans PC New Cheap Murah https://t.co/j58IP1w8Rv;1,92329E+18;https://pbs.twimg.com/media/GrDnsLfagAA1AO3.jpg;;en;;0;0;0;https://x.com/undefined/status/1923291796148220021;1,5101E+18;
1,92295E+18;Thu May 15 09:47:08 +0000 2025;0;WTS POSTCARD NJZ INDOMIE NEW JEANS Harga : 27k IDR/ 2$ ️Shopee https://t.co/s5yFeMxLQG ️Tokped https://t.co/ueojyXsIhp Gratis ongkir Merchandise Official Merch Hanni Haerin Minji Danielle Hyein Newjeans PC New Cheap Murah https://t.co/K5li2baD8t;1,92295E+18;https://pbs.twimg.com/media/Gq-yifraAAI_4Tf.jpg;;en;;0;0;0;https://x.com/undefined/status/1922951875424403688;1,5101E+18;
1,9228E+18;Wed May 14 23:49:11 +0000 2025;0;wts wtb photocard pc bts newjeans nj indomie postcard ina;1,9228E+18;;;en;;0;0;0;https://x.com/undefined/status/1922801395620597850;402465149;
1,92263E+18;Wed May 14 12:23:01 +0000 2025;0;WTS POSTCARD NJZ INDOMIE NEW JEANS Harga : 27k IDR/ 2$ ️Shopee https://t.co/s5yFeMxLQG ️Tokped https://t.co/ueojyXsIhp Gratis ongkir Merchandise Official Merch Hanni Haerin Minji Danielle Hyein Newjeans PC New Cheap Murah https://t.co/mxdfMDZRTk;1,92263E+18;https://pbs.twimg.com/media/Gq6MnysXAAA-FVI.jpg;;en;;0;0;0;https://x.com/undefined/status/1922628716351389888;1,5101E+18;
1,92256E+18;Wed May 14 07:56:08 +0000 2025;0;wts wtb photocard pc bts newjeans nj indomie postcard ina;1,92256E+18;;;en;;0;0;1;https://x.com/undefined/status/1922561554412667164;402465149;
1,92256E+18;Wed May 14 07:53:56 +0000 2025;0;wts wtb photocard pc bts newjeans nj indomie postcard;1,92256E+18;;;en;;0;0;0;https://x.com/undefined/status/1922561001540440358;402465149;
1,92253E+18;Wed May 14 05:47:50 +0000 2025;0;WTS POSTCARD NJZ INDOMIE NEW JEANS Harga : 27k IDR/ 2$ ️Shopee https://t.co/s5yFeMxLQG ️Tokped https://t.co/ueojyXsIhp Gratis ongkir Merchandise Official Merch Hanni Haerin Minji Danielle Hyein Newjeans PC New Cheap Murah https://t.co/WwaYnHTRs0;1,92253E+18;https://pbs.twimg.com/media/Gq4yLMQWkAA2RF6.jpg;;en;;0;0;0;https://x.com/undefined/status/1922529267843219815;1,5101E+18;
1,92249E+18;Wed May 14 03:22:45 +0000 2025;3;Got to try this isukan pageto and show it off here with #OhMyGoodItsIndomie;1,92249E+18;;;en;;0;0;0;https://x.com/undefined/status/1922492754296205702;103057048;
1,92146E+18;Mon May 12 06:08:17 +0000 2025;0;@kotonnne Indomie NewJeans what about you Tonejjang?;1,92181E+18;;kotonnne;en;;0;0;0;https://x.com/undefined/status/1921809637600268510;1,56751E+18;
1,92173E+18;Mon May 12 00:50:50 +0000 2025;0;WTS POSTCARD NJZ INDOMIE NEW JEANS Harga : 27k IDR/ 2$ ️Shopee https://t.co/s5yFeMxLQG ️Tokped https://t.co/ueojyXsIhp Gratis ongkir Merchandise Official Merch Hanni Haerin Minji Danielle Hyein Newjeans PC New Cheap Murah https://t.co/G6kgFNZPTH;1,92173E+18;https://pbs.twimg.com/media/GqtbAuKXIAA2hQj.jpg;;en;;0;0;0;https://x.com/undefined/status/1921729745697308717;1,5101E+18;
1,92159E+18;Sun May 11 15:23:12 +0000 2025;3;Real long line for Indomie pop-up store today. Need to send off friends so just took a quick snap pic of our birthday girl Haerin. Indomie is such bunnies @Indomielovers #OhMyGoodItsIndomie #MHDHH_Friends https://t.co/iP4tnDy3iO;1,92159E+18;https://pbs.twimg.com/media/GqrZGLkakAALXcv.jpg;;en;;0;0;1;https://x.com/undefined/status/1921586899434512656;1,90636E+18;
1,92149E+18;Sun May 11 08:53:31 +0000 2025;2;hi fren aku open jastip K-FUN FEST KVIBES ya! ° INDOMIE PACKAGE ° INDOMILK PACKAGE ° CHITATO PACKAGE fee 10k/ package packing 5k + 12% adm dom jakut cod area jabodetabek h+1 (manggarai) #zonauang #. wts wtb svt seventeen newjeans scoups wonwoo vernon https://t.co/tgglUaWWqc;1,92149E+18;https://pbs.twimg.com/media/Gqp_4j2acAAkqc7.jpg;;en;;1;1;1;https://x.com/undefined/status/1921488828889538830;1,51924E+18;
1,92143E+18;Sun May 11 05:07:28 +0000 2025;3165;Indomie has released a new Mini Postcard Set in collaboration with NewJeans including 7 exclusive cards 5 individual member photos and 2 group shots. This set is available with a purchase of Rp35 000 across all Indomie variants until May 31st. https://t.co/rvn0qZNRJc;1,92143E+18;https://pbs.twimg.com/media/GqpMK0rasAA1Si9.jpg;;en;;81;194;379;https://x.com/undefined/status/1921431943813415253;1,39421E+18;
1,92043E+18;Thu May 08 10:41:58 +0000 2025;0;WTS NJZ NEWJEANS X INDOMIE;1,92043E+18;;;en;;0;0;0;https://x.com/undefined/status/1920428958304125426;1,31282E+18;
1,92003E+18;Wed May 07 08:21:45 +0000 2025;1;@newjeans_loop Thank you so much Indomie ️ #OhMyGoodItsIndomie #밝게빛날_민지의_스물한살여름 #BLOOMINGJIDAY #HAPPY_MINJI_DAY;1,92003E+18;;newjeans_loop;en;;0;0;0;https://x.com/undefined/status/1920031287261512084;1,62915E+18;
1,92003E+18;Wed May 07 08:21:01 +0000 2025;2;Thank you so much ️ Love Indomie @Indomielovers #OhMyGoodItsIndomie #민지 #Minji #ミンジ https://t.co/0CXCs3mPGy;1,92003E+18;https://pbs.twimg.com/media/GqVSHLIa4AA8gLd.jpg;;en;;0;0;0;https://x.com/undefined/status/1920031101747368223;1,62915E+18;
1,9199E+18;Tue May 06 23:39:26 +0000 2025;0;WTS - nacific hyal ampoule : 30k - romand juicy lasting tint shade Cherry bomb : 90k - Clio Harry Potter shade pumpkin / sugar quill : 195k - avoskin bundling ampoule + retinol toner 175k - postcard newjeans Indomie : 20k Dom bdg bisa oren https://t.co/hWEWkVSE07;1,9199E+18;https://pbs.twimg.com/media/GqTat4ebAAETx0u.jpg;;en;;0;0;0;https://x.com/undefined/status/1919899839808082194;1,52207E+18;
1,91963E+18;Tue May 06 05:38:27 +0000 2025;1;WTS - nacific hyal ampoule : 30k - romand juicy lasting tint shade Cherry bomb : 90k - Clio Harry Potter shade pumpkin / sugar quill : 195k - avoskin bundling ampoule + retinol toner 175k - postcard newjeans Indomie : 20k Dom bdg bisa oren https://t.co/c33GUsJYAJ;1,91963E+18;https://pbs.twimg.com/media/GqPjS3MawAAHAnE.jpg;;en;;0;1;0;https://x.com/undefined/status/1919627801436750214;1,52207E+18;
1,91929E+18;Mon May 05 07:33:39 +0000 2025;0;WTS - nacific hyal ampoule : 30k - romand juicy lasting tint shade Cherry bomb : 90k - Clio Harry Potter shade pumpkin / sugar quill : 195k - avoskin bundling ampoule + retinol toner 175k - postcard newjeans Indomie : 20k Dom bdg bisa oren https://t.co/Swp7iVNNPt;1,91929E+18;https://pbs.twimg.com/media/GqK0FD0asAASV0K.jpg;;en;;0;1;0;https://x.com/undefined/status/1919294405091168630;1,52207E+18;
1,9187E+18;Mon May 05 01:31:51 +0000 2025;0;@AnitaUde2 @SupreShy bcs that xiwang channel said indomie removes njz pop up when it never happened. This same rhetoric have been used before by aespajeans by saying CK end their contract with NJZ only for them to denied it and post a video of NJZ promoti;1,9192E+18;;AnitaUde2;en;;0;1;0;https://x.com/undefined/status/1919203353621389578;1,40211E+18;
1,91902E+18;Sun May 04 14:04:05 +0000 2025;0;@socwis WTS - nacific hyal ampoule : 30k - romand juicy lasting tint shade Cherry bomb : 90k - Clio Harry Potter shade pumpkin / sugar quill : 195k - avoskin bundling ampoule + retinol toner 175k - postcard newjeans Indomie : 20k Dom bdg bisa oren https:/;1,91903E+18;https://pbs.twimg.com/media/GqHD2dCb0AAD54O.jpg;socwis;en;;0;1;0;https://x.com/undefined/status/1919030273120837909;1,52207E+18;
1,91902E+18;Sun May 04 13:25:25 +0000 2025;0;WTS NJZ NEWJEANS X INDOMIE MINI POSTCARD HANNI DANIELLE MINJI HAERIN HYEIN Want to sell SHOPEE INTERNATIONAL Malaysia my #pasarNJZ https://t.co/DYqv0a9G7H Singapore sg https://t.co/Tsxrpwxirw Philippines lfb ph https://t.co/98NARLJ13k Thailand TH https://t.co/kTwaPwaYDB https://t.co/ku30XnZek0;1,91902E+18;https://pbs.twimg.com/media/GqG7ASRbYAAkPXV.jpg;;en;;1;0;1;https://x.com/undefined/status/1919020542922777083;1,31282E+18;
1,91888E+18;Sun May 04 03:57:06 +0000 2025;21;Hehe it s finally here ! My exclusive NewJeans (NJZ) postcard collection from Indomie is finally complete. Makasih @Indomielovers #OhMyGoodItsIndomie #KoreanRamyeonSeries #NJZ #MHDHH #MHDHH_Friends https://t.co/dcUcUqnJf2;1,91888E+18;https://pbs.twimg.com/media/GqE47lAbEAAmfXr.jpg;;en;;0;3;0;https://x.com/undefined/status/1918877520750870874;1,84328E+18;
1,91883E+18;Sun May 04 00:33:14 +0000 2025;1;WTS - nacific hyal ampoule : 30k - romand juicy lasting tint shade Cherry bomb : 90k - Clio Harry Potter shade pumpkin / sugar quill : 195k - avoskin bundling ampoule + retinol toner 175k - postcard newjeans Indomie : 20k Dom bdg bisa oren https://t.co/6StapMqBsH;1,91883E+18;https://pbs.twimg.com/media/GqEKQxNaMAAxquU.jpg;;en;;0;0;0;https://x.com/undefined/status/1918826215861105023;1,52207E+18;
1,91883E+18;Sun May 04 00:30:16 +0000 2025;0;WTS - nacific hyal ampoule : 30k - romand juicy lasting tint shade Cherry bomb : 90k - Clio Harry Potter shade pumpkin / sugar quill : 195k - avoskin bundling ampoule + retinol toner 175k - postcard newjeans Indomie : 20k Dom bdg bisa oren https://t.co/IdU07D7uZZ;1,91883E+18;https://pbs.twimg.com/media/GqEJlXrbQAAEpn-.jpg;;en;;0;0;0;https://x.com/undefined/status/1918825467492114730;1,52207E+18;
1,9187E+18;Sat May 03 15:55:00 +0000 2025;0;WTS POSTCARD NJZ INDOMIE NEW JEANS Harga : 27k IDR/ 2$ ️Shopee https://t.co/s5yFeMxLQG ️Tokped https://t.co/RYar6fMGpz Gratis ongkir Merchandise Official Merch Hanni Haerin Minji Danielle Hyein Newjeans PC New Cheap Murah https://t.co/u4luiwLcFW;1,9187E+18;https://pbs.twimg.com/media/GqCTqPkagAAJ_-Y.jpg;;en;;0;0;0;https://x.com/undefined/status/1918695798109262082;1,5101E+18;
1,91861E+18;Sat May 03 10:21:14 +0000 2025;0;Really want that indomie newjeans so bad;1,91861E+18;;;en;;0;0;0;https://x.com/undefined/status/1918611803631661478;1,75405E+18;
1,91861E+18;Sat May 03 10:07:39 +0000 2025;101;I miss you guys #indomie #OhMyGoodItsIndomie https://t.co/b4UQjuRqwG;1,91861E+18;https://pbs.twimg.com/media/GqBEJ6NbAAA3x93.jpg;;en;;0;4;20;https://x.com/undefined/status/1918608383612956898;1,50504E+18;
1,91855E+18;Sat May 03 06:14:50 +0000 2025;0;#s wts Mini Postcard Set Indomie x Newjeans njz sealed 50k/ea including all fee https://t.co/ACbyk8zJRr bekasi dm me if you have any questions! &lt;;;;;;;;;;;
1,91845E+18;Fri May 02 23:47:08 +0000 2025;1;#ADOR and #NewJeans Fandom Clash Over #Indomie #PopUpStore Personal Info Concerns Spark Tension https://t.co/TnF3G7uOWc #SouthKorea #Asia #Entertainment #Celebrities #Scandals (video your data will be collected huh? For a bag of instant noodles) #Kpop #Music #Indonesia https://t.co/mhIlzu8keL;1,91845E+18;https://pbs.twimg.com/media/Gp-2IpHWAAEOX72.jpg;;en;;1;2;0;https://x.com/undefined/status/1918452227770892310;3064266184;
1,91831E+18;Fri May 02 14:13:21 +0000 2025;6;Indomie pop up site is real fun. I don t eat instant noodles too often but it tastes real good. And I had to buy 3 boxes and carried them around for the rest of NJZ related tour today. I had to buy since it s them #MHDHH_Friends #OhMyGoodItsIndomie #indomie https://t.co/bOh43vx7eD;1,91831E+18;https://pbs.twimg.com/amplify_video_thumb/1918307763161317377/img/zZyiqnyh5J4JfjiL.jpg;;en;;0;0;3;https://x.com/undefined/status/1918307830970679502;1,90636E+18;
1,91821E+18;Fri May 02 08:02:31 +0000 2025;9;[Bunnies Log] how to enjoy Indomie Pop-UP store with NewJeans https://t.co/CpncIO5h50 via @YouTube;1,91821E+18;;;en;;0;0;4;https://x.com/undefined/status/1918214504363827330;1,8316E+18;
1,91821E+18;Fri May 02 07:25:08 +0000 2025;9;njz and indomie flavor variants #OhMyGoodItsIndomie https://t.co/NSyMlDSDe5;1,91821E+18;https://pbs.twimg.com/media/Gp7VW7waAAApFe2.jpg;;en;;0;0;2;https://x.com/undefined/status/1918205096434995246;1,75447E+18;
1,9179E+18;Fri May 02 05:28:15 +0000 2025;1;@aditharyadi_ @breadluvpham @breadluvpham @aditharyadi_ The post humorously notes Indomie's successful NewJeans campaign despite drama. The sub label likely refers to ADOR (HYBE's sub-label managing NewJeans) but no evidence suggests they tried to stop In;1,91818E+18;;aditharyadi_;en;;0;0;0;https://x.com/undefined/status/1918175682842247234;1,72067E+18;
1,91788E+18;Thu May 01 09:53:58 +0000 2025;0;wts postcard newjeans x indomie;1,91788E+18;;;en;;0;0;0;https://x.com/undefined/status/1917880165310627902;1,50376E+18;
1,91783E+18;Thu May 01 07:27:22 +0000 2025;0;@Indomielovers Love this!! #OhMyGoodItsIndomie;1,91784E+18;;Indomielovers;en;;0;0;0;https://x.com/undefined/status/1917843272690528492;1,49198E+18;
1,91782E+18;Thu May 01 06:09:56 +0000 2025;1;WTS mini postcard set newjeans x indomie Sealed 50.000 Unsealed 47.000 Inc adm &amp;;;;;;;;;;;
1,91779E+18;Thu May 01 04:12:29 +0000 2025;454;Indomie x NewJeans (NJZ) pop-up store has started! 1️⃣ Before entering they give you a small cup of Mi Goreng to eat. After that the first activity is gacha. The known gacha rewards are either one packet or two packets of Mi Goreng. 2️⃣ The second activity involves going https://t.co/XDFsJ3OqKM;1,91779E+18;https://pbs.twimg.com/ext_tw_video_thumb/1917794182779043840/pu/img/vO1Y042ap_C-yiTJ.jpg;;en;;2;1;107;https://x.com/undefined/status/1917794228320756018;1,84072E+18;
1,91779E+18;Thu May 01 03:43:26 +0000 2025;892;MIGORENG POP-UP STORE #OhMyGoodItsIndomie https://t.co/V7NOI4VjVK;1,91779E+18;https://pbs.twimg.com/media/Gp1ZCdLaYAEq_d_.jpg;;en;;7;2;195;https://x.com/undefined/status/1917786918781341833;2950784053;
1,91779E+18;Thu May 01 03:42:09 +0000 2025;505;MIGORENG POP-UP STORE #OhMyGoodItsIndomie https://t.co/jhzYXJyPxE;1,91779E+18;https://pbs.twimg.com/media/Gp1YvlTaYAQnJRX.jpg;;en;;0;1;111;https://x.com/undefined/status/1917786595140497821;2950784053;
1,91778E+18;Thu May 01 03:29:00 +0000 2025;2;MIGORENG POP-UP STORE #OhMyGoodItsIndomie;1,91778E+18;;;en;;0;0;1;https://x.com/undefined/status/1917783283196387779;1,61744E+18;
1,91776E+18;Thu May 01 02:21:21 +0000 2025;4;@bborbnz MIGORENG POP-UP STORE #OhMyGoodItsIndomie;1,91777E+18;;bborbnz;en;;0;0;1;https://x.com/undefined/status/1917766260642963525;1,61744E+18;
1,91776E+18;Thu May 01 02:14:21 +0000 2025;1088;MIGORENG POP-UP STORE #OhMyGoodItsIndomie https://t.co/1SPEcL5bXW;1,91776E+18;https://pbs.twimg.com/ext_tw_video_thumb/1917764486053912578/pu/img/WA5Ew4FQ5sviJsSi.jpg;;en;;15;4;264;https://x.com/undefined/status/1917764499735732549;2950784053;
1,91773E+18;Wed Apr 30 23:46:50 +0000 2025;17;MIGORENG POP-UP STORE Today is the day! Event Period: May 1st - May 13th Location: Indomie Migoreng Ramen pop-up store in front of Exit 3 of Seongsu-dong (120 Achasan-ro Seongdong-gu Seoul 1st and 1.5th floors of the Bethel Place building) #NJZ #OhMyGoodItsIndomie;1,91773E+18;;;en;;0;0;11;https://x.com/undefined/status/1917727375862947885;1,8316E+18;
1,91756E+18;Wed Apr 30 12:30:48 +0000 2025;73;Indomie pop up with NewJeans tomorrow in Korea!!;1,91756E+18;;;en;;0;1;8;https://x.com/undefined/status/1917557244088250498;1,49198E+18;
1,91734E+18;Tue Apr 29 22:13:35 +0000 2025;0;REACTION TO Kpop News: Indomie Removes NewJeans Pop-Up Ad HYBE s Girl Groups Under Fire https://t.co/r73OyKnO8d https://t.co/2d4GVAKiZT;1,91734E+18;https://pbs.twimg.com/media/GpvD898XEAAw0jT.jpg;;en;;0;0;0;https://x.com/undefined/status/1917341520769778125;1,41323E+18;
1,91703E+18;Tue Apr 29 01:40:32 +0000 2025;0;wts postcard indomie newjeans 18k incl. all #zonajajan #zonauang;1,91703E+18;;;en;;0;0;0;https://x.com/undefined/status/1917031214462259630;1,69286E+18;
1,91679E+18;Mon Apr 28 09:54:15 +0000 2025;0;NewJeans and ADOR Team Bunnies dispute erupts over Indomie pop-up event The NewJeans ADOR Team Bunnies dispute has reached a new level of tension with the announcement of an Indomie Mi Goreng pop-up store event. https://t.co/ckPocJTN7B;1,91679E+18;;;en;;0;0;0;https://x.com/undefined/status/1916793074707005585;1,83653E+18;
1,91678E+18;Mon Apr 28 09:15:18 +0000 2025;23;Tensions rise between Ador and NewJeans fandom over Indomie pop-up store https://t.co/cJ0Ra6qeGE #NewJeans #TeamBunnies #Indomie #Ador #팀버니즈 #뉴진스;1,91678E+18;;;en;;0;1;2;https://x.com/undefined/status/1916783271696040145;2555928204;
1,91662E+18;Sun Apr 27 22:27:47 +0000 2025;0;NewJeans Indomie pop-up store drama: what s going on?! https://t.co/OnqTW3kwjU;1,91662E+18;;;en;;0;0;0;https://x.com/undefined/status/1916620319487385859;8,87763E+17;
1,91626E+18;Sun Apr 27 14:22:47 +0000 2025;0;@happiestarmys @mhjcommentary nope indomie the one who contacted team bunnies first. i believe it coz last year another fanbase newjeans also contacted by indomie vietnam. and again another newjeans fanbase was invited zoom by indomie;1,9165E+18;;happiestarmys;en;;0;0;0;https://x.com/undefined/status/1916498263529619762;1,49384E+18;
1,91647E+18;Sun Apr 27 12:16:46 +0000 2025;0;Indomie Removes NewJeans PopUp Ad After Unauthorized Fan Survey Scandal #NewJeans https://t.co/THSBLBroXJ;1,91647E+18;;;en;;0;0;0;https://x.com/undefined/status/1916466550489649600;1,65416E+18;
1,91626E+18;Sun Apr 27 10:34:42 +0000 2025;0;@shasa_12345 @happiestarmys @mhjcommentary The issue is about a NewJeans x Indomie Mi Goreng pop-up store in Seoul (May 1-13 2025). Team Bunnies a fan group ran a survey for pre-orders claiming the importer asked them to help. ADOR NewJeans' agency says t;1,91644E+18;;shasa_12345;en;;0;0;0;https://x.com/undefined/status/1916440862873235479;1,72067E+18;
1,9163E+18;Sun Apr 27 04:32:36 +0000 2025;2;@RR_FR01 @newjeansmoment True ADOR supports the Indomie pop-up with NewJeans but limits promotion due to privacy and legal issues. They approved the event but distanced from fan-led efforts like Team Bunnies' promotions which caused confusion. ADOR should;1,91635E+18;;RR_FR01;en;;0;0;0;https://x.com/undefined/status/1916349737764327940;1,72067E+18;
1,91632E+18;Sun Apr 27 02:52:11 +0000 2025;3;ADOR responds to Indomie x NewJeans Pop-Up store promotion by certain fan clubs amidst ongoing legal feud https://t.co/18Yo1m1rLV;1,91632E+18;;;en;;0;0;0;https://x.com/undefined/status/1916324470219735288;1,48675E+18;
1,916E+18;Sat Apr 26 20:03:00 +0000 2025;0;@theletter_Y Seems Ador doing their job calmly but surely. Checked Grok. Posts on X indicate that Indomie removed the pop-up store advertisement from Instagram suggesting they may have recognized an error in coordinating with a third party instead of ADOR;1,91622E+18;https://pbs.twimg.com/media/GpfJSb1bEAMNfBD.jpg;theletter_Y;en;;0;0;0;https://x.com/undefined/status/1916221495938052416;3595873218;
1,91603E+18;Sat Apr 26 19:51:09 +0000 2025;0;@gyummyum @thalissuffering Just checked Grok. Posts on X indicate that Indomie removed the pop-up store advertisement from Instagram suggesting they may have recognized an error in coordinating with a third party instead of ADOR NewJeans' agency. https://;1,91622E+18;https://pbs.twimg.com/media/GpfGk-ubwAAPurW.jpg;gyummyum;en;;0;0;0;https://x.com/undefined/status/1916218512751931899;3595873218;
1,91602E+18;Sat Apr 26 19:49:29 +0000 2025;2;@NJZBUBBLEGUM Checked Grok. Posts on X indicate that Indomie removed the pop-up store advertisement from Instagram suggesting they may have recognized an error in coordinating with a third party instead of ADOR NewJeans' agency. https://t.co/3RZmkAIYRI;1,91622E+18;https://pbs.twimg.com/media/GpfGMjsa8AAi30c.jpg;NJZBUBBLEGUM;en;;0;0;0;https://x.com/undefined/status/1916218093975834978;3595873218;
1,91615E+18;Sat Apr 26 15:21:53 +0000 2025;0;ADOR and Team Bunnies Clash Over NewJeans x Indomie Pop-Up https://t.co/R24duxvULo #NewJeans #ADOR https://t.co/2pau9iUM7r;1,91615E+18;https://pbs.twimg.com/media/GpeI7xrW4AA9Tqr.jpg;;en;;0;0;0;https://x.com/undefined/status/1916150746912895321;1,77456E+18;
1,91614E+18;Sat Apr 26 14:32:47 +0000 2025;0;NewJeans x Indomie pop-up store opens in Seoul https://t.co/Gd6WNP78YD via @allkpop;1,91614E+18;;;en;;0;0;0;https://x.com/undefined/status/1916138392024408206;1,14054E+18;
1,91613E+18;Sat Apr 26 13:59:55 +0000 2025;1;Indomie pop up store with NewJeans!! #NJZ #Newjeans;1,91613E+18;;;en;;0;0;0;https://x.com/undefined/status/1916130121897152617;1,49198E+18;
1,83532E+18;Sat Apr 26 13:55:02 +0000 2025;11;Indomie s NewJeans advertisement on Instagram has reportedly been deleted. https://t.co/ZgSOfYHMol https://t.co/3DCpPfiXd9;1,91613E+18;https://pbs.twimg.com/media/Gpd0-A_bEAIcMhK.png;EnShiteru;en;;0;0;2;https://x.com/undefined/status/1916128891351273589;1,3782E+18;
1,83532E+18;Sat Apr 26 13:53:58 +0000 2025;5;Indomie has removed the advertisement for the #NewJeans pop-up store from Instagram. It seems they have recognized their mistake in contacting a third party instead of ADOR and are now backtracking. https://t.co/KHmA3CZ2U3 https://t.co/4L4SeTRA8H;1,91613E+18;https://pbs.twimg.com/media/Gpd00BraEAAitMh.png;EnShiteru;en;;0;0;0;https://x.com/undefined/status/1916128625600172438;1,3782E+18;
1,91603E+18;Sat Apr 26 13:27:01 +0000 2025;0;@RR_FR01 @Snper22 @Snper22 No clear evidence shows illegal actions or contract breaches by Team Bunnies ADOR or Indomie. Team Bunnies' promotion of the NewJeans x Indomie pop-up may lack ADOR s approval but doesn t violate laws as they claim no personal d;1,91612E+18;;RR_FR01;en;;0;0;0;https://x.com/undefined/status/1916121839698628701;1,72067E+18;
1,91609E+18;Sat Apr 26 11:02:44 +0000 2025;372;It s honestly laughable how this situation exposes FRAUDOR's complete incompetence. https://t.co/MKQn38ET6V According to Daily Sports Indomie still holds the contract for NewJeans as their global ambassador so standard protocol requires requesting FRAUDOR's approval for any https://t.co/L2H00ulziO;1,91609E+18;https://pbs.twimg.com/media/GpdNoyIbEAMihV6.jpg;;en;;0;2;95;https://x.com/undefined/status/1916085532511318221;1,84072E+18;
1,91608E+18;Sat Apr 26 10:51:14 +0000 2025;4;The Full Story Behind Team Bunnies and the NewJeans Indomie Controversy https://t.co/SpkrAMDLH1;1,91608E+18;;;en;;0;0;1;https://x.com/undefined/status/1916082637028135316;1,30071E+18;
1,91608E+18;Sat Apr 26 10:36:05 +0000 2025;2759;Indomie has removed the advertisement for the #NewJeans pop-up store from Instagram. It seems they have recognized their mistake in contacting a third party instead of ADOR and are now backtracking. https://t.co/WNzIujP7Eo;1,91608E+18;https://pbs.twimg.com/media/GpdHe4KWAAAHSSU.png;;en;;22;22;171;https://x.com/undefined/status/1916078825940668890;1,87123E+18;
1,91607E+18;Sat Apr 26 10:24:29 +0000 2025;15;@Njz_scoop Ofcourse no wonder how she scores a-list collabs w Murakami Fujiyoshi Tony Leung Dolphiners and she convinces brands to tweak their logo to add NewJeans bunny branding like Mcdo Indomie and Fortnite. Some of them would only say yes to her and n;1,91608E+18;;Njz_scoop;en;;0;1;2;https://x.com/undefined/status/1916075906453356666;1,33327E+18;
1,91606E+18;Sat Apr 26 09:09:38 +0000 2025;2501;Indomie s NewJeans advertisement on Instagram has reportedly been deleted. https://t.co/2jTdAvvVhC;1,91606E+18;https://pbs.twimg.com/media/GpczvrHbEAAE9-V.png;;en;;39;24;116;https://x.com/undefined/status/1916057067338551496;1,82735E+18;
1,91603E+18;Sat Apr 26 08:07:14 +0000 2025;15;@RR_FR01 @Snper22 @Snper22 Team Bunnies actions don t seem to directly breach a contract with ADOR as their deal with Indomie is unclear. However ADOR s statement suggests they didn t authorize the promotion meaning Team Bunnies might be using NewJeans IP;1,91604E+18;;RR_FR01;en;;0;1;0;https://x.com/undefined/status/1916041364644762023;1,72067E+18;
1,91601E+18;Sat Apr 26 06:18:27 +0000 2025;665;Full Text of ADOR's Official Statement Notice Regarding the Indomie Mi Goreng Pop-up Store Hello This is ADOR. NewJeans is currently working as an advertising model for the Indomie brand and this Indomie Mi Goreng pop-up store is an official event being conducted by a https://t.co/lJyIjF7wgj;1,91601E+18;https://pbs.twimg.com/media/GpcMkYvbEAAvnOT.jpg;;en;;2;12;53;https://x.com/undefined/status/1916013988590325970;1,82735E+18;
1,91601E+18;Sat Apr 26 06:01:00 +0000 2025;99;ADOR &amp;;;;;;;;;;;
1,91598E+18;Sat Apr 26 05:40:57 +0000 2025;0;@drinkitchamp @alldoorsoneroom Hey I get why you're confused about the NewJeans x Indomie pop-up store notice. ADOR says the event (May 1-13 2025 Seoul) is legit but some fan accounts are asking for personal info like names or emails for surveys they didn;1,916E+18;;drinkitchamp;en;;0;0;0;https://x.com/undefined/status/1916004552186495383;1,72067E+18;
1,91585E+18;Sat Apr 26 00:34:22 +0000 2025;5;@Snper22 The Indomie team once got caught up in a fanwar between ARMYs and Bunnies calming down Indo Bunnies by saying that even though NewJeans can t come rn they ll bring NJZ after all the drama with HYBE is settled.;1,91593E+18;;Snper22;en;;0;1;0;https://x.com/undefined/status/1915927398660641035;1,67536E+18;
1,91583E+18;Sat Apr 26 00:33:12 +0000 2025;6;@a1071364 The Indomie team once got caught up in a fanwar between ARMYs and Bunnies calming down Indo Bunnies by saying that even though NewJeans can t come rn they ll bring NJZ after all the drama with HYBE is settled.;1,91593E+18;;a1071364;en;;0;1;0;https://x.com/undefined/status/1915927102374941132;1,67536E+18;
1,91585E+18;Fri Apr 25 19:19:19 +0000 2025;792;Team Bunnies organized a demand survey + reservations for the #NewJeans Indomie pop-up store complete with a purchase link. Looks like a direct violation of the ruling against commercial activities. Kim &amp;;;;;;;;;;;
1,91583E+18;Fri Apr 25 17:53:57 +0000 2025;0;Is NewJeans Violating the Court Order Banning Them From Engaging in Independent Promotion!? NJZ s Go Ahead with Indomie Pop-Up Store! https://t.co/iDLcMIzgp1 #NewJeans #ADOR #NJZ https://t.co/ek2NFduA9e;1,91583E+18;https://pbs.twimg.com/media/GpZiKZEXEAA_3Z6.jpg;;en;;0;0;0;https://x.com/undefined/status/1915826631039701496;1,77456E+18;
1,91582E+18;Fri Apr 25 17:44:55 +0000 2025;90;#NewJeans x Indomie pop-up store opens in Seoul https://t.co/Bkmo4fLO05;1,91582E+18;;;en;;0;2;9;https://x.com/undefined/status/1915824356959150536;21366823;
1,91579E+18;Fri Apr 25 15:29:18 +0000 2025;301;Knets scratch head over Team Bunnies announcement for NewJeans' Indomie event https://t.co/5pEOmonRFq https://t.co/1C7e7S96JT;1,91579E+18;https://pbs.twimg.com/media/GpZA63VboAE3q6a.jpg;;en;;19;22;12;https://x.com/undefined/status/1915790228150956256;2919019624;
1,91562E+18;Fri Apr 25 04:02:35 +0000 2025;0;WTS POSTCARD NJZ INDOMIE NEW JEANS Harga : 26k IDR/ 2$ ️Shopee https://t.co/s5yFeMyjGe ️Tokped https://t.co/9BzoezZxh3 Gratis ongkir Merchandise Official Merch Hanni Haerin Minji Danielle Hyein Newjeans PC Posca Cheap Murah https://t.co/fpGBfyEur9;1,91562E+18;https://pbs.twimg.com/media/GpWj4GBbYAIQh43.jpg;;en;;0;0;0;https://x.com/undefined/status/1915617409467375992;1,5101E+18;
1,91524E+18;Thu Apr 24 02:53:16 +0000 2025;3;help rt/like wts photocard pc aab seventeen enhypen aespa ive newjeans toplo deco - Bandung ina - PLS READ TNC Link co: https://t.co/wI4b4CFNhZ t. Sunoo senkou soljack memorabilia sponge yeonjun txt mingyu heaven wvjp karina winter nabati wonyoung after like njz indomie https://t.co/GZ0pjYwyID;1,91524E+18;https://pbs.twimg.com/media/GpRKarzb0AARPTH.jpg;;en;;1;1;51;https://x.com/undefined/status/1915237577075859846;1,44281E+18;
1,91439E+18;Mon Apr 21 18:35:41 +0000 2025;25;While MHJ has never claimed Illit's sound/music was plagiarized tokkis have. One example is them claiming the dance break in Illit's MAMA performance plagiarized NewJeans' indomie commercial. https://t.co/EscUridOjP;1,91439E+18;https://pbs.twimg.com/media/GpFDgxNWoAA8w7E.png;gllit_resources;en;;0;1;1;https://x.com/undefined/status/1914387579010502883;1,89126E+18;
1,91371E+18;Sat Apr 19 21:38:12 +0000 2025;0;wts indomie newjeans postcard 18k incl. all #zonajajan #zonauang https://t.co/OBn1ck9uw9;1,91371E+18;https://pbs.twimg.com/media/Go7b9FcagAAVKRI.jpg;;en;;1;0;0;https://x.com/undefined/status/1913708737531138205;1,69286E+18;
1,91371E+18;Sat Apr 19 21:36:27 +0000 2025;0;indomie newjeans postcard 18k incl. all #zonajajan #zonauang https://t.co/DyQ7V71tgm;1,91371E+18;https://pbs.twimg.com/media/Go7bjSoasAAyqIn.jpg;;en;;0;0;0;https://x.com/undefined/status/1913708294549696717;1,69286E+18;
1,91155E+18;Mon Apr 14 01:16:22 +0000 2025;0;@Snper22 I have friend in jakarta he said Indomie still use Newjeans as a model.;1,91159E+18;;Snper22;en;;0;1;0;https://x.com/undefined/status/1911589313760153696;1,32177E+18;
1,91069E+18;Fri Apr 11 21:14:24 +0000 2025;1;@newjeans_loop Indomie a real one ️;1,9108E+18;;newjeans_loop;en;;0;0;0;https://x.com/undefined/status/1910803645764886902;1,49198E+18;
1,91069E+18;Fri Apr 11 15:18:13 +0000 2025;0;@newjeans_loop indomie continues to be the best noodle brand SUNSHINE DANIELLE DAY #20BloomingDanielle #AlwaysWithDanielle #어디라도_따라갈래_다니라면;1,91071E+18;;newjeans_loop;en;;0;0;0;https://x.com/undefined/status/1910714008870486382;1,75634E+18;
1,91069E+18;Fri Apr 11 14:43:16 +0000 2025;0;@newjeans_loop Thank you Indomie SUNSHINE DANIELLE DAY #20BloomingDanielle #AlwaysWithDanielle #어디라도_따라갈래_다니라면;1,91071E+18;;newjeans_loop;en;;0;0;0;https://x.com/undefined/status/1910705210659659841;1,83081E+18;
1,91069E+18;Fri Apr 11 14:32:34 +0000 2025;11;@newjeans_loop Another W for Indomie for being so based and supportive towards the girls.;1,9107E+18;;newjeans_loop;en;;0;0;0;https://x.com/undefined/status/1910702517757108477;1,84328E+18;
1,91069E+18;Fri Apr 11 13:49:14 +0000 2025;2173;Indomie IG update SUNSHINE DANIELLE DAY #20BloomingDanielle #AlwaysWithDanielle #어디라도_따라갈래_다니라면 https://t.co/SkYJGRi3Hy;1,91069E+18;https://pbs.twimg.com/amplify_video_thumb/1910691559114457088/img/8isxZG35MVmO5K-h.jpg;;en;;13;36;485;https://x.com/undefined/status/1910691612826755469;1,55953E+18;
1,91067E+18;Fri Apr 11 12:55:42 +0000 2025;13;@newjeans_loop Indomie posted on Instagram story Danielle is so loved @newjeans_loop https://t.co/D88LYkiB9k;1,91068E+18;https://pbs.twimg.com/media/GoQXpPdWUAAEK4c.jpg;newjeans_loop;en;;0;0;4;https://x.com/undefined/status/1910678143918108711;1,64258E+18;
1,91068E+18;Fri Apr 11 12:53:00 +0000 2025;0;ended up giving them away the indomie cuz THERES NO WAY im bringing 9 indomie to class and we were like laughing so hard one of my friends said we all say thanks to newjeans in union LMAOO i turn the whole class into a tokki;1,91068E+18;;minjiggom;en;;0;0;0;https://x.com/undefined/status/1910677464332067046;1,68571E+18;
1,90842E+18;Sat Apr 05 07:13:32 +0000 2025;0;wts indomie x newjeans postcard set inc. frame take all 30k dom semarang tags. #wts #wtb #zonauang #njz #newjeans https://t.co/Q4m5XO6mhO;1,90842E+18;https://pbs.twimg.com/media/GnwPyCDawAAhQCo.jpg;;en;;0;0;0;https://x.com/undefined/status/1908417707428762054;1024202863;
1,90812E+18;Fri Apr 04 11:18:24 +0000 2025;0;wts postcard newjeans indomie 18k incl. all https://t.co/CLBRCXWBmb;1,90812E+18;;;en;;0;0;0;https://x.com/undefined/status/1908116939601514778;1,69286E+18;
1,90781E+18;Thu Apr 03 15:02:23 +0000 2025;0;The indomie newjeans collab so nice SPICYYYY;1,90781E+18;;;en;;0;0;0;https://x.com/undefined/status/1907810919582937263;516274794;
1,90712E+18;Tue Apr 01 17:18:45 +0000 2025;1;Rispekkk indomie for not mention them as NewJeans and choose to mention all the members name;1,90712E+18;;;en;;0;0;0;https://x.com/undefined/status/1907120462540546174;157151709;
1,90706E+18;Tue Apr 01 13:36:52 +0000 2025;0;wts ini bisa ga si postcard set + frame njz newjeans x indomie #wts #wtb https://t.co/dLaQkbXcMd;1,90706E+18;https://pbs.twimg.com/media/GndBKRQakAA-lrZ.jpg;;en;;0;0;0;https://x.com/undefined/status/1907064622542438839;1,35177E+18;
1,90663E+18;Mon Mar 31 08:51:56 +0000 2025;1;WTS postcard Indomie newjeans sealed bisa oren harga 27k free Indomie https://t.co/r98gAtAH98;1,90663E+18;https://pbs.twimg.com/media/GnW2Vlfb0AAP3_I.jpg;;en;;0;0;0;https://x.com/undefined/status/1906630529073693137;1,52207E+18;
1,90537E+18;Thu Mar 27 21:51:29 +0000 2025;0;@irisofdvalley Danielle from NewJeans likely represents you best matching your ENFP personality bubbly outgoing and creative as seen in your tweets. While no member has direct Indonesian ties the group's Indomie endorsement shows their popularity there. H;1,90538E+18;;fleuirished;en;;0;0;0;https://x.com/undefined/status/1905377160388288783;1,72067E+18;
1,90434E+18;Tue Mar 25 01:01:16 +0000 2025;0;Ready stock set indomie x newjeans (njz) postcard https://t.co/hxR0ltNSrI;1,90434E+18;;;en;;0;0;0;https://x.com/undefined/status/1904337755783811516;841644998;
1,90269E+18;Thu Mar 20 11:50:35 +0000 2025;0;i just got the newjeans's indomie postcard for free;1,90269E+18;;;en;;0;1;0;https://x.com/undefined/status/1902689223360270846;1,44785E+18;
1,90225E+18;Wed Mar 19 06:39:46 +0000 2025;13;Congratulations to Ohm&amp;;;;;;;;;;;
1,90211E+18;Tue Mar 18 21:27:02 +0000 2025;2; Finally!!! We hope you like it! Photo postcards @indomie x @newjeans_official Available in @alfamart @alfamidi_ku @indomaret @klikindomaret dan semua official e commerce Indomie. ️#AxtonSalim beeeiibeh! While stocks last until 31 March 2025 onliiih maliiih!!! https://t.co/QPGrZ4PQim;1,90211E+18;https://pbs.twimg.com/ext_tw_video_thumb/1902108994514382851/pu/img/_gexmsV5iek7Xl_k.jpg;;en;;0;0;1;https://x.com/undefined/status/1902109515321110926;1,07032E+18;
1,90192E+18;Tue Mar 18 09:06:55 +0000 2025;0;@mintjiy Hey! Looks like you re torn between sticking with Minji (NewJeans) or returning to Seeun (STAYC) for your online vibe. NewJeans is killing it globally with hits like How Sweet and that Indomie gig so staying Minji might keep you in the hype. But ;1,90192E+18;;seeeunt;en;;0;1;0;https://x.com/undefined/status/1901923258905329935;1,72067E+18;
1,90155E+18;Mon Mar 17 08:23:28 +0000 2025;0;got mine #ohmygooditsindomie https://t.co/tv3TcYIO9h;1,90155E+18;https://pbs.twimg.com/media/GmOplDZagAEd0zG.jpg;;en;;0;0;0;https://x.com/undefined/status/1901549936589627539;1,70485E+18;
1,87287E+18;Sun Mar 16 13:53:31 +0000 2025;0;Wts indomie new jeans postcard frame SEALED 15K inc all Dom malang jawa timur ina Lfb Newjeans njz photoframe https://t.co/ZJiFSj1mrW;1,90127E+18;https://pbs.twimg.com/media/GmKriubaUAAGrgJ.jpg;indirnoona;en;;1;2;0;https://x.com/undefined/status/1901270609595973992;3236590988;
1,90083E+18;Sat Mar 15 08:25:53 +0000 2025;0;WTS POSTCARD NJZ INDOMIE NEW JEANS Harga : 26k IDR/ 2$ ️Shopee https://t.co/s5yFeMxLQG ️Tokped https://t.co/9BzoezYZrv Gratis ongkir di Tokopedia Merchandise Official Merch Hanni Haerin Minji Danielle Hyein Newjeans https://t.co/Ea2HRL6fnx;1,90083E+18;https://pbs.twimg.com/media/GmEW8-oaAAAtFdp.jpg;;en;;0;0;0;https://x.com/undefined/status/1900825766813643133;1,5101E+18;
1,90065E+18;Fri Mar 14 20:43:41 +0000 2025;0;yeyyyy newjeans x indomie Njz #NewJeans #njz #indomie https://t.co/PJfnvqCB8O;1,90065E+18;https://pbs.twimg.com/media/GmB2PVaaYAAoy0C.jpg;;en;;0;0;0;https://x.com/undefined/status/1900649055849418908;1708522531;
1,90053E+18;Fri Mar 14 12:50:51 +0000 2025;3;i bought indomie x newjeans post card ehehe https://t.co/GVpK4eated;1,90053E+18;https://pbs.twimg.com/media/GmAKA9Ea4AAUtYy.jpg;;en;;0;1;0;https://x.com/undefined/status/1900530063696916899;1,67397E+18;
1,90014E+18;Thu Mar 13 11:19:10 +0000 2025;2;goat #NewJeans #NJZ #indomie https://t.co/zTFtWBGUVm;1,90014E+18;https://pbs.twimg.com/media/Gl6rcXMbYAADK6u.jpg;;en;;1;0;0;https://x.com/undefined/status/1900144599529906458;1,45827E+18;
1,90011E+18;Thu Mar 13 08:59:12 +0000 2025;1;WTS - Want To Sell Postcard set NJZ X Indomie sealed!! 25.000 per set bisa co shopee atau keep event yahh https://t.co/XVxC9HIh2b WW shipping Tag wts wtb wtt newjeans NJZ minji hanni danielle haerin hyein wts photocard ina 뉴진스 민지 하니 다니엘 해린 혜인 포카 https://t.co/inQqNWpCh6;1,90011E+18;https://pbs.twimg.com/media/Gl6LZbsbYAA125j.jpg;;en;;0;0;0;https://x.com/undefined/status/1900109376859627967;1,35671E+18;
1,89946E+18;Tue Mar 11 13:43:09 +0000 2025;0;Tadi habis ke Indomaret and I'm this close to spend 50k on Indomie itself karena pengen frame newjeans ;1,89946E+18;;;en;;0;0;0;https://x.com/undefined/status/1899456058831335621;1,00113E+18;
1,89939E+18;Tue Mar 11 09:40:06 +0000 2025;0;WTS;;;;;;;;;;;
1,89938E+18;Tue Mar 11 08:32:04 +0000 2025;3;yeayyyy #OhMyGoodItsIndomie #NJZ #Minji #Hanni #Danielle #Haerin #Hyein https://t.co/WwfxkpB7j2;1,89938E+18;https://pbs.twimg.com/media/Glvx-UcXMAAmYwc.jpg;;en;;0;0;1;https://x.com/undefined/status/1899377773451338086;1,06736E+18;
1,89868E+18;Sun Mar 09 12:09:18 +0000 2025;0;@zeureoun newjeans indomie???;1,89871E+18;;zeureoun;en;;0;2;0;https://x.com/undefined/status/1898707664630325310;1,57844E+18;
1,8987E+18;Sun Mar 09 11:33:01 +0000 2025;0;proxy buying service indomie x njz price: $3 (postcard + frame set only) ️ ww shipping available t. wts purchase assistance newjeans hanni haerin minji hyein danielle https://t.co/u6mWT8Ns4l;1,8987E+18;https://pbs.twimg.com/media/GlmIQNVaIAA9Oe5.jpg;;en;;0;0;0;https://x.com/undefined/status/1898698536864338427;1,82181E+18;
1,8987E+18;Sun Mar 09 11:22:26 +0000 2025;2;wts // want to sell pc minji cimol + postcard njz x indomie offer aja yaa exc admin shopee details dm tangerang t. wts pc photocard newjeans njz minji line friends how sweet cimol ina https://t.co/0eHslvsbnk;1,8987E+18;https://pbs.twimg.com/media/GlmF05ObIAACmog.jpg;;en;;0;4;0;https://x.com/undefined/status/1898695869618372836;1,47035E+18;
1,89858E+18;Sun Mar 09 03:47:12 +0000 2025;1;Somewhere out there is a NewJeans x Indomie collab poster and I need it;1,89858E+18;;;en;;0;1;0;https://x.com/undefined/status/1898581308860776817;105253667;
1,8957E+18;Fri Mar 07 16:01:43 +0000 2025;0;@SayItditto722 @Indomielovers hi if u need the indomie x newjeans postcard please dm me! i can help u to buy and ship it to u'r country!;1,89804E+18;;planet_722;en;;0;0;0;https://x.com/undefined/status/1898041381639377095;1,53637E+18;
1,89681E+18;Fri Mar 07 16:00:48 +0000 2025;0;@Bbeans21 @Indomielovers hi if u need the indomie x newjeans postcard please dm me! i can help u to buy and ship it by shopee;1,89804E+18;;Bbeans21;en;;0;0;0;https://x.com/undefined/status/1898041148729704498;1,53637E+18;
1,89681E+18;Fri Mar 07 16:00:31 +0000 2025;0;@jimm_yu73091 @Indomielovers hi if u need the indomie x newjeans postcard please dm me! i can help u to buy and ship it by shopee;1,89804E+18;;jimm_yu73091;en;;0;0;0;https://x.com/undefined/status/1898041079267737727;1,53637E+18;
1,89799E+18;Fri Mar 07 12:42:51 +0000 2025;3;FINALLY MY SHAYLAAS #OhMyGoodItsIndomie https://t.co/TuNRsZTMPA;1,89799E+18;https://pbs.twimg.com/media/GlcFD2IbMAA8N70.jpg;;en;;0;0;0;https://x.com/undefined/status/1897991335115685953;1,77565E+18;
1,68876E+18;Fri Mar 07 00:45:37 +0000 2025;0;Proof Indomie X Newjeans Tags wts wtb ph my th kr web proxy 포카 양도 https://t.co/LEVw4nunC9;1,89781E+18;https://pbs.twimg.com/media/GlZg5BVa4AAZEcH.jpg;minlix99_;en;;0;1;0;https://x.com/undefined/status/1897810836338753969;1,52207E+18;
1,68876E+18;Fri Mar 07 00:44:59 +0000 2025;0;Proof Indomie X Newjeans Tags wts wtb ph my th kr web proxy wh service 포카 양도 https://t.co/3srGhSa1rR;1,89781E+18;https://pbs.twimg.com/media/GlZgvbgaAAAsRiy.jpg;minlix99_;en;;0;1;0;https://x.com/undefined/status/1897810675101319641;1,52207E+18;
1,89776E+18;Thu Mar 06 21:12:39 +0000 2025;0;WTS POSTCARD NEWJEANS NJZ X INDOMIE 1 set get 3 postcard + 1 frame Available shopee international available SG MY PH TH VN MX BR CL TW CO Search my shop: hhaaanniiii Shopee Indonesia: https://t.co/2ctZjRbQwO https://t.co/1lOIyfLEUz;1,89776E+18;https://pbs.twimg.com/media/GlYwJUKXcAA9N15.jpg;;en;;1;0;0;https://x.com/undefined/status/1897757242306469998;1,31282E+18;
1,89719E+18;Wed Mar 05 19:18:46 +0000 2025;6;@sheepymcsheepy It was an old Indomie ad tie-up from when they were still under contract with ADOR. Indomie probably shot multiple ads in advance and just decided to release this video now. That's why they use NewJeans name instead of NJZ because at that ;1,89737E+18;;sheepymcsheepy;en;;0;0;0;https://x.com/undefined/status/1897366192542847485;1,88821E+18;
1,89732E+18;Wed Mar 05 16:03:13 +0000 2025;14;Dawg just let me enjoy my Newjeans x indomie colab https://t.co/WoOfKEJ3nQ;1,89732E+18;https://pbs.twimg.com/media/GlSfvObXkAA5h6w.jpg;;en;;0;0;0;https://x.com/undefined/status/1897316980237197480;1432309340;
1,89695E+18;Tue Mar 04 15:30:09 +0000 2025;0;WTS POSTCARD NJZ INDOMIE NEWJEANS NEW JEANS Harga : 33k IDR/ 2$ ️Shopee https://t.co/s5yFeMyjGe ️Tokped https://t.co/9BzoezZxh3 Gratis ongkir di Tokopedia WW Shipping from INA Merchandise Official Merch Hanni Haerin Minji Danielle Hyein 민지 하니 다니엘 해린 혜인 https://t.co/q7vJ03sKPq;1,89695E+18;https://pbs.twimg.com/media/GlNOk5LWYAAFLhW.jpg;;en;;0;1;0;https://x.com/undefined/status/1896946274009768196;1,5101E+18;
1,8969E+18;Tue Mar 04 12:35:12 +0000 2025;0;want to sell wts NewJeans NJZ x indomie postcard $4/set bulk orders shipping worldwide Shopee Vietnam Singapore Malaysia Ph t. 인도미 포가 뉴진스 Indomie Indonesia hanni dannielle minji haerin hyein https://t.co/BBi8LXheWu;1,8969E+18;https://pbs.twimg.com/media/GlMmiEJaYAAAAS2.jpg;;en;;0;0;0;https://x.com/undefined/status/1896902246216188181;1,71714E+18;
1,89688E+18;Tue Mar 04 11:23:47 +0000 2025;1;indomie x newjeans postcard I LOOPPP NJZ https://t.co/UYvWMeO3KL;1,89688E+18;https://pbs.twimg.com/media/GlMWL_zWcAAF4No.jpg;;en;;0;0;0;https://x.com/undefined/status/1896884269999673542;1,37828E+18;
1,89675E+18;Tue Mar 04 02:18:32 +0000 2025;1;Open jastip indomie collaboration with newjeans 45. 000 IDR from depok Indonesia shopee/PayPal/bank transfer Dm if u interest #NewJeans #wts #Minji #Hanni #Danielle #HAERIN #Hyein #worldwide #zonakpop #indomie https://t.co/sW7OOzmM50;1,89675E+18;https://pbs.twimg.com/media/GlKZUTkagAAwDLA.jpg;;en;;0;0;0;https://x.com/undefined/status/1896747056578072595;1,79132E+18;
1,89657E+18;Mon Mar 03 14:51:47 +0000 2025;3;I WANT THIS SO BAD! INDOMIE PLEASEE #newjeans #njz;1,89657E+18;;;en;;0;0;0;https://x.com/undefined/status/1896574231070355882;1,49198E+18;
1,89656E+18;Mon Mar 03 14:07:13 +0000 2025;0;OMG i finally got the Indomie x NewJeans Postcards!!!!!! https://t.co/JSVBXtXv1x;1,89656E+18;https://pbs.twimg.com/media/GlHx_ZNaoAA_w5q.jpg;;en;;0;0;0;https://x.com/undefined/status/1896563012120776898;1,42365E+18;
1,89647E+18;Mon Mar 03 10:08:14 +0000 2025;4;Indomie x NewJeans NJZ Postcard AR Scan https://t.co/wGCXsU3Qny;1,8965E+18;https://pbs.twimg.com/ext_tw_video_thumb/1896502847736573952/pu/img/6YuPPSW8O9KTlA3Q.jpg;ak_baraaa;en;;0;1;0;https://x.com/undefined/status/1896502869622505661;8,08578E+17;
1,89647E+18;Mon Mar 03 07:38:55 +0000 2025;0;indomie x NewJeans NJZ Postcard with frame Limited Edition https://t.co/RAtabS6wNp;1,89647E+18;;;en;;0;0;0;https://x.com/undefined/status/1896465295415673103;8,08578E+17;
1,89647E+18;Mon Mar 03 07:38:24 +0000 2025;0;Bisa beli disini indomie x NewJeans NJZ Postcard with frame Limited Edition https://t.co/RAtabS6wNp;1,89647E+18;;ak_baraaa;en;;0;0;0;https://x.com/undefined/status/1896465162556895287;8,08578E+17;
1,89647E+18;Mon Mar 03 07:38:00 +0000 2025;5;Akhirnya dapet Indomie x NewJeans NJZ Postcard with frame Limited Edition https://t.co/sfxVIrnNNx;1,89647E+18;https://pbs.twimg.com/media/GlGY7LdaUAEidtj.jpg;;en;;0;3;0;https://x.com/undefined/status/1896465063894286769;8,08578E+17;
1,8961E+18;Sun Mar 02 07:44:29 +0000 2025;2;OPEN JASTIP NEWJEANS X INDOMIE IDR 38.000 / set (postcard+frame+6mie) 6 set just 180.000 (Dapat 6 pcs mie) include adm &amp;;;;;;;;;;;
1,8961E+18;Sun Mar 02 07:31:04 +0000 2025;1;wts newjeans x indomie postcards $3.5 usd will sent it sealed tags hanni haerin hyein minji danielle njz https://t.co/EBT1Q2Z0Jm;1,8961E+18;https://pbs.twimg.com/media/GlBNvQsb0AAgfWu.jpg;;en;;0;0;0;https://x.com/undefined/status/1896100929310769266;1,37113E+18;
1,89609E+18;Sun Mar 02 07:03:46 +0000 2025;1;OPEN JASTIP NEWJEANS X INDOMIE IDR 38.000 / set (postcard+frame+mie) 6 set just 180.000 (TANPA MIE) include adm &amp;;;;;;;;;;;
1,89609E+18;Sun Mar 02 06:43:19 +0000 2025;0;Tag NJZ newjeans haerin hanni danielle hyein minji postcard indomie jastip wts titip numpang zonauang oh my god it's indomie postcard set with frame;1,89609E+18;;;en;;0;0;0;https://x.com/undefined/status/1896088912856301584;1,14573E+18;
1,8958E+18;Sat Mar 01 16:49:36 +0000 2025;0;@haerinsmatcha you won't feel lonely anymore once you get your hands on the newjeans x indomie photocards because that will accompany you :D;1,89588E+18;;haerinsmatcha;en;;0;1;0;https://x.com/undefined/status/1895879102441406946;1,75485E+18;
1,89582E+18;Sat Mar 01 12:45:47 +0000 2025;0;Go get your photocards #OhMyGoodItsIndomie #NJZ;1,89582E+18;;;en;;0;0;0;https://x.com/undefined/status/1895817745922687364;1,57364E+18;
1,89581E+18;Sat Mar 01 12:15:45 +0000 2025;21;Haha I got it . #njz #NJZ_REDEBUT #indomie #newjeans https://t.co/US4bcVoyPw;1,89581E+18;https://pbs.twimg.com/media/Gk9FTXla8AAs7Mv.jpg;;en;;1;3;1;https://x.com/undefined/status/1895810184934752583;1,03146E+18;
1,89576E+18;Sat Mar 01 09:02:01 +0000 2025;8;Indomie is also using their real names instead of NewJeans Our girls will always be loved ;1,89576E+18;;;en;;0;0;1;https://x.com/undefined/status/1895761433281118603;1,84072E+18;
1,89572E+18;Sat Mar 01 06:24:00 +0000 2025;194;[250301] NJZ X INDOMIE EXCLUSIVE GIFT SET Indomie launches an exclusive gift set featuring a postcard set with a frame including 3 photos of Minji Hanni Danielle Haerin and Hyein! #OhMyGoodItsIndomie #Indomie #NewJeansxIndomie #NJZxIndomie #엔제이지 #NJZ #Jeans_BRANDS https://t.co/j286ZVwlSM;1,89572E+18;https://pbs.twimg.com/ext_tw_video_thumb/1895721616300285952/pu/img/U3Hkw05DDF0wv--h.jpg;;en;;0;2;45;https://x.com/undefined/status/1895721666694783046;1,66635E+18;
1,8957E+18;Sat Mar 01 05:37:30 +0000 2025;16;@SayItditto722 Not really The packaging still says 'NewJeans' since the brand deal happened right before all this went down. But seeing how they mention them individually now it s pretty clear where Indomie stands and which side they favor.;1,89571E+18;;planet_722;en;;0;0;0;https://x.com/undefined/status/1895709963882000445;1,84328E+18;
1,89571E+18;Sat Mar 01 05:22:41 +0000 2025;13;Even Indomie calls them by their individual names instead of 'NewJeans' now. What happened to brands supposedly being confused by Ador? Fans and brands are well aware of the situation. quit gaslighting like a tantrum-throwing old man.;1,89571E+18;;;en;;0;0;0;https://x.com/undefined/status/1895706236013998457;1,84328E+18;
1,89546E+18;Fri Feb 28 15:41:59 +0000 2025;1;@sanawrsprada roughly 10k attendance for their first time in indonesia tours enha 20k;;;;;;;;;;;
1,89308E+18;Sat Feb 22 10:24:32 +0000 2025;2;@newjeans_random she did same thing with indomie ;1,89325E+18;;newjeans_random;en;;0;1;0;https://x.com/undefined/status/1893245484384330113;1,72967E+18;
1,89155E+18;Mon Feb 17 23:04:58 +0000 2025;0;@NJZNWZ @st0lenpoetry @Phong4Jz @NJ1soon @newjeans_random @minjiside @LuDeLu38 @kangghae @iledreve @haekitty5 @catzkang probably indomie cancelled event;1,89162E+18;;NJZPOPBAZE;en;;0;0;0;https://x.com/undefined/status/1891624912718090531;1,51419E+18;
1,88746E+18;Thu Feb 06 11:33:14 +0000 2025;5;@newjeans_loop Indomie meet &amp;;;;;;;;;;;
1,88695E+18;Wed Feb 05 02:07:39 +0000 2025;2;@Solicorn11 Newjeans approved indomie;1,88696E+18;;Solicorn11;en;;0;0;0;https://x.com/undefined/status/1886959845448065521;1,06042E+18;
1,88369E+18;Mon Jan 27 01:24:45 +0000 2025;1;Good to finally see #NewJeans endorsements in the USA! @i1_89 #Pepero and @Indomielovers #Indomie we will support your products! @hmartofficial #JeanzForFree @NewJeans_ADOR https://t.co/8ixPhTHq8P;1,88369E+18;https://pbs.twimg.com/media/GiQz2LXawAAakgM.jpg;;en;;0;0;0;https://x.com/undefined/status/1883687556329697445;17596673;
1,88353E+18;Sun Jan 26 14:49:46 +0000 2025;0;i was at h-mart yesterday and saw the newjeans x indomie ad but forgot to take a picture ;1,88353E+18;;;en;;0;0;0;https://x.com/undefined/status/1883527757461885433;1,78589E+18;
1,88298E+18;Sat Jan 25 05:09:08 +0000 2025;0;@PimpleSunghoon bang nitip indomie newjeans;1,88302E+18;;Jwnhan;en;;0;1;0;https://x.com/undefined/status/1883019248890769869;7,32248E+17;
1,88246E+18;Thu Jan 23 16:07:16 +0000 2025;0;I just had indomie newjeans spicy ramyeon today and it was so good ;1,88246E+18;;;en;;0;1;0;https://x.com/undefined/status/1882460098058162244;1,15262E+18;
1,88237E+18;Thu Jan 23 10:21:08 +0000 2025;0;Oot but suddenly I'm craving some Indomie NewJeans I love the blue one (spicy ramyeon);1,88237E+18;;;en;;0;0;0;https://x.com/undefined/status/1882372992833114185;1,77E+18;
1,88124E+18;Tue Jan 21 13:39:56 +0000 2025;0;@VALO2ASIA @Indomielovers @axtonsalim Indomie collab with NewJeans -&gt;;;;;;;;;;;
1,88067E+18;Sat Jan 18 17:24:59 +0000 2025;1;Feel like we all left the NewJeans and Indomie ads a little too quickly. https://t.co/RmcPsD5W7k;1,88067E+18;https://pbs.twimg.com/amplify_video_thumb/1880667352921952256/img/S3S6k-zlBsl3SyCf.jpg;;en;;0;0;0;https://x.com/undefined/status/1880667716912316839;1,37727E+18;
1,87872E+18;Thu Jan 16 12:32:01 +0000 2025;0;@ceraphynn @newji1st yeah but they re ambassadors almost everything indomie dior chanel etc etc so while you say no one wants to associate with newjeans anymore they re still getting brand deals and advertising other brands products typical ratmys behavio;1,87987E+18;;ceraphynn;en;;0;0;0;https://x.com/undefined/status/1879869214686888179;1,74406E+18;
1,8794E+18;Wed Jan 15 05:47:06 +0000 2025;1;NewJeans earned lots of Indo fans after that Indomie deal HYBE icking Indonesians now that it s revealed one of the members is from SEA they were racist @ Lisa too Keep going at it HYBE the way you mediaplayed Hanni s visa status we hope you never gain more SEA followers ;1,8794E+18;;;en;;0;0;0;https://x.com/undefined/status/1879404926293659862;1,86183E+18;
1,87917E+18;Wed Jan 15 02:57:39 +0000 2025;0;@adorearteu Indomie spicy ramyeon yang sama Newjeans.;1,87936E+18;;adorearteu;en;;0;0;0;https://x.com/undefined/status/1879362280250622009;1,85013E+18;
1,87882E+18;Mon Jan 13 14:44:30 +0000 2025;2;Newjeans and INDOMIE (all versions) is a great way to start your day. https://t.co/QRIqztgqSX;1,87882E+18;;;en;;0;0;0;https://x.com/undefined/status/1878815390392012819;1,37727E+18;
1,87826E+18;Sun Jan 12 02:09:07 +0000 2025;0;illit losing multiple brand deals recently but managed to chart and newjeans with indomie &amp;;;;;;;;;;;
1,87652E+18;Thu Jan 09 23:36:59 +0000 2025;0;@Indomielovers I just saw the Newjeans for Indomie banner at my local hmart in California. It looks soo good taste so good as well;1,8775E+18;;Indomielovers;en;;0;0;0;https://x.com/undefined/status/1877499842978631962;1638559129;
1,87734E+18;Thu Jan 09 13:23:53 +0000 2025;136;@Sniper71232 NewJeans cancelled on Indomie? Guess they didn't want to 'serve' their fans. And No permission? New pants is 'seasoning' their career with disobedience;1,87735E+18;;Sniper71232;en;;0;0;2;https://x.com/undefined/status/1877345552133927341;1,79719E+18;
1,87719E+18;Thu Jan 09 12:18:56 +0000 2025;0;@rahmdess27 indomie newjeans doong https://t.co/72eP2eTzM5;1,87733E+18;https://pbs.twimg.com/media/Gg2c9vfasAAF7tE.jpg;rahmdess27;en;;0;0;0;https://x.com/undefined/status/1877329206670975025;730688400;
1,87728E+18;Thu Jan 09 09:02:28 +0000 2025;12962;So Indonesian bunnies were supposed to get an Indomie meet&amp;;;;;;;;;;;
1,87647E+18;Tue Jan 07 08:37:40 +0000 2025;0;@Indomielovers @NewJeans_ADOR Indomie out here doing everything better than adog and hbye ever did;1,87655E+18;;Indomielovers;en;;0;0;0;https://x.com/undefined/status/1876548745493671992;1,8212E+18;
1,87647E+18;Tue Jan 07 04:20:42 +0000 2025;7;@Indomielovers @NewJeans_ADOR We love you Indomie Thank you for supporting Minji Hanni Danni Haerin and Hyein.;1,87648E+18;;Indomielovers;en;;0;0;0;https://x.com/undefined/status/1876484079241343334;1006274064;
1,87647E+18;Tue Jan 07 04:12:29 +0000 2025;1;@Indomielovers @NewJeans_ADOR Thank you Indomie Congrats ;1,87648E+18;;Indomielovers;en;;0;0;0;https://x.com/undefined/status/1876482009557876826;1,13106E+18;
1,87647E+18;Tue Jan 07 03:32:29 +0000 2025;1;@Indomielovers Thank you Indomie #Jeanzforfree #NewJeans;1,87647E+18;;Indomielovers;en;;0;0;0;https://x.com/undefined/status/1876471944989794750;1,62915E+18;
1,87647E+18;Tue Jan 07 03:31:08 +0000 2025;4;@Indomielovers @NewJeans_ADOR indomie being the most supportive brand;1,87647E+18;;Indomielovers;en;;0;1;1;https://x.com/undefined/status/1876471604227793129;1,51419E+18;
1,87647E+18;Tue Jan 07 03:13:49 +0000 2025;22;@Indomielovers @NewJeans_ADOR Indomie most supportive brand deal;1,87647E+18;;Indomielovers;en;;0;0;1;https://x.com/undefined/status/1876467248648622534;1,64258E+18;
1,87538E+18;Sat Jan 04 03:15:35 +0000 2025;2;LOOK AT THE KEYCHAINNN HANNI WITH INDOMIE KOREAN SERIES NEWJEANS SO MATCHING!!! https://t.co/Sfm7ATaPhL;1,87538E+18;https://pbs.twimg.com/media/GgawpcIaAAA_Rzk.jpg;;en;;0;0;0;https://x.com/undefined/status/1875380529782256083;1,10365E+18;
1,87513E+18;Fri Jan 03 10:52:10 +0000 2025;0;#INDOMIE INSTAGRAM UPDATE with #HYEIN #뉴진스 #ニュージーンズ #NewJeans #혜인 #Hyein #ヘイン #NewJeans_is_Everywhere #NewJeansNeverDie #Bunnies https://t.co/eLVrmEbea5;1,87513E+18;https://pbs.twimg.com/ext_tw_video_thumb/1875133012100481024/pu/img/ZLIeEiE4gLL33ZWL.jpg;;en;;0;0;0;https://x.com/undefined/status/1875133043620696487;1,40075E+18;
1,87513E+18;Fri Jan 03 10:51:25 +0000 2025;0;#INDOMIE INSTAGRAM UPDATE with #HAERIN #뉴진스 #ニュージーンズ #NewJeans #해린 #Haerin #ヘリン #NewJeans_is_Everywhere #NewJeansNeverDie #Bunnies https://t.co/TGCCy6U5gA;1,87513E+18;https://pbs.twimg.com/ext_tw_video_thumb/1875132829346193408/pu/img/xkR7tcTiAPybakj8.jpg;;en;;0;0;0;https://x.com/undefined/status/1875132856579883079;1,40075E+18;
1,87513E+18;Fri Jan 03 10:50:35 +0000 2025;0;#INDOMIE INSTAGRAM UPDATE with #DANIELLE #뉴진스 #ニュージーンズ #NewJeans #다니엘 #Danielle #ダニエル #NewJeans_is_Everywhere #NewJeansNeverDie #Bunnies https://t.co/e7iLGPJIRu;1,87513E+18;https://pbs.twimg.com/ext_tw_video_thumb/1875127503557406722/pu/img/pSj0eyHRRPlNBj1Z.jpg;;en;;0;0;0;https://x.com/undefined/status/1875132646281679338;1,40075E+18;
1,87513E+18;Fri Jan 03 10:48:10 +0000 2025;2;[250103] NewJeans' Haerin x Indomie https://t.co/rGkRXg2rJZ;1,87513E+18;;;en;;0;0;0;https://x.com/undefined/status/1875132035037356122;1,66635E+18;
1,8751E+18;Fri Jan 03 08:56:52 +0000 2025;0;indomie newjeans adain pc pliss;1,8751E+18;;;en;;0;0;0;https://x.com/undefined/status/1875104029019357589;1,01487E+18;
1,87479E+18;Thu Jan 02 12:06:27 +0000 2025;0;INDOMIE INSTAGRAM UPDATE with #HANNI #뉴진스 #ニュージーンズ #NewJeans #하니 #hanni #ハニ #NewJeans_is_Everywher #NewJeansNeverDie #Bunnies https://t.co/2CceyMtBag;1,87479E+18;https://pbs.twimg.com/ext_tw_video_thumb/1874789063426981888/pu/img/K1QMi3AH8TtPbtEJ.jpg;;en;;0;0;0;https://x.com/undefined/status/1874789349461831716;1,40075E+18;
1,87477E+18;Thu Jan 02 11:04:01 +0000 2025;2;INDOMIE INSTAGRAM UPDATE with #Minji #뉴진스 #ニュージーンズ #NewJeans #민지 #Minji #ミンジ #NewJeans_is_Everywhere #NewJeansNeverDie #Bunnies https://t.co/G7WFSIvYLU;1,87477E+18;https://pbs.twimg.com/ext_tw_video_thumb/1874773608599629824/pu/img/arhHGbpEOz_UfK3u.jpg;;en;;0;0;0;https://x.com/undefined/status/1874773638236492010;1,40075E+18;
1,87443E+18;Wed Jan 01 12:23:30 +0000 2025;2;For the last one I'm taking a lot of pills of hopium considering that Hyundai is potentially launching the Venue in Indonesia. Why Indonesia of all places? 1. Venue is yet to be launched in a segment that's seeing huge growth 2. Indomie x NewJeans impact;1,87443E+18;;;en;;0;0;0;https://x.com/undefined/status/1874431250666225876;3195470742;
1,87438E+18;Wed Jan 01 08:51:50 +0000 2025;4;[250101] NewJeans x Indomie Happy New Year! *truly my favorite brand of #jeanzforfree in 2024 hope in 2025 more beautiful moments will happen https://t.co/vVNRciKATm;1,87438E+18;;;en;;0;0;0;https://x.com/undefined/status/1874377983441748106;1,66635E+18;
1,87436E+18;Wed Jan 01 07:41:23 +0000 2025;2;NewJeans x Indomie Greetings #NewJeans #뉴진스;1,87436E+18;;;en;;0;0;0;https://x.com/undefined/status/1874360253753794738;1,65557E+18;
1,87429E+18;Wed Jan 01 02:59:31 +0000 2025;3;#JEANZ AT INDOMIE INSTAGRAM UPDATE Happy New Year Indomielovers! Let's start this year with the vibrant energy of the beautiful @.newjeans_official! #뉴진스 #ニュージーンズ #NewJeans #민지 #하니 #다니엘 #혜인 #해린 #Minji #Hanni #Danielle #Haerin #Hyein https://t.co/VcSGvtiuz4;1,87429E+18;https://pbs.twimg.com/ext_tw_video_thumb/1874289274339971072/pu/img/7zC8I1iYlt-bo0tD.jpg;;en;;0;0;1;https://x.com/undefined/status/1874289321270010111;1,40075E+18;
1,87425E+18;Wed Jan 01 02:04:10 +0000 2025;0;@Indomielovers Happy New Year 2025 Jeanz ️ #OhMyGoodItsIndomie;1,87428E+18;;Indomielovers;en;;0;0;0;https://x.com/undefined/status/1874275391109841298;1,62915E+18;
1,874E+18;Tue Dec 31 07:34:16 +0000 2024;0;js saw a newjeans x indomie promo on a supermarket ;1,874E+18;;;en;;0;0;0;https://x.com/undefined/status/1873996076497412535;1,28372E+18;
1,87361E+18;Mon Dec 30 18:43:23 +0000 2024;0;@Indomielovers @NewJeans_ADOR We love u indomie;1,8738E+18;;Indomielovers;en;;0;0;0;https://x.com/undefined/status/1873802076159184974;1,82175E+18;
1,87361E+18;Mon Dec 30 12:53:43 +0000 2024;1;@Indomielovers @NewJeans_ADOR Family indomie️‍;1,87371E+18;;Indomielovers;en;;0;0;0;https://x.com/undefined/status/1873714083004035228;707491777;
1,8737E+18;Mon Dec 30 11:48:18 +0000 2024;15;thinking again indomie really is the best global brand newjeans worked with so far;1,8737E+18;;;en;;0;0;3;https://x.com/undefined/status/1873697619631087743;1,60611E+18;
1,87361E+18;Mon Dec 30 08:57:10 +0000 2024;0;@Indomielovers @NewJeans_ADOR indomie and newjeans woww;1,87365E+18;;Indomielovers;en;;0;0;0;https://x.com/undefined/status/1873654551037018204;1,67969E+18;
1,87361E+18;Mon Dec 30 07:05:55 +0000 2024;0;@Indomielovers @NewJeans_ADOR Thank you Indomie. ;1,87363E+18;;Indomielovers;en;;0;0;0;https://x.com/undefined/status/1873626554653372657;1,13106E+18;
1,87361E+18;Mon Dec 30 07:00:27 +0000 2024;0;@Indomielovers @NewJeans_ADOR Let's gooo! Thank you Indomie!;1,87363E+18;;Indomielovers;en;;0;0;0;https://x.com/undefined/status/1873625179957674459;3002934373;
1,87361E+18;Mon Dec 30 06:51:19 +0000 2024;0;@Indomielovers @NewJeans_ADOR Congrats!! Anyway I m watching zine last night where Hanni made mie goreng. Man to made someone craving for indomie at 11pm is an act of cruelty.;1,87362E+18;;Indomielovers;en;;0;0;0;https://x.com/undefined/status/1873622881999245639;1,8444E+18;
1,87361E+18;Mon Dec 30 06:50:25 +0000 2024;6;@Indomielovers @NewJeans_ADOR Thank you Indomie for doing this! We love you. I eat a lot of Indomie because of your support to our girls. God bless you! ;1,87362E+18;;Indomielovers;en;;0;0;0;https://x.com/undefined/status/1873622654076547123;1006274064;
1,87361E+18;Mon Dec 30 06:47:03 +0000 2024;28;@Indomielovers @NewJeans_ADOR I will buy Indomie in grocery store today as celebration. Thanks for always supporting the girls! ;1,87362E+18;;Indomielovers;en;;0;0;0;https://x.com/undefined/status/1873621806512582721;8,18432E+17;
1,87361E+18;Mon Dec 30 06:29:29 +0000 2024;0;@Indomielovers @NewJeans_ADOR thanks indomie ur the best ;1,87362E+18;;Indomielovers;en;;0;0;0;https://x.com/undefined/status/1873617384877244426;1,67942E+18;
1,87361E+18;Mon Dec 30 05:57:41 +0000 2024;16;@Indomielovers @NewJeans_ADOR Thank you Indomie;1,87361E+18;;Indomielovers;en;;0;0;0;https://x.com/undefined/status/1873609382459777424;9,05348E+17;
1,87361E+18;Mon Dec 30 05:52:59 +0000 2024;63;@Indomielovers @NewJeans_ADOR I m celebrating by eating 5 packs of indomie in one sitting wish me luck;1,87361E+18;;Indomielovers;en;;0;1;0;https://x.com/undefined/status/1873608201448616065;1,60611E+18;
1,8736E+18;Mon Dec 30 05:11:47 +0000 2024;0;Totally forgot to tweet this but by chance i encountered #NewJeans' indomie ad when I was out for lunch with my colleagues #OhMyGoodItsIndomie #KoreanRamyeonSeries Thanks @Indomielovers for running this campaign I've always been a fan of indomie https://t.co/rBQTQoyzC5;1,8736E+18;https://pbs.twimg.com/ext_tw_video_thumb/1873597729408204800/pu/img/utGkVtCgMgCQ3fO8.jpg;;en;;0;0;0;https://x.com/undefined/status/1873597833611485400;1,54798E+18;
1,87303E+18;Sat Dec 28 15:45:15 +0000 2024;0;NEWJEANS BECOME INDOMIE NEW ADS MODEL??? indomie never miss 🇮🇩🇮🇩🇮🇩🇮🇩;1,87303E+18;;;en;;0;0;0;https://x.com/undefined/status/1873032473426444698;612223921;
1,87291E+18;Sat Dec 28 08:01:24 +0000 2024;0;@heeramyeonz Indomie newjeans fiery chiken bubb;1,87292E+18;;heeramyeonz;en;;0;1;0;https://x.com/undefined/status/1872915739419787321;1,74433E+18;
1,87239E+18;Thu Dec 26 21:59:48 +0000 2024;1;@j4rfy Need the newjeans indomie;1,8724E+18;;j4rfy;en;;0;0;0;https://x.com/undefined/status/1872401955794067793;1,80166E+18;
1,87239E+18;Thu Dec 26 21:23:11 +0000 2024;9;i got newjeans indomie ad ️ https://t.co/mtmenGS9jX;1,87239E+18;https://pbs.twimg.com/ext_tw_video_thumb/1872392687065743360/pu/img/ANG12n19pnVVdcvZ.jpg;;en;;0;1;0;https://x.com/undefined/status/1872392741365399770;9,46507E+17;
1,8718E+18;Thu Dec 26 18:39:20 +0000 2024;1;[D3] For first 12 bunnies will receive 2 hand banner 1 circle photocard 1 coaster 1 sticker 1 A4 size poster 1 indomie (random) #WelcomeJeanzToThailandLandOfMoodeng #AAA2024inBKK #jeanzforfree #Bunnies #NewJeans #뉴진스 #Hanni #하니 #ハニ #Danielle #Haerin #Minji #Hyein https://t.co/jrJPZi5uEH;1,87235E+18;https://pbs.twimg.com/media/Gfvtwn3aUAAEewX.jpg;nakdararindu;en;;0;1;0;https://x.com/undefined/status/1872351508068798634;118956061;
1,8722E+18;Thu Dec 26 08:35:06 +0000 2024;1;Oh My Good! Behind the Scene video Indomie | NewJeans https://t.co/G0fozXPefX @YouTube;1,8722E+18;;;en;;0;0;0;https://x.com/undefined/status/1872199446559416561;1,57649E+18;
1,87211E+18;Thu Dec 26 06:38:58 +0000 2024;0;@newjeans_loop I just need the indomie song on spotify/YouTube;1,87217E+18;;newjeans_loop;en;;0;0;0;https://x.com/undefined/status/1872170220317741069;7,9603E+17;
1,87217E+18;Thu Dec 26 06:29:35 +0000 2024;0;@idextratime The Indomie x NewJeans beat is so fire like I could hear a song out of it;1,87217E+18;;idextratime;en;;0;0;0;https://x.com/undefined/status/1872167857255334168;3017300922;
1,87216E+18;Thu Dec 26 06:01:25 +0000 2024;3;[241226] NewJeans x Indomie' Behind https://t.co/vJ4gz4sS6B;1,87216E+18;;;en;;0;0;0;https://x.com/undefined/status/1872160772287353101;1,66635E+18;
1,87211E+18;Thu Dec 26 04:29:02 +0000 2024;0;@newjeans_loop i wish indomie is as plenty as in the plate its like 2 jumbo pack;1,87214E+18;;newjeans_loop;en;;0;0;0;https://x.com/undefined/status/1872137523625132035;32329963;
1,87212E+18;Thu Dec 26 03:21:58 +0000 2024;127;Oh My Good! Behind the Scene video Indomie | NewJeans https://t.co/SFkdcoyfSf - @YouTube https://t.co/9JmSmvZAcS;1,87212E+18;https://pbs.twimg.com/amplify_video_thumb/1872120359950159872/img/8EDm5dBQzanmO17D.jpg;;en;;1;0;36;https://x.com/undefined/status/1872120644735033437;1,64532E+18;
1,87212E+18;Thu Dec 26 03:03:27 +0000 2024;55;Indomie Behind #뉴진스 #NewJeans #ニュジ #Minji #Hanni #Danielle #Haerin #Hyein #jeanzforfree https://t.co/GVaKHgQBGW;1,87212E+18;https://pbs.twimg.com/ext_tw_video_thumb/1872112199159951360/pu/img/9tBYJpQlT_5-EqD7.jpg;;en;;0;0;16;https://x.com/undefined/status/1872115985752416515;1,77976E+18;
1,87211E+18;Thu Dec 26 02:54:33 +0000 2024;5;Indomie behind the scene #뉴진스 #NewJeans #ニュジ #jeanzforfree https://t.co/8GzyxpHP3S;1,87211E+18;https://pbs.twimg.com/ext_tw_video_thumb/1872112199159951360/pu/img/9tBYJpQlT_5-EqD7.jpg;;en;;0;0;0;https://x.com/undefined/status/1872113744240914681;1,77616E+18;
1,87211E+18;Thu Dec 26 02:53:54 +0000 2024;3;Indomie behind the scene #뉴진스 #NewJeans #ニュジ #jeanzforfree https://t.co/UtQhtNHAd3;1,87211E+18;https://pbs.twimg.com/ext_tw_video_thumb/1872112199159951360/pu/img/9tBYJpQlT_5-EqD7.jpg;;en;;0;0;0;https://x.com/undefined/status/1872113582856663424;1,7773E+18;
1,87211E+18;Thu Dec 26 02:53:28 +0000 2024;5;Indomie behind the scene #뉴진스 #NewJeans #ニュジ #jeanzforfree https://t.co/ybUXlVOi20;1,87211E+18;https://pbs.twimg.com/ext_tw_video_thumb/1872112199159951360/pu/img/9tBYJpQlT_5-EqD7.jpg;;en;;0;0;0;https://x.com/undefined/status/1872113471476867578;1,80516E+18;
1,87211E+18;Thu Dec 26 02:52:48 +0000 2024;3;Indomie behind the scene #뉴진스 #NewJeans #ニュジ #jeanzforfree https://t.co/DrluE6qZcn;1,87211E+18;https://pbs.twimg.com/ext_tw_video_thumb/1872112199159951360/pu/img/9tBYJpQlT_5-EqD7.jpg;;en;;0;0;1;https://x.com/undefined/status/1872113303855771871;1,83193E+18;
1,87211E+18;Thu Dec 26 02:48:59 +0000 2024;202;Indomie Behind #NewJeans #뉴진스 #Minji #Hanni #Haerin #Hyein #Danielle https://t.co/I6lIQN346n;1,87211E+18;https://pbs.twimg.com/ext_tw_video_thumb/1872112199159951360/pu/img/9tBYJpQlT_5-EqD7.jpg;;en;;0;0;55;https://x.com/undefined/status/1872112341720219761;850826515;
1,87211E+18;Thu Dec 26 02:43:38 +0000 2024;2517;Indomie behind #뉴진스 #NewJeans https://t.co/XVJ7OfCWzi;1,87211E+18;https://pbs.twimg.com/amplify_video_thumb/1872110694382112768/img/KmcYl5XzAMTxhjhu.jpg;;en;;12;4;500;https://x.com/undefined/status/1872110997403791856;1,55953E+18;
1,87041E+18;Sat Dec 21 14:05:31 +0000 2024;0;@hannihourly Latest update by jeanzforfree includes a post of song Tears of Joy by Levan Kali and also shared info about Indomie NewJeans members now have new handle @jeanzforfree. This activity signifies a new more independent approach for NewJeans follo;1,87047E+18;;hannihourly;en;;0;0;0;https://x.com/undefined/status/1870470661212447036;704701711;
1,87047E+18;Sat Dec 21 13:54:20 +0000 2024;57;241221 Indomie behind the scenes~~ #NewJeans #뉴진스 #jeanzforfree #Danielle #다니엘 https://t.co/8L2fPT0PGJ;1,87047E+18;https://pbs.twimg.com/media/GfU8k6ZagAA5-we.jpg;;en;;0;0;8;https://x.com/undefined/status/1870467846121336960;850826515;
1,87047E+18;Sat Dec 21 13:54:06 +0000 2024;71;241221 Indomie behind the scenes~~ #NewJeans #뉴진스 #jeanzforfree #Hanni #하니 https://t.co/RxwfFP46nY;1,87047E+18;https://pbs.twimg.com/media/GfU8idLbYAAicti.jpg;;en;;1;0;6;https://x.com/undefined/status/1870467786377679037;850826515;
1,87047E+18;Sat Dec 21 13:53:48 +0000 2024;40;241221 Indomie behind the scenes~~ #NewJeans #뉴진스 #jeanzforfree #Minji #민지 #Hanni #하니 https://t.co/T21jmCLJ7n;1,87047E+18;https://pbs.twimg.com/media/GfU8dMWacAARwME.jpg;;en;;0;0;5;https://x.com/undefined/status/1870467712016916594;850826515;
1,87047E+18;Sat Dec 21 13:53:25 +0000 2024;61;241221 Indomie behind the scenes~~ #NewJeans #뉴진스 #jeanzforfree #Minji #민지 #Hanni #하니 #Danielle #다니엘 https://t.co/mPG5E85EOt;1,87047E+18;https://pbs.twimg.com/media/GfU8RO8bkAAvFbS.jpg;;en;;0;0;10;https://x.com/undefined/status/1870467615363363016;850826515;
1,87042E+18;Sat Dec 21 10:34:10 +0000 2024;17;241221 | jeanzforfree Instagram Update Indomie behind the scenes~~ #뉴진스 #NewJeans #하니 #Hanni https://t.co/s8jnIYzvl7;1,87042E+18;https://pbs.twimg.com/media/GfUOxp-bsAASK3o.jpg;;en;;0;1;5;https://x.com/undefined/status/1870417470718369873;7,68007E+17;
1,87041E+18;Sat Dec 21 10:21:17 +0000 2024;1;jeanzforfree #DANIELLE INSTAGRAM UPDATE Indomie behind the scenes~~ #뉴진스 #ニュージーンズ #NewJeans #민지 #하니 #다니엘 #혜인 #해린 #Minji #Hanni #Danielle #Haerin #Hyein #jeanzforfree https://t.co/6cOV1Sy7Cl;1,87041E+18;https://pbs.twimg.com/media/GfULwoHagAAbP7E.jpg;;en;;0;1;0;https://x.com/undefined/status/1870414231155487118;1,40075E+18;
1,87041E+18;Sat Dec 21 10:14:05 +0000 2024;77;@/jeanzforfree Instagram Update Indomie behind the scenes ~~ #NewJeans #뉴진스 #JEANZ https://t.co/hWB5RT4hSi;1,87041E+18;https://pbs.twimg.com/media/GfUKLWfWEAA9-yf.jpg;;en;;0;1;18;https://x.com/undefined/status/1870412416472744399;1,80878E+18;
1,87041E+18;Sat Dec 21 10:07:44 +0000 2024;8;#jeanzforfree ig update Indomie behind the scenes #NewJeans #뉴진스 #Hanni #하니 https://t.co/wC0MNDE2Ip;1,87041E+18;https://pbs.twimg.com/media/GfUIr2qaoAAPy8q.jpg;;en;;0;0;2;https://x.com/undefined/status/1870410820682912211;1,58817E+18;
1,87015E+18;Fri Dec 20 16:37:55 +0000 2024;0;NewJeans Indomie Behind;1,87015E+18;;;en;;0;0;0;https://x.com/undefined/status/1870146623449473404;3338971587;
1,87013E+18;Fri Dec 20 15:28:36 +0000 2024;0;[Light Jeans] Indomie Behind | NewJeans https://t.co/uo9oWm6ae7 @YouTubeより;1,87013E+18;;;en;;0;0;0;https://x.com/undefined/status/1870129179473391979;834754484;
1,87013E+18;Fri Dec 20 15:25:43 +0000 2024;0;[Light Jeans] Indomie Behind | NewJeans https://t.co/r6QFaE2c1m @YouTubeより;1,87013E+18;;;en;;0;0;0;https://x.com/undefined/status/1870128453544227234;1,47467E+18;
1,87008E+18;Fri Dec 20 12:00:22 +0000 2024;4;Indomie selera NewJeans cc: @_mardial_ [Light Jeans] Indomie Behind | NewJeans https://t.co/Z525gGFXVw via @YouTube;1,87008E+18;;;en;;0;0;2;https://x.com/undefined/status/1870076775566610644;44746954;
1,87005E+18;Fri Dec 20 10:08:49 +0000 2024;3;[241220] #Light_Jeans Indomie Behind ️ https://t.co/XiGSvzNRaQ *watch this #jeanzforfree ad make me eat @Indomielovers more delicious x100 times!!! https://t.co/lCLlZnDGSE;1,87005E+18;https://pbs.twimg.com/media/GfO-9FLXYAAd7uU.jpg;;en;;0;0;0;https://x.com/undefined/status/1870048702741549201;1,66635E+18;
1,87005E+18;Fri Dec 20 10:04:38 +0000 2024;1;[Light Jeans ] Indomie Behind https://t.co/OKwvBs2cPJ #뉴진스 #ニュージーンズ #NewJeans #민지 #하니 #다니엘 #혜인 #해린 #Minji #Hanni #Danielle #Haerin #Hyein #jeanzforfree https://t.co/dVOVA9ojpb;1,87005E+18;https://pbs.twimg.com/media/GfO-OKJasAI1reK.png;;en;;0;0;1;https://x.com/undefined/status/1870047649367548335;1,40075E+18;
1,87005E+18;Fri Dec 20 10:00:30 +0000 2024;0;[Light Jeans] Indomie Behind | NewJeans https://t.co/pzcuceHCrP @YouTubeより;1,87005E+18;;;en;;0;0;0;https://x.com/undefined/status/1870046609532477493;297995962;
1,87005E+18;Fri Dec 20 10:00:23 +0000 2024;0;[Light Jeans] Indomie Behind | NewJeans https://t.co/iJzHtHLnwu ผ่าน @YouTube;1,87005E+18;;;en;;0;0;0;https://x.com/undefined/status/1870046581912940931;1,56155E+18;
1,87005E+18;Fri Dec 20 10:00:11 +0000 2024;3004;[Light Jeans ] Indomie Behind https://t.co/90ZdLDjt8u #NewJeans #뉴진스 #Light_Jeans #NewJeans_is_Everywhere;1,87005E+18;;;en;;20;22;384;https://x.com/undefined/status/1870046532634079692;1,47648E+18;
1,86945E+18;Thu Dec 19 04:23:05 +0000 2024;1;@talytokki Cant find NewJeans Indomie in Indomart ;1,8696E+18;;;en;;0;0;0;https://x.com/undefined/status/1869599309672722523;1,25932E+18;
1,86902E+18;Tue Dec 17 14:09:17 +0000 2024;0;indofood and indomie next one please bring newjeans ‍️;1,86902E+18;;;en;;0;0;0;https://x.com/undefined/status/1869022054961631394;601752178;
1,86901E+18;Tue Dec 17 13:28:30 +0000 2024;4;finally i can eat my indomie newjeans kuah in peace now https://t.co/tu02NVV3Sd;1,86901E+18;https://pbs.twimg.com/media/GfAQUKobwAAVDg_.jpg;;en;;0;8;1;https://x.com/undefined/status/1869011791529099334;562671990;
1,86896E+18;Tue Dec 17 10:58:28 +0000 2024;5;@Ksdj612 @Koreaboo Oh no ador needs to milk newjeans to the last drop I thought newjeans wasn t important for revenue or investors? Is the omega dior indomie and chaumet money that nice;1,86897E+18;;Ksdj612;en;;0;0;0;https://x.com/undefined/status/1868974037042679924;1,42963E+18;
1,86856E+18;Tue Dec 17 01:32:37 +0000 2024;0;@IndomieHK Love Newjeans and Indomie;1,86883E+18;;IndomieHK;en;;0;0;0;https://x.com/undefined/status/1868831632674955704;1638559129;
1,86871E+18;Mon Dec 16 17:10:49 +0000 2024;244;You can see NewJeans Indomie ads promotion in the following 10 cities. Jakarta New York City Taipei Ho Chi Minh Kuala Lumpur Manila Phnom Penh Seoul Singapore Sydney;1,86871E+18;;;en;;1;0;57;https://x.com/undefined/status/1868705350310076774;1,71712E+18;
1,8686E+18;Mon Dec 16 10:29:49 +0000 2024;0;[️#NewJeans Phoning Calendar] Podcast MINJI Monday Radio 16/12 TBS CDTV LIVE!LIVE! Christmas 16/12 HAERIN W Korea Photoshoot Behind 17/12 KBS Music Bank Global Festival Broadcast 19/12 NewChef Cooking Queen Ep2‍19/12 Indomie Behind 20/12 https://t.co/c902M3ZewK;1,8686E+18;https://pbs.twimg.com/media/Ge6d02zbsAAdvO4.png;;en;;0;0;0;https://x.com/undefined/status/1868604438669389953;1,40075E+18;
1,86857E+18;Mon Dec 16 08:10:25 +0000 2024;350;[️#NewJeans Phoning Calendar] Podcast MINJI Monday Radio 16/12 TBS CDTV LIVE!LIVE! Christmas 16/12 HAERIN W Korea Photoshoot Behind 17/12 KBS Music Bank Global Festival Broadcast 19/12 NewChef Cooking Queen Ep2‍19/12 Indomie Behind 20/12 https://t.co/XhDpwxlGay;1,86857E+18;https://pbs.twimg.com/media/Ge596L-aoAQVFO8.jpg;;en;;9;3;74;https://x.com/undefined/status/1868569355434578228;1,55042E+18;
1,86857E+18;Mon Dec 16 08:05:01 +0000 2024;166;Indomie behind #NewJeans #뉴진스 #NewJeans_is_Everywhere #Minji #Hanni #Haerin #Hyein #Danielle https://t.co/rRbDVsaqfn;1,86857E+18;https://pbs.twimg.com/media/Ge58sOdbYAETNB5.jpg;;en;;5;0;23;https://x.com/undefined/status/1868567997163741314;850826515;
1,86796E+18;Sat Dec 14 16:03:03 +0000 2024;264; illit copied the beat for newjeans indomie ad? the producer denied plagiarism. https://t.co/GfsrnYsxUx;1,86796E+18;https://pbs.twimg.com/media/GexW7IaXwAAnRCP.jpg;cupidmka;en;;3;2;13;https://x.com/undefined/status/1867963522434670961;1,68528E+18;
1,86782E+18;Sat Dec 14 07:31:21 +0000 2024;10;@Indomielovers #JEANZFORFREE Thank you for supporting newjeans indomie!!;1,86783E+18;;Indomielovers;en;;0;0;0;https://x.com/undefined/status/1867834747747283278;1,60611E+18;
1,86701E+18;Thu Dec 12 00:47:12 +0000 2024;0;indomie having newjeans as brand ambassadors is the smallest part of how big indomie in this world and economy. RRAHH INDOMIE I LOVE YOU️;1,86701E+18;;;en;;0;0;0;https://x.com/undefined/status/1867008264782876708;1,6955E+18;
1,86577E+18;Sun Dec 08 15:14:53 +0000 2024;0;@yevshi @Stealrers Hot and spicy kaya indomie x newjeans;1,86578E+18;;honeyd;en;;0;0;0;https://x.com/undefined/status/1865777074650390842;1,29613E+18;
1,86565E+18;Sun Dec 08 06:35:08 +0000 2024;0;Abis bikin indomie newjeans https://t.co/ZdybKHPLnq;1,86565E+18;https://pbs.twimg.com/media/GeQbZWRbkAE87mt.jpg;;en;;0;1;0;https://x.com/undefined/status/1865646274718093656;39964318;
1,86534E+18;Sat Dec 07 10:07:30 +0000 2024;0;newjeans indomie pop-up in malaysia and i can't even go ;1,86534E+18;;;en;;0;0;0;https://x.com/undefined/status/1865337330103632039;1,44996E+18;
1,86523E+18;Sat Dec 07 03:21:21 +0000 2024;0;@nakdararindu Sis I want indomie NewJeans - none in Singapore yet;1,86524E+18;;nakdararindu;en;;0;0;0;https://x.com/undefined/status/1865235118887178596;1,28697E+18;
1,86452E+18;Thu Dec 05 04:03:41 +0000 2024;24;the instrumental in the newjeans indomie ad is so CUTEEE https://t.co/5xGDkktAA8;1,86452E+18;https://pbs.twimg.com/ext_tw_video_thumb/1851930116802150400/pu/img/J3DBlsE8T1r4-MX3.jpg;;en;;0;1;2;https://x.com/undefined/status/1864520997333795260;1,39157E+18;
1,86442E+18;Wed Dec 04 21:41:44 +0000 2024;1;Rainy day with Indomie Korean Ramyeon Fiery Chikin Flavor Yum yum yuuummm... Indomie... Seleraku NewJeans https://t.co/sjf73oQkyC;1,86442E+18;https://pbs.twimg.com/media/Gd_EiGca0AEteqp.jpg;;en;;0;1;0;https://x.com/undefined/status/1864424874984550840;1,51104E+18;
1,8639E+18;Tue Dec 03 10:38:15 +0000 2024;0;Hi Indomie. I would like to inform your management team that currently Pepero who collabed with NewJeans expanded their distribution in 7-11 in Thailand. Using 7-11 in Thailand can help you distribute your product in Thailand because it had about 14K stores in Thailand!;1,8639E+18;;;en;;0;0;1;https://x.com/undefined/status/1863895515345396094;1,7564E+18;
1,86384E+18;Tue Dec 03 07:14:27 +0000 2024;106;Tara Choi promoting Indomie x NewJeans! ️ The Korean series will be available at Lotus's outlets nationwide this December https://t.co/Hfki3kKXRu;1,86384E+18;https://pbs.twimg.com/ext_tw_video_thumb/1863844163554566144/pu/img/z-QFDletF15qTG-W.jpg;;en;;2;1;24;https://x.com/undefined/status/1863844229392576891;1,75732E+18;
1,86286E+18;Sat Nov 30 13:54:05 +0000 2024;5;I've been skipping instant noodle for 7 months. Today I was break my rule because really curious about Indomie x NewJeans and honestly reviewing their taste isn't something what I usually like then rating for this flavor was 3.8/5 for me https://t.co/Z6dGK6kScr;1,86286E+18;https://pbs.twimg.com/media/GdozIyRaMAALybY.jpg;;en;;0;5;0;https://x.com/undefined/status/1862857635609108580;1933631180;
1,8628E+18;Sat Nov 30 09:49:51 +0000 2024;2;Just bc NewJeans i bought this Indomie Noodle Cup Pop Mie Spicy Ramyeon and Tori Miso Noodle Cup always good for insta-eat tho and ofc food is food so yeah gonna enjoying it... https://t.co/ZudjB37Ruj;1,8628E+18;https://pbs.twimg.com/media/Gdn7PrNXUAASuw2.jpg;;en;;0;0;0;https://x.com/undefined/status/1862796174081823006;1,51104E+18;
1,86271E+18;Sat Nov 30 04:07:16 +0000 2024;0;finally got my hands on newjeans indomie...;1,86271E+18;;;en;;0;1;0;https://x.com/undefined/status/1862709959378837506;1,64038E+18;
1,86217E+18;Thu Nov 28 16:18:50 +0000 2024;0;THIS LITTLE FUCK SMILED AT OVERSIGHT AND SAID #OhMyGoodItsIndomie I WON'T BE GOING ANYWHERE after threatened with Impeachment AND HE DIDN'T. #EXECUTEMAYORKIS #TREASON #CRIMESAGAINSTHUMANITY #MURDER #RAPE #PEDOPHILIA #CHILDSEXSLAVERY #ADRENOCHROME #EXTRACTION #;1,86217E+18;;;en;;0;0;0;https://x.com/undefined/status/1862169290541260964;1,57952E+18;
1,86204E+18;Thu Nov 28 07:50:00 +0000 2024;1;It's an Indomie NewJeans train! #IndomieXNewJeans;1,86204E+18;;;en;;0;0;0;https://x.com/undefined/status/1862041238456971647;1,49948E+18;
1,8618E+18;Wed Nov 27 16:10:51 +0000 2024;0;@Sourireth Indomie fiery chicken-nya NewJeans ituuu! :3;1,8618E+18;;;en;;0;0;0;https://x.com/undefined/status/1861804890202488832;3254456648;
1,86142E+18;Wed Nov 27 10:51:31 +0000 2024;0;@nakdararindu @Indomielovers You should provide these Indomie x NewJeans variant in Malaysia too. Many people want to hunt for it;1,86172E+18;;nakdararindu;en;;0;0;0;https://x.com/undefined/status/1861724530802323562;1,83715E+18;
1,86146E+18;Tue Nov 26 17:02:16 +0000 2024;0;indomie fiery chickin is the best flavor from the newjeans series;1,86146E+18;;;en;;0;0;0;https://x.com/undefined/status/1861455441265578378;1,26475E+18;
1,86105E+18;Mon Nov 25 14:14:59 +0000 2024;0;While boiling my indomie newjeans https://t.co/74CAeiGNaA;1,86105E+18;https://pbs.twimg.com/media/GdPH-rLaEAAutnF.jpg;;en;;0;1;0;https://x.com/undefined/status/1861050958610108648;1,63171E+18;
1,86071E+18;Sun Nov 24 15:57:34 +0000 2024;32;making indomie at 3AM challenge with the free noodles newjeans gave me i wonder if newjeans will spawn!!!! https://t.co/W5EDtR5b8k;1,86071E+18;https://pbs.twimg.com/media/GdKV3IxaQAA1h8h.jpg;;en;;1;1;1;https://x.com/undefined/status/1860714385263788302;8,1087E+17;
1,86031E+18;Sun Nov 24 15:02:41 +0000 2024;0;@sheenapepito @prodjhn the same sounds of the newjeans music for the indomie brand is very strange;1,8607E+18;;sheenapepito;en;;0;1;0;https://x.com/undefined/status/1860700574297027003;1,7919E+18;
1,86E+18;Sun Nov 24 14:40:58 +0000 2024;0;@Indomielovers @NewJeans_ADOR indomie the GOAT noodle brand;1,8607E+18;;Indomielovers;en;;0;0;0;https://x.com/undefined/status/1860695110163542225;1,08478E+18;
1,86058E+18;Sun Nov 24 07:49:40 +0000 2024;52;@pradalit Yup - Knowing Bros was back in May. I'm sure you seen the Indomie thing in the feed already? And brands like Plz Project only have comments turned off on posts that have the outfits Illit wore (no other posts with comments turned off). https://t;1,86059E+18;;pradalit;en;;2;1;0;https://x.com/undefined/status/1860591599664701772;1,83932E+18;
1,86055E+18;Sun Nov 24 05:10:26 +0000 2024;0;I'm gonna go against the grain and say that I don't think Illit copied the NewJeans Indomie song. This just further exemplifies the core issue of the group;;;;;;;;;;;
1,86052E+18;Sun Nov 24 03:22:43 +0000 2024;1;@Geri911 The producer is @_mardial_ who created the indomie x newjeans jingle tweeted about it. They have produced various jingles and songs. Idk who you are calling pathetic you are just making tokki look bad.;1,86052E+18;;Geri911;en;;0;2;0;https://x.com/undefined/status/1860524420630028656;1,79915E+18;
1,86016E+18;Sat Nov 23 16:16:50 +0000 2024;1;@yunahrunext Hybe even stealing Indomie/Newjeans ad song and their illiterate ratmy and fearful fandoms will eat it up.;1,86036E+18;;yunahrunext;en;;0;0;0;https://x.com/undefined/status/1860356844977320010;1638559129;
1,86E+18;Sat Nov 23 16:14:08 +0000 2024;0;@Indomielovers @NewJeans_ADOR bunnies indomie ;1,86036E+18;;Indomielovers;en;;0;0;0;https://x.com/undefined/status/1860356165957484712;1,45186E+18;
1,86032E+18;Sat Nov 23 14:45:15 +0000 2024;0;@turohoka It's more of Newjeans x indomie remix. Stop the denial.;1,86033E+18;;turohoka;en;;0;1;0;https://x.com/undefined/status/1860333797671338497;1,82439E+18;
1,86031E+18;Sat Nov 23 14:02:00 +0000 2024;1;@roseanneontop im not talking abt their recent releases tho. Cherish my love and tiktak are diff from newjeans but this one is just a copy of their indomie backtrack idk why belift is so shameless using the blueprint from mhj hope they have their own crea;1,86032E+18;;roseanneontop;en;;0;0;0;https://x.com/undefined/status/1860322914723041327;1,73064E+18;
1,86032E+18;Sat Nov 23 13:54:10 +0000 2024;0;You mean born to be copy?? This is newjeans indomie ad song ;1,86032E+18;;;en;;0;0;0;https://x.com/undefined/status/1860320941299179629;1,45575E+18;
1,86016E+18;Sat Nov 23 12:11:04 +0000 2024;1;@yunahrunext the Indomie x NewJeans sound was even created by Indonesian musicians and you can easily copycat it. illiterate so disgusting ;1,86029E+18;;yunahrunext;en;;0;0;0;https://x.com/undefined/status/1860294997616263326;1,44315E+18;
1,86E+18;Sat Nov 23 11:36:18 +0000 2024;0;@Indomielovers @NewJeans_ADOR i love you indomie;1,86029E+18;;Indomielovers;en;;0;0;0;https://x.com/undefined/status/1860286245538042336;1,84038E+18;
1,86016E+18;Sat Nov 23 11:27:36 +0000 2024;72;@yunahrunext @Indomielovers look what indomie and NewJeans made impact to Kpop industry NewJeans paved the way ️‍;1,86028E+18;;yunahrunext;en;;0;5;1;https://x.com/undefined/status/1860284056773988846;707491777;
1,86028E+18;Sat Nov 23 11:17:35 +0000 2024;9;newjeans x Indomie song omg;1,86028E+18;;;en;;0;1;0;https://x.com/undefined/status/1860281536639008768;1,33105E+18;
1,86028E+18;Sat Nov 23 11:13:29 +0000 2024;13;NEWJEANS INDOMIE SONG ??????;1,86028E+18;;;en;;0;1;0;https://x.com/undefined/status/1860280506778329474;1,37234E+18;
1,86026E+18;Sat Nov 23 10:01:04 +0000 2024;2261;the sound is similar to Indomie x newjeans https://t.co/9sW8byX0yk;1,86026E+18;https://pbs.twimg.com/amplify_video_thumb/1852178649904222211/img/a0sdXZhY-IyRrTK_.jpg;;en;;37;16;246;https://x.com/undefined/status/1860262280488956002;1,26853E+18;
1,86026E+18;Sat Nov 23 09:45:17 +0000 2024;175;That sounds like newjeans x indomie collaboration sounds . https://t.co/P25xvirQoq;1,86026E+18;https://pbs.twimg.com/tweet_video_thumb/GdD3EK6agAIfjsD.jpg;;en;;0;2;13;https://x.com/undefined/status/1860258308956860727;1,48443E+18;
1,86E+18;Sat Nov 23 01:31:03 +0000 2024;2;@Indomielovers @NewJeans_ADOR indomie being supportive to newjeans as always we love youu indomie;1,86013E+18;;Indomielovers;en;;0;0;0;https://x.com/undefined/status/1860133932844634564;1,78623E+18;
1,86E+18;Sat Nov 23 01:14:58 +0000 2024;0;@Indomielovers @NewJeans_ADOR Thank you Indomie;1,86013E+18;;Indomielovers;en;;0;0;0;https://x.com/undefined/status/1860129883902660947;1,48127E+18;
1,86E+18;Fri Nov 22 23:29:04 +0000 2024;1;@Indomielovers @NewJeans_ADOR Thank you Indomie️;1,8601E+18;;Indomielovers;en;;0;0;0;https://x.com/undefined/status/1860103234096103789;1,55849E+18;
1,86E+18;Fri Nov 22 22:30:26 +0000 2024;0;@Indomielovers @NewJeans_ADOR Family indomie;1,86009E+18;;Indomielovers;en;;0;0;0;https://x.com/undefined/status/1860088476353560899;707491777;
1,86E+18;Fri Nov 22 22:02:28 +0000 2024;0;@Indomielovers @NewJeans_ADOR Thank you Indomie!!;1,86008E+18;;Indomielovers;en;;0;0;0;https://x.com/undefined/status/1860081437954965849;1,8345E+18;
1,86E+18;Fri Nov 22 19:03:27 +0000 2024;0;@Indomielovers @NewJeans_ADOR thanks indomie ;1,86004E+18;;Indomielovers;en;;0;0;0;https://x.com/undefined/status/1860036388017832324;1,20236E+18;
1,86E+18;Fri Nov 22 18:48:04 +0000 2024;11;@Indomielovers @NewJeans_ADOR Thank you for your warm support Indomie ;1,86003E+18;;Indomielovers;en;;0;0;0;https://x.com/undefined/status/1860032516297752968;1,33559E+18;
1,86E+18;Fri Nov 22 17:31:25 +0000 2024;3;@Indomielovers @NewJeans_ADOR Indomie the best;1,86001E+18;;Indomielovers;en;;0;0;0;https://x.com/undefined/status/1860013227595431991;1,75768E+18;
1,86001E+18;Fri Nov 22 17:01:18 +0000 2024;14;Can NewJeans redebut under Indomie! y'all are way better than fake ador;1,86001E+18;;;en;;0;0;2;https://x.com/undefined/status/1860005649784144123;1,68019E+18;
1,86E+18;Fri Nov 22 16:51:58 +0000 2024;1;Indomie really loves NewJeans ;1,86E+18;;;en;;0;0;0;https://x.com/undefined/status/1860003300403474631;1,75732E+18;
1,86E+18;Fri Nov 22 16:50:45 +0000 2024;3;Indomie is CLINGING to newjeans making sure they go with them when that contract is terminated;1,86E+18;;;en;;0;0;0;https://x.com/undefined/status/1860002995418935615;1,36887E+18;
1,86E+18;Fri Nov 22 16:50:22 +0000 2024;0;@Indomielovers @NewJeans_ADOR omg thank u we luv u indomie ;1,86E+18;;Indomielovers;en;;0;0;0;https://x.com/undefined/status/1860002898761122095;1,67942E+18;
1,86E+18;Fri Nov 22 16:49:40 +0000 2024;0;@Indomielovers @NewJeans_ADOR Thank u Indomie ‍ https://t.co/ZKd8U9fl5f;1,86E+18;https://pbs.twimg.com/tweet_video_thumb/GdAOnF-WkAA3v4I.jpg;Indomielovers;en;;0;0;0;https://x.com/undefined/status/1860002721274954230;1,79187E+18;
1,86E+18;Fri Nov 22 16:47:45 +0000 2024;7;Lmao #Indomie SNS team are dedicated to NewJeans than @NewJeans_ADOR;1,86E+18;;;en;;0;0;0;https://x.com/undefined/status/1860002237654925620;1,57364E+18;
1,86E+18;Fri Nov 22 16:47:41 +0000 2024;0;@Indomielovers @NewJeans_ADOR Thank you Indomie ️;1,86E+18;;Indomielovers;en;;0;0;0;https://x.com/undefined/status/1860002222031143033;1,6942E+18;
1,86E+18;Fri Nov 22 16:46:26 +0000 2024;6;@Indomielovers @NewJeans_ADOR I already eaten 5 packs of Indomie this week. ;1,86E+18;;Indomielovers;en;;0;0;0;https://x.com/undefined/status/1860001907026362636;1,37198E+18;
1,86E+18;Fri Nov 22 16:45:37 +0000 2024;0;@Indomielovers @NewJeans_ADOR I'll go restock indomie first thing first in the morning;1,86E+18;;Indomielovers;en;;0;0;0;https://x.com/undefined/status/1860001699810971935;69343131;
1,86E+18;Fri Nov 22 16:44:35 +0000 2024;0;@Indomielovers @NewJeans_ADOR Indomie x NewJeans the best ;1,86E+18;;Indomielovers;en;;0;0;0;https://x.com/undefined/status/1860001442851094810;1,83715E+18;
1,86E+18;Fri Nov 22 16:44:30 +0000 2024;52;Indomie treat NewJeans way better than current Ador ️‍ Please make Indofood entertainment and take over NewJeans from that sh*t label;1,86E+18;;;en;;0;0;1;https://x.com/undefined/status/1860001419279106410;1487418937;
1,86E+18;Fri Nov 22 16:44:20 +0000 2024;0;@Indomielovers @NewJeans_ADOR Oh my Good Thank you so much Indomie;1,86E+18;;Indomielovers;en;;0;0;0;https://x.com/undefined/status/1860001377638055993;1,83715E+18;
1,86E+18;Fri Nov 22 16:40:25 +0000 2024;69;@Indomielovers @NewJeans_ADOR Thanks u Indomie for sp NewJeans ;1,86E+18;;Indomielovers;en;;0;0;0;https://x.com/undefined/status/1860000392551227716;1,65963E+18;
1,86E+18;Fri Nov 22 16:33:12 +0000 2024;29;@Indomielovers @NewJeans_ADOR I'm from Thailand. Please expand more distribution channels in this country. I saw nabeti in the CVS channel called 7-11 but this retailer still lags of Indomie. I can ensure you that Thai consumers consume many instant noodl;1,86E+18;;Indomielovers;en;;0;1;0;https://x.com/undefined/status/1859998575666823645;1,7564E+18;
1,85987E+18;Fri Nov 22 08:18:31 +0000 2024;2;Unboxing our Indomie Mi Goreng x NewJeans PR Kit Super cute just like their newest ambassador NewJeans @NewJeans_ADOR To enjoy more of Indomie Mi Goreng products go and check out @Indomielovers here #OhMyGoodItsIndomie #IndomieMyFavorite #SarapFeelings #뉴진스 https://t.co/zWJlYDmZsw;1,85987E+18;https://pbs.twimg.com/ext_tw_video_thumb/1859874044210028544/pu/img/zyJgMuPNO_qVU9gh.jpg;;en;;0;0;0;https://x.com/undefined/status/1859874087247733103;1,1129E+18;
1,8591E+18;Wed Nov 20 05:22:51 +0000 2024;0;@PoppyKPoppie How's about newjeans brand deals? Especially indomie cuz they announced it not even in a month yet;1,85911E+18;;PoppyKPoppie;en;;0;0;0;https://x.com/undefined/status/1859105103200096759;1,83027E+18;
1,8588E+18;Tue Nov 19 09:05:38 +0000 2024;7;#NewJeans is Indomie s latest global ambassador. So cool. I am waiting for a coffee company to engage them and sell . . . . . . NewBeans. https://t.co/nfzEmmYvm5;1,8588E+18;https://pbs.twimg.com/media/GcvHox9bcAQR_Ut.jpg;;en;;0;0;0;https://x.com/undefined/status/1858798779367125359;574253;
1,85857E+18;Mon Nov 18 18:05:57 +0000 2024;3;NewJeans is the new face of Indomie! The K-pop group partners with the iconic noodle brand. #NewJeans #Indomie https://t.co/rlhTkqTozQ;1,85857E+18;https://pbs.twimg.com/media/Gcr5p-QXgAEojF6.jpg;;en;;0;0;0;https://x.com/undefined/status/1858572365187211494;1,1445E+18;
1,85857E+18;Mon Nov 18 17:41:44 +0000 2024;2;Who doesn't love ramen? NewJeans has just teamed up with Indomie to bring a new twist to the noodle game. https://t.co/jX5I5Vh0AI;1,85857E+18;;;en;;0;0;1;https://x.com/undefined/status/1858566270490165305;3909725952;
1,85855E+18;Mon Nov 18 16:31:27 +0000 2024;3;remind me to try that newjeans indomie tmr;1,85855E+18;;;en;;0;0;0;https://x.com/undefined/status/1858548586965086574;1,20423E+18;
1,85854E+18;Mon Nov 18 15:37:44 +0000 2024;2164;K-Pop group NewJeans joins iconic noodle brand Indomie as their latest global ambassador ⁠ https://t.co/hmX0kWWHpw;1,85854E+18;https://pbs.twimg.com/media/GcrXsbcWgAA4v5C.jpg;;en;;10;9;413;https://x.com/undefined/status/1858535065803702330;18286505;
1,8583E+18;Sun Nov 17 23:57:01 +0000 2024;0;the way newjeans got me eating indomie and pepero;1,8583E+18;;;en;;0;0;0;https://x.com/undefined/status/1858298329245098199;1,08389E+18;
1,85784E+18;Sun Nov 17 11:44:46 +0000 2024;0;@Indomielovers @NewJeans_ADOR I'm going to buy lots of indomie!;1,85811E+18;;Indomielovers;en;;0;0;0;https://x.com/undefined/status/1858114049835450572;1,62431E+18;
1,85745E+18;Sun Nov 17 11:22:56 +0000 2024;0;@Volsbeat Mau indomie x newjeans please.;1,85811E+18;;Luthersford;en;;0;1;0;https://x.com/undefined/status/1858108555468869800;1,55842E+18;
1,85808E+18;Sun Nov 17 09:47:17 +0000 2024;0;Oh ini campaign indomie newjeans sampe Vietnam?;1,85808E+18;;;en;;0;0;0;https://x.com/undefined/status/1858084486275358835;1,39378E+18;
1,85805E+18;Sun Nov 17 09:46:48 +0000 2024;0;@iseauseamee Happy NewJeans Indomie Bunnies Day ;1,85808E+18;;iseauseamee;en;;0;0;0;https://x.com/undefined/status/1858084363340218720;1,51679E+18;
1,85806E+18;Sun Nov 17 09:05:05 +0000 2024;0;Gosh.. what a surprise! Nice upbeat song.. almost there. Don't worry Nj. I'll be there with hot water n Indomie. I wonder what Wendy &amp;;;;;;;;;;;
1,85784E+18;Sun Nov 17 07:51:44 +0000 2024;0;@Indomielovers @NewJeans_ADOR Thank you for the support!! I'm buying indomie and it's going to be a monthly subscription as long as newjeans or whatever their name is in the future is your endorser. ;1,85806E+18;;Indomielovers;en;;0;0;0;https://x.com/undefined/status/1858055408314646570;1,79445E+18;
1,85805E+18;Sun Nov 17 07:34:48 +0000 2024;2;indomie treating newjeans BETTER than the whole fuckass label;1,85805E+18;;;en;;0;0;0;https://x.com/undefined/status/1858051146570674189;2397225133;
1,85784E+18;Sun Nov 17 04:14:18 +0000 2024;0;@Indomielovers @NewJeans_ADOR Thanks for support the girls first time I'm eating indomie;1,858E+18;;Indomielovers;en;;0;0;0;https://x.com/undefined/status/1858000687583605206;1,77694E+18;
1,85784E+18;Sun Nov 17 03:54:18 +0000 2024;0;@Indomielovers @NewJeans_ADOR newjeans indomie collab in malaysia pls!!! have yet to see it selling here;1,858E+18;;Indomielovers;en;;0;0;0;https://x.com/undefined/status/1857995653294731698;1,38608E+18;
1,85798E+18;Sun Nov 17 03:10:17 +0000 2024;7;The best noodle brand #OhMyGoodItsIndomie #Newjeans #DANIELLE https://t.co/zzAEWHURRa;1,85798E+18;https://pbs.twimg.com/media/GcjjIFoWAAAc831.jpg;;en;;0;0;3;https://x.com/undefined/status/1857984578662642056;1,677E+18;
1,85784E+18;Sun Nov 17 01:21:13 +0000 2024;0;@Indomielovers @NewJeans_ADOR i ate indomie this morning!! ty indomie;1,85796E+18;;Indomielovers;en;;0;0;0;https://x.com/undefined/status/1857957127903654133;1,65157E+18;
1,85784E+18;Sun Nov 17 00:55:57 +0000 2024;0;@Indomielovers @NewJeans_ADOR Thanks for supporting them we will buy more indomie ️;1,85795E+18;;Indomielovers;en;;0;0;0;https://x.com/undefined/status/1857950769401704522;8,69375E+17;
1,85784E+18;Sun Nov 17 00:22:44 +0000 2024;1;@Indomielovers @NewJeans_ADOR Thank you for supporting them ️️ Indomie ;1,85794E+18;;Indomielovers;en;;0;0;0;https://x.com/undefined/status/1857942410640437263;1,6942E+18;
1,85784E+18;Sat Nov 16 22:52:13 +0000 2024;0;@Indomielovers @NewJeans_ADOR Thank you indomie you are family to us;1,85792E+18;;Indomielovers;en;;0;0;0;https://x.com/undefined/status/1857919634042921393;707491777;
1,85784E+18;Sat Nov 16 19:18:56 +0000 2024;3;@newjeans_loop eating indomie tonight;1,85787E+18;;newjeans_loop;en;;0;0;0;https://x.com/undefined/status/1857865959245230555;1,50508E+18;
1,85784E+18;Sat Nov 16 19:18:52 +0000 2024;0;@Indomielovers @NewJeans_ADOR This is why Indomie is the realest noodle ever;1,85787E+18;;Indomielovers;en;;0;0;0;https://x.com/undefined/status/1857865940857401394;1,08478E+18;
1,85784E+18;Sat Nov 16 18:40:36 +0000 2024;11;@Indomielovers @NewJeans_ADOR you chose the right grand ambassador! indomie is already the best noodle brand in the world and you trusting newjeans is also a great decision that we'll always appreciate;1,85786E+18;;Indomielovers;en;;0;0;0;https://x.com/undefined/status/1857856313092616652;1,84943E+18;
1,85784E+18;Sat Nov 16 18:10:14 +0000 2024;2;@Indomielovers @NewJeans_ADOR OH MY GOOD.. THANK U SO MUCH INDOMIE;1,85785E+18;;Indomielovers;en;;0;0;0;https://x.com/undefined/status/1857848669040685251;1,83715E+18;
1,85784E+18;Sat Nov 16 18:04:12 +0000 2024;1;@Indomielovers @NewJeans_ADOR Thank you so much Indomie to be the best brand ever ️‍;1,85785E+18;;Indomielovers;en;;0;0;0;https://x.com/undefined/status/1857847152711741921;7,34221E+17;
1,85784E+18;Sat Nov 16 17:56:14 +0000 2024;1;@Indomielovers @NewJeans_ADOR LOVE INDOMIE https://t.co/7bBEJ6vU0t;1,85785E+18;https://pbs.twimg.com/tweet_video_thumb/GchkTkCWcAA8XuR.jpg;Indomielovers;en;;0;0;0;https://x.com/undefined/status/1857845144877412667;1,83027E+18;
1,85784E+18;Sat Nov 16 17:55:16 +0000 2024;4;We love indomie and newjeans;1,85784E+18;;;en;;0;0;0;https://x.com/undefined/status/1857844901972685089;1,83027E+18;
1,85784E+18;Sat Nov 16 17:53:21 +0000 2024;111;@newjeans_loop Indomie doing a better job than HYBE in promoting supporting &amp;;;;;;;;;;;
1,85784E+18;Sat Nov 16 17:50:27 +0000 2024;12;@newjeans_loop Guys Indomie loved NewJeans so much. Let's help them win Best Advertisement you just need to like this post https://t.co/nw9raQKJv2;1,85784E+18;;newjeans_loop;en;;0;0;1;https://x.com/undefined/status/1857843690598969357;1487418937;
1,85784E+18;Sat Nov 16 17:49:20 +0000 2024;1;@Indomielovers @NewJeans_ADOR ️Newjeans and Indomie from California;1,85784E+18;;Indomielovers;en;;0;0;0;https://x.com/undefined/status/1857843407613202806;1638559129;
1,85784E+18;Sat Nov 16 17:46:21 +0000 2024;2;I love seeing Brand so Supportive toward NewJeans Bunnies let's help Indomie win Best Advertisement on SCTV Awward 2024. Easy you just need to like this post https://t.co/nw9raQKJv2;1,85784E+18;;;en;;0;0;1;https://x.com/undefined/status/1857842659349668283;1487418937;
1,85784E+18;Sat Nov 16 17:45:02 +0000 2024;3;@kittykanggie @Indomielovers @NewJeans_ADOR We will continue to buy more Indomie thank you for your support #NEWJEANS_NEVER_DIE;1,85784E+18;;;en;;0;0;0;https://x.com/undefined/status/1857842325172494683;1,677E+18;
1,85784E+18;Sat Nov 16 17:39:51 +0000 2024;5;@Indomielovers @NewJeans_ADOR thank you indomie ;1,85784E+18;;Indomielovers;en;;0;0;0;https://x.com/undefined/status/1857841024368070927;1,60877E+18;
1,85784E+18;Sat Nov 16 17:39:47 +0000 2024;71;@Indomielovers @NewJeans_ADOR Thank you so much please show your support indomie selaraku https://t.co/wkuX8fEu7d;1,85784E+18;https://pbs.twimg.com/tweet_video_thumb/Gchgir7WcAAKqjf.jpg;Indomielovers;en;;0;0;0;https://x.com/undefined/status/1857841004629397891;1,33559E+18;
1,85781E+18;Sat Nov 16 17:33:25 +0000 2024;1;@Timetotwice99 https://t.co/0bIisrGnLG Guys rt and like this Indomie congratulated newjeans for winning the award;1,85784E+18;;Tokki_ik;en;;0;0;0;https://x.com/undefined/status/1857839405341487277;1,80039E+18;
1,85776E+18;Sat Nov 16 12:15:59 +0000 2024;0;Seriously this is so depressing why did no one tell me abt the NewJeans x indomie pop up event at Aeon;1,85776E+18;;;en;;0;0;0;https://x.com/undefined/status/1857759517590921433;1,5682E+18;
1,85765E+18;Sat Nov 16 04:46:47 +0000 2024;2;Guys because of NewJeans have collaboration with Indomie let's help this brand won best advertisement on SCTV Awards 2024. So easy just like this post Thanks https://t.co/nw9raQKJv2;1,85765E+18;;;en;;1;0;2;https://x.com/undefined/status/1857646475028918350;1487418937;
1,85758E+18;Sat Nov 16 00:25:48 +0000 2024;4;i got a newjeans indomie ad on insta yay https://t.co/9ZGOYRmTKS;1,85758E+18;https://pbs.twimg.com/media/Gcdz4jSW8AA8vq_.jpg;;en;;0;0;0;https://x.com/undefined/status/1857580793649828092;1,75758E+18;
1,85755E+18;Fri Nov 15 22:15:02 +0000 2024;6;No NewJeans Indomie or Pepero in my local H Mart. I'm so disappointed https://t.co/7icULxdukq;1,85755E+18;https://pbs.twimg.com/media/GcdV7KUaMAIhZyb.jpg;;en;;0;1;0;https://x.com/undefined/status/1857547886738944022;1,49948E+18;
1,85675E+18;Fri Nov 15 09:27:58 +0000 2024;0;@diorkitty_0515 Not necessary so @Ntmasr12. The criteria in choosing NewJeans as SK Ambassador by the minister is about the same why Elle Chanel Dior Pepero Indomie selected them. Global or local impact &amp;;;;;;;;;;;
1,85731E+18;Fri Nov 15 06:49:10 +0000 2024;0;NewJeans x Indomie Le Sserafim x Manchester United Meanwhile ada yg collabnya sama wafer not cool for the IT girls;1,85731E+18;;;en;;0;0;0;https://x.com/undefined/status/1857314884809265157;1,77951E+18;
1,85702E+18;Thu Nov 14 11:27:14 +0000 2024;1;just tried the indomie fiery chikin flavor... man NewJeans should've bagged a deal with mie sedaap instead cuz their korean spicy chicken is so good;1,85702E+18;;;en;;0;1;0;https://x.com/undefined/status/1857022475952906243;1,72973E+18;
1,85697E+18;Thu Nov 14 07:39:19 +0000 2024;2;Omo newjeans indomie pop up store omgg https://t.co/ZFoRl3lwEk;1,85697E+18;https://pbs.twimg.com/media/GcVD63vWwAAdUXw.jpg;;en;;0;2;0;https://x.com/undefined/status/1856965116778221771;1954237134;
1,85673E+18;Wed Nov 13 16:19:39 +0000 2024;15;we love you newjeans x indomie https://t.co/ct4MMyVEkb;1,85673E+18;https://pbs.twimg.com/media/GcRxcFrawAAVN_x.jpg;;en;;0;1;2;https://x.com/undefined/status/1856733676849254853;1,79545E+18;
1,85657E+18;Wed Nov 13 05:35:00 +0000 2024;2;Korean netizens raised a complaint against Indomie an Indonesian noodle company that recently chose #NewJeans as its brand ambassador for allegedly tricking consumers into believing its products are made in Korea by writing ramyeon in hangul. https://t.co/V4HO20GB2k;1,85657E+18;;;en;;1;0;0;https://x.com/undefined/status/1856571442604974320;117366846;
1,85654E+18;Wed Nov 13 03:21:33 +0000 2024;5;Whistleblower submits complaint about NewJeans' Indomie commercial to the KIPO for fear of confusing locals about the origin of the product https://t.co/auQK8Wx0yI https://t.co/k4yhptW1fq;1,85654E+18;https://pbs.twimg.com/media/GcO_V3kbAAA47eX.jpg;;en;;11;1;0;https://x.com/undefined/status/1856537859530137853;1,08151E+18;
1,85468E+18;Tue Nov 12 15:15:51 +0000 2024;0;@Haqniy @Haknipham What? Indomie x Newjeans? Bro please i can't handle so much calories.;1,85636E+18;;Haqniy;en;;0;0;0;https://x.com/undefined/status/1856355231724122416;2167663298;
1,85629E+18;Tue Nov 12 13:51:21 +0000 2024;0;@breadsaz Oh my Good its Indomie newjeans knows how to make good ads cuz I got this music and catchy phrase stocking in my head since his release;1,85633E+18;;breadsaz;en;;0;0;0;https://x.com/undefined/status/1856333968540410302;1,69816E+18;
1,85593E+18;Tue Nov 12 12:59:28 +0000 2024;0;@nakdararindu finally after tokyo dome I wanted to bring you newjeans indomie but I saw you already had some;1,85632E+18;;nakdararindu;en;;0;1;0;https://x.com/undefined/status/1856320909273100623;1,73633E+18;
1,85628E+18;Tue Nov 12 10:07:20 +0000 2024;0;WAKE UPPPP NEWJEANS X INDOMIE ⁉️⁉️⁉️⁉️⁉️⁉️⁉️⁉️⁉️⁉️⁉️⁉️⁉️⁉️;1,85628E+18;;;en;;0;1;0;https://x.com/undefined/status/1856277591482843492;1,49534E+18;
1,85593E+18;Tue Nov 12 04:58:13 +0000 2024;0;@catzkang @NewJeans_ADOR @Indomielovers I want to try K-roseeeee #OhMyGoodItsIndomie;1,8562E+18;;catzkang;en;;0;0;0;https://x.com/undefined/status/1856199800427032863;1,79905E+18;
1,85599E+18;Mon Nov 11 23:15:01 +0000 2024;4;@cato_o_o It's actually so crazy that they're willing to go against brands like apple shinhan bank(?) (Sorry I kinda forgot the name) and now indomie just to defame Newjeans.;1,85611E+18;;cato_o_o;en;;0;0;0;https://x.com/undefined/status/1856113432552190173;1,12613E+18;
1,85562E+18;Mon Nov 11 22:57:13 +0000 2024;1;@PaperDoll127 @KatenKth @wonbinlvrs Like even with newjeans out of brand rep they just scored another cf for indomie you re really slow I can t lmao. Riize also had the best selling seasons greetings they ll be fine the fans who actually buy shit are here;1,85611E+18;;Astur__85;en;;0;1;0;https://x.com/undefined/status/1856108953064653287;1,74193E+18;
1,85605E+18;Mon Nov 11 19:11:50 +0000 2024;1;i got #newjeans indomie.. https://t.co/OUmFf7PMjk;1,85605E+18;https://pbs.twimg.com/media/GcIFjJJasAI5w6S.jpg;;en;;0;0;0;https://x.com/undefined/status/1856052229897367569;1,48733E+18;
1,856E+18;Mon Nov 11 16:31:32 +0000 2024;0;@attonry @Indomielovers i don t live in east or south asia do you think the indomie x newjeans flavors will be global/ or just regional?;1,85601E+18;;attonry;en;;0;1;0;https://x.com/undefined/status/1856011891144827296;1,42963E+18;
1,856E+18;Mon Nov 11 15:36:50 +0000 2024;374;Congratulations newjeans for having the biggest brand deal And making those Haters are mad again Indomie selaraku https://t.co/cvysjTYhJE;1,856E+18;https://pbs.twimg.com/media/GcHUdBpXcAAI_QP.jpg;;en;;0;4;55;https://x.com/undefined/status/1855998127167119583;1,33559E+18;
1,85599E+18;Mon Nov 11 15:08:11 +0000 2024;199;This is so true. Indomie Korean Ramyeon complaint is so fake and media play. Guess all Korean companies using names like Indo Curry Nagasaki Jjampong Paris Baguette are all doomed too. Why aren t they going after them again too? Because it is not NewJeans related.;1,85599E+18;;;en;;0;1;51;https://x.com/undefined/status/1855990914050674698;8,36967E+17;
1,85599E+18;Mon Nov 11 14:53:32 +0000 2024;8;@pannchoa A whistleblower raises concerns to KIPO over NewJeans Indomie commercial fearing it may mislead viewers about the products origin;1,85599E+18;;pannchoa;en;;0;0;0;https://x.com/undefined/status/1855987228024992018;1,56703E+18;
1,85599E+18;Mon Nov 11 14:48:33 +0000 2024;553;Whistleblower submits complaint about NewJeans' Indomie commercial to the KIPO for fear of confusing locals about the origin of the product https://t.co/pxlOzm7uHi https://t.co/IHlkBq2ZAk;1,85599E+18;https://pbs.twimg.com/media/GcHJNwSWwAA9SLr.png;;en;;172;49;47;https://x.com/undefined/status/1855985976402948307;2919019624;
1,85596E+18;Mon Nov 11 13:20:52 +0000 2024;445;Reverse viral against Shinhan Financial Coca Cola Apple and now Indomie as NewJeans are actively promoting them. Hmm Making enemies against global behemoths (including NewJeans) is not a good move. Pride jealousy and envy will be the downfall of those that are doing it.;1,85596E+18;;;en;;0;3;114;https://x.com/undefined/status/1855963907296276829;8,36967E+17;
1,85596E+18;Mon Nov 11 12:55:08 +0000 2024;2;NewJeans-endorsed Indomie's 'Korean Ramen' sparks both popularity and controversy. Patent Office raises concerns about misleading local consumers. https://t.co/9g7OyUrpWF https://t.co/FIv1AVp72x;1,85596E+18;https://pbs.twimg.com/media/GcGvYoTXkAApKZc.jpg;;en;;0;0;0;https://x.com/undefined/status/1855957433895538813;1,85166E+18;
1,85593E+18;Mon Nov 11 11:21:11 +0000 2024;0;@catzkang @NewJeans_ADOR @Indomielovers k rozeee ofc! #OhMyGoodItsIndomie;1,85593E+18;;catzkang;en;;0;0;0;https://x.com/undefined/status/1855933787294900319;9,80364E+17;
1,85593E+18;Mon Nov 11 11:17:37 +0000 2024;533;GIVEAWAY ‼️ 3 BIG BOXES OF INDOMIE (KOREAN VERSION) 1. Indonesian Tokkis Only 2. RT + LIKES 3. Reply which flavor do you want to try! #NewJeansXIndomie @NewJeans_ADOR @Indomielovers https://t.co/7BqQMCdUTI;1,85593E+18;https://pbs.twimg.com/media/GcGZHwgbUAAxwYV.jpg;;en;;10;175;198;https://x.com/undefined/status/1855932889617272872;1,48443E+18;
1,8559E+18;Mon Nov 11 09:13:34 +0000 2024;29;An issue raised recently in Korea regarding the use of Korean Ramen name in Indomie newest product with #NewJeans as the brand ambassador. 1. The use Ramen (which is usually used for Japanese products) as English spelling instead of Ramyeon . . 2. Trademark controversy and https://t.co/oAvtZIxcoe;1,8559E+18;https://pbs.twimg.com/media/GcF8o86XoAAgmNG.png;;en;;23;0;7;https://x.com/undefined/status/1855901674361020455;92476849;
1,85579E+18;Mon Nov 11 06:57:39 +0000 2024;0;@dearphamni My sister friend who works near the Indomie tower buy a lot of noodles pack and she gave it to my sister. My sister knows that I love NewJeans and gave it to me ;1,85587E+18;;dearphamni;en;;0;1;0;https://x.com/undefined/status/1855867467421376629;1,09242E+18;
1,85586E+18;Mon Nov 11 06:13:00 +0000 2024;0;Bikin indomie newjeans ah;1,85586E+18;;;en;;0;0;0;https://x.com/undefined/status/1855856231749157159;8,06424E+17;
1,85579E+18;Mon Nov 11 01:43:16 +0000 2024;3;NewJeans X Indomie looks cute with my Simpsons https://t.co/QaxEVXBKTT;1,85579E+18;https://pbs.twimg.com/media/GcEVq2RbMAASFz7.jpg;;en;;0;1;0;https://x.com/undefined/status/1855788349786861687;1,09242E+18;
1,85551E+18;Sun Nov 10 07:02:07 +0000 2024;0;aespa nabati newjeans indomie indo is winning yall ‍↔️‍↔️‍↔️;1,85551E+18;;;en;;0;0;0;https://x.com/undefined/status/1855506205978112343;9,47875E+17;
1,85542E+18;Sun Nov 10 06:52:36 +0000 2024;1;@catzkang Not in every indomaret has indomie x newjeans ;1,8555E+18;;catzkang;en;;0;0;0;https://x.com/undefined/status/1855503808283189462;1,62853E+18;
1,85517E+18;Sat Nov 09 08:32:04 +0000 2024;0;this newjeans indomie is so spicy for me helppp;1,85517E+18;;;en;;0;0;0;https://x.com/undefined/status/1855166453080900032;8,24515E+17;
1,85501E+18;Fri Nov 08 22:17:58 +0000 2024;6;i got indomie x newjeans ad while watching minji's vlog lol https://t.co/sMcbWFa6HY;1,85501E+18;https://pbs.twimg.com/media/Gb5Tf9WbwAAZ24L.jpg;;en;;0;0;0;https://x.com/undefined/status/1855011908195434890;1,79545E+18;
1,85483E+18;Fri Nov 08 13:12:51 +0000 2024;11;Stayed for 15 more mins led board kept playing the NewJeans Indomie ad here every 3 minutes now must be a newly added cf swear to god I did not see this during my first days #2024MAMAVOTE #NewJeans https://t.co/nT8PrOCXWx;1,85487E+18;https://pbs.twimg.com/ext_tw_video_thumb/1854874699547000837/pu/img/r75eheeJMc0RwH4A.jpg;njzallday;en;;0;0;2;https://x.com/undefined/status/1854874726566707517;971383616;
1,85487E+18;Fri Nov 08 12:34:29 +0000 2024;0;went to the mall where the newjeans indomie pop up is at and it s not there anymore https://t.co/2TQx3UQ6ke;1,85487E+18;https://pbs.twimg.com/tweet_video_thumb/Gb3N8xBbwAQYiBO.jpg;;en;;0;0;0;https://x.com/undefined/status/1854865073715790109;1,5128E+18;
1,85484E+18;Fri Nov 08 10:50:21 +0000 2024;4;went to glorietta to see the newjeans x indomie pop-up event but we didn't know it was only on nov 6 but we get to see alamat so its still a win https://t.co/pdb2GUd44S;1,85484E+18;https://pbs.twimg.com/media/Gb22HLCaUAA9x6w.jpg;;en;;1;0;0;https://x.com/undefined/status/1854838866135728210;1,74312E+18;
1,85484E+18;Fri Nov 08 10:48:11 +0000 2024;234;Following Coca-Cola's Global Campaign Indomie also promotes NewJeans and their products in major universities throughout Vietnam. The target audience appears to be young students. #NewJeans_is_Everywhere #OhMyGoodItsIndomie #IndomieKoreanSeries. https://t.co/lQsJQlUwB5;1,85484E+18;https://pbs.twimg.com/amplify_video_thumb/1854838262936051712/img/-UDR23e66UZQ0fHA.jpg;;en;;1;0;42;https://x.com/undefined/status/1854838318611284446;1,58016E+18;
1,85483E+18;Fri Nov 08 10:27:28 +0000 2024;868;Saw a NewJeans Indomie ad at Chinatown in Singapore ️ they re everywhere indeed #2024MAMAVOTE #NewJeans https://t.co/mCpsbrShev;1,85483E+18;https://pbs.twimg.com/media/Gb2w3-hbIAA95ms.jpg;;en;;3;11;205;https://x.com/undefined/status/1854833108610433116;971383616;
1,85482E+18;Fri Nov 08 09:35:30 +0000 2024;5;@_mardial_ @Indomielovers @NewJeans_ADOR new jeans makan indomie. cakep https://t.co/0FyQcAOCTh;1,85482E+18;https://pbs.twimg.com/media/Gb2k8SJbwAEhCnl.jpg;kkzetes;en;;0;0;4;https://x.com/undefined/status/1854820027985543485;1,13428E+18;
1,85482E+18;Fri Nov 08 09:33:12 +0000 2024;5;just want to break my previous new jeans motion and mamang kesbor indomie collab with low bit art. https://t.co/WFnnlkxFVb . #OhMyGoodItsIndomie @_mardial_ @Indomielovers @NewJeans_ADOR https://t.co/2FiuJlJkXL;1,85482E+18;https://pbs.twimg.com/ext_tw_video_thumb/1854818288494358528/pu/img/PJDm5myZO469eOKH.jpg;;en;;1;1;6;https://x.com/undefined/status/1854819448366285221;1,13428E+18;
1,85478E+18;Fri Nov 08 06:50:50 +0000 2024;1;Calling all Bunnies and K-buddies! Catch the stunning #NewJeans LED Billboard at Glorietta Activity Center until November 10 from 5 PM to 7 PM only! This your chance to snap a photo and tag us and @Indomielovers! #OhMyGoodItsIndomie #indomiemyfavorite #SarapFeelings #뉴진스 https://t.co/yVrlr0vBVS;1,85478E+18;https://pbs.twimg.com/media/Gb1_S_FbwAACh1l.jpg;;en;;0;0;0;https://x.com/undefined/status/1854778588543041766;1,1129E+18;
1,85477E+18;Fri Nov 08 06:25:53 +0000 2024;10;[241108] Fancam RZD sang Rewrite The Stars again with NewJeans' Hanni at Indomie event. Moreover the clip which he sang with Hanni reachs over 12.8M views and 1.5M Likes on TikTok. #하니 #ハニ #HANNI #뉴진스 #ニュージンズ #NewJeans #NEWJEANS_NEVER_DIE https://t.co/243BUOnqID;1,85477E+18;https://pbs.twimg.com/ext_tw_video_thumb/1854772143726510081/pu/img/hods4UEE-uTqBT5e.jpg;;en;;0;0;0;https://x.com/undefined/status/1854772311125364790;1,66635E+18;
1,85468E+18;Fri Nov 08 00:29:19 +0000 2024;392;Reza RZD Darmawangsa singing Rewrite The Stars again with Hanni at Indomie #NewJeans #뉴진스 #Hanni #하니 https://t.co/0729Q8uDWf;1,85468E+18;https://pbs.twimg.com/amplify_video_thumb/1854682514054647808/img/fneVDSZ4k4gFdiEq.jpg;;en;;7;0;77;https://x.com/undefined/status/1854682578282012971;850826515;
1,85455E+18;Thu Nov 07 15:49:12 +0000 2024;10;WHY DID NO ONE TELL ME ABT THE GLORIETTA INDOMIE X NEWJEANS POP UP IM GNA KMS;1,85455E+18;;;en;;0;7;0;https://x.com/undefined/status/1854551685362033063;1,4714E+18;
1,85377E+18;Tue Nov 05 12:07:12 +0000 2024;0;NewJeans x Indomie Unofficial Photocard Set shopee : callieshops or click the link down below https://t.co/uoOMPhAskn;1,85377E+18;;;en;;0;1;0;https://x.com/undefined/status/1853771041992278048;1,52365E+18;
1,85372E+18;Tue Nov 05 10:40:40 +0000 2024;1;@beuriie @newjeans_loop From indomie instagram;1,85375E+18;;beuriie;en;;0;0;0;https://x.com/undefined/status/1853749266688479347;1,66301E+18;
1,85373E+18;Tue Nov 05 09:09:48 +0000 2024;0;NewJeans named global brand ambassador for Indomie #entertainmentnews #borneobulletin #NewJeans #named #global #brand #ambassador #for #Indomie https://t.co/OPjPT5Rs3n;1,85373E+18;;;en;;0;0;1;https://x.com/undefined/status/1853726398860722285;9,96558E+17;
1,85372E+18;Tue Nov 05 09:00:12 +0000 2024;0;#NewJeans x Indomie: A match made in heaven! https://t.co/gVE16bSsGh;1,85372E+18;;;en;;0;0;1;https://x.com/undefined/status/1853723981464969331;1,42247E+18;
1,85368E+18;Tue Nov 05 06:14:20 +0000 2024;3;#NewJeans x Indomie: A match made in heaven! https://t.co/1MbRFDxNdV;1,85368E+18;;;en;;0;0;0;https://x.com/undefined/status/1853682242049958305;1,76022E+18;
1,85368E+18;Tue Nov 05 05:53:25 +0000 2024;0;Open jastip indomie x newjeans https://t.co/eYjjbegHoT;1,85368E+18;;;en;;0;1;0;https://x.com/undefined/status/1853676975564759135;1,76507E+18;
1,85367E+18;Tue Nov 05 05:41:23 +0000 2024;2;Minji​ ahhh~ so​ Pretty #OhMyGoodItsIndomie #Minji​ #NewJeans;1,85367E+18;;;en;;0;0;0;https://x.com/undefined/status/1853673948543938568;1,62915E+18;
1,85367E+18;Tue Nov 05 05:37:17 +0000 2024;2;With NewJeans Indomie aims to introduce a fresh and innovative spirit through the global campaign Oh My Good! It s Indomie . Brought to you by @Indomielovers https://t.co/lMS34ZwnEG https://t.co/lMS34ZwnEG;1,85367E+18;;;en;;0;0;2;https://x.com/undefined/status/1853672917885931885;22594051;
1,85365E+18;Tue Nov 05 04:20:23 +0000 2024;3;Introducing the latest Korea Ramyeon Series by Indomie New Jeans at Gandaria City! #IndomieNewJeans #KoreaRamyeonSeries #SpicyRamyeon #FieryChickin #KRose #GandariaCity #TasteTheHeat #newjeans #indomie https://t.co/aTuhcAMrpe;1,85365E+18;https://pbs.twimg.com/ext_tw_video_thumb/1853653124357201920/pu/img/uvlI1Rm2MaZ_LZCP.jpg;;en;;0;0;2;https://x.com/undefined/status/1853653562125062427;7,20156E+17;
1,85364E+18;Tue Nov 05 03:16:22 +0000 2024;3;Indomie come home to mama #OhMyGoodItsIndomie #NewjeansxIndomie https://t.co/6JJ3GfCvxl;1,85364E+18;https://pbs.twimg.com/media/GblxbxeawAALwRu.jpg;;es;;0;0;0;https://x.com/undefined/status/1853637451992203559;141861463;
1,85349E+18;Mon Nov 04 17:34:29 +0000 2024;0;WTF INDOMIE x NEWJEANS????;1,85349E+18;;;en;;0;0;0;https://x.com/undefined/status/1853491016323756082;1,75956E+18;
1,85345E+18;Mon Nov 04 14:54:28 +0000 2024;1;HONG KONG FUNCTION PLSSSSSSSS My bank &amp;;;;;;;;;;;
1,85345E+18;Mon Nov 04 14:54:14 +0000 2024;1;Indomie Hong Kong launched their page on X just for our girls' promotion Please support! #NewJeansxIndomie #OhMyGoodItsIndomie;1,85345E+18;;;en;;0;0;0;https://x.com/undefined/status/1853450687679754436;1,58038E+18;
1,85344E+18;Mon Nov 04 14:23:21 +0000 2024;474;[Exclusive Content] Indomie brings NewJeans everywhere. Campaign in Taiwan #OhMyGoodItsIndomie #IndomieKoreanSeries #NewJeansxIndomie https://t.co/WrktBwELKl;1,85344E+18;https://pbs.twimg.com/amplify_video_thumb/1853442825251344384/img/38QTK16vzQ4SF_VU.jpg;;en;;4;3;149;https://x.com/undefined/status/1853442916007690722;1,58016E+18;
1,85343E+18;Mon Nov 04 13:25:06 +0000 2024;0;NewJeans from Mczionist to IndoMie. What a move bunnies!! ;1,85343E+18;;;en;;0;0;0;https://x.com/undefined/status/1853428260149043357;67897864;
1,85342E+18;Mon Nov 04 12:40:47 +0000 2024;3;new hair new tee newjeans you and me #NewJeans #NewJeansxIndomie #OhMyGoodItsIndomie https://t.co/QDFTS15EPr;1,85342E+18;https://pbs.twimg.com/media/Gbio7N5agAA3eh_.jpg;;en;;0;0;0;https://x.com/undefined/status/1853417104256508332;1,29026E+18;
1,8534E+18;Mon Nov 04 11:38:31 +0000 2024;8;I got a whole box of indomie and pepero just for newjeans. This is gonna be a monthly subscription now. The things I do for those girls. https://t.co/dOf93sSap9;1,8534E+18;https://pbs.twimg.com/media/GbiayQmasAAPVVU.jpg;;en;;0;0;0;https://x.com/undefined/status/1853401437062988255;1,79445E+18;
1,8534E+18;Mon Nov 04 11:22:19 +0000 2024;1;In case you are wondering what you should eat for dinner;;;;;;;;;;;
1,85331E+18;Mon Nov 04 07:55:21 +0000 2024;6;@jjinjins And damn Indomie should have know better. We're also a religious nation so it's kinda double standard having Newjeans as BA of our biggest noodle brand and the 10th biggest in the world. This is really not a good news.;1,85335E+18;;Listalivia;en;;0;2;0;https://x.com/undefined/status/1853345275659563434;1,46686E+18;
1,85333E+18;Mon Nov 04 06:37:57 +0000 2024;0;@projekmangkrak nyu review indomie newjeans;1,85333E+18;;pretenderngitis;en;;0;1;0;https://x.com/undefined/status/1853325795852439707;1,50292E+18;
1,853E+18;Sun Nov 03 09:03:40 +0000 2024;598;[Exclusive content] Cut version NewJeans x Indomie BTS P/s: i forgot to record the audio :( #OhMyGoodItsIndomie #IndomieKoreanSeries #NewJeansxIndomie https://t.co/Ia1d1aOPyw;1,853E+18;https://pbs.twimg.com/amplify_video_thumb/1852999926688735232/img/hegDJGd54Se6jFMq.jpg;;en;;1;1;105;https://x.com/undefined/status/1853000077666828480;1,58016E+18;
1,85284E+18;Sun Nov 03 08:59:32 +0000 2024;12;@catzkang @vousmevoyez_91 whatt?? serius? boikot indomie gara gara newjeans? i mean arent we happy and proud that these girls are the BA of our beloved local product food;1,853E+18;;catzkang;en;;0;1;0;https://x.com/undefined/status/1852999038553280993;1,64159E+18;
1,853E+18;Sun Nov 03 08:55:59 +0000 2024;346; @Indomielovers x @NewJeans_ADOR at Gandaria City Special clips and NewJeans behind the scene for Indomie #뉴진스 #NewJeans #하니 #Hanni https://t.co/jAIz8XxSxi;1,853E+18;https://pbs.twimg.com/ext_tw_video_thumb/1852997764449525760/pu/img/YywoMncM0d4O_-y7.jpg;;en;;1;0;66;https://x.com/undefined/status/1852998143635575242;7,68007E+17;
1,853E+18;Sun Nov 03 08:52:56 +0000 2024;3;NewJeans (뉴진스) Indomie billboard in Times Square #NewJeans #뉴진스 #HANNI #하니 #ハニ #민지 #MINJI #NewJeans #다니엘 #Danielle #해린 #Haerin https://t.co/KnsQjhHXVH;1,853E+18;https://pbs.twimg.com/ext_tw_video_thumb/1852997226844594176/pu/img/P5lXhaCtIfLeNujh.jpg;;en;;0;0;1;https://x.com/undefined/status/1852997378032435519;1,7707E+18;
1,85297E+18;Sun Nov 03 06:52:52 +0000 2024;6;second flavor: spicy ramyeon ngl i have some reservations bcs it has the word spicy on it but OH WELL im a big girl i can eat spicy food i can i can i can #OhMyGoodItsIndomie #KoreanRamyeonSeries https://t.co/yyFqJEzMrp;1,85297E+18;https://pbs.twimg.com/media/GbcPzwTbIAAPpQz.jpg;;en;;0;1;0;https://x.com/undefined/status/1852967160412618971;1,78341E+18;
1,85295E+18;Sun Nov 03 05:31:05 +0000 2024;4;indomie AND newjeans? bro i ll be eating it everyday from now on;1,85295E+18;;;en;;0;0;0;https://x.com/undefined/status/1852946578736287980;8,73899E+17;
1,85294E+18;Sun Nov 03 05:20:12 +0000 2024;3;Bodoh siapa je nak boikot indomie sebab newjeans?? Bangang ah army ni Like finally kpop ambassador for things that i can actually afford;1,85294E+18;;;en;;0;0;0;https://x.com/undefined/status/1852943840128507935;307661494;
1,85294E+18;Sun Nov 03 05:19:23 +0000 2024;138;Imagine if Indomie added NewJeans name or NewJeans' face on the Indomie packaging that one spesific fandom would scream in fear every time their parents bought a box of Indomie https://t.co/gLNtICBNLp;1,85294E+18;https://pbs.twimg.com/tweet_video_thumb/Gbb6aKHbIAA6MEK.jpg;;en;;0;1;15;https://x.com/undefined/status/1852943637195465038;1,48443E+18;
1,85294E+18;Sun Nov 03 04:48:16 +0000 2024;12;Seeing the rise of more Indonesian commenters/ qrts in every NewJeans content after that Indomie endorsement reveal https://t.co/4kIIOlIyeK;1,85294E+18;https://pbs.twimg.com/tweet_video_thumb/GbbzSjybAAAq4U_.jpg;;en;;0;0;0;https://x.com/undefined/status/1852935804836016209;971383616;
1,85284E+18;Sun Nov 03 04:25:13 +0000 2024;3;@catzkang Even here in the Philippines we have Indomie being sold at grocery store &amp;;;;;;;;;;;
1,85284E+18;Sun Nov 03 03:37:50 +0000 2024;8;@catzkang Imagine them telling their parents not to buy Indomie anymore because it collaborates with NewJeans kind of funny;1,85292E+18;;catzkang;en;;0;0;1;https://x.com/undefined/status/1852918079967412335;1,39125E+18;
1,85291E+18;Sun Nov 03 03:23:19 +0000 2024;1;bunnies getting ready to buy Indomie Newjeans at the warung https://t.co/ObzT3IGE7w;1,85291E+18;https://pbs.twimg.com/amplify_video_thumb/1722234058854604800/img/fd_Wop_mDooXtTW6.jpg;;en;;0;0;0;https://x.com/undefined/status/1852914426653155416;1,11091E+18;
1,85291E+18;Sun Nov 03 02:57:14 +0000 2024;474;The number one ramen brand in Indonesia has gained attention by launching a Korean Ramyeon series featuring K-pop girl group NewJeans as their model. Indomie a brand of Indofood one of the largest ramen producers in the world announced NewJeans as its global brand ambassador https://t.co/QFghKu78f5;1,85291E+18;https://pbs.twimg.com/media/GbbZwD-boAAXpbM.jpg;;en;;3;0;133;https://x.com/undefined/status/1852907864236741078;850826515;
1,85291E+18;Sun Nov 03 02:48:19 +0000 2024;1;NEWJEANS INDOMIE AT GANCIT IS SENDING ME @NewJeans_ADOR @NewJeans_twt @NewJeans_jp https://t.co/lHVFcK6wAP;1,85291E+18;https://pbs.twimg.com/media/GbbX0L5bQAAbFFJ.jpg;;en;;0;0;0;https://x.com/undefined/status/1852905618123976848;91393222;
1,85284E+18;Sun Nov 03 02:42:56 +0000 2024;9;@catzkang Im literally buying indomie even before newjeans being their ambassador. Indomie will be fine ;1,8529E+18;;catzkang;en;;0;0;1;https://x.com/undefined/status/1852904266064593152;8,08544E+17;
1,8529E+18;Sun Nov 03 02:07:50 +0000 2024;1;@ aeon jgc. #OhMyGoodItsIndomie @Indomielovers https://t.co/E1z9JmruPG;1,8529E+18;https://pbs.twimg.com/media/GbbOkKyagAAeGOy.jpg;;en;;0;0;0;https://x.com/undefined/status/1852895430205669416;1,81762E+18;
1,85284E+18;Sat Nov 02 23:47:55 +0000 2024;13;@catzkang Boycott indomie? Already saw a newjeans ad and got to know indomie and ordered it. They consider themselves too great;1,85286E+18;;catzkang;en;;0;0;1;https://x.com/undefined/status/1852860218289566131;1,81046E+18;
1,85285E+18;Sat Nov 02 23:22:52 +0000 2024;7;INDOMIE x NEWJEANS???? OMG IM SO HAPPY FOR THIS;1,85285E+18;;;en;;0;0;0;https://x.com/undefined/status/1852853915307688332;1,67197E+18;
1,85284E+18;Sat Nov 02 22:36:34 +0000 2024;1597;There s no way you ll say NO DONT BUY INDOMIE BECAUSE NEWJEANS IS THEIR BRAND AMBASSADOR to your parents or family cz they ll be ???? Tf do you mean ;1,85284E+18;;;en;;10;3;161;https://x.com/undefined/status/1852842263577248021;1,48443E+18;
1,85284E+18;Sat Nov 02 22:31:48 +0000 2024;12609;Are they going to boycott indomie for real just because newjeans is their global brand ambassador? Like fr????? Indofood will not suffer any loss just because a small number of you boycott indomie besides your parents &amp;;;;;;;;;;;
1,85283E+18;Sat Nov 02 21:28:29 +0000 2024;0;⌗ hey bit s newjeans ! we re excited to be indomie s global brand ambassadors ! join us in exploring their bold new flavors let s dive in together ! % *⁠ https://t.co/UtEESefKti;1,85283E+18;https://pbs.twimg.com/media/GbaOouDbAAAYe79.jpg;;en;;0;0;0;https://x.com/undefined/status/1852825131745509600;1555546770;
1,85281E+18;Sat Nov 02 20:13:21 +0000 2024;0;wtb indomie x newjeans;1,85281E+18;;;en;;0;0;0;https://x.com/undefined/status/1852806224137551906;9,7211E+17;
1,85276E+18;Sat Nov 02 17:07:02 +0000 2024;1;After rain @NewJeans_ADOR #ohmygooditsindomie https://t.co/A244uWRc21;1,85276E+18;https://pbs.twimg.com/media/GbZSy2AaAAAB4ii.jpg;;en;;0;0;0;https://x.com/undefined/status/1852759332313808988;1,34049E+18;
1,85273E+18;Sat Nov 02 15:30:09 +0000 2024;0;NEWJEANS X INDOMIE COLLAB BUFF PLSSSSSS #T1WIN https://t.co/6bleH4CiRt;1,85273E+18;https://pbs.twimg.com/media/GbY8nyYacAA7siK.jpg;;en;;0;0;0;https://x.com/undefined/status/1852734954029084948;1,68025E+18;
1,8527E+18;Sat Nov 02 13:26:33 +0000 2024;5;Finally @Indomielovers #OhMyGoodItsIndomie https://t.co/RTtxwwlbBK;1,8527E+18;https://pbs.twimg.com/media/GbYgVJOaYAAle_b.jpg;;en;;0;1;0;https://x.com/undefined/status/1852703847359390003;1,72957E+18;
1,8527E+18;Sat Nov 02 13:19:25 +0000 2024;0;what the hell is the context??? indomie collab with newjeans and it upsets a bunch of moms???? why?;1,8527E+18;;;en;;0;1;0;https://x.com/undefined/status/1852702052608328052;1,13926E+18;
1,85269E+18;Sat Nov 02 12:14:59 +0000 2024;0;Hello Indomie lovers! NewJeans is now BA of indomie! NewJeans bring their unique energy and fresh style to inspire the young generation. Together we re taking flavor and fun to the next level! Prepare for a flavorful adventure. OH MY GOOD! IT S INDOMIE with NewJeans! https://t.co/CRcDS1z0gW;1,85269E+18;https://pbs.twimg.com/ext_tw_video_thumb/1852685741715050496/pu/img/62isAfWey6-9-nVg.jpg;;en;;0;1;0;https://x.com/undefined/status/1852685836699246855;4582739653;
1,85268E+18;Sat Nov 02 12:00:04 +0000 2024;0;the way indomie doing better to promoting newjeans as their gba and treating them than their own label is INSANE.;1,85268E+18;;;en;;0;0;0;https://x.com/undefined/status/1852682085074358322;2397225133;
1,85267E+18;Sat Nov 02 11:31:56 +0000 2024;20;@hyegums it's an original music produced by @_mardial_ for newjeans x indomie collab;1,85268E+18;;hyegums;en;;0;0;0;https://x.com/undefined/status/1852675003780899003;1,62211E+18;
1,85267E+18;Sat Nov 02 11:25:24 +0000 2024;0;NewJeans said new flavor new feelings and still Indomie seleraku #OhMyGoodItsIndomie #NewJeans #뉴진스 #Indomie https://t.co/2PLfBzjwOM;1,85267E+18;https://pbs.twimg.com/ext_tw_video_thumb/1852673334137495553/pu/img/ZBXwmm6rdybnMDpJ.jpg;;en;;0;0;0;https://x.com/undefined/status/1852673358003122573;168060115;
1,85267E+18;Sat Nov 02 10:53:43 +0000 2024;40;went to newjeans x indomie popup at gandaria city https://t.co/81XVjowZDr;1,85267E+18;https://pbs.twimg.com/media/GbX9LMaakAAPC9s.jpg;;en;;0;0;5;https://x.com/undefined/status/1852665384874479891;1,4094E+18;
1,85265E+18;Sat Nov 02 09:45:11 +0000 2024;394;New Jeans Bunnies eating Indomie and cosplay Mamang Kesbor @_mardial_ @NewJeans_ADOR https://t.co/F5gFApVBBb;1,85265E+18;https://pbs.twimg.com/media/GbXtUeEbMAEoMMh.png;;en;;8;4;101;https://x.com/undefined/status/1852648138651377843;1,13428E+18;
1,85262E+18;Sat Nov 02 07:44:28 +0000 2024;194;OMG anyone got invited to join the Zoom fan meeting NewJeans x Indomie tomorrow?;1,85262E+18;;;en;;2;5;20;https://x.com/undefined/status/1852617761584980146;1,58016E+18;
1,85261E+18;Sat Nov 02 07:15:00 +0000 2024;4;just saw this on tiktok and this is crazy. imagine youre hating newjeans but youre indonesian and newjeans is endorsing indomie with their faces plastered in one of the capital's CENTER attraction;1,85261E+18;;;en;;0;0;0;https://x.com/undefined/status/1852610344390098992;1,55184E+18;
1,8526E+18;Sat Nov 02 06:34:39 +0000 2024;0;₊˚⊹⋆ Indomie x NewJeans: New Korean Ramyeon Series! Ready to level up your noodle game? Dive into K-Rose for that rich creamy spice try the classic Spicy Ramyeon for that addictive kick or dare to try Fiery Chikin for a heat that bites back! Which one will you try first? ₊˚ https://t.co/sMxGk8SN6J;1,8526E+18;https://pbs.twimg.com/ext_tw_video_thumb/1852599983473938432/pu/img/Ykh5_zT_jCoSNGo6.jpg;;en;;0;0;0;https://x.com/undefined/status/1852600190114611406;9,13474E+17;
1,85257E+18;Sat Nov 02 04:48:33 +0000 2024;162;has arrived in singapore #OhMyGoodItsIndomie https://t.co/zRnLQrsozq;1,85257E+18;https://pbs.twimg.com/media/GbWpwxIawAA2AY6.jpg;;en;;1;8;10;https://x.com/undefined/status/1852573487661003255;1,73633E+18;
1,85255E+18;Sat Nov 02 03:30:55 +0000 2024;0;Indomie Taps NewJeans as Global Ambassadors Launches Korean Flavors #news #newssg #worldnews #dsl #tiktok #AI #artificialintelligence #SocialMediaMarketing #ContentCreation #WhalesAI https://t.co/mBH1slzDwF;1,85255E+18;https://pbs.twimg.com/amplify_video_thumb/1852553867579572224/img/9T7HPr2In88O5ocq.jpg;;en;;0;0;0;https://x.com/undefined/status/1852553949687201814;59717776;
1,8525E+18;Sat Nov 02 00:15:58 +0000 2024;1;HAH? INDOMIE COLLAB SM NEWJEANS???;1,8525E+18;;;en;;0;1;0;https://x.com/undefined/status/1852504891668979907;1,12461E+18;
1,8525E+18;Sat Nov 02 00:04:39 +0000 2024;1;Newjeans really make me buy indomie after a while.. sorry mi sedaap;1,8525E+18;;;en;;0;0;0;https://x.com/undefined/status/1852502042008564218;1,75405E+18;
1,85228E+18;Sat Nov 02 00:03:29 +0000 2024;0;WTS INDOMIE NEWJEANS KOREAN EDITION RAMYEON MURAH #OHMYGOODITSINDOMIE Bundle 3 mie = 16.000 Bundle 5 mie = 23.000 https://t.co/vg1FNUwlEj;1,8525E+18;;baesayeon;en;;0;0;0;https://x.com/undefined/status/1852501748918968828;1,27251E+18;
1,8525E+18;Fri Nov 01 23:59:57 +0000 2024;1;WTS INDOMIE NEWJEANS KOREAN EDITION RAMYEON MURAH #OHMYGOODITSINDOMIE Bundle 3 mie = 16.000 Bundle 5 mie = 23.000 https://t.co/3kjIq3Jx2y;1,8525E+18;;;en;;1;0;4;https://x.com/undefined/status/1852500861337121171;1,27251E+18;
1,85248E+18;Fri Nov 01 22:29:07 +0000 2024;1;indomie x newjeans collab i need to get it;1,85248E+18;;;en;;0;0;0;https://x.com/undefined/status/1852478002103554426;1,15607E+18;
1,85243E+18;Fri Nov 01 19:13:39 +0000 2024;3591;NewJeans x Indomie Bundaran Hi takeover #NewJeans #뉴진스 https://t.co/b05CsaE4zy;1,85243E+18;https://pbs.twimg.com/amplify_video_thumb/1852428578861793281/img/aL3ZSduY0FoJP_rQ.jpg;;en;;89;0;704;https://x.com/undefined/status/1852428810781896823;850826515;
1,85242E+18;Fri Nov 01 18:18:51 +0000 2024;0;#INDOMIE x #NEWJEANS #indomienewjeans is crazy work https://t.co/oLoITLcoGh;1,85242E+18;https://pbs.twimg.com/ext_tw_video_thumb/1852414986577981440/pu/img/1rm4NjqzKdnRrUs5.jpg;;en;;0;0;0;https://x.com/undefined/status/1852415018987348049;1,55635E+18;
1,8524E+18;Fri Nov 01 17:00:21 +0000 2024;0;Thank you @Indomielovers and @officialkvibes for the special invitation to the new product launch Korean Ramyeon Series Ada tiga varian rasa yang bikin nagih: Spicy Ramyeon Fiery Chicken dan K-Rose. ️ #IndomieKoreanSeries #OhMyGoodItsIndomie https://t.co/Moi90IiWFt;1,8524E+18;https://pbs.twimg.com/ext_tw_video_thumb/1852395133163188225/pu/img/5UB0I2RDjN8Q2Ahe.jpg;;en;;0;1;0;https://x.com/undefined/status/1852395265048883352;1,43111E+18;
1,85238E+18;Fri Nov 01 15:55:39 +0000 2024;0;newjeans x indomie made my day the melody vibe.. perfect When my mind was all tangled and stressed I m genuinely happy again! ;1,85238E+18;;;en;;0;0;0;https://x.com/undefined/status/1852378983855206891;1,79878E+18;
1,85237E+18;Fri Nov 01 15:14:48 +0000 2024;0;Indomie Taps NewJeans as Global Brand Ambassador https://t.co/3VaqaRGrbd via @MiniMeInsights #indomie #newjeans #indomienewjeans;1,85237E+18;;;en;;0;0;0;https://x.com/undefined/status/1852368700655214709;7,38937E+17;
1,85236E+18;Fri Nov 01 14:44:07 +0000 2024;831;Indomie DIY bucket hats #NewJeans #뉴진스 https://t.co/icsCO16D06;1,85236E+18;https://pbs.twimg.com/amplify_video_thumb/1852360895160004608/img/UIcYPJjuylbW45Qf.jpg;;en;;10;0;102;https://x.com/undefined/status/1852360978039750768;850826515;
1,85236E+18;Fri Nov 01 14:29:58 +0000 2024;388;NewJeans X INDOMIE benefit so cute I'm so jealous https://t.co/FQvUeVAQBc;1,85236E+18;https://pbs.twimg.com/media/GbTlP9jbMAADSaz.jpg;;en;;11;6;70;https://x.com/undefined/status/1852357418094891470;1487418937;
1,85235E+18;Fri Nov 01 14:13:28 +0000 2024;0;Wtf is indomie x newjeans;1,85235E+18;;;en;;0;0;0;https://x.com/undefined/status/1852353267868549614;1,15799E+18;
1,85235E+18;Fri Nov 01 14:09:53 +0000 2024;0;yesterday my dad &amp;;;;;;;;;;;
1,85235E+18;Fri Nov 01 13:51:22 +0000 2024;0;impulsive buying membeli indomie newjeans;1,85235E+18;;;en;;1;0;0;https://x.com/undefined/status/1852347707022778681;1,61803E+18;
1,85234E+18;Fri Nov 01 13:28:41 +0000 2024;8;ok SO first flavor i m gonna try: k-rosé #OhMyGoodItsIndomie #KoreanRamyeonSeries https://t.co/1IOdxvyOvm;1,85234E+18;https://pbs.twimg.com/media/GbTXOgdbcAAPHlv.jpg;;en;;1;1;0;https://x.com/undefined/status/1852341997656580355;1,78341E+18;
1,85234E+18;Fri Nov 01 13:23:51 +0000 2024;0;#whiplash2ndwin indomie newjeans Prilly Latuconsina Rafael Struick MLB WITH YOSHI AND JUNKYU;1,85234E+18;;;en;;0;0;0;https://x.com/undefined/status/1852340781752910005;1,64099E+18;
1,85234E+18;Fri Nov 01 13:11:35 +0000 2024;4;if that indomie x newjeans doesn t reach my country I ll end my shit fr;1,85234E+18;;;en;;0;1;0;https://x.com/undefined/status/1852337691427270921;1,82228E+18;
1,85233E+18;Fri Nov 01 12:38:16 +0000 2024;0;Ok NewJeans please try the Indomie Kotak style and have it after swimming. It's hands down the best way to enjoy Indomie ̀⁠ᴗ⁠-;1,85233E+18;;;en;;0;0;0;https://x.com/undefined/status/1852329308905472412;1,5373E+18;
1,85233E+18;Fri Nov 01 12:29:28 +0000 2024;0;When newjeans said Look it's a new me. Switched it up who's this? in Newjeans (song) they actually meant Look it's a new MIE cause they have a new indomie flavor lmk if that hit ;1,85233E+18;;;en;;0;0;0;https://x.com/undefined/status/1852327094824636802;1,25434E+18;
1,85232E+18;Fri Nov 01 12:09:23 +0000 2024;3;We will do our part @Indomielovers @NewJeans_ADOR #indomie #NewJeans https://t.co/Rhoz1hKdPl;1,85232E+18;https://pbs.twimg.com/media/GbTFD0zbwAAR6s1.jpg;;en;;0;0;0;https://x.com/undefined/status/1852322039060939007;1,37198E+18;
1,85232E+18;Fri Nov 01 11:48:57 +0000 2024;0;Indomie teams up with K-pop sensation NewJeans as global brand ambassadors https://t.co/yUIVg550Dt;1,85232E+18;;;en;;0;0;0;https://x.com/undefined/status/1852316899989958857;1,65942E+18;
1,85232E+18;Fri Nov 01 11:44:03 +0000 2024;8;Never thought there will be a day i'm hearing NewJeans says Indomie seleraku but here we are lmaooo;1,85232E+18;;;en;;0;0;1;https://x.com/undefined/status/1852315665262313519;1,40002E+18;
1,85231E+18;Fri Nov 01 11:32:57 +0000 2024;1;me to indomie since newjeans is the brand ambassador https://t.co/eD6YzoIQB9;1,85231E+18;https://pbs.twimg.com/media/GbS8vCQbsAA-_ba.jpg;;en;;0;6;0;https://x.com/undefined/status/1852312871922978977;1,21416E+18;
1,85231E+18;Fri Nov 01 11:24:22 +0000 2024;180;indomie is really going all out for their newjeans campaign. we cheer! ;1,85231E+18;;;en;;0;1;25;https://x.com/undefined/status/1852310710841463116;1,64286E+18;
1,85231E+18;Fri Nov 01 11:22:24 +0000 2024;33;Finally #광고 #indomie #OhMyGoodItsIndomie #NewJeans #뉴진스 https://t.co/xleGLGZcFI;1,85231E+18;https://pbs.twimg.com/media/GbS6T9fa4AAZOv6.jpg;;en;;0;1;2;https://x.com/undefined/status/1852310215192154448;1487418937;
1,85187E+18;Fri Nov 01 11:05:53 +0000 2024;2;@_mardial_ We got video Hanni NewJeans makan Indomie before GTA 6.;1,85231E+18;;_mardial_;en;;0;0;0;https://x.com/undefined/status/1852306060016828430;58625063;
1,85231E+18;Fri Nov 01 11:03:07 +0000 2024;0;newjeans indomie??;1,85231E+18;;;en;;0;2;0;https://x.com/undefined/status/1852305363414179878;214749519;
1,85227E+18;Fri Nov 01 10:59:27 +0000 2024;84;NEWJEANS EVERYWHERE #OhMyGoodItsIndomie #2024MAMAVOTE #newjeans https://t.co/4OJwFaZhDI;1,8523E+18;https://pbs.twimg.com/ext_tw_video_thumb/1852285135254929409/pu/img/ZAeJgXYEVP7GQYuE.jpg;kangtypooo;en;;0;1;17;https://x.com/undefined/status/1852304441787187662;1,26853E+18;
1,85227E+18;Fri Nov 01 10:57:51 +0000 2024;191;NEWJEANS EVERYWHERE #OhMyGoodItsIndomie #2024MAMAVOTE #newjeans cr: nichodonald on IG https://t.co/p6RzwmnBcV;1,8523E+18;https://pbs.twimg.com/ext_tw_video_thumb/1852303971777761280/pu/img/VLqoTaq4Xjq3QD6S.jpg;kangtypooo;en;;1;1;35;https://x.com/undefined/status/1852304038974619658;1,26853E+18;
1,8523E+18;Fri Nov 01 10:52:54 +0000 2024;5587;HAHAHA NEWJEANS EVERYWHERE! #OhMyGoodItsIndomie https://t.co/WTCuJ11BsL;1,8523E+18;https://pbs.twimg.com/media/GbSzkbNbMAEoNyJ.jpg;;en;;145;36;857;https://x.com/undefined/status/1852302793522270593;9,53734E+17;
1,8523E+18;Fri Nov 01 10:47:27 +0000 2024;10;Haul ️ #indomienewjeans #indomiexnewjeans #OhMyGoodItsIndomie https://t.co/p91Nv32ZTJ;1,8523E+18;https://pbs.twimg.com/media/GbSyUu6aUAAVuat.jpg;;en;;0;1;1;https://x.com/undefined/status/1852301421133316572;4849356450;
1,85229E+18;Fri Nov 01 09:49:57 +0000 2024;0;Oh My Good It's Indomie! Oh My Good It's NewJeans! https://t.co/erRqSd8iXa;1,85229E+18;https://pbs.twimg.com/media/GbSlKmpaAAAciAX.jpg;;en;;0;1;0;https://x.com/undefined/status/1852286951749238883;180240682;
1,85228E+18;Fri Nov 01 09:41:51 +0000 2024;5; Was NOT expecting #NEWJEANS x #INDOMIE! Original flavor will always be superior but ngl super curious about these Korean fusion ones! They look goood! Dinner sorted! Anyone tried them yet?? #WonderfulIndonesia #WonderfulJourney 🇮🇩 https://t.co/2F4Y7DcYOB;1,85228E+18;https://pbs.twimg.com/amplify_video_thumb/1851786784688214018/img/ZoxtJx2M-OtS-dti.jpg;;en;;0;0;0;https://x.com/undefined/status/1852284912541245771;74377194;
1,85228E+18;Fri Nov 01 09:36:09 +0000 2024;0;Let's tryyyy The way i was really quick to reconsider buying this version of indomie bcs of newjeans https://t.co/6I6ts8bH9R;1,85228E+18;https://pbs.twimg.com/media/GbSiAUDbIAAYyMM.jpg;;en;;0;0;0;https://x.com/undefined/status/1852283476638405049;1,71501E+18;
1,85228E+18;Fri Nov 01 09:02:36 +0000 2024;10;Newjeans already everywhere with INDOMIE. #NewjeansxIndomie;1,85228E+18;;;en;;0;0;0;https://x.com/undefined/status/1852275034053599305;1,49198E+18;
1,85227E+18;Fri Nov 01 08:25:14 +0000 2024;0;indomie adain pc newjeans pls;1,85227E+18;;;en;;0;0;0;https://x.com/undefined/status/1852265629111455841;1,32941E+18;
1,85226E+18;Fri Nov 01 08:01:11 +0000 2024;0;Surprise! NewJeans jadi global brand ambassador Indomie Korean Ramyeon Series. #kumparanFOOD #newsupdate https://t.co/dCeCfEHiI8;1,85226E+18;;;en;;0;0;0;https://x.com/undefined/status/1852259576693055754;7,59693E+17;
1,85225E+18;Fri Nov 01 07:27:01 +0000 2024;0;Curious why this new flavor stands out from the rest? Because every bite takes you to a new level! Don t just listen to the hype try it yourself! @indomielovers #광고 #indomie #OhMyGoodItsIndomie #NewJeans #뉴진스;1,85225E+18;;;en;;0;0;0;https://x.com/undefined/status/1852250978956828720;1,80812E+18;
1,85225E+18;Fri Nov 01 07:20:07 +0000 2024;0;Indomie s collaboration with @NewJeans_ADOR is a key part of its global expansion through the Oh My Good! It s Indomie campaign designed to captivate younger audiences around the world. #marketing #globalcampaign #brandambassador https://t.co/b8b2rZCKrh;1,85225E+18;;;en;;0;0;0;https://x.com/undefined/status/1852249244348145909;1,282E+18;
1,85225E+18;Fri Nov 01 07:08:01 +0000 2024;0;#OhMyGoodItsIndomie click on this guys its so cute;1,85225E+18;;;en;;0;0;0;https://x.com/undefined/status/1852246200080101588;1,61319E+18;
1,85224E+18;Fri Nov 01 06:37:26 +0000 2024;17;Oh My Good!!! Indomie ga pernah gagal selalu menjadi indomie seleraku!!! New experince from @Indomielovers and @officialkvibes thank u for the opportunity!! #OhMyGoodItsIndomie #IndomieKoreanSeries https://t.co/ovVwkn23nN;1,85224E+18;https://pbs.twimg.com/ext_tw_video_thumb/1852238441918148608/pu/img/cZHXl0ru_46V276J.jpg;;en;;0;0;0;https://x.com/undefined/status/1852238500692922795;1,12618E+18;
1,85223E+18;Fri Nov 01 05:58:13 +0000 2024;0;I'll buy indomie for newjeans pc fr.;1,85223E+18;;;en;;0;0;0;https://x.com/undefined/status/1852228633102065702;1,4398E+18;
1,85217E+18;Fri Nov 01 04:58:35 +0000 2024;0;@kapsoo @NewJeans_twt @nayeonsditto @juantokki @cato_o_o @theletter_Y @newjiram @catzkang @modani_st @talytokki @kittykang06_ @NJBUBBLEGUM @yuijeans @newbrats happily when they see their room without a roof! So Japanese lyricists gotta find another figure;1,85221E+18;;alberttsen03;en;;0;1;0;https://x.com/undefined/status/1852213627736273215;1,58619E+18;
1,85221E+18;Fri Nov 01 04:32:02 +0000 2024;0;ahhh newjeans and indomie;1,85221E+18;;;en;;0;0;0;https://x.com/undefined/status/1852206945907937788;9,23348E+17;
1,8522E+18;Fri Nov 01 04:11:10 +0000 2024;0;brb looking for newjeans indomie and keep the plastic safe and neat;1,8522E+18;;;en;;0;0;0;https://x.com/undefined/status/1852201694026944927;1,20724E+18;
1,85187E+18;Fri Nov 01 04:10:12 +0000 2024;0;@NewJeans_ADOR @Indomielovers is indomie delicious like people said?;1,8522E+18;;NewJeans_ADOR;en;;0;0;0;https://x.com/undefined/status/1852201450832601325;78626345;
1,8522E+18;Fri Nov 01 04:09:05 +0000 2024;0;ohh big hooray for indon people who h4 njs bcs whenever you eat indomie youll think about newjeans;1,8522E+18;;;en;;0;1;0;https://x.com/undefined/status/1852201169524851036;1,20724E+18;
1,8522E+18;Fri Nov 01 04:06:23 +0000 2024;0;jadi kepengen indomie all that bcs i m just that easly-newjeans-fluenced;1,8522E+18;;;en;;0;0;0;https://x.com/undefined/status/1852200489489961196;1,45132E+18;
1,8522E+18;Fri Nov 01 04:00:29 +0000 2024;2;found newjeans indomie ad in jakarta!! https://t.co/PltkJleoAH;1,8522E+18;https://pbs.twimg.com/media/GbRVKHYakAAkdZp.jpg;;en;;0;1;0;https://x.com/undefined/status/1852199003682947397;1,4094E+18;
1,8522E+18;Fri Nov 01 03:52:11 +0000 2024;0;hahhhhhhh newjeans global brand ambassador indomie???? HAHHHHHH;1,8522E+18;;;en;;0;1;0;https://x.com/undefined/status/1852196913589727239;1,61445E+18;
1,8522E+18;Fri Nov 01 03:51:09 +0000 2024;15;Instant noodle brand Indomie announces NewJeans as global brand ambassadors now has Korean ramyeon flavours https://t.co/97gwnJwOiG https://t.co/ygBOPqXoU8;1,8522E+18;https://pbs.twimg.com/media/GbRTCrQbsAAGN2r.jpg;;en;;2;0;7;https://x.com/undefined/status/1852196654612648374;38400130;
1,85219E+18;Fri Nov 01 03:39:53 +0000 2024;2;We ve been keeping this secret for a very long time (proudly without spoiling it too) and it s finally out! NewJeans has become the Global Ambassador of Indomie everyone s favorite/comfort brand of noodle (:P) Can t wait to let you in for more! https://t.co/F0L7oya2ud;1,85219E+18;;;en;;0;0;0;https://x.com/undefined/status/1852193822186574045;1,35356E+18;
1,85185E+18;Fri Nov 01 03:35:47 +0000 2024;0;@newjeans_loop Seeing NJ as Indomie brand ambassador wasn't on my 2024 bingo card;1,85219E+18;;newjeans_loop;en;;0;0;0;https://x.com/undefined/status/1852192789423100004;1,42252E+18;
1,85219E+18;Fri Nov 01 03:14:10 +0000 2024;0;ꪆৎ˚ Hey Indomie lovers! It's us NewJeans and we re SO thrilled to bring our world together with one of the most iconic comfort foods out there. We re teaming up with Indomie to celebrate all the cozy bold flavors that make every meal feel like a moment of joy. 𓍼 ֗ ˖;1,85219E+18;;;en;;0;0;0;https://x.com/undefined/status/1852187349087850867;713848494;
1,85219E+18;Fri Nov 01 03:08:37 +0000 2024;9;So excited to be a part of the launching for Indomie Korean Ramyeon Series dan announce NewJeans as the new global ambassador for Indomie! Thank you @Indomielovers &amp;;;;;;;;;;;
1,85219E+18;Fri Nov 01 03:06:58 +0000 2024;5;newjeans please tell them to bring back indomie sambal matah...;1,85219E+18;;;en;;0;2;0;https://x.com/undefined/status/1852185537723199505;1,72973E+18;
1,85218E+18;Fri Nov 01 02:52:22 +0000 2024;1;@newjeans_loop HAHAH the new combination must be in Indomie now mie goreng danggeun flavor ️ @Indomielovers;1,85218E+18;;newjeans_loop;en;;0;0;0;https://x.com/undefined/status/1852181864141983772;1,36969E+18;
1,85218E+18;Fri Nov 01 02:44:14 +0000 2024;0;OH MY GOOD IT'S INDOMIE #indomie #OhMyGoodItsIndomie;1,85218E+18;;;en;;0;0;0;https://x.com/undefined/status/1852179814708580373;1,57613E+18;
1,85218E+18;Fri Nov 01 02:37:16 +0000 2024;0;˖ ْ ⟆ NewJeans &amp;;;;;;;;;;;
1,85218E+18;Fri Nov 01 02:31:32 +0000 2024;2091;️: Dani you like indomie? Mie goreng or carrot?! : Combined then perfection #뉴진스 #NewJeans #다니엘 #Danielle #ダニエル https://t.co/zVDwfwzQaV;1,85218E+18;https://pbs.twimg.com/media/GbRAzvsboAA8CiP.jpg;;en;;69;17;285;https://x.com/undefined/status/1852176620221829207;1,55953E+18;
1,85218E+18;Fri Nov 01 02:28:06 +0000 2024;90;️: Dani you like indomie? Mie goreng or carrot?! : Combined then perfection #NewJeans #뉴진스 #Danielle #다니얼 https://t.co/XD5o8cJRTx;1,85218E+18;https://pbs.twimg.com/media/GbRACOOakAAsM7M.jpg;;en;;6;0;16;https://x.com/undefined/status/1852175756337779195;850826515;
1,85218E+18;Fri Nov 01 02:27:49 +0000 2024;4;So cute it s raining Indomie #OhMyGoodItsIndomie https://t.co/SWrxr2RrvM;1,85218E+18;https://pbs.twimg.com/amplify_video_thumb/1852175614129954816/img/aoSL5-3nJAei0Y6O.jpg;nadiakhairinas;en;;0;0;0;https://x.com/undefined/status/1852175685936386090;39034953;
1,85217E+18;Fri Nov 01 02:24:20 +0000 2024;0;next week borong indomie newjeans;1,85217E+18;;;en;;0;0;0;https://x.com/undefined/status/1852174807120638281;1,59455E+18;
1,85217E+18;Fri Nov 01 01:58:27 +0000 2024;0;hah indomie x newjeans???????????????;1,85217E+18;;;en;;0;0;0;https://x.com/undefined/status/1852168292863217868;1,7107E+18;
1,85188E+18;Fri Nov 01 01:54:18 +0000 2024;0;@NewJeans_ADOR celebrating Bunnies day with indomie;1,85217E+18;;NewJeans_ADOR;en;;0;0;0;https://x.com/undefined/status/1852167248242217418;1,31295E+18;
1,85216E+18;Fri Nov 01 01:17:09 +0000 2024;0;WHAAAAT??? newjeans and indomie;1,85216E+18;;;en;;0;0;0;https://x.com/undefined/status/1852157900245864465;1,79484E+18;
1,85215E+18;Fri Nov 01 00:55:40 +0000 2024;2;i still cant believe indomie x newjeans is a thing bro bless my chungus life;1,85215E+18;;;en;;0;0;0;https://x.com/undefined/status/1852152493343674419;1,48374E+18;
1,85214E+18;Fri Nov 01 00:22:52 +0000 2024;0;They can afford newjeans but they cant make Indomie salted egg again;1,85214E+18;;;en;;0;0;0;https://x.com/undefined/status/1852144239129563464;1,68712E+18;
1,85214E+18;Thu Oct 31 23:57:02 +0000 2024;0;OMG INDOMIE X NEWJEANS??;1,85214E+18;;;en;;0;0;0;https://x.com/undefined/status/1852137737178194223;1,59053E+18;
1,85187E+18;Thu Oct 31 23:17:38 +0000 2024;0;@NewJeans_ADOR @Indomielovers If i buy indomie can i get Danielle?;1,85213E+18;;NewJeans_ADOR;en;;0;0;0;https://x.com/undefined/status/1852127821336056230;4893724579;
1,8519E+18;Thu Oct 31 22:59:38 +0000 2024;1;@yuijeans @yuujiira Indomie never have foreign celebrity to promote their product this is the 1st time it happens thats why us indonesian bunnies were surprised to find this collab. I m 99% sure Axton use Newjeans for their product because of personal rea;1,85212E+18;;;en;;0;0;0;https://x.com/undefined/status/1852123293811380543;141861463;
1,85211E+18;Thu Oct 31 22:18:51 +0000 2024;0;Korea Selatan eat mie Indomie goreng delicious yes mie goreng 'Hungry likes to eat something else' #NewJeans #NJ delicious so thanks!!;1,85211E+18;;;en;;0;0;0;https://x.com/undefined/status/1852113027870659049;1,39333E+18;
1,85211E+18;Thu Oct 31 22:16:48 +0000 2024;0;So delicious yes mie Indomie from Indonesian New jeans pretty you five new jeans beautiful!! #Newjeans #NJ;1,85211E+18;;;en;;0;0;0;https://x.com/undefined/status/1852112512214540700;1,39333E+18;
1,8519E+18;Thu Oct 31 21:28:04 +0000 2024;22;@yuijeans EAT INDOMIE SUPPORT NEWJEANS YALL;1,8521E+18;;;en;;0;0;0;https://x.com/undefined/status/1852100251227951209;316236354;
1,85208E+18;Thu Oct 31 20:15:19 +0000 2024;0;Indomie teams up with NewJeans for a fresh collab! 'Oh My Good! It's Indomie' campaign is all about youthful energy! https://t.co/hGmoOYmawY;1,85208E+18;;;en;;0;0;0;https://x.com/undefined/status/1852081940624543902;1,78388E+18;
1,85207E+18;Thu Oct 31 19:21:45 +0000 2024;0;Indomie fans rejoice! We re proud to welcome @NewJeans_ADOR as our Global Brand Ambassador! Let s celebrate this delicious partnership together! #OhMyGoodItsIndomie https://t.co/pndeA2qADg;1,85207E+18;https://pbs.twimg.com/media/GbPeZYxakAId58M.jpg;;en;;0;0;0;https://x.com/undefined/status/1852068461763318253;1,80771E+18;
1,85207E+18;Thu Oct 31 19:21:23 +0000 2024;0;Hello Indomie lovers! We are thrilled to announce that @NewJeans_ADOR is now the Global Brand Ambassador for Indomie! Get ready for some exciting collaborations ahead! #OhMyGoodItsIndomie https://t.co/zVed8HcHvA;1,85207E+18;https://pbs.twimg.com/media/GbPeXJ0akAIv_ho.jpg;;en;;0;0;0;https://x.com/undefined/status/1852068369668903132;1,80771E+18;
1,85206E+18;Thu Oct 31 18:53:21 +0000 2024;4;Im happy for newjeans but i feel butterflies in my stomach reading someone called indomie as the biggest noodle in the world;1,85206E+18;;;en;;0;1;0;https://x.com/undefined/status/1852061313394184655;1871164872;
1,85206E+18;Thu Oct 31 18:39:30 +0000 2024;0;indomie original is suckass but newjeans changed my mind i love INDOMIE sm ;1,85206E+18;;;en;;0;0;0;https://x.com/undefined/status/1852057828426682662;1,43171E+18;
1,85205E+18;Thu Oct 31 18:05:22 +0000 2024;0;nice #광고 #indomie #OhMyGoodItsIndomie #NewJeans #뉴진스;1,85205E+18;;;en;;0;0;0;https://x.com/undefined/status/1852049239683273215;1,80771E+18;
1,85205E+18;Thu Oct 31 17:59:27 +0000 2024;0;the tag is so cute #OhMyGoodItsIndomie;1,85205E+18;;;en;;0;0;0;https://x.com/undefined/status/1852047749770076476;1,82224E+18;
1,85204E+18;Thu Oct 31 17:28:42 +0000 2024;1;GOT IT! Indomie Newjeans https://t.co/zJRNuZJal9;1,85204E+18;https://pbs.twimg.com/media/GbPEkh6aUAAEnc4.jpg;;en;;0;1;0;https://x.com/undefined/status/1852040010566111353;261325367;
1,85185E+18;Thu Oct 31 17:21:41 +0000 2024;0;@Indomielovers @NewJeans_ADOR Thank you for letting our NewJeans girls endorse INDOMIE We love INDOMIE ;1,85204E+18;;Indomielovers;en;;0;0;0;https://x.com/undefined/status/1852038243770077225;1,46692E+18;
1,85187E+18;Thu Oct 31 17:21:37 +0000 2024;0;@NewJeans_ADOR @Indomielovers yayyy I love indomie!!!;1,85204E+18;;NewJeans_ADOR;en;;0;0;0;https://x.com/undefined/status/1852038229144609014;1,47103E+18;
1,8519E+18;Thu Oct 31 17:12:59 +0000 2024;7;@yuijeans I've never had indomie before I should try it now that newjeans endorsed it;1,85204E+18;;;en;;0;0;0;https://x.com/undefined/status/1852036057463664672;1,44319E+18;
1,85194E+18;Thu Oct 31 16:47:25 +0000 2024;0;Gokill deh Indomie NewJeans;1,85203E+18;;vierpzl;en;;0;0;0;https://x.com/undefined/status/1852029620922491002;1,66247E+18;
1,85185E+18;Thu Oct 31 16:44:50 +0000 2024;0;@newjeans_loop Time to buy indomie ;1,85203E+18;;newjeans_loop;en;;0;0;0;https://x.com/undefined/status/1852028969463214577;1,65775E+18;
1,85202E+18;Thu Oct 31 16:13:43 +0000 2024;1;Imagine being a broke newjeans anti and the only thing you could afford is indomie;1,85202E+18;;;en;;0;0;0;https://x.com/undefined/status/1852021141751369840;1,75405E+18;
1,85201E+18;Thu Oct 31 15:48:19 +0000 2024;0;indomie x newjeans was not on my 2024 bingo card but im here for it;1,85201E+18;;;en;;0;0;0;https://x.com/undefined/status/1852014747392315674;1664080178;
1,85201E+18;Thu Oct 31 15:46:15 +0000 2024;0;if anyone finds NewJeans!Indomie in Singapore let me know bc besides Maggi Asam Laksa &amp;;;;;;;;;;;
1,85201E+18;Thu Oct 31 15:16:03 +0000 2024;1;SEVENTEEN for Chitato &amp;;;;;;;;;;;
1,852E+18;Thu Oct 31 15:07:15 +0000 2024;0;since when newjeans indomie collab my two worlds;1,852E+18;;;en;;0;0;0;https://x.com/undefined/status/1852004414850240816;1,47037E+18;
1,852E+18;Thu Oct 31 15:04:21 +0000 2024;0;thought this said newjeans flavored indomie for a sec got a little excited;1,852E+18;;;en;;0;0;0;https://x.com/undefined/status/1852003682512187719;1,77866E+18;
1,85189E+18;Thu Oct 31 14:57:31 +0000 2024;0;@Indomielovers Please make it global i really want the newjeans indomie pls;1,852E+18;;Indomielovers;en;;0;0;0;https://x.com/undefined/status/1852001964428497316;1,12807E+18;
1,85185E+18;Thu Oct 31 14:48:28 +0000 2024;1;@newjeans_loop NewJeans x Indomie definitely wasn't in my 2024 bingo card. Super love! One of my favourite instant noodle.;1,852E+18;;newjeans_loop;en;;0;0;0;https://x.com/undefined/status/1851999688314228830;1,7859E+18;
1,85199E+18;Thu Oct 31 14:18:41 +0000 2024;0;woah?? this is major for both newjeans and indomie;1,85199E+18;;;en;;0;0;0;https://x.com/undefined/status/1851992190614131052;1,31371E+18;
1,85199E+18;Thu Oct 31 14:14:42 +0000 2024;0;NewJeans endorsed? Just might have indomie noodles in the near future;1,85199E+18;;;en;;0;0;0;https://x.com/undefined/status/1851991189748101180;1,08892E+18;
1,85199E+18;Thu Oct 31 14:09:42 +0000 2024;0;Indomie made by Indofood is a global instant noodle giant with annual revenues in the billions. Sold in over 100 countries its Mi Goreng line has a massive following worldwide from Africa to North America! #Indomie #InstantNoodles #newjeans;1,85199E+18;;;en;;0;0;0;https://x.com/undefined/status/1851989932618768857;1,82052E+18;
1,85199E+18;Thu Oct 31 13:57:04 +0000 2024;6;Congratulations! The girls of @NewJeans_ADOR are now the latest global brand ambassadors of @Indomielovers! More below #NEWJEANS #뉴진스 #NewJeansxIndomie #Indomie https://t.co/o1jbTdydDS;1,85199E+18;https://pbs.twimg.com/media/GbOUHcLakAIVkk1.jpg;;en;;1;0;1;https://x.com/undefined/status/1851986751201644933;253456935;
1,85187E+18;Thu Oct 31 13:54:34 +0000 2024;0;@NewJeans_ADOR @Indomielovers Is this you cooking Indomie Kim Minji? https://t.co/6eTjB8i0w2;1,85199E+18;https://pbs.twimg.com/amplify_video_thumb/1824687585480019970/img/mof1m4wMfScIYBpu.jpg;NewJeans_ADOR;en;;0;0;0;https://x.com/undefined/status/1851986123729572273;89846652;
1,85198E+18;Thu Oct 31 13:49:35 +0000 2024;0;BTS JIN LIVE CHAT WITH ARMY 2 COUNTRIES INDONESIA 🇮🇩 ARGENTINA 🇦🇷 HYBE ADOR NEWJEANS DROP INDOMIE 1ST GLOBAL AMBASSDOR 🇮🇩 I know you BSH Jin Aku Cinta Mu Indomie seleraku 2 days see what MHJ really want? Producer 3 years or Story continue https://t.co/6Qk2kCOVTK https://t.co/x2Yw6UfMqv;1,85198E+18;https://pbs.twimg.com/tweet_video_thumb/GbOSaksakAEqbMT.jpg;;en;;0;0;0;https://x.com/undefined/status/1851984868470919547;1,60836E+18;
1,85188E+18;Thu Oct 31 13:43:00 +0000 2024;0;@NewJeans_ADOR @KimMinji_PH @KimMinji_PH For philippines watch and share indomie ph ig https://t.co/xSKbdxmS7l;1,85198E+18;;NewJeans_ADOR;en;;0;0;0;https://x.com/undefined/status/1851983213348163980;1,63741E+18;
1,85198E+18;Thu Oct 31 13:35:44 +0000 2024;36;Another NewJeans ad for indomie #민지 #Minji #하니 #Hanni #다니엘 #Danielle #해린 #Haerin #혜인 #Hyein #뉴진스 #NewJeans @NewJeans_twt https://t.co/PrYrzR2Er9;1,85198E+18;https://pbs.twimg.com/ext_tw_video_thumb/1851981360543518720/pu/img/tCGsSK2aVs78UiLg.jpg;;en;;0;0;8;https://x.com/undefined/status/1851981381246624120;1,83216E+18;
1,85198E+18;Thu Oct 31 13:29:15 +0000 2024;22;in honor of newjeans indomie brand ambassador ️ i love this noodles a lot https://t.co/ROt92RTS64;1,85198E+18;https://pbs.twimg.com/media/GbONw-MWkAAFGEG.jpg;;en;;0;0;0;https://x.com/undefined/status/1851979749599457306;9,46507E+17;
1,85198E+18;Thu Oct 31 13:23:09 +0000 2024;1;What the heck! Indomie Newjeans is kinda shock tho!. Is it available in indo or alfa??;1,85198E+18;;;en;;0;0;0;https://x.com/undefined/status/1851978216023691388;261325367;
1,85198E+18;Thu Oct 31 13:13:58 +0000 2024;28;k-rose is nowhere to be found Indomie x NewJeans #OhMyGodItsIndomie https://t.co/pol6AOtg3w;1,85198E+18;https://pbs.twimg.com/media/GbOKQ_ubQAAY6-K.jpg;;en;;1;0;0;https://x.com/undefined/status/1851975904769266059;1,42987E+18;
1,85187E+18;Thu Oct 31 13:09:41 +0000 2024;1;@NewJeans_ADOR @Indomielovers Wowwww Indomie × new jeans ;1,85197E+18;;NewJeans_ADOR;en;;0;0;0;https://x.com/undefined/status/1851974826317222395;1,7696E+18;
1,85197E+18;Thu Oct 31 13:07:58 +0000 2024;1;IndomieNewJeans what a time to be born ;1,85197E+18;;;en;;0;0;0;https://x.com/undefined/status/1851974396266545422;1,67168E+18;
1,85197E+18;Thu Oct 31 13:02:34 +0000 2024;4;NEWJEANS X INDOMIE WHAT IN THE WORLD LET ME GO EAT INDOMIE RN https://t.co/Ym0fLa01eC;1,85197E+18;https://pbs.twimg.com/media/GbOHodybYAAEuY8.jpg;;en;;0;1;0;https://x.com/undefined/status/1851973034875457964;1,39931E+18;
1,85185E+18;Thu Oct 31 12:58:14 +0000 2024;0;@newjeans_loop They know that indomie is the best instant noodles;1,85197E+18;;newjeans_loop;en;;0;0;0;https://x.com/undefined/status/1851971943852867935;1,56419E+18;
1,85197E+18;Thu Oct 31 12:52:58 +0000 2024;0;indomie are my fave noodles gimme the newjeans ones rn;1,85197E+18;;;en;;0;0;0;https://x.com/undefined/status/1851970619216146832;1,03571E+18;
1,85197E+18;Thu Oct 31 12:52:14 +0000 2024;0;@IndoPopBase we love newjeans and indomie;1,85197E+18;;IndoPopBase;en;;0;0;0;https://x.com/undefined/status/1851970437309145273;1,27421E+18;
1,85197E+18;Thu Oct 31 12:47:50 +0000 2024;4;im gonna eat indomie 3 times a day now since newjeans is the global ambassador;1,85197E+18;;;en;;0;0;0;https://x.com/undefined/status/1851969327412711631;1,07322E+18;
1,85197E+18;Thu Oct 31 12:44:33 +0000 2024;10978;NewJeans becomes the global ambassador of Indomie. https://t.co/BskWwp2dj1;1,85197E+18;https://pbs.twimg.com/media/GbODgfkakAQrEo6.jpg;;en;;263;101;1199;https://x.com/undefined/status/1851968501793411345;1,39421E+18;
1,85197E+18;Thu Oct 31 12:38:50 +0000 2024;0;newjeans singing indomie seleraku jingle wasnt on my 2024 bingo lists;1,85197E+18;;;en;;0;0;0;https://x.com/undefined/status/1851967062035644467;8,33896E+17;
1,85185E+18;Thu Oct 31 12:37:31 +0000 2024;0;@Indomielovers @NewJeans_ADOR Ke Alfamart beli Indomie hari ini I love you so much Pham Hanni;1,85197E+18;;Indomielovers;en;;0;0;0;https://x.com/undefined/status/1851966732937908471;1,69639E+18;
1,85194E+18;Thu Oct 31 12:21:22 +0000 2024;0;@kudila_ Indomie NewJeans auto favorit banget;1,85196E+18;;kudila_;en;;0;0;0;https://x.com/undefined/status/1851962667667460458;1,81228E+18;
1,85196E+18;Thu Oct 31 12:16:34 +0000 2024;0;WTF INDOMIE X NEWJEANS;1,85196E+18;;;en;;0;0;0;https://x.com/undefined/status/1851961458625777702;1,32837E+18;
1,85196E+18;Thu Oct 31 12:15:43 +0000 2024;4;See this grandma looking for them on shopee wkwkwk (( indomie newjeans )) https://t.co/92GIgmfG5E;1,85196E+18;https://pbs.twimg.com/media/GbN88JqakAI13yu.jpg;;en;;0;0;0;https://x.com/undefined/status/1851961246997975226;721682587;
1,85196E+18;Thu Oct 31 12:07:51 +0000 2024;0;Well if those luxury brand still endorse Newjeans I don't think Newjeans will ever become BA for Indomie.;1,85196E+18;;;en;;0;0;0;https://x.com/undefined/status/1851959268469280854;1,46686E+18;
1,85191E+18;Thu Oct 31 09:06:43 +0000 2024;2;NewJeans &amp;;;;;;;;;;;
1,85191E+18;Thu Oct 31 09:03:04 +0000 2024;0;indomie dan newjeans really kick in the door;1,85191E+18;;;en;;0;0;0;https://x.com/undefined/status/1851912763607810405;1,28827E+18;
1,85191E+18;Thu Oct 31 09:00:59 +0000 2024;328;Oh My Good! It's Indomie! #OhMyGoodItsIndomie #NewJeans #뉴진스 #NEWJEANSxINDOMIE https://t.co/n0EnCUi3Xc;1,85191E+18;https://pbs.twimg.com/media/GbNQDSsakAMjtNy.jpg;;en;;0;1;52;https://x.com/undefined/status/1851912239084961980;1,28467E+18;
1,8519E+18;Thu Oct 31 08:58:47 +0000 2024;11;@yuujiira @yuijeans Im sure as hell HYBE tried to give it to a different group. But im confident Indomie said we want NewJeans only and since HYBE has a % on earnings they can't say no.;1,85191E+18;;;en;;0;1;0;https://x.com/undefined/status/1851911684321067182;1,04791E+18;
1,85191E+18;Thu Oct 31 08:53:51 +0000 2024;0;INDOMIE : FAMOUS GLOBAL RAMEN NEWJEANS : FAMOUS GLOBAL GIRLGROUP INDOMIE NEWJEANS;1,85191E+18;;;en;;0;0;0;https://x.com/undefined/status/1851910445407596544;337242882;
1,85191E+18;Thu Oct 31 08:51:44 +0000 2024;2;Indomie collab ama newjeans was not in my 2024 bingo list;1,85191E+18;;;en;;0;2;0;https://x.com/undefined/status/1851909912257008104;163349394;
1,85191E+18;Thu Oct 31 08:50:14 +0000 2024;2;indomie using newjeans as brand ambassador indomie world domination imminent ‼️‼️‼️;1,85191E+18;;;en;;0;1;0;https://x.com/undefined/status/1851909533721071633;4081520178;
1,85191E+18;Thu Oct 31 08:49:19 +0000 2024;0;Newjeans Backsound beat Indomie Indofood marketing strategy ;1,85191E+18;;;en;;0;1;0;https://x.com/undefined/status/1851909302585561282;1,71521E+18;
1,85191E+18;Thu Oct 31 08:44:43 +0000 2024;3;and what if indomie gives us a new newjeans song ;1,85191E+18;;;en;;0;0;0;https://x.com/undefined/status/1851908145221968086;1,60611E+18;
1,85191E+18;Thu Oct 31 08:44:07 +0000 2024;0;hahhh indomie x newjeans??????????!!!!!!!??!!!;1,85191E+18;;;en;;0;0;0;https://x.com/undefined/status/1851907993568448946;1,57187E+18;
1,85191E+18;Thu Oct 31 08:36:06 +0000 2024;0;K-pop girl group NewJeans named new global ambassadors of Indonesia's iconic instant noodle brand Indomie https://t.co/4j6fZaXDsH;1,85191E+18;;;en;;0;0;0;https://x.com/undefined/status/1851905978184405159;27404490;
1,85185E+18;Thu Oct 31 08:34:08 +0000 2024;0;@newjeans_loop Buying my indomie asap;1,85191E+18;;newjeans_loop;en;;0;0;0;https://x.com/undefined/status/1851905484468387890;1,79294E+18;
1,85187E+18;Thu Oct 31 08:31:15 +0000 2024;0;@NewJeans_ADOR @Indomielovers Indomie usually have a music event and now they can invite NewJeans as their headliner. Let's go!!!;1,8519E+18;;NewJeans_ADOR;en;;0;0;0;https://x.com/undefined/status/1851904757730021400;1,27766E+18;
1,8519E+18;Thu Oct 31 08:27:18 +0000 2024;0;Indomie x NewJeans featuring The Fried Egg God Haerin's fried egg topping #IndomiexNewJeans;1,8519E+18;;;en;;0;0;0;https://x.com/undefined/status/1851903762396561830;1,51679E+18;
1,8519E+18;Thu Oct 31 08:26:26 +0000 2024;0;HAH INDOMIE WITH NEWJEANS??? OMG!!;1,8519E+18;;;en;;0;0;0;https://x.com/undefined/status/1851903544762544537;1,3358E+18;
1,8519E+18;Thu Oct 31 08:26:19 +0000 2024;1;You can see his excitement through his body language. @NewJeans_ADOR beyond standards! #NewJeans_Indomie;1,8519E+18;;;en;;0;0;0;https://x.com/undefined/status/1851903517214282161;1,21347E+18;
1,8519E+18;Thu Oct 31 08:20:00 +0000 2024;0; NewJeans appointed as global brand ambassadors for INDOMIE -&gt;;;;;;;;;;;
1,8519E+18;Thu Oct 31 08:17:29 +0000 2024;0;newjeans should try abang adek indomie super spicy ;1,8519E+18;;;en;;0;0;0;https://x.com/undefined/status/1851901293499158614;406076569;
1,8519E+18;Thu Oct 31 08:09:57 +0000 2024;0;Damn. Indomie paid more than Samyang to get NewJeans;1,8519E+18;;;en;;0;0;0;https://x.com/undefined/status/1851899396159377504;95571855;
1,8519E+18;Thu Oct 31 08:09:04 +0000 2024;0;KPop girl group NewJeans the new global brand ambassadors of Indonesia's iconic instant noodle brand Indomie https://t.co/0rNk982UFo;1,8519E+18;;;en;;2;1;0;https://x.com/undefined/status/1851899175149138156;27404490;
