conversation_id_str;created_at;favorite_count;full_text;id_str;image_url;in_reply_to_screen_name;lang;location;quote_count;reply_count;retweet_count;tweet_url;user_id_str;username
1,86204E+18;Thu Nov 28 07:50:00 +0000 2024;1;It's an Indomie NewJeans train! #IndomieXNewJeans;1,86204E+18;;;en;;0;0;0;https://x.com/undefined/status/1862041238456971647;1,49948E+18;
1,8618E+18;Wed Nov 27 16:10:51 +0000 2024;0;@Sourireth Indomie fiery chicken-nya NewJeans ituuu! :3;1,8618E+18;;;en;;0;0;0;https://x.com/undefined/status/1861804890202488832;3254456648;
1,86142E+18;Wed Nov 27 10:51:31 +0000 2024;0;@nakdararindu @Indomielovers You should provide these Indomie x NewJeans variant in Malaysia too. Many people want to hunt for it;1,86172E+18;;nakdararindu;en;;0;0;0;https://x.com/undefined/status/1861724530802323562;1,83715E+18;
1,86146E+18;Tue Nov 26 17:02:16 +0000 2024;0;indomie fiery chickin is the best flavor from the newjeans series;1,86146E+18;;;en;;0;0;0;https://x.com/undefined/status/1861455441265578378;1,26475E+18;
1,86105E+18;Mon Nov 25 14:14:59 +0000 2024;0;While boiling my indomie newjeans https://t.co/74CAeiGNaA;1,86105E+18;https://pbs.twimg.com/media/GdPH-rLaEAAutnF.jpg;;en;;0;1;0;https://x.com/undefined/status/1861050958610108648;1,63171E+18;
1,86071E+18;Sun Nov 24 15:57:34 +0000 2024;32;making indomie at 3AM challenge with the free noodles newjeans gave me i wonder if newjeans will spawn!!!! https://t.co/W5EDtR5b8k;1,86071E+18;https://pbs.twimg.com/media/GdKV3IxaQAA1h8h.jpg;;en;;1;1;1;https://x.com/undefined/status/1860714385263788302;8,1087E+17;
1,86031E+18;Sun Nov 24 15:02:41 +0000 2024;0;@sheenapepito @prodjhn the same sounds of the newjeans music for the indomie brand is very strange;1,8607E+18;;sheenapepito;en;;0;1;0;https://x.com/undefined/status/1860700574297027003;1,7919E+18;
1,86E+18;Sun Nov 24 14:40:58 +0000 2024;0;@Indomielovers @NewJeans_ADOR indomie the GOAT noodle brand;1,8607E+18;;Indomielovers;en;;0;0;0;https://x.com/undefined/status/1860695110163542225;1,08478E+18;
1,86058E+18;Sun Nov 24 07:49:40 +0000 2024;52;@pradalit Yup - Knowing Bros was back in May. I'm sure you seen the Indomie thing in the feed already? And brands like Plz Project only have comments turned off on posts that have the outfits Illit wore (no other posts with comments turned off). https://t;1,86059E+18;;pradalit;en;;2;1;0;https://x.com/undefined/status/1860591599664701772;1,83932E+18;
1,86055E+18;Sun Nov 24 05:10:26 +0000 2024;0;I'm gonna go against the grain and say that I don't think Illit copied the NewJeans Indomie song. This just further exemplifies the core issue of the group;;;;;;;;;;;
1,86052E+18;Sun Nov 24 03:22:43 +0000 2024;1;@Geri911 The producer is @_mardial_ who created the indomie x newjeans jingle tweeted about it. They have produced various jingles and songs. Idk who you are calling pathetic you are just making tokki look bad.;1,86052E+18;;Geri911;en;;0;2;0;https://x.com/undefined/status/1860524420630028656;1,79915E+18;
1,86016E+18;Sat Nov 23 16:16:50 +0000 2024;1;@yunahrunext Hybe even stealing Indomie/Newjeans ad song and their illiterate ratmy and fearful fandoms will eat it up.;1,86036E+18;;yunahrunext;en;;0;0;0;https://x.com/undefined/status/1860356844977320010;1638559129;
1,86032E+18;Sat Nov 23 14:45:15 +0000 2024;0;@turohoka It's more of Newjeans x indomie remix. Stop the denial.;1,86033E+18;;turohoka;en;;0;1;0;https://x.com/undefined/status/1860333797671338497;1,82439E+18;
1,86031E+18;Sat Nov 23 14:02:00 +0000 2024;1;@roseanneontop im not talking abt their recent releases tho. Cherish my love and tiktak are diff from newjeans but this one is just a copy of their indomie backtrack idk why belift is so shameless using the blueprint from mhj hope they have their own crea;1,86032E+18;;roseanneontop;en;;0;0;0;https://x.com/undefined/status/1860322914723041327;1,73064E+18;
1,86032E+18;Sat Nov 23 13:54:10 +0000 2024;0;You mean born to be copy?? This is newjeans indomie ad song ;1,86032E+18;;;en;;0;0;0;https://x.com/undefined/status/1860320941299179629;1,45575E+18;
1,86016E+18;Sat Nov 23 12:11:04 +0000 2024;1;@yunahrunext the Indomie x NewJeans sound was even created by Indonesian musicians and you can easily copycat it. illiterate so disgusting ;1,86029E+18;;yunahrunext;en;;0;0;0;https://x.com/undefined/status/1860294997616263326;1,44315E+18;
1,86E+18;Sat Nov 23 11:36:18 +0000 2024;0;@Indomielovers @NewJeans_ADOR i love you indomie;1,86029E+18;;Indomielovers;en;;0;0;0;https://x.com/undefined/status/1860286245538042336;1,84038E+18;
1,86016E+18;Sat Nov 23 11:27:36 +0000 2024;71;@yunahrunext @Indomielovers look what indomie and NewJeans made impact to Kpop industry NewJeans paved the way ️‍;1,86028E+18;;yunahrunext;en;;0;5;1;https://x.com/undefined/status/1860284056773988846;707491777;
1,86028E+18;Sat Nov 23 11:17:35 +0000 2024;8;newjeans x Indomie song omg;1,86028E+18;;;en;;0;1;0;https://x.com/undefined/status/1860281536639008768;1,33105E+18;
1,86E+18;Fri Nov 22 16:44:35 +0000 2024;0;@Indomielovers @NewJeans_ADOR Indomie x NewJeans the best ;1,86E+18;;Indomielovers;en;;0;0;0;https://x.com/undefined/status/1860001442851094810;1,83715E+18;
1,86E+18;Fri Nov 22 16:44:30 +0000 2024;52;Indomie treat NewJeans way better than current Ador ️‍ Please make Indofood entertainment and take over NewJeans from that sh*t label;1,86E+18;;;en;;0;0;1;https://x.com/undefined/status/1860001419279106410;1487418937;
1,86E+18;Fri Nov 22 16:44:20 +0000 2024;0;@Indomielovers @NewJeans_ADOR Oh my Good Thank you so much Indomie;1,86E+18;;Indomielovers;en;;0;0;0;https://x.com/undefined/status/1860001377638055993;1,83715E+18;
1,86E+18;Fri Nov 22 16:40:25 +0000 2024;69;@Indomielovers @NewJeans_ADOR Thanks u Indomie for sp NewJeans ;1,86E+18;;Indomielovers;en;;0;0;0;https://x.com/undefined/status/1860000392551227716;1,65963E+18;
1,86E+18;Fri Nov 22 16:33:12 +0000 2024;29;@Indomielovers @NewJeans_ADOR I'm from Thailand. Please expand more distribution channels in this country. I saw nabeti in the CVS channel called 7-11 but this retailer still lags of Indomie. I can ensure you that Thai consumers consume many instant noodl;1,86E+18;;Indomielovers;en;;0;1;0;https://x.com/undefined/status/1859998575666823645;1,7564E+18;
1,85987E+18;Fri Nov 22 08:18:31 +0000 2024;2;Unboxing our Indomie Mi Goreng x NewJeans PR Kit Super cute just like their newest ambassador NewJeans @NewJeans_ADOR To enjoy more of Indomie Mi Goreng products go and check out @Indomielovers here #OhMyGoodItsIndomie #IndomieMyFavorite #SarapFeelings #뉴진스 https://t.co/zWJlYDmZsw;1,85987E+18;https://pbs.twimg.com/ext_tw_video_thumb/1859874044210028544/pu/img/zyJgMuPNO_qVU9gh.jpg;;en;;0;0;0;https://x.com/undefined/status/1859874087247733103;1,1129E+18;
1,8591E+18;Wed Nov 20 05:22:51 +0000 2024;0;@PoppyKPoppie How's about newjeans brand deals? Especially indomie cuz they announced it not even in a month yet;1,85911E+18;;PoppyKPoppie;en;;0;0;0;https://x.com/undefined/status/1859105103200096759;1,83027E+18;
1,8588E+18;Tue Nov 19 09:05:38 +0000 2024;7;#NewJeans is Indomie s latest global ambassador. So cool. I am waiting for a coffee company to engage them and sell . . . . . . NewBeans. https://t.co/nfzEmmYvm5;1,8588E+18;https://pbs.twimg.com/media/GcvHox9bcAQR_Ut.jpg;;en;;0;0;0;https://x.com/undefined/status/1858798779367125359;574253;
1,85857E+18;Mon Nov 18 18:05:57 +0000 2024;3;NewJeans is the new face of Indomie! The K-pop group partners with the iconic noodle brand. #NewJeans #Indomie https://t.co/rlhTkqTozQ;1,85857E+18;https://pbs.twimg.com/media/Gcr5p-QXgAEojF6.jpg;;en;;0;0;0;https://x.com/undefined/status/1858572365187211494;1,1445E+18;
1,85857E+18;Mon Nov 18 17:41:44 +0000 2024;2;Who doesn't love ramen? NewJeans has just teamed up with Indomie to bring a new twist to the noodle game. https://t.co/jX5I5Vh0AI;1,85857E+18;;;en;;0;0;1;https://x.com/undefined/status/1858566270490165305;3909725952;
1,85855E+18;Mon Nov 18 16:31:27 +0000 2024;3;remind me to try that newjeans indomie tmr;1,85855E+18;;;en;;0;0;0;https://x.com/undefined/status/1858548586965086574;1,20423E+18;
1,85854E+18;Mon Nov 18 15:37:44 +0000 2024;2164;K-Pop group NewJeans joins iconic noodle brand Indomie as their latest global ambassador ⁠ https://t.co/hmX0kWWHpw;1,85854E+18;https://pbs.twimg.com/media/GcrXsbcWgAA4v5C.jpg;;en;;10;9;414;https://x.com/undefined/status/1858535065803702330;18286505;
1,8583E+18;Sun Nov 17 23:57:01 +0000 2024;0;the way newjeans got me eating indomie and pepero;1,8583E+18;;;en;;0;0;0;https://x.com/undefined/status/1858298329245098199;1,08389E+18;
1,85784E+18;Sun Nov 17 11:44:46 +0000 2024;0;@Indomielovers @NewJeans_ADOR I'm going to buy lots of indomie!;1,85811E+18;;Indomielovers;en;;0;0;0;https://x.com/undefined/status/1858114049835450572;1,62431E+18;
1,85745E+18;Sun Nov 17 11:22:56 +0000 2024;0;@Volsbeat Mau indomie x newjeans please.;1,85811E+18;;Luthersford;en;;0;1;0;https://x.com/undefined/status/1858108555468869800;1,55842E+18;
1,85808E+18;Sun Nov 17 09:47:17 +0000 2024;0;Oh ini campaign indomie newjeans sampe Vietnam?;1,85808E+18;;;en;;0;0;0;https://x.com/undefined/status/1858084486275358835;1,39378E+18;
1,85805E+18;Sun Nov 17 09:46:48 +0000 2024;0;@iseauseamee Happy NewJeans Indomie Bunnies Day ;1,85808E+18;;iseauseamee;en;;0;0;0;https://x.com/undefined/status/1858084363340218720;1,51679E+18;
1,85806E+18;Sun Nov 17 09:05:05 +0000 2024;0;Gosh.. what a surprise! Nice upbeat song.. almost there. Don't worry Nj. I'll be there with hot water n Indomie. I wonder what Wendy &amp;;;;;;;;;;;
1,85784E+18;Sun Nov 17 07:51:44 +0000 2024;0;@Indomielovers @NewJeans_ADOR Thank you for the support!! I'm buying indomie and it's going to be a monthly subscription as long as newjeans or whatever their name is in the future is your endorser. ;1,85806E+18;;Indomielovers;en;;0;0;0;https://x.com/undefined/status/1858055408314646570;1,79445E+18;
1,85805E+18;Sun Nov 17 07:34:48 +0000 2024;2;indomie treating newjeans BETTER than the whole fuckass label;1,85805E+18;;;en;;0;0;0;https://x.com/undefined/status/1858051146570674189;2397225133;
1,85784E+18;Sat Nov 16 17:39:47 +0000 2024;71;@Indomielovers @NewJeans_ADOR Thank you so much please show your support indomie selaraku https://t.co/wkuX8fEu7d;1,85784E+18;https://pbs.twimg.com/tweet_video_thumb/Gchgir7WcAAKqjf.jpg;Indomielovers;en;;0;0;0;https://x.com/undefined/status/1857841004629397891;1,33559E+18;
1,85781E+18;Sat Nov 16 17:33:25 +0000 2024;1;@Timetotwice99 https://t.co/0bIisrGnLG Guys rt and like this Indomie congratulated newjeans for winning the award;1,85784E+18;;Tokki_ik;en;;0;0;0;https://x.com/undefined/status/1857839405341487277;1,80039E+18;
1,85776E+18;Sat Nov 16 12:15:59 +0000 2024;0;Seriously this is so depressing why did no one tell me abt the NewJeans x indomie pop up event at Aeon;1,85776E+18;;;en;;0;0;0;https://x.com/undefined/status/1857759517590921433;1,5682E+18;
1,85765E+18;Sat Nov 16 04:46:47 +0000 2024;2;Guys because of NewJeans have collaboration with Indomie let's help this brand won best advertisement on SCTV Awards 2024. So easy just like this post Thanks https://t.co/nw9raQKJv2;1,85765E+18;;;en;;1;0;2;https://x.com/undefined/status/1857646475028918350;1487418937;
1,85758E+18;Sat Nov 16 00:25:48 +0000 2024;4;i got a newjeans indomie ad on insta yay https://t.co/9ZGOYRmTKS;1,85758E+18;https://pbs.twimg.com/media/Gcdz4jSW8AA8vq_.jpg;;en;;0;0;0;https://x.com/undefined/status/1857580793649828092;1,75758E+18;
1,85755E+18;Fri Nov 15 22:15:02 +0000 2024;6;No NewJeans Indomie or Pepero in my local H Mart. I'm so disappointed https://t.co/7icULxdukq;1,85755E+18;https://pbs.twimg.com/media/GcdV7KUaMAIhZyb.jpg;;en;;0;1;0;https://x.com/undefined/status/1857547886738944022;1,49948E+18;
1,85675E+18;Fri Nov 15 09:27:58 +0000 2024;0;@diorkitty_0515 Not necessary so @Ntmasr12. The criteria in choosing NewJeans as SK Ambassador by the minister is about the same why Elle Chanel Dior Pepero Indomie selected them. Global or local impact &amp;;;;;;;;;;;
1,85731E+18;Fri Nov 15 06:49:10 +0000 2024;0;NewJeans x Indomie Le Sserafim x Manchester United Meanwhile ada yg collabnya sama wafer not cool for the IT girls;1,85731E+18;;;en;;0;0;0;https://x.com/undefined/status/1857314884809265157;1,77951E+18;
1,85702E+18;Thu Nov 14 11:27:14 +0000 2024;1;just tried the indomie fiery chikin flavor... man NewJeans should've bagged a deal with mie sedaap instead cuz their korean spicy chicken is so good;1,85702E+18;;;en;;0;1;0;https://x.com/undefined/status/1857022475952906243;1,72973E+18;
1,85697E+18;Thu Nov 14 07:39:19 +0000 2024;2;Omo newjeans indomie pop up store omgg https://t.co/ZFoRl3lwEk;1,85697E+18;https://pbs.twimg.com/media/GcVD63vWwAAdUXw.jpg;;en;;0;2;0;https://x.com/undefined/status/1856965116778221771;1954237134;
1,85673E+18;Wed Nov 13 16:19:39 +0000 2024;15;we love you newjeans x indomie https://t.co/ct4MMyVEkb;1,85673E+18;https://pbs.twimg.com/media/GcRxcFrawAAVN_x.jpg;;en;;0;1;2;https://x.com/undefined/status/1856733676849254853;1,79545E+18;
1,85657E+18;Wed Nov 13 05:35:00 +0000 2024;2;Korean netizens raised a complaint against Indomie an Indonesian noodle company that recently chose #NewJeans as its brand ambassador for allegedly tricking consumers into believing its products are made in Korea by writing ramyeon in hangul. https://t.co/V4HO20GB2k;1,85657E+18;;;en;;1;0;0;https://x.com/undefined/status/1856571442604974320;117366846;
1,85654E+18;Wed Nov 13 03:21:33 +0000 2024;5;Whistleblower submits complaint about NewJeans' Indomie commercial to the KIPO for fear of confusing locals about the origin of the product https://t.co/auQK8Wx0yI https://t.co/k4yhptW1fq;1,85654E+18;https://pbs.twimg.com/media/GcO_V3kbAAA47eX.jpg;;en;;11;1;0;https://x.com/undefined/status/1856537859530137853;1,08151E+18;
1,85468E+18;Tue Nov 12 15:15:51 +0000 2024;0;@Haqniy @Haknipham What? Indomie x Newjeans? Bro please i can't handle so much calories.;1,85636E+18;;Haqniy;en;;0;0;0;https://x.com/undefined/status/1856355231724122416;2167663298;
1,85629E+18;Tue Nov 12 13:51:21 +0000 2024;0;@breadsaz Oh my Good its Indomie newjeans knows how to make good ads cuz I got this music and catchy phrase stocking in my head since his release;1,85633E+18;;breadsaz;en;;0;0;0;https://x.com/undefined/status/1856333968540410302;1,69816E+18;
1,85593E+18;Tue Nov 12 12:59:28 +0000 2024;0;@nakdararindu finally after tokyo dome I wanted to bring you newjeans indomie but I saw you already had some;1,85632E+18;;nakdararindu;en;;0;1;0;https://x.com/undefined/status/1856320909273100623;1,73633E+18;
1,85628E+18;Tue Nov 12 10:07:20 +0000 2024;0;WAKE UPPPP NEWJEANS X INDOMIE ⁉️⁉️⁉️⁉️⁉️⁉️⁉️⁉️⁉️⁉️⁉️⁉️⁉️⁉️;1,85628E+18;;;en;;0;1;0;https://x.com/undefined/status/1856277591482843492;1,49534E+18;
1,85593E+18;Tue Nov 12 04:58:13 +0000 2024;0;@catzkang @NewJeans_ADOR @Indomielovers I want to try K-roseeeee #OhMyGoodItsIndomie;1,8562E+18;;catzkang;en;;0;0;0;https://x.com/undefined/status/1856199800427032863;1,79905E+18;
1,85599E+18;Mon Nov 11 23:15:01 +0000 2024;4;@cato_o_o It's actually so crazy that they're willing to go against brands like apple shinhan bank(?) (Sorry I kinda forgot the name) and now indomie just to defame Newjeans.;1,85611E+18;;cato_o_o;en;;0;0;0;https://x.com/undefined/status/1856113432552190173;1,12613E+18;
1,85562E+18;Mon Nov 11 22:57:13 +0000 2024;1;@PaperDoll127 @KatenKth @wonbinlvrs Like even with newjeans out of brand rep they just scored another cf for indomie you re really slow I can t lmao. Riize also had the best selling seasons greetings they ll be fine the fans who actually buy shit are here;1,85611E+18;;Astur__85;en;;0;1;0;https://x.com/undefined/status/1856108953064653287;1,74193E+18;
1,85605E+18;Mon Nov 11 19:11:50 +0000 2024;1;i got #newjeans indomie.. https://t.co/OUmFf7PMjk;1,85605E+18;https://pbs.twimg.com/media/GcIFjJJasAI5w6S.jpg;;en;;0;0;0;https://x.com/undefined/status/1856052229897367569;1,48733E+18;
1,856E+18;Mon Nov 11 16:31:32 +0000 2024;0;@attonry @Indomielovers i don t live in east or south asia do you think the indomie x newjeans flavors will be global/ or just regional?;1,85601E+18;;attonry;en;;0;1;0;https://x.com/undefined/status/1856011891144827296;1,42963E+18;
1,856E+18;Mon Nov 11 15:36:50 +0000 2024;373;Congratulations newjeans for having the biggest brand deal And making those Haters are mad again Indomie selaraku https://t.co/cvysjTYhJE;1,856E+18;https://pbs.twimg.com/media/GcHUdBpXcAAI_QP.jpg;;en;;0;4;55;https://x.com/undefined/status/1855998127167119583;1,33559E+18;
1,85599E+18;Mon Nov 11 15:08:11 +0000 2024;199;This is so true. Indomie Korean Ramyeon complaint is so fake and media play. Guess all Korean companies using names like Indo Curry Nagasaki Jjampong Paris Baguette are all doomed too. Why aren t they going after them again too? Because it is not NewJeans related.;1,85599E+18;;;en;;0;1;51;https://x.com/undefined/status/1855990914050674698;8,36967E+17;
1,85599E+18;Mon Nov 11 14:53:32 +0000 2024;8;@pannchoa A whistleblower raises concerns to KIPO over NewJeans Indomie commercial fearing it may mislead viewers about the products origin;1,85599E+18;;pannchoa;en;;0;0;0;https://x.com/undefined/status/1855987228024992018;1,56703E+18;
1,85599E+18;Mon Nov 11 14:48:33 +0000 2024;553;Whistleblower submits complaint about NewJeans' Indomie commercial to the KIPO for fear of confusing locals about the origin of the product https://t.co/pxlOzm7uHi https://t.co/IHlkBq2ZAk;1,85599E+18;https://pbs.twimg.com/media/GcHJNwSWwAA9SLr.png;;en;;172;49;48;https://x.com/undefined/status/1855985976402948307;2919019624;
1,85596E+18;Mon Nov 11 13:20:52 +0000 2024;445;Reverse viral against Shinhan Financial Coca Cola Apple and now Indomie as NewJeans are actively promoting them. Hmm Making enemies against global behemoths (including NewJeans) is not a good move. Pride jealousy and envy will be the downfall of those that are doing it.;1,85596E+18;;;en;;0;3;114;https://x.com/undefined/status/1855963907296276829;8,36967E+17;
1,85596E+18;Mon Nov 11 12:55:08 +0000 2024;2;NewJeans-endorsed Indomie's 'Korean Ramen' sparks both popularity and controversy. Patent Office raises concerns about misleading local consumers. https://t.co/9g7OyUrpWF https://t.co/FIv1AVp72x;1,85596E+18;https://pbs.twimg.com/media/GcGvYoTXkAApKZc.jpg;;en;;0;0;0;https://x.com/undefined/status/1855957433895538813;1,85166E+18;
1,85593E+18;Mon Nov 11 11:21:11 +0000 2024;0;@catzkang @NewJeans_ADOR @Indomielovers k rozeee ofc! #OhMyGoodItsIndomie;1,85593E+18;;catzkang;en;;0;0;0;https://x.com/undefined/status/1855933787294900319;9,80364E+17;
1,85593E+18;Mon Nov 11 11:17:37 +0000 2024;532;GIVEAWAY ‼️ 3 BIG BOXES OF INDOMIE (KOREAN VERSION) 1. Indonesian Tokkis Only 2. RT + LIKES 3. Reply which flavor do you want to try! #NewJeansXIndomie @NewJeans_ADOR @Indomielovers https://t.co/7BqQMCdUTI;1,85593E+18;https://pbs.twimg.com/media/GcGZHwgbUAAxwYV.jpg;;en;;10;175;198;https://x.com/undefined/status/1855932889617272872;1,48443E+18;
1,8559E+18;Mon Nov 11 09:13:34 +0000 2024;29;An issue raised recently in Korea regarding the use of Korean Ramen name in Indomie newest product with #NewJeans as the brand ambassador. 1. The use Ramen (which is usually used for Japanese products) as English spelling instead of Ramyeon . . 2. Trademark controversy and https://t.co/oAvtZIxcoe;1,8559E+18;https://pbs.twimg.com/media/GcF8o86XoAAgmNG.png;;en;;23;0;7;https://x.com/undefined/status/1855901674361020455;92476849;
1,85579E+18;Mon Nov 11 06:57:39 +0000 2024;0;@dearphamni My sister friend who works near the Indomie tower buy a lot of noodles pack and she gave it to my sister. My sister knows that I love NewJeans and gave it to me ;1,85587E+18;;dearphamni;en;;0;1;0;https://x.com/undefined/status/1855867467421376629;1,09242E+18;
1,85586E+18;Mon Nov 11 06:13:00 +0000 2024;0;Bikin indomie newjeans ah;1,85586E+18;;;en;;0;0;0;https://x.com/undefined/status/1855856231749157159;8,06424E+17;
1,85579E+18;Mon Nov 11 01:43:16 +0000 2024;3;NewJeans X Indomie looks cute with my Simpsons https://t.co/QaxEVXBKTT;1,85579E+18;https://pbs.twimg.com/media/GcEVq2RbMAASFz7.jpg;;en;;0;1;0;https://x.com/undefined/status/1855788349786861687;1,09242E+18;
1,85551E+18;Sun Nov 10 07:02:07 +0000 2024;0;aespa nabati newjeans indomie indo is winning yall ‍↔️‍↔️‍↔️;1,85551E+18;;;en;;0;0;0;https://x.com/undefined/status/1855506205978112343;9,47875E+17;
1,85542E+18;Sun Nov 10 06:52:36 +0000 2024;1;@catzkang Not in every indomaret has indomie x newjeans ;1,8555E+18;;catzkang;en;;0;0;0;https://x.com/undefined/status/1855503808283189462;1,62853E+18;
1,85517E+18;Sat Nov 09 08:32:04 +0000 2024;0;this newjeans indomie is so spicy for me helppp;1,85517E+18;;;en;;0;0;0;https://x.com/undefined/status/1855166453080900032;8,24515E+17;
1,85501E+18;Fri Nov 08 22:17:58 +0000 2024;6;i got indomie x newjeans ad while watching minji's vlog lol https://t.co/sMcbWFa6HY;1,85501E+18;https://pbs.twimg.com/media/Gb5Tf9WbwAAZ24L.jpg;;en;;0;0;0;https://x.com/undefined/status/1855011908195434890;1,79545E+18;
1,85483E+18;Fri Nov 08 13:12:51 +0000 2024;11;Stayed for 15 more mins led board kept playing the NewJeans Indomie ad here every 3 minutes now must be a newly added cf swear to god I did not see this during my first days #2024MAMAVOTE #NewJeans https://t.co/nT8PrOCXWx;1,85487E+18;https://pbs.twimg.com/ext_tw_video_thumb/1854874699547000837/pu/img/r75eheeJMc0RwH4A.jpg;njzallday;en;;0;0;2;https://x.com/undefined/status/1854874726566707517;971383616;
1,85487E+18;Fri Nov 08 12:34:29 +0000 2024;0;went to the mall where the newjeans indomie pop up is at and it s not there anymore https://t.co/2TQx3UQ6ke;1,85487E+18;https://pbs.twimg.com/tweet_video_thumb/Gb3N8xBbwAQYiBO.jpg;;en;;0;0;0;https://x.com/undefined/status/1854865073715790109;1,5128E+18;
1,85413E+18;Wed Nov 06 11:45:27 +0000 2024;7;newjeans indomie ad at central station in sydney https://t.co/krsCSCZpPd;1,85413E+18;https://pbs.twimg.com/amplify_video_thumb/1854127893385035776/img/2lORhaXVBt9H6uPC.jpg;;en;;0;0;2;https://x.com/undefined/status/1854127955695579556;2807611212;
1,85408E+18;Wed Nov 06 08:29:24 +0000 2024;17;Hey K-buddies! We re here at the Glorietta Activity Center for the Indomie Mi Goreng Philippines Oh My Good Pop-Up! store Join us for fun activities exclusive photo spots and special merch! See you here! #OhMyGoodItsIndomie #IndomieMyFavorite #SarapFeelings #NewJeans https://t.co/j0oKK34UxZ;1,85408E+18;https://pbs.twimg.com/ext_tw_video_thumb/1854077126699540480/pu/img/FFil8Kx-JJWytADF.jpg;;en;;1;2;4;https://x.com/undefined/status/1854078620589076545;1,51457E+18;
1,85406E+18;Wed Nov 06 07:08:01 +0000 2024;1;yayy finally got these indomie x newjeans series https://t.co/z2d3OgEIRB;1,85406E+18;https://pbs.twimg.com/media/GbrwC32aIAATpBJ.jpg;;en;;0;0;0;https://x.com/undefined/status/1854058138070323678;1,70031E+18;
1,85401E+18;Wed Nov 06 03:59:24 +0000 2024;1;NewJeans in an IndoMie ad?????;1,85401E+18;;;en;;0;0;0;https://x.com/undefined/status/1854010670821331152;9,83162E+17;
1,854E+18;Wed Nov 06 03:29:06 +0000 2024;1;Omg indomie x newjeans collab? I'm so excited to taste all the flavours;1,854E+18;;;en;;0;0;0;https://x.com/undefined/status/1854003047669936404;1,14481E+18;
1,85391E+18;Tue Nov 05 21:13:17 +0000 2024;176;newjeans for indomie #NewJeans #뉴진스 https://t.co/NpCeyxlvIs;1,85391E+18;https://pbs.twimg.com/media/Gbpn7GUW0AE8YM-.jpg;;en;;0;1;32;https://x.com/undefined/status/1853908467196542981;1,80878E+18;
1,85383E+18;Tue Nov 05 16:05:10 +0000 2024;1;Are NewJeans the ambassadors for Indomie? It s my favorite instant noodle! https://t.co/vHohsVBl8c;1,85383E+18;https://pbs.twimg.com/ext_tw_video_thumb/1853830878373502976/pu/img/vTOtjelcbbcSdXvT.jpg;;en;;0;0;0;https://x.com/undefined/status/1853830927958606098;307817617;
1,85382E+18;Tue Nov 05 15:24:51 +0000 2024;1;indomie newjeans pedas anying https://t.co/Iod8snxwU0;1,85382E+18;https://pbs.twimg.com/media/GboYLIjaoAAtIun.jpg;;en;;0;2;0;https://x.com/undefined/status/1853820781794582636;1,55915E+18;
1,85377E+18;Tue Nov 05 12:11:29 +0000 2024;5;What's your ETA? Our ETA is bound to welcome the newest Global ambassador of Indomie Mi Goreng South Korea's girl next door #NewJeans! @Indomielovers #OhMyGoodItsIndomie #indomiemyfavorite #SarapFeelings #NewJeans #뉴진스 https://t.co/WJK86XGbz0;1,85377E+18;https://pbs.twimg.com/media/Gbnr6zZbsAA6ATO.jpg;;en;;0;0;1;https://x.com/undefined/status/1853772120213614643;1,51457E+18;
1,85377E+18;Tue Nov 05 12:07:12 +0000 2024;0;NewJeans x Indomie Unofficial Photocard Set shopee : callieshops or click the link down below https://t.co/uoOMPhAskn;1,85377E+18;;;en;;0;1;0;https://x.com/undefined/status/1853771041992278048;1,52365E+18;
1,85372E+18;Tue Nov 05 10:40:40 +0000 2024;1;@beuriie @newjeans_loop From indomie instagram;1,85375E+18;;beuriie;en;;0;0;0;https://x.com/undefined/status/1853749266688479347;1,66301E+18;
1,85373E+18;Tue Nov 05 10:21:07 +0000 2024;0;@missujoohyun Indomie newjeans dong;1,85374E+18;;missujoohyun;en;;0;1;0;https://x.com/undefined/status/1853744343338864831;1,25774E+18;
1,85373E+18;Tue Nov 05 09:09:48 +0000 2024;0;NewJeans named global brand ambassador for Indomie #entertainmentnews #borneobulletin #NewJeans #named #global #brand #ambassador #for #Indomie https://t.co/OPjPT5Rs3n;1,85373E+18;;;en;;0;0;1;https://x.com/undefined/status/1853726398860722285;9,96558E+17;
1,85372E+18;Tue Nov 05 09:00:12 +0000 2024;0;#NewJeans x Indomie: A match made in heaven! https://t.co/gVE16bSsGh;1,85372E+18;;;en;;0;0;1;https://x.com/undefined/status/1853723981464969331;1,42247E+18;
1,85368E+18;Tue Nov 05 06:14:20 +0000 2024;3;#NewJeans x Indomie: A match made in heaven! https://t.co/1MbRFDxNdV;1,85368E+18;;;en;;0;0;0;https://x.com/undefined/status/1853682242049958305;1,76022E+18;
1,85368E+18;Tue Nov 05 05:53:25 +0000 2024;0;Open jastip indomie x newjeans https://t.co/eYjjbegHoT;1,85368E+18;;;en;;0;1;0;https://x.com/undefined/status/1853676975564759135;1,76507E+18;
1,85367E+18;Tue Nov 05 05:41:23 +0000 2024;2;Minji​ ahhh~ so​ Pretty #OhMyGoodItsIndomie #Minji​ #NewJeans;1,85367E+18;;;en;;0;0;0;https://x.com/undefined/status/1853673948543938568;1,62915E+18;
1,85367E+18;Tue Nov 05 05:37:17 +0000 2024;2;With NewJeans Indomie aims to introduce a fresh and innovative spirit through the global campaign Oh My Good! It s Indomie . Brought to you by @Indomielovers https://t.co/lMS34ZwnEG https://t.co/lMS34ZwnEG;1,85367E+18;;;en;;0;0;2;https://x.com/undefined/status/1853672917885931885;22594051;
1,85365E+18;Tue Nov 05 04:20:23 +0000 2024;3;Introducing the latest Korea Ramyeon Series by Indomie New Jeans at Gandaria City! #IndomieNewJeans #KoreaRamyeonSeries #SpicyRamyeon #FieryChickin #KRose #GandariaCity #TasteTheHeat #newjeans #indomie https://t.co/aTuhcAMrpe;1,85365E+18;https://pbs.twimg.com/ext_tw_video_thumb/1853653124357201920/pu/img/uvlI1Rm2MaZ_LZCP.jpg;;en;;0;0;2;https://x.com/undefined/status/1853653562125062427;7,20156E+17;
1,85364E+18;Tue Nov 05 03:16:22 +0000 2024;3;Indomie come home to mama #OhMyGoodItsIndomie #NewjeansxIndomie https://t.co/6JJ3GfCvxl;1,85364E+18;https://pbs.twimg.com/media/GblxbxeawAALwRu.jpg;;es;;0;0;0;https://x.com/undefined/status/1853637451992203559;141861463;
1,85349E+18;Mon Nov 04 17:34:29 +0000 2024;0;WTF INDOMIE x NEWJEANS????;1,85349E+18;;;en;;0;0;0;https://x.com/undefined/status/1853491016323756082;1,75956E+18;
1,85345E+18;Mon Nov 04 14:54:28 +0000 2024;1;HONG KONG FUNCTION PLSSSSSSSS My bank &amp;;;;;;;;;;;
1,85345E+18;Mon Nov 04 14:54:14 +0000 2024;1;Indomie Hong Kong launched their page on X just for our girls' promotion Please support! #NewJeansxIndomie #OhMyGoodItsIndomie;1,85345E+18;;;en;;0;0;0;https://x.com/undefined/status/1853450687679754436;1,58038E+18;
1,85344E+18;Mon Nov 04 14:23:21 +0000 2024;473;[Exclusive Content] Indomie brings NewJeans everywhere. Campaign in Taiwan #OhMyGoodItsIndomie #IndomieKoreanSeries #NewJeansxIndomie https://t.co/WrktBwELKl;1,85344E+18;https://pbs.twimg.com/amplify_video_thumb/1853442825251344384/img/38QTK16vzQ4SF_VU.jpg;;en;;4;3;148;https://x.com/undefined/status/1853442916007690722;1,58016E+18;
1,85343E+18;Mon Nov 04 13:25:06 +0000 2024;0;NewJeans from Mczionist to IndoMie. What a move bunnies!! ;1,85343E+18;;;en;;0;0;0;https://x.com/undefined/status/1853428260149043357;67897864;
1,85342E+18;Mon Nov 04 12:40:47 +0000 2024;3;new hair new tee newjeans you and me #NewJeans #NewJeansxIndomie #OhMyGoodItsIndomie https://t.co/QDFTS15EPr;1,85342E+18;https://pbs.twimg.com/media/Gbio7N5agAA3eh_.jpg;;en;;0;0;0;https://x.com/undefined/status/1853417104256508332;1,29026E+18;
1,8534E+18;Mon Nov 04 11:38:31 +0000 2024;7;I got a whole box of indomie and pepero just for newjeans. This is gonna be a monthly subscription now. The things I do for those girls. https://t.co/dOf93sSap9;1,8534E+18;https://pbs.twimg.com/media/GbiayQmasAAPVVU.jpg;;en;;0;0;0;https://x.com/undefined/status/1853401437062988255;1,79445E+18;
1,8534E+18;Mon Nov 04 11:22:19 +0000 2024;1;In case you are wondering what you should eat for dinner;;;;;;;;;;;
1,85331E+18;Mon Nov 04 07:55:21 +0000 2024;6;@jjinjins And damn Indomie should have know better. We're also a religious nation so it's kinda double standard having Newjeans as BA of our biggest noodle brand and the 10th biggest in the world. This is really not a good news.;1,85335E+18;;Listalivia;en;;0;2;0;https://x.com/undefined/status/1853345275659563434;1,46686E+18;
1,85333E+18;Mon Nov 04 06:37:57 +0000 2024;0;@projekmangkrak nyu review indomie newjeans;1,85333E+18;;pretenderngitis;en;;0;1;0;https://x.com/undefined/status/1853325795852439707;1,50292E+18;
1,85332E+18;Mon Nov 04 05:57:19 +0000 2024;2;idk if it s just me but the little jingle for newjeans x indomie campaign has got me moving;1,85332E+18;;;en;;0;0;0;https://x.com/undefined/status/1853315568637735108;1,61235E+18;
1,8533E+18;Mon Nov 04 04:59:34 +0000 2024;111;Wow. NewJeans x Indomie is everywhere. Even in HongDae Seoul. ;1,8533E+18;;;en;;0;0;16;https://x.com/undefined/status/1853301035848147060;8,36967E+17;
1,85326E+18;Mon Nov 04 02:13:48 +0000 2024;7;AHHH Singapore getting Indomie promo on the 8th of Nov!!!! But I swear it's gonna get crowded like crazy but NewJeans is everywhere even in Singapore!!! https://t.co/yVJcUATArC;1,85326E+18;https://pbs.twimg.com/media/GbgZh7obsAA5gMV.jpg;;en;;0;0;2;https://x.com/undefined/status/1853259319745384797;603690239;
1,85324E+18;Mon Nov 04 00:39:04 +0000 2024;2;had to order the newjeans indomie from indonesia ‍ will update xo;1,85324E+18;;;en;;0;0;0;https://x.com/undefined/status/1853235479954546747;1,2284E+18;
1,8532E+18;Sun Nov 03 22:32:50 +0000 2024;721;Indomie playing Hanni phoning live at the NewJeans x Indomie event. https://t.co/j5HvgnPxrY;1,8532E+18;https://pbs.twimg.com/ext_tw_video_thumb/1853061079095734272/pu/img/4VLPqUzml_JGfU_r.jpg;;en;;3;0;73;https://x.com/undefined/status/1853203712224755909;8,36967E+17;
1,85319E+18;Sun Nov 03 21:19:49 +0000 2024;64;NewJeans x Indomie event look so much fun! https://t.co/YH7y8xOq8n;1,85319E+18;;;en;;0;0;6;https://x.com/undefined/status/1853185338153345430;8,36967E+17;
1,85311E+18;Sun Nov 03 16:24:42 +0000 2024;591;[Exclusive Content] Indomie brings NewJeans everywhere. New York version. #OhMyGoodItsIndomie #IndomieKoreanSeries #NewJeansxIndomie https://t.co/slk1Gt3FaR;1,85311E+18;https://pbs.twimg.com/amplify_video_thumb/1853110998561112064/img/tY9aAaJ3AxaSvzsm.jpg;;en;;1;1;181;https://x.com/undefined/status/1853111066869522573;1,58016E+18;
1,85284E+18;Sun Nov 03 14:55:09 +0000 2024;1;@Zanshisuke @dyananest @bearooang I m talking about indomie x newjeans and the relation why army boycott indomie;1,85309E+18;;Zanshisuke;en;;0;0;0;https://x.com/undefined/status/1853088533600469370;1,48443E+18;
1,85307E+18;Sun Nov 03 13:39:07 +0000 2024;6;correction: collaboration Indomie x NewJeans as their Global Brand Ambassador!;1,85307E+18;;DOJIMADRAGONS;en;;0;0;0;https://x.com/undefined/status/1853069398309003462;1,29353E+18;
1,85307E+18;Sun Nov 03 13:37:07 +0000 2024;638;Apparently they re giving free Indomie in TAIPEI 🇹🇼 at Ximending to celebrate the collaboration of Indomie x @NewJeans_ADOR !!! #OhMyGoodItsIndomie #NewJeans #뉴진스 #NewJeans_is_Everywhere #Hanni #Minji #Haerin #Hyein #Danielle https://t.co/zNNFrbvHOj;1,85307E+18;https://pbs.twimg.com/ext_tw_video_thumb/1853068874436194304/pu/img/GzAbhZRJoHzNKlKB.jpg;;en;;11;4;154;https://x.com/undefined/status/1853068893935554613;1,29353E+18;
1,85284E+18;Sun Nov 03 13:30:01 +0000 2024;0;@catzkang does the indomie packet have to have newjeans on it? i told my mum to buy 5 whole packs to show my girls support but theres no newjeans.. IM IN AUSTRALIA ;1,85307E+18;;catzkang;en;;0;0;0;https://x.com/undefined/status/1853067108361596967;1,65157E+18;
1,85307E+18;Sun Nov 03 13:28:17 +0000 2024;11;ROCK WITH YOU VERSI BAND APOTEK TUTUP #OhMyGoodItsIndomie https://t.co/TQRpanVZI0;1,85307E+18;https://pbs.twimg.com/ext_tw_video_thumb/1853066054412693504/pu/img/Ex38lO0vbN81kf7G.jpg;;en;;0;0;0;https://x.com/undefined/status/1853066671650639929;1,26853E+18;
1,85306E+18;Sun Nov 03 13:19:44 +0000 2024;2;Finalllyyy im visit newjeans x Indomie pop up in last day literally the whole whatever I go in Gandaria city NEWJEANS song it's playing everywhere bruh️️ #NewJeans_is_Everywhere @Indomielovers https://t.co/NbcfOngAeX;1,85306E+18;https://pbs.twimg.com/media/GbdoOCDawAAzpX6.jpg;;en;;0;0;0;https://x.com/undefined/status/1853064519964385429;1,36969E+18;
1,85306E+18;Sun Nov 03 13:17:57 +0000 2024;0;Instant noodle brand Indomie announces NewJeans as global brand ambassadors now has Korean ramyeon flavours https://t.co/e8EG6CAARx;1,85306E+18;;;en;;0;0;0;https://x.com/undefined/status/1853064070783709275;44290654;
1,85297E+18;Sun Nov 03 13:10:28 +0000 2024;0;@juioqiu real bejir kaa indomie geprek is just too good i ain't gonna ditch those for sum newjeans shi;1,85306E+18;;juioqiu;en;;0;1;0;https://x.com/undefined/status/1853062187465798052;1,44524E+18;
1,85306E+18;Sun Nov 03 13:07:42 +0000 2024;648;Rewrite the stars Reza ft Hanni gusy #OhMyGoodItsIndomie #Hanni https://t.co/hBWGwg9UwR;1,85306E+18;https://pbs.twimg.com/ext_tw_video_thumb/1853061079095734272/pu/img/4VLPqUzml_JGfU_r.jpg;;en;;9;0;120;https://x.com/undefined/status/1853061491345567808;1,29026E+18;
1,85304E+18;Sun Nov 03 12:00:10 +0000 2024;11;K-pop girl group NewJeans are global ambassadors for instant noodle brand Indomie https://t.co/SBfwxI13GU;1,85304E+18;;;en;;2;1;2;https://x.com/undefined/status/1853044494557397135;37874853;
1,85304E+18;Sun Nov 03 11:36:41 +0000 2024;13;Boycotting Indomie because of having NewJeans as their ambassador is ridiculous. I rather see NewJeans promoting Indomie than Zionists' brands. ;1,85304E+18;;;en;;0;0;0;https://x.com/undefined/status/1853038584875602308;1,53267E+18;
1,85304E+18;Sun Nov 03 11:28:25 +0000 2024;0;Nobody gaf if I should boycott indomie just because NewJeans is the gba indomie slaps and WILL continue to.;1,85304E+18;;;en;;0;0;0;https://x.com/undefined/status/1853036504849011141;1,76711E+18;
1,85303E+18;Sun Nov 03 11:15:05 +0000 2024;0;I've never tried indomie before NewJeans now I do! N let me tell u rn they NEVER disappoint. Where was this before I was broke;1,85303E+18;;;en;;0;0;0;https://x.com/undefined/status/1853033152371147068;1,76711E+18;
1,853E+18;Sun Nov 03 09:03:40 +0000 2024;598;[Exclusive content] Cut version NewJeans x Indomie BTS P/s: i forgot to record the audio :( #OhMyGoodItsIndomie #IndomieKoreanSeries #NewJeansxIndomie https://t.co/Ia1d1aOPyw;1,853E+18;https://pbs.twimg.com/amplify_video_thumb/1852999926688735232/img/hegDJGd54Se6jFMq.jpg;;en;;1;1;105;https://x.com/undefined/status/1853000077666828480;1,58016E+18;
1,85284E+18;Sun Nov 03 08:59:32 +0000 2024;12;@catzkang @vousmevoyez_91 whatt?? serius? boikot indomie gara gara newjeans? i mean arent we happy and proud that these girls are the BA of our beloved local product food;1,853E+18;;catzkang;en;;0;1;0;https://x.com/undefined/status/1852999038553280993;1,64159E+18;
1,853E+18;Sun Nov 03 08:55:59 +0000 2024;346; @Indomielovers x @NewJeans_ADOR at Gandaria City Special clips and NewJeans behind the scene for Indomie #뉴진스 #NewJeans #하니 #Hanni https://t.co/jAIz8XxSxi;1,853E+18;https://pbs.twimg.com/ext_tw_video_thumb/1852997764449525760/pu/img/YywoMncM0d4O_-y7.jpg;;en;;1;0;66;https://x.com/undefined/status/1852998143635575242;7,68007E+17;
1,853E+18;Sun Nov 03 08:52:56 +0000 2024;3;NewJeans (뉴진스) Indomie billboard in Times Square #NewJeans #뉴진스 #HANNI #하니 #ハニ #민지 #MINJI #NewJeans #다니엘 #Danielle #해린 #Haerin https://t.co/KnsQjhHXVH;1,853E+18;https://pbs.twimg.com/ext_tw_video_thumb/1852997226844594176/pu/img/P5lXhaCtIfLeNujh.jpg;;en;;0;0;1;https://x.com/undefined/status/1852997378032435519;1,7707E+18;
1,85297E+18;Sun Nov 03 06:52:52 +0000 2024;6;second flavor: spicy ramyeon ngl i have some reservations bcs it has the word spicy on it but OH WELL im a big girl i can eat spicy food i can i can i can #OhMyGoodItsIndomie #KoreanRamyeonSeries https://t.co/yyFqJEzMrp;1,85297E+18;https://pbs.twimg.com/media/GbcPzwTbIAAPpQz.jpg;;en;;0;1;0;https://x.com/undefined/status/1852967160412618971;1,78341E+18;
1,85295E+18;Sun Nov 03 05:31:05 +0000 2024;4;indomie AND newjeans? bro i ll be eating it everyday from now on;1,85295E+18;;;en;;0;0;0;https://x.com/undefined/status/1852946578736287980;8,73899E+17;
1,85294E+18;Sun Nov 03 05:20:12 +0000 2024;3;Bodoh siapa je nak boikot indomie sebab newjeans?? Bangang ah army ni Like finally kpop ambassador for things that i can actually afford;1,85294E+18;;;en;;0;0;0;https://x.com/undefined/status/1852943840128507935;307661494;
1,85294E+18;Sun Nov 03 05:19:23 +0000 2024;137;Imagine if Indomie added NewJeans name or NewJeans' face on the Indomie packaging that one spesific fandom would scream in fear every time their parents bought a box of Indomie https://t.co/gLNtICBNLp;1,85294E+18;https://pbs.twimg.com/tweet_video_thumb/Gbb6aKHbIAA6MEK.jpg;;en;;0;1;15;https://x.com/undefined/status/1852943637195465038;1,48443E+18;
1,85294E+18;Sun Nov 03 04:48:16 +0000 2024;12;Seeing the rise of more Indonesian commenters/ qrts in every NewJeans content after that Indomie endorsement reveal https://t.co/4kIIOlIyeK;1,85294E+18;https://pbs.twimg.com/tweet_video_thumb/GbbzSjybAAAq4U_.jpg;;en;;0;0;0;https://x.com/undefined/status/1852935804836016209;971383616;
1,85284E+18;Sun Nov 03 04:25:13 +0000 2024;3;@catzkang Even here in the Philippines we have Indomie being sold at grocery store &amp;;;;;;;;;;;
1,85238E+18;Fri Nov 01 15:55:39 +0000 2024;0;newjeans x indomie made my day the melody vibe.. perfect When my mind was all tangled and stressed I m genuinely happy again! ;1,85238E+18;;;en;;0;0;0;https://x.com/undefined/status/1852378983855206891;1,79878E+18;
1,85237E+18;Fri Nov 01 15:14:48 +0000 2024;0;Indomie Taps NewJeans as Global Brand Ambassador https://t.co/3VaqaRGrbd via @MiniMeInsights #indomie #newjeans #indomienewjeans;1,85237E+18;;;en;;0;0;0;https://x.com/undefined/status/1852368700655214709;7,38937E+17;
1,85236E+18;Fri Nov 01 14:44:07 +0000 2024;830;Indomie DIY bucket hats #NewJeans #뉴진스 https://t.co/icsCO16D06;1,85236E+18;https://pbs.twimg.com/amplify_video_thumb/1852360895160004608/img/UIcYPJjuylbW45Qf.jpg;;en;;10;0;102;https://x.com/undefined/status/1852360978039750768;850826515;
1,85236E+18;Fri Nov 01 14:29:58 +0000 2024;389;NewJeans X INDOMIE benefit so cute I'm so jealous https://t.co/FQvUeVAQBc;1,85236E+18;https://pbs.twimg.com/media/GbTlP9jbMAADSaz.jpg;;en;;11;6;70;https://x.com/undefined/status/1852357418094891470;1487418937;
1,85235E+18;Fri Nov 01 14:13:28 +0000 2024;0;Wtf is indomie x newjeans;1,85235E+18;;;en;;0;0;0;https://x.com/undefined/status/1852353267868549614;1,15799E+18;
1,85235E+18;Fri Nov 01 14:09:53 +0000 2024;0;yesterday my dad &amp;;;;;;;;;;;
1,85235E+18;Fri Nov 01 13:51:22 +0000 2024;0;impulsive buying membeli indomie newjeans;1,85235E+18;;;en;;1;0;0;https://x.com/undefined/status/1852347707022778681;1,61803E+18;
1,85234E+18;Fri Nov 01 13:28:41 +0000 2024;8;ok SO first flavor i m gonna try: k-rosé #OhMyGoodItsIndomie #KoreanRamyeonSeries https://t.co/1IOdxvyOvm;1,85234E+18;https://pbs.twimg.com/media/GbTXOgdbcAAPHlv.jpg;;en;;1;1;0;https://x.com/undefined/status/1852341997656580355;1,78341E+18;
1,85234E+18;Fri Nov 01 13:23:51 +0000 2024;0;#whiplash2ndwin indomie newjeans Prilly Latuconsina Rafael Struick MLB WITH YOSHI AND JUNKYU;1,85234E+18;;;en;;0;0;0;https://x.com/undefined/status/1852340781752910005;1,64099E+18;
1,85234E+18;Fri Nov 01 13:11:35 +0000 2024;4;if that indomie x newjeans doesn t reach my country I ll end my shit fr;1,85234E+18;;;en;;0;1;0;https://x.com/undefined/status/1852337691427270921;1,82228E+18;
1,85233E+18;Fri Nov 01 12:38:16 +0000 2024;0;Ok NewJeans please try the Indomie Kotak style and have it after swimming. It's hands down the best way to enjoy Indomie ̀⁠ᴗ⁠-;1,85233E+18;;;en;;0;0;0;https://x.com/undefined/status/1852329308905472412;1,5373E+18;
1,85233E+18;Fri Nov 01 12:29:28 +0000 2024;0;When newjeans said Look it's a new me. Switched it up who's this? in Newjeans (song) they actually meant Look it's a new MIE cause they have a new indomie flavor lmk if that hit ;1,85233E+18;;;en;;0;0;0;https://x.com/undefined/status/1852327094824636802;1,25434E+18;
1,85232E+18;Fri Nov 01 12:09:23 +0000 2024;3;We will do our part @Indomielovers @NewJeans_ADOR #indomie #NewJeans https://t.co/Rhoz1hKdPl;1,85232E+18;https://pbs.twimg.com/media/GbTFD0zbwAAR6s1.jpg;;en;;0;0;0;https://x.com/undefined/status/1852322039060939007;1,37198E+18;
1,85232E+18;Fri Nov 01 11:48:57 +0000 2024;0;Indomie teams up with K-pop sensation NewJeans as global brand ambassadors https://t.co/yUIVg550Dt;1,85232E+18;;;en;;0;0;0;https://x.com/undefined/status/1852316899989958857;1,65942E+18;
1,85232E+18;Fri Nov 01 11:44:03 +0000 2024;8;Never thought there will be a day i'm hearing NewJeans says Indomie seleraku but here we are lmaooo;1,85232E+18;;;en;;0;0;1;https://x.com/undefined/status/1852315665262313519;1,40002E+18;
1,85231E+18;Fri Nov 01 11:32:57 +0000 2024;1;me to indomie since newjeans is the brand ambassador https://t.co/eD6YzoIQB9;1,85231E+18;https://pbs.twimg.com/media/GbS8vCQbsAA-_ba.jpg;;en;;0;6;0;https://x.com/undefined/status/1852312871922978977;1,21416E+18;
1,85231E+18;Fri Nov 01 11:24:22 +0000 2024;180;indomie is really going all out for their newjeans campaign. we cheer! ;1,85231E+18;;;en;;0;1;25;https://x.com/undefined/status/1852310710841463116;1,64286E+18;
1,85231E+18;Fri Nov 01 11:22:24 +0000 2024;33;Finally #광고 #indomie #OhMyGoodItsIndomie #NewJeans #뉴진스 https://t.co/xleGLGZcFI;1,85231E+18;https://pbs.twimg.com/media/GbS6T9fa4AAZOv6.jpg;;en;;0;1;2;https://x.com/undefined/status/1852310215192154448;1487418937;
1,85187E+18;Fri Nov 01 11:05:53 +0000 2024;2;@_mardial_ We got video Hanni NewJeans makan Indomie before GTA 6.;1,85231E+18;;_mardial_;en;;0;0;0;https://x.com/undefined/status/1852306060016828430;58625063;
1,85231E+18;Fri Nov 01 11:03:07 +0000 2024;0;newjeans indomie??;1,85231E+18;;;en;;0;2;0;https://x.com/undefined/status/1852305363414179878;214749519;
1,85227E+18;Fri Nov 01 10:59:27 +0000 2024;84;NEWJEANS EVERYWHERE #OhMyGoodItsIndomie #2024MAMAVOTE #newjeans https://t.co/4OJwFaZhDI;1,8523E+18;https://pbs.twimg.com/ext_tw_video_thumb/1852285135254929409/pu/img/ZAeJgXYEVP7GQYuE.jpg;kangtypooo;en;;0;1;17;https://x.com/undefined/status/1852304441787187662;1,26853E+18;
1,85227E+18;Fri Nov 01 10:57:51 +0000 2024;191;NEWJEANS EVERYWHERE #OhMyGoodItsIndomie #2024MAMAVOTE #newjeans cr: nichodonald on IG https://t.co/p6RzwmnBcV;1,8523E+18;https://pbs.twimg.com/ext_tw_video_thumb/1852303971777761280/pu/img/VLqoTaq4Xjq3QD6S.jpg;kangtypooo;en;;1;1;35;https://x.com/undefined/status/1852304038974619658;1,26853E+18;
1,8523E+18;Fri Nov 01 10:52:54 +0000 2024;5580;HAHAHA NEWJEANS EVERYWHERE! #OhMyGoodItsIndomie https://t.co/WTCuJ11BsL;1,8523E+18;https://pbs.twimg.com/media/GbSzkbNbMAEoNyJ.jpg;;en;;145;36;856;https://x.com/undefined/status/1852302793522270593;9,53734E+17;
1,8523E+18;Fri Nov 01 10:47:27 +0000 2024;10;Haul ️ #indomienewjeans #indomiexnewjeans #OhMyGoodItsIndomie https://t.co/p91Nv32ZTJ;1,8523E+18;https://pbs.twimg.com/media/GbSyUu6aUAAVuat.jpg;;en;;0;1;1;https://x.com/undefined/status/1852301421133316572;4849356450;
1,85229E+18;Fri Nov 01 09:49:57 +0000 2024;0;Oh My Good It's Indomie! Oh My Good It's NewJeans! https://t.co/erRqSd8iXa;1,85229E+18;https://pbs.twimg.com/media/GbSlKmpaAAAciAX.jpg;;en;;0;1;0;https://x.com/undefined/status/1852286951749238883;180240682;
1,85228E+18;Fri Nov 01 09:41:51 +0000 2024;5; Was NOT expecting #NEWJEANS x #INDOMIE! Original flavor will always be superior but ngl super curious about these Korean fusion ones! They look goood! Dinner sorted! Anyone tried them yet?? #WonderfulIndonesia #WonderfulJourney 🇮🇩 https://t.co/2F4Y7DcYOB;1,85228E+18;https://pbs.twimg.com/amplify_video_thumb/1851786784688214018/img/ZoxtJx2M-OtS-dti.jpg;;en;;0;0;0;https://x.com/undefined/status/1852284912541245771;74377194;
1,85228E+18;Fri Nov 01 09:36:09 +0000 2024;0;Let's tryyyy The way i was really quick to reconsider buying this version of indomie bcs of newjeans https://t.co/6I6ts8bH9R;1,85228E+18;https://pbs.twimg.com/media/GbSiAUDbIAAYyMM.jpg;;en;;0;0;0;https://x.com/undefined/status/1852283476638405049;1,71501E+18;
1,85228E+18;Fri Nov 01 09:02:36 +0000 2024;10;Newjeans already everywhere with INDOMIE. #NewjeansxIndomie;1,85228E+18;;;en;;0;0;0;https://x.com/undefined/status/1852275034053599305;1,49198E+18;
1,85227E+18;Fri Nov 01 08:25:14 +0000 2024;0;indomie adain pc newjeans pls;1,85227E+18;;;en;;0;0;0;https://x.com/undefined/status/1852265629111455841;1,32941E+18;
1,85226E+18;Fri Nov 01 08:01:11 +0000 2024;0;Surprise! NewJeans jadi global brand ambassador Indomie Korean Ramyeon Series. #kumparanFOOD #newsupdate https://t.co/dCeCfEHiI8;1,85226E+18;;;en;;0;0;0;https://x.com/undefined/status/1852259576693055754;7,59693E+17;
1,85225E+18;Fri Nov 01 07:27:01 +0000 2024;0;Curious why this new flavor stands out from the rest? Because every bite takes you to a new level! Don t just listen to the hype try it yourself! @indomielovers #광고 #indomie #OhMyGoodItsIndomie #NewJeans #뉴진스;1,85225E+18;;;en;;0;0;0;https://x.com/undefined/status/1852250978956828720;1,80812E+18;
1,85225E+18;Fri Nov 01 07:20:07 +0000 2024;0;Indomie s collaboration with @NewJeans_ADOR is a key part of its global expansion through the Oh My Good! It s Indomie campaign designed to captivate younger audiences around the world. #marketing #globalcampaign #brandambassador https://t.co/b8b2rZCKrh;1,85225E+18;;;en;;0;0;0;https://x.com/undefined/status/1852249244348145909;1,282E+18;
1,85225E+18;Fri Nov 01 07:08:01 +0000 2024;0;#OhMyGoodItsIndomie click on this guys its so cute;1,85225E+18;;;en;;0;0;0;https://x.com/undefined/status/1852246200080101588;1,61319E+18;
1,85224E+18;Fri Nov 01 06:37:26 +0000 2024;17;Oh My Good!!! Indomie ga pernah gagal selalu menjadi indomie seleraku!!! New experince from @Indomielovers and @officialkvibes thank u for the opportunity!! #OhMyGoodItsIndomie #IndomieKoreanSeries https://t.co/ovVwkn23nN;1,85224E+18;https://pbs.twimg.com/ext_tw_video_thumb/1852238441918148608/pu/img/cZHXl0ru_46V276J.jpg;;en;;0;0;0;https://x.com/undefined/status/1852238500692922795;1,12618E+18;
1,85223E+18;Fri Nov 01 05:58:13 +0000 2024;0;I'll buy indomie for newjeans pc fr.;1,85223E+18;;;en;;0;0;0;https://x.com/undefined/status/1852228633102065702;1,4398E+18;
1,85217E+18;Fri Nov 01 04:58:35 +0000 2024;0;@kapsoo @NewJeans_twt @nayeonsditto @juantokki @cato_o_o @theletter_Y @newjiram @catzkang @modani_st @talytokki @kittykang06_ @NJBUBBLEGUM @yuijeans @newbrats happily when they see their room without a roof! So Japanese lyricists gotta find another figure;1,85221E+18;;alberttsen03;en;;0;1;0;https://x.com/undefined/status/1852213627736273215;1,58619E+18;
1,85221E+18;Fri Nov 01 04:32:02 +0000 2024;0;ahhh newjeans and indomie;1,85221E+18;;;en;;0;0;0;https://x.com/undefined/status/1852206945907937788;9,23348E+17;
1,8522E+18;Fri Nov 01 04:11:10 +0000 2024;0;brb looking for newjeans indomie and keep the plastic safe and neat;1,8522E+18;;;en;;0;0;0;https://x.com/undefined/status/1852201694026944927;1,20724E+18;
1,85187E+18;Fri Nov 01 04:10:12 +0000 2024;0;@NewJeans_ADOR @Indomielovers is indomie delicious like people said?;1,8522E+18;;NewJeans_ADOR;en;;0;0;0;https://x.com/undefined/status/1852201450832601325;78626345;
1,8522E+18;Fri Nov 01 04:09:05 +0000 2024;0;ohh big hooray for indon people who h4 njs bcs whenever you eat indomie youll think about newjeans;1,8522E+18;;;en;;0;1;0;https://x.com/undefined/status/1852201169524851036;1,20724E+18;
1,8522E+18;Fri Nov 01 04:06:23 +0000 2024;0;jadi kepengen indomie all that bcs i m just that easly-newjeans-fluenced;1,8522E+18;;;en;;0;0;0;https://x.com/undefined/status/1852200489489961196;1,45132E+18;
1,8522E+18;Fri Nov 01 04:00:29 +0000 2024;2;found newjeans indomie ad in jakarta!! https://t.co/PltkJleoAH;1,8522E+18;https://pbs.twimg.com/media/GbRVKHYakAAkdZp.jpg;;en;;0;1;0;https://x.com/undefined/status/1852199003682947397;1,4094E+18;
1,8522E+18;Fri Nov 01 03:52:11 +0000 2024;0;hahhhhhhh newjeans global brand ambassador indomie???? HAHHHHHH;1,8522E+18;;;en;;0;1;0;https://x.com/undefined/status/1852196913589727239;1,61445E+18;
1,8522E+18;Fri Nov 01 03:51:09 +0000 2024;15;Instant noodle brand Indomie announces NewJeans as global brand ambassadors now has Korean ramyeon flavours https://t.co/97gwnJwOiG https://t.co/ygBOPqXoU8;1,8522E+18;https://pbs.twimg.com/media/GbRTCrQbsAAGN2r.jpg;;en;;2;0;7;https://x.com/undefined/status/1852196654612648374;38400130;
1,85219E+18;Fri Nov 01 03:39:53 +0000 2024;2;We ve been keeping this secret for a very long time (proudly without spoiling it too) and it s finally out! NewJeans has become the Global Ambassador of Indomie everyone s favorite/comfort brand of noodle (:P) Can t wait to let you in for more! https://t.co/F0L7oya2ud;1,85219E+18;;;en;;0;0;0;https://x.com/undefined/status/1852193822186574045;1,35356E+18;
1,85185E+18;Fri Nov 01 03:35:47 +0000 2024;0;@newjeans_loop Seeing NJ as Indomie brand ambassador wasn't on my 2024 bingo card;1,85219E+18;;newjeans_loop;en;;0;0;0;https://x.com/undefined/status/1852192789423100004;1,42252E+18;
1,85219E+18;Fri Nov 01 03:14:10 +0000 2024;0;ꪆৎ˚ Hey Indomie lovers! It's us NewJeans and we re SO thrilled to bring our world together with one of the most iconic comfort foods out there. We re teaming up with Indomie to celebrate all the cozy bold flavors that make every meal feel like a moment of joy. 𓍼 ֗ ˖;1,85219E+18;;;en;;0;0;0;https://x.com/undefined/status/1852187349087850867;713848494;
1,85219E+18;Fri Nov 01 03:08:37 +0000 2024;9;So excited to be a part of the launching for Indomie Korean Ramyeon Series dan announce NewJeans as the new global ambassador for Indomie! Thank you @Indomielovers &amp;;;;;;;;;;;
1,85219E+18;Fri Nov 01 03:06:58 +0000 2024;5;newjeans please tell them to bring back indomie sambal matah...;1,85219E+18;;;en;;0;2;0;https://x.com/undefined/status/1852185537723199505;1,72973E+18;
1,85218E+18;Fri Nov 01 02:52:22 +0000 2024;1;@newjeans_loop HAHAH the new combination must be in Indomie now mie goreng danggeun flavor ️ @Indomielovers;1,85218E+18;;newjeans_loop;en;;0;0;0;https://x.com/undefined/status/1852181864141983772;1,36969E+18;
1,85218E+18;Fri Nov 01 02:44:14 +0000 2024;0;OH MY GOOD IT'S INDOMIE #indomie #OhMyGoodItsIndomie;1,85218E+18;;;en;;0;0;0;https://x.com/undefined/status/1852179814708580373;1,57613E+18;
1,85218E+18;Fri Nov 01 02:37:16 +0000 2024;0;˖ ْ ⟆ NewJeans &amp;;;;;;;;;;;
1,85218E+18;Fri Nov 01 02:31:32 +0000 2024;2090;️: Dani you like indomie? Mie goreng or carrot?! : Combined then perfection #뉴진스 #NewJeans #다니엘 #Danielle #ダニエル https://t.co/zVDwfwzQaV;1,85218E+18;https://pbs.twimg.com/media/GbRAzvsboAA8CiP.jpg;;en;;69;17;285;https://x.com/undefined/status/1852176620221829207;1,55953E+18;
1,85218E+18;Fri Nov 01 02:28:06 +0000 2024;90;️: Dani you like indomie? Mie goreng or carrot?! : Combined then perfection #NewJeans #뉴진스 #Danielle #다니얼 https://t.co/XD5o8cJRTx;1,85218E+18;https://pbs.twimg.com/media/GbRACOOakAAsM7M.jpg;;en;;6;0;16;https://x.com/undefined/status/1852175756337779195;850826515;
1,85218E+18;Fri Nov 01 02:27:49 +0000 2024;4;So cute it s raining Indomie #OhMyGoodItsIndomie https://t.co/SWrxr2RrvM;1,85218E+18;https://pbs.twimg.com/amplify_video_thumb/1852175614129954816/img/aoSL5-3nJAei0Y6O.jpg;nadiakhairinas;en;;0;0;0;https://x.com/undefined/status/1852175685936386090;39034953;
1,85217E+18;Fri Nov 01 02:24:20 +0000 2024;0;next week borong indomie newjeans;1,85217E+18;;;en;;0;0;0;https://x.com/undefined/status/1852174807120638281;1,59455E+18;
1,85217E+18;Fri Nov 01 01:58:27 +0000 2024;0;hah indomie x newjeans???????????????;1,85217E+18;;;en;;0;0;0;https://x.com/undefined/status/1852168292863217868;1,7107E+18;
1,85188E+18;Fri Nov 01 01:54:18 +0000 2024;0;@NewJeans_ADOR celebrating Bunnies day with indomie;1,85217E+18;;NewJeans_ADOR;en;;0;0;0;https://x.com/undefined/status/1852167248242217418;1,31295E+18;
1,85216E+18;Fri Nov 01 01:17:09 +0000 2024;0;WHAAAAT??? newjeans and indomie;1,85216E+18;;;en;;0;0;0;https://x.com/undefined/status/1852157900245864465;1,79484E+18;
1,85215E+18;Fri Nov 01 00:55:40 +0000 2024;2;i still cant believe indomie x newjeans is a thing bro bless my chungus life;1,85215E+18;;;en;;0;0;0;https://x.com/undefined/status/1852152493343674419;1,48374E+18;
1,85214E+18;Fri Nov 01 00:22:52 +0000 2024;0;They can afford newjeans but they cant make Indomie salted egg again;1,85214E+18;;;en;;0;0;0;https://x.com/undefined/status/1852144239129563464;1,68712E+18;
1,85214E+18;Thu Oct 31 23:57:02 +0000 2024;0;OMG INDOMIE X NEWJEANS??;1,85214E+18;;;en;;0;0;0;https://x.com/undefined/status/1852137737178194223;1,59053E+18;
1,85187E+18;Thu Oct 31 23:17:38 +0000 2024;0;@NewJeans_ADOR @Indomielovers If i buy indomie can i get Danielle?;1,85213E+18;;NewJeans_ADOR;en;;0;0;0;https://x.com/undefined/status/1852127821336056230;4893724579;
1,8519E+18;Thu Oct 31 22:59:38 +0000 2024;1;@yuijeans @yuujiira Indomie never have foreign celebrity to promote their product this is the 1st time it happens thats why us indonesian bunnies were surprised to find this collab. I m 99% sure Axton use Newjeans for their product because of personal rea;1,85212E+18;;;en;;0;0;0;https://x.com/undefined/status/1852123293811380543;141861463;
1,85211E+18;Thu Oct 31 22:18:51 +0000 2024;0;Korea Selatan eat mie Indomie goreng delicious yes mie goreng 'Hungry likes to eat something else' #NewJeans #NJ delicious so thanks!!;1,85211E+18;;;en;;0;0;0;https://x.com/undefined/status/1852113027870659049;1,39333E+18;
1,85211E+18;Thu Oct 31 22:16:48 +0000 2024;0;So delicious yes mie Indomie from Indonesian New jeans pretty you five new jeans beautiful!! #Newjeans #NJ;1,85211E+18;;;en;;0;0;0;https://x.com/undefined/status/1852112512214540700;1,39333E+18;
1,8519E+18;Thu Oct 31 21:28:04 +0000 2024;22;@yuijeans EAT INDOMIE SUPPORT NEWJEANS YALL;1,8521E+18;;;en;;0;0;0;https://x.com/undefined/status/1852100251227951209;316236354;
1,85208E+18;Thu Oct 31 20:15:19 +0000 2024;0;Indomie teams up with NewJeans for a fresh collab! 'Oh My Good! It's Indomie' campaign is all about youthful energy! https://t.co/hGmoOYmawY;1,85208E+18;;;en;;0;0;0;https://x.com/undefined/status/1852081940624543902;1,78388E+18;
1,85207E+18;Thu Oct 31 19:21:45 +0000 2024;0;Indomie fans rejoice! We re proud to welcome @NewJeans_ADOR as our Global Brand Ambassador! Let s celebrate this delicious partnership together! #OhMyGoodItsIndomie https://t.co/pndeA2qADg;1,85207E+18;https://pbs.twimg.com/media/GbPeZYxakAId58M.jpg;;en;;0;0;0;https://x.com/undefined/status/1852068461763318253;1,80771E+18;
1,85207E+18;Thu Oct 31 19:21:23 +0000 2024;0;Hello Indomie lovers! We are thrilled to announce that @NewJeans_ADOR is now the Global Brand Ambassador for Indomie! Get ready for some exciting collaborations ahead! #OhMyGoodItsIndomie https://t.co/zVed8HcHvA;1,85207E+18;https://pbs.twimg.com/media/GbPeXJ0akAIv_ho.jpg;;en;;0;0;0;https://x.com/undefined/status/1852068369668903132;1,80771E+18;
1,85206E+18;Thu Oct 31 18:53:21 +0000 2024;4;Im happy for newjeans but i feel butterflies in my stomach reading someone called indomie as the biggest noodle in the world;1,85206E+18;;;en;;0;1;0;https://x.com/undefined/status/1852061313394184655;1871164872;
1,85206E+18;Thu Oct 31 18:39:30 +0000 2024;0;indomie original is suckass but newjeans changed my mind i love INDOMIE sm ;1,85206E+18;;;en;;0;0;0;https://x.com/undefined/status/1852057828426682662;1,43171E+18;
1,85205E+18;Thu Oct 31 18:05:22 +0000 2024;0;nice #광고 #indomie #OhMyGoodItsIndomie #NewJeans #뉴진스;1,85205E+18;;;en;;0;0;0;https://x.com/undefined/status/1852049239683273215;1,80771E+18;
1,85205E+18;Thu Oct 31 17:59:27 +0000 2024;0;the tag is so cute #OhMyGoodItsIndomie;1,85205E+18;;;en;;0;0;0;https://x.com/undefined/status/1852047749770076476;1,82224E+18;
1,85204E+18;Thu Oct 31 17:28:42 +0000 2024;1;GOT IT! Indomie Newjeans https://t.co/zJRNuZJal9;1,85204E+18;https://pbs.twimg.com/media/GbPEkh6aUAAEnc4.jpg;;en;;0;1;0;https://x.com/undefined/status/1852040010566111353;261325367;
1,85185E+18;Thu Oct 31 17:21:41 +0000 2024;0;@Indomielovers @NewJeans_ADOR Thank you for letting our NewJeans girls endorse INDOMIE We love INDOMIE ;1,85204E+18;;Indomielovers;en;;0;0;0;https://x.com/undefined/status/1852038243770077225;1,46692E+18;
1,85187E+18;Thu Oct 31 17:21:37 +0000 2024;0;@NewJeans_ADOR @Indomielovers yayyy I love indomie!!!;1,85204E+18;;NewJeans_ADOR;en;;0;0;0;https://x.com/undefined/status/1852038229144609014;1,47103E+18;
1,8519E+18;Thu Oct 31 17:12:59 +0000 2024;7;@yuijeans I've never had indomie before I should try it now that newjeans endorsed it;1,85204E+18;;;en;;0;0;0;https://x.com/undefined/status/1852036057463664672;1,44319E+18;
1,85194E+18;Thu Oct 31 16:47:25 +0000 2024;0;Gokill deh Indomie NewJeans;1,85203E+18;;vierpzl;en;;0;0;0;https://x.com/undefined/status/1852029620922491002;1,66247E+18;
1,85185E+18;Thu Oct 31 16:44:50 +0000 2024;0;@newjeans_loop Time to buy indomie ;1,85203E+18;;newjeans_loop;en;;0;0;0;https://x.com/undefined/status/1852028969463214577;1,65775E+18;
1,85202E+18;Thu Oct 31 16:13:43 +0000 2024;1;Imagine being a broke newjeans anti and the only thing you could afford is indomie;1,85202E+18;;;en;;0;0;0;https://x.com/undefined/status/1852021141751369840;1,75405E+18;
1,85201E+18;Thu Oct 31 15:48:19 +0000 2024;0;indomie x newjeans was not on my 2024 bingo card but im here for it;1,85201E+18;;;en;;0;0;0;https://x.com/undefined/status/1852014747392315674;1664080178;
1,85201E+18;Thu Oct 31 15:46:15 +0000 2024;0;if anyone finds NewJeans!Indomie in Singapore let me know bc besides Maggi Asam Laksa &amp;;;;;;;;;;;
1,85201E+18;Thu Oct 31 15:16:03 +0000 2024;1;SEVENTEEN for Chitato &amp;;;;;;;;;;;
1,852E+18;Thu Oct 31 15:07:15 +0000 2024;0;since when newjeans indomie collab my two worlds;1,852E+18;;;en;;0;0;0;https://x.com/undefined/status/1852004414850240816;1,47037E+18;
1,852E+18;Thu Oct 31 15:04:21 +0000 2024;0;thought this said newjeans flavored indomie for a sec got a little excited;1,852E+18;;;en;;0;0;0;https://x.com/undefined/status/1852003682512187719;1,77866E+18;
1,85189E+18;Thu Oct 31 14:57:31 +0000 2024;0;@Indomielovers Please make it global i really want the newjeans indomie pls;1,852E+18;;Indomielovers;en;;0;0;0;https://x.com/undefined/status/1852001964428497316;1,12807E+18;
1,85185E+18;Thu Oct 31 14:48:28 +0000 2024;1;@newjeans_loop NewJeans x Indomie definitely wasn't in my 2024 bingo card. Super love! One of my favourite instant noodle.;1,852E+18;;newjeans_loop;en;;0;0;0;https://x.com/undefined/status/1851999688314228830;1,7859E+18;
1,85199E+18;Thu Oct 31 14:18:41 +0000 2024;0;woah?? this is major for both newjeans and indomie;1,85199E+18;;;en;;0;0;0;https://x.com/undefined/status/1851992190614131052;1,31371E+18;
1,85199E+18;Thu Oct 31 14:14:42 +0000 2024;0;NewJeans endorsed? Just might have indomie noodles in the near future;1,85199E+18;;;en;;0;0;0;https://x.com/undefined/status/1851991189748101180;1,08892E+18;
1,85199E+18;Thu Oct 31 14:09:42 +0000 2024;0;Indomie made by Indofood is a global instant noodle giant with annual revenues in the billions. Sold in over 100 countries its Mi Goreng line has a massive following worldwide from Africa to North America! #Indomie #InstantNoodles #newjeans;1,85199E+18;;;en;;0;0;0;https://x.com/undefined/status/1851989932618768857;1,82052E+18;
1,85199E+18;Thu Oct 31 13:57:04 +0000 2024;6;Congratulations! The girls of @NewJeans_ADOR are now the latest global brand ambassadors of @Indomielovers! More below #NEWJEANS #뉴진스 #NewJeansxIndomie #Indomie https://t.co/o1jbTdydDS;1,85199E+18;https://pbs.twimg.com/media/GbOUHcLakAIVkk1.jpg;;en;;1;0;1;https://x.com/undefined/status/1851986751201644933;253456935;
1,85187E+18;Thu Oct 31 13:54:34 +0000 2024;0;@NewJeans_ADOR @Indomielovers Is this you cooking Indomie Kim Minji? https://t.co/6eTjB8i0w2;1,85199E+18;https://pbs.twimg.com/amplify_video_thumb/1824687585480019970/img/mof1m4wMfScIYBpu.jpg;NewJeans_ADOR;en;;0;0;0;https://x.com/undefined/status/1851986123729572273;89846652;
1,85198E+18;Thu Oct 31 13:49:35 +0000 2024;0;BTS JIN LIVE CHAT WITH ARMY 2 COUNTRIES INDONESIA 🇮🇩 ARGENTINA 🇦🇷 HYBE ADOR NEWJEANS DROP INDOMIE 1ST GLOBAL AMBASSDOR 🇮🇩 I know you BSH Jin Aku Cinta Mu Indomie seleraku 2 days see what MHJ really want? Producer 3 years or Story continue https://t.co/6Qk2kCOVTK https://t.co/x2Yw6UfMqv;1,85198E+18;https://pbs.twimg.com/tweet_video_thumb/GbOSaksakAEqbMT.jpg;;en;;0;0;0;https://x.com/undefined/status/1851984868470919547;1,60836E+18;
1,85188E+18;Thu Oct 31 13:43:00 +0000 2024;0;@NewJeans_ADOR @KimMinji_PH @KimMinji_PH For philippines watch and share indomie ph ig https://t.co/xSKbdxmS7l;1,85198E+18;;NewJeans_ADOR;en;;0;0;0;https://x.com/undefined/status/1851983213348163980;1,63741E+18;
1,85198E+18;Thu Oct 31 13:35:44 +0000 2024;36;Another NewJeans ad for indomie #민지 #Minji #하니 #Hanni #다니엘 #Danielle #해린 #Haerin #혜인 #Hyein #뉴진스 #NewJeans @NewJeans_twt https://t.co/PrYrzR2Er9;1,85198E+18;https://pbs.twimg.com/ext_tw_video_thumb/1851981360543518720/pu/img/tCGsSK2aVs78UiLg.jpg;;en;;0;0;8;https://x.com/undefined/status/1851981381246624120;1,83216E+18;
1,85198E+18;Thu Oct 31 13:29:15 +0000 2024;22;in honor of newjeans indomie brand ambassador ️ i love this noodles a lot https://t.co/ROt92RTS64;1,85198E+18;https://pbs.twimg.com/media/GbONw-MWkAAFGEG.jpg;;en;;0;0;0;https://x.com/undefined/status/1851979749599457306;9,46507E+17;
1,85198E+18;Thu Oct 31 13:23:09 +0000 2024;1;What the heck! Indomie Newjeans is kinda shock tho!. Is it available in indo or alfa??;1,85198E+18;;;en;;0;0;0;https://x.com/undefined/status/1851978216023691388;261325367;
1,85198E+18;Thu Oct 31 13:13:58 +0000 2024;28;k-rose is nowhere to be found Indomie x NewJeans #OhMyGodItsIndomie https://t.co/pol6AOtg3w;1,85198E+18;https://pbs.twimg.com/media/GbOKQ_ubQAAY6-K.jpg;;en;;1;0;0;https://x.com/undefined/status/1851975904769266059;1,42987E+18;
1,85187E+18;Thu Oct 31 13:09:41 +0000 2024;1;@NewJeans_ADOR @Indomielovers Wowwww Indomie × new jeans ;1,85197E+18;;NewJeans_ADOR;en;;0;0;0;https://x.com/undefined/status/1851974826317222395;1,7696E+18;
1,85197E+18;Thu Oct 31 13:07:58 +0000 2024;1;IndomieNewJeans what a time to be born ;1,85197E+18;;;en;;0;0;0;https://x.com/undefined/status/1851974396266545422;1,67168E+18;
1,85197E+18;Thu Oct 31 13:02:34 +0000 2024;4;NEWJEANS X INDOMIE WHAT IN THE WORLD LET ME GO EAT INDOMIE RN https://t.co/Ym0fLa01eC;1,85197E+18;https://pbs.twimg.com/media/GbOHodybYAAEuY8.jpg;;en;;0;1;0;https://x.com/undefined/status/1851973034875457964;1,39931E+18;
1,85185E+18;Thu Oct 31 12:58:14 +0000 2024;0;@newjeans_loop They know that indomie is the best instant noodles;1,85197E+18;;newjeans_loop;en;;0;0;0;https://x.com/undefined/status/1851971943852867935;1,56419E+18;
1,85197E+18;Thu Oct 31 12:52:58 +0000 2024;0;indomie are my fave noodles gimme the newjeans ones rn;1,85197E+18;;;en;;0;0;0;https://x.com/undefined/status/1851970619216146832;1,03571E+18;
1,85197E+18;Thu Oct 31 12:52:14 +0000 2024;0;@IndoPopBase we love newjeans and indomie;1,85197E+18;;IndoPopBase;en;;0;0;0;https://x.com/undefined/status/1851970437309145273;1,27421E+18;
1,85197E+18;Thu Oct 31 12:47:50 +0000 2024;4;im gonna eat indomie 3 times a day now since newjeans is the global ambassador;1,85197E+18;;;en;;0;0;0;https://x.com/undefined/status/1851969327412711631;1,07322E+18;
1,85197E+18;Thu Oct 31 12:44:33 +0000 2024;10961;NewJeans becomes the global ambassador of Indomie. https://t.co/BskWwp2dj1;1,85197E+18;https://pbs.twimg.com/media/GbODgfkakAQrEo6.jpg;;en;;263;101;1197;https://x.com/undefined/status/1851968501793411345;1,39421E+18;
1,85197E+18;Thu Oct 31 12:38:50 +0000 2024;0;newjeans singing indomie seleraku jingle wasnt on my 2024 bingo lists;1,85197E+18;;;en;;0;0;0;https://x.com/undefined/status/1851967062035644467;8,33896E+17;
1,85185E+18;Thu Oct 31 12:37:31 +0000 2024;0;@Indomielovers @NewJeans_ADOR Ke Alfamart beli Indomie hari ini I love you so much Pham Hanni;1,85197E+18;;Indomielovers;en;;0;0;0;https://x.com/undefined/status/1851966732937908471;1,69639E+18;
1,85194E+18;Thu Oct 31 12:21:22 +0000 2024;0;@kudila_ Indomie NewJeans auto favorit banget;1,85196E+18;;kudila_;en;;0;0;0;https://x.com/undefined/status/1851962667667460458;1,81228E+18;
1,85196E+18;Thu Oct 31 12:16:34 +0000 2024;0;WTF INDOMIE X NEWJEANS;1,85196E+18;;;en;;0;0;0;https://x.com/undefined/status/1851961458625777702;1,32837E+18;
1,85196E+18;Thu Oct 31 12:15:43 +0000 2024;4;See this grandma looking for them on shopee wkwkwk (( indomie newjeans )) https://t.co/92GIgmfG5E;1,85196E+18;https://pbs.twimg.com/media/GbN88JqakAI13yu.jpg;;en;;0;0;0;https://x.com/undefined/status/1851961246997975226;721682587;
1,85196E+18;Thu Oct 31 12:07:51 +0000 2024;0;Well if those luxury brand still endorse Newjeans I don't think Newjeans will ever become BA for Indomie.;1,85196E+18;;;en;;0;0;0;https://x.com/undefined/status/1851959268469280854;1,46686E+18;
1,85196E+18;Thu Oct 31 12:05:13 +0000 2024;0;i just talked about newjeans (cuz of the indomie lol) to mumma and OH i just know she LOVES and accepts them ;1,85196E+18;;;en;;0;0;0;https://x.com/undefined/status/1851958602208285030;1,13971E+18;
1,85185E+18;Thu Oct 31 11:54:12 +0000 2024;0;@Indomielovers @NewJeans_ADOR Indomie is already well known. Lebih baik rekrut yang lain. Apa Indomie tidak melakukan reset dulu? Newjeans embroiled in feud and they support a figure that her creation is so questionable. Mereka dukung orang yang datang ke;1,85196E+18;https://pbs.twimg.com/media/GbN3s0CakAEf35R.jpg;Indomielovers;en;;0;0;0;https://x.com/undefined/status/1851955830712938872;1,46686E+18;
1,85196E+18;Thu Oct 31 11:52:09 +0000 2024;1;It's MHJ who was behind this Indomie project NOT the current Fador。 #NewJeans #MinHeeJin #Ador #Indomie;1,85196E+18;;;en;;0;0;0;https://x.com/undefined/status/1851955315056804253;1,16988E+18;
1,85185E+18;Thu Oct 31 11:46:26 +0000 2024;1;@Indomielovers lagu baru dong. indomie theme song with newjeans;1,85195E+18;;Indomielovers;en;;0;0;0;https://x.com/undefined/status/1851953874858545571;1,39285E+18;
1,85195E+18;Thu Oct 31 11:39:16 +0000 2024;0;newjeans said indomie seleraku (literally selera smua warga indo) was not on my bingo card;1,85195E+18;;;en;;0;0;0;https://x.com/undefined/status/1851952072444514693;1,33266E+18;
1,85187E+18;Thu Oct 31 11:38:19 +0000 2024;0;@NewJeans_ADOR @Indomielovers Looks who knows where's the viral marketing power reside. Are you guys having decline so you come and targeted Indonesia? Thank god we have Mie Panggang Mie Sedap Bakmi Mewah Mie Gaga Lemonilo Uena Bakmi GM and Gerobak. I tho;1,85195E+18;https://pbs.twimg.com/media/GbN0LP7akAAjBvp.jpg;NewJeans_ADOR;en;;0;0;0;https://x.com/undefined/status/1851951835474726941;1,46686E+18;
1,85194E+18;Thu Oct 31 11:08:21 +0000 2024;0;@adjengayl Exited liat Indomie NewJeans;1,85194E+18;;adjengayl;en;;0;0;0;https://x.com/undefined/status/1851944292832678082;1,54384E+18;
1,85194E+18;Thu Oct 31 11:07:14 +0000 2024;1;@kudila_ Bener2 wow bngett nech Indomie NewJeans;1,85194E+18;;kudila_;en;;0;0;0;https://x.com/undefined/status/1851944012066001390;7,40953E+17;
1,85194E+18;Thu Oct 31 11:06:43 +0000 2024;0;@NoBeauty_Queen best collab ever Indomie NewJeans;1,85194E+18;;Reetrrophile;en;;0;0;0;https://x.com/undefined/status/1851943882571084183;3415101132;
1,85194E+18;Thu Oct 31 11:05:12 +0000 2024;0;@kudila_ Keren dong collab Indomie NewJeans;1,85194E+18;;kudila_;en;;0;0;0;https://x.com/undefined/status/1851943501690474810;1,59744E+18;
1,85194E+18;Thu Oct 31 11:04:22 +0000 2024;0;@cimotyy Indomie NewJeans too good to be true ;1,85194E+18;;cimotyy;en;;0;0;0;https://x.com/undefined/status/1851943291107016929;8,89292E+17;
1,85194E+18;Thu Oct 31 11:03:54 +0000 2024;0;@lahguamahsaik Woww keren abis tuch Indomie NewJeans;1,85194E+18;;lahguamahsaik;en;;0;0;0;https://x.com/undefined/status/1851943171519090906;1,47744E+18;
1,85194E+18;Thu Oct 31 10:59:32 +0000 2024;0;Where to get Indomie NewJeans endorse cuz I wanna buy When will it be available at minimarket? ;1,85194E+18;;;en;;0;1;0;https://x.com/undefined/status/1851942072871502278;721682587;
1,85194E+18;Thu Oct 31 10:50:00 +0000 2024;0;Auto makin excited abis tau Indomie NewJeans collab https://t.co/iaX5Dk4Fnq;1,85194E+18;https://pbs.twimg.com/media/GbNkk8pbgAAGkA1.jpg;;en;;0;0;0;https://x.com/undefined/status/1851939674098647514;1,59548E+18;
1,85194E+18;Thu Oct 31 10:50:00 +0000 2024;0;aslii collab Indomie NewJeans bikin fans happy banget ;1,85194E+18;;;en;;0;0;0;https://x.com/undefined/status/1851939674098467038;1,59802E+18;
1,85185E+18;Thu Oct 31 10:34:00 +0000 2024;0;@newjeans_loop Me? I Hecking luvvvvv Indomie;1,85194E+18;;newjeans_loop;en;;0;0;0;https://x.com/undefined/status/1851935649672368547;3149420701;
1,85185E+18;Thu Oct 31 10:28:47 +0000 2024;0;@newjeans_loop menlin loves indomie tooooooooooooo;1,85193E+18;;newjeans_loop;en;;0;1;0;https://x.com/undefined/status/1851934333407490147;1015585082;
1,85193E+18;Thu Oct 31 10:26:13 +0000 2024;1;Not Indomie trending since the announcement of Newjeans as Global Ambassador https://t.co/IINjRB1U8g;1,85193E+18;https://pbs.twimg.com/media/GbNj3qoXEAAAxfZ.png;;en;;0;0;0;https://x.com/undefined/status/1851933689443156358;1,74944E+18;
1,85193E+18;Thu Oct 31 10:25:41 +0000 2024;866;Indofood an Indonesian producer of several food products is the BIGGEST Top Instant Noodle Company in the world. Today NewJeans were appointed as the GLOBAL Brand Ambassador their biggest instant noodles brand INDOMIE! https://t.co/THSoS1t00A;1,85193E+18;https://pbs.twimg.com/media/GbNjwEMWQAAQzbB.jpg;;en;;8;0;168;https://x.com/undefined/status/1851933556588646869;1,39894E+18;
1,85193E+18;Thu Oct 31 10:23:42 +0000 2024;2;Newjeans newest brand ambassadorship is with INDOMIE!! they are going global with it!;1,85193E+18;;;en;;0;0;1;https://x.com/undefined/status/1851933057789342075;1,49198E+18;
1,85193E+18;Thu Oct 31 10:01:35 +0000 2024;1308;NewJeans are now elected as the Global Ambassadors for PEPERO (LOTTE Wellfood) and INDOMIE https://t.co/4tSP7593PN;1,85193E+18;https://pbs.twimg.com/media/GbNePNSXEAQEs9r.jpg;;en;;3;0;194;https://x.com/undefined/status/1851927492291965385;1,39894E+18;
1,85187E+18;Thu Oct 31 09:59:30 +0000 2024;0;@NewJeans_ADOR @Indomielovers YEAA BOY WHO REMEMBER THE OG JINGLE: I LOVE MY INDOMIE ;1,85193E+18;;NewJeans_ADOR;en;;0;0;0;https://x.com/undefined/status/1851926966863061493;1,64644E+18;
1,85192E+18;Thu Oct 31 09:49:37 +0000 2024;0;indomie and newjeans?!?;1,85192E+18;;;en;;0;0;0;https://x.com/undefined/status/1851924479200391553;1,28267E+18;
1,85192E+18;Thu Oct 31 09:44:53 +0000 2024;0;@yuujiira Correct! Mardial is in charge of Indomie X Newjeans music production. He created the bgm;1,85192E+18;;;en;;0;0;0;https://x.com/undefined/status/1851923289104421074;103057048;
1,85184E+18;Thu Oct 31 09:44:38 +0000 2024;0;@Indomielovers @yanderemchan @breadluvpham OMAIGAT PLSSS INVITE NEWJEANS KE INDONESIA DONG INDOMIE;1,85192E+18;;Indomielovers;en;;0;0;0;https://x.com/undefined/status/1851923223992291404;1,36969E+18;
1,85186E+18;Thu Oct 31 09:41:55 +0000 2024;2;@cato_o_o AND ITS FIRST GLOBAL AMBASSADOR INDOMIE ITS NEWJEANS I'm so proud as Indonesia citizen and BUNNIES️️;1,85192E+18;;cato_o_o;en;;0;0;0;https://x.com/undefined/status/1851922541042110712;1,36969E+18;
1,85192E+18;Thu Oct 31 09:39:40 +0000 2024;0;INDOMIE X NEWJEANS?! YESSS QUEEN YOU GUYS ARE SELERAKUUU ;1,85192E+18;;;en;;0;0;0;https://x.com/undefined/status/1851921975813509584;1,61743E+18;
1,85192E+18;Thu Oct 31 09:32:14 +0000 2024;0;INDOMIE X NEWJEANS IS NEVER ON MY 2024 BINGO CARD;1,85192E+18;;;en;;0;0;0;https://x.com/undefined/status/1851920102847070354;99229819;
1,85192E+18;Thu Oct 31 09:29:39 +0000 2024;0;Thank​ you​ So​ Much​ #OhMyGoodItsIndomie #NewJeansxIndomie;1,85192E+18;;;en;;0;0;0;https://x.com/undefined/status/1851919455124865314;1,62915E+18;
1,85192E+18;Thu Oct 31 09:29:24 +0000 2024;0;OH MY GOSHHH MY NEWJEANS HOLD INDOMIE still can't believe this️️;1,85192E+18;;;en;;0;0;0;https://x.com/undefined/status/1851919390264213649;1,36969E+18;
1,85192E+18;Thu Oct 31 09:27:08 +0000 2024;1;ooh mardial produced the music for newjeans s indomie ad;1,85192E+18;;;en;;0;1;0;https://x.com/undefined/status/1851918821420077466;1,76429E+18;
1,85192E+18;Thu Oct 31 09:22:57 +0000 2024;1241;OMG .. Indomie from Vietnam contacted me to do a Collab for NewJeans and Indomie in Vietnam They are all in for NewJeans #NewJeansxIndomie;1,85192E+18;;;en;;16;39;200;https://x.com/undefined/status/1851917767940723076;1,58016E+18;
1,85192E+18;Thu Oct 31 09:19:53 +0000 2024;1;ITS THE FIRST GLOBAL AMBASSADOR BY INDOMIE ITS NEWJEANS BRUH OMG️;1,85192E+18;;;en;;0;0;0;https://x.com/undefined/status/1851916995463414138;1,36969E+18;
1,85192E+18;Thu Oct 31 09:17:27 +0000 2024;22;indomie can hire newjeans and mie sedaap is still stuck with suju;1,85192E+18;;;en;;0;1;0;https://x.com/undefined/status/1851916382276825550;7,043E+17;
1,85192E+18;Thu Oct 31 09:15:10 +0000 2024;1;HAH INDOMIE X NEWJEANS???;1,85192E+18;;;en;;0;0;0;https://x.com/undefined/status/1851915807493886247;1,79224E+18;
1,85186E+18;Thu Oct 31 09:07:10 +0000 2024;2;@Indomielovers Indomie lovers x Newjeans ;1,85191E+18;;Indomielovers;en;;0;0;0;https://x.com/undefined/status/1851913795355947251;8,23218E+17;
1,85191E+18;Thu Oct 31 09:06:43 +0000 2024;2;NewJeans &amp;;;;;;;;;;;
1,85191E+18;Thu Oct 31 09:03:04 +0000 2024;0;indomie dan newjeans really kick in the door;1,85191E+18;;;en;;0;0;0;https://x.com/undefined/status/1851912763607810405;1,28827E+18;
1,85191E+18;Thu Oct 31 09:00:59 +0000 2024;328;Oh My Good! It's Indomie! #OhMyGoodItsIndomie #NewJeans #뉴진스 #NEWJEANSxINDOMIE https://t.co/n0EnCUi3Xc;1,85191E+18;https://pbs.twimg.com/media/GbNQDSsakAMjtNy.jpg;;en;;0;1;52;https://x.com/undefined/status/1851912239084961980;1,28467E+18;
1,8519E+18;Thu Oct 31 08:58:47 +0000 2024;11;@yuujiira @yuijeans Im sure as hell HYBE tried to give it to a different group. But im confident Indomie said we want NewJeans only and since HYBE has a % on earnings they can't say no.;1,85191E+18;;;en;;0;1;0;https://x.com/undefined/status/1851911684321067182;1,04791E+18;
1,85191E+18;Thu Oct 31 08:53:51 +0000 2024;0;INDOMIE : FAMOUS GLOBAL RAMEN NEWJEANS : FAMOUS GLOBAL GIRLGROUP INDOMIE NEWJEANS;1,85191E+18;;;en;;0;0;0;https://x.com/undefined/status/1851910445407596544;337242882;
1,85191E+18;Thu Oct 31 08:51:44 +0000 2024;2;Indomie collab ama newjeans was not in my 2024 bingo list;1,85191E+18;;;en;;0;2;0;https://x.com/undefined/status/1851909912257008104;163349394;
1,85191E+18;Thu Oct 31 08:50:14 +0000 2024;2;indomie using newjeans as brand ambassador indomie world domination imminent ‼️‼️‼️;1,85191E+18;;;en;;0;1;0;https://x.com/undefined/status/1851909533721071633;4081520178;
1,85191E+18;Thu Oct 31 08:49:19 +0000 2024;0;Newjeans Backsound beat Indomie Indofood marketing strategy ;1,85191E+18;;;en;;0;1;0;https://x.com/undefined/status/1851909302585561282;1,71521E+18;
1,85191E+18;Thu Oct 31 08:44:43 +0000 2024;3;and what if indomie gives us a new newjeans song ;1,85191E+18;;;en;;0;0;0;https://x.com/undefined/status/1851908145221968086;1,60611E+18;
1,85191E+18;Thu Oct 31 08:44:07 +0000 2024;0;hahhh indomie x newjeans??????????!!!!!!!??!!!;1,85191E+18;;;en;;0;0;0;https://x.com/undefined/status/1851907993568448946;1,57187E+18;
1,85191E+18;Thu Oct 31 08:36:06 +0000 2024;0;K-pop girl group NewJeans named new global ambassadors of Indonesia's iconic instant noodle brand Indomie https://t.co/4j6fZaXDsH;1,85191E+18;;;en;;0;0;0;https://x.com/undefined/status/1851905978184405159;27404490;
1,85185E+18;Thu Oct 31 08:34:08 +0000 2024;0;@newjeans_loop Buying my indomie asap;1,85191E+18;;newjeans_loop;en;;0;0;0;https://x.com/undefined/status/1851905484468387890;1,79294E+18;
1,85187E+18;Thu Oct 31 08:31:15 +0000 2024;0;@NewJeans_ADOR @Indomielovers Indomie usually have a music event and now they can invite NewJeans as their headliner. Let's go!!!;1,8519E+18;;NewJeans_ADOR;en;;0;0;0;https://x.com/undefined/status/1851904757730021400;1,27766E+18;
1,8519E+18;Thu Oct 31 08:27:18 +0000 2024;0;Indomie x NewJeans featuring The Fried Egg God Haerin's fried egg topping #IndomiexNewJeans;1,8519E+18;;;en;;0;0;0;https://x.com/undefined/status/1851903762396561830;1,51679E+18;
1,8519E+18;Thu Oct 31 08:26:26 +0000 2024;0;HAH INDOMIE WITH NEWJEANS??? OMG!!;1,8519E+18;;;en;;0;0;0;https://x.com/undefined/status/1851903544762544537;1,3358E+18;
1,8519E+18;Thu Oct 31 08:26:19 +0000 2024;1;You can see his excitement through his body language. @NewJeans_ADOR beyond standards! #NewJeans_Indomie;1,8519E+18;;;en;;0;0;0;https://x.com/undefined/status/1851903517214282161;1,21347E+18;
1,8519E+18;Thu Oct 31 08:20:00 +0000 2024;0; NewJeans appointed as global brand ambassadors for INDOMIE -&gt;;;;;;;;;;;
1,8519E+18;Thu Oct 31 08:17:29 +0000 2024;0;newjeans should try abang adek indomie super spicy ;1,8519E+18;;;en;;0;0;0;https://x.com/undefined/status/1851901293499158614;406076569;
1,8519E+18;Thu Oct 31 08:09:57 +0000 2024;0;Damn. Indomie paid more than Samyang to get NewJeans;1,8519E+18;;;en;;0;0;0;https://x.com/undefined/status/1851899396159377504;95571855;
1,8519E+18;Thu Oct 31 08:09:04 +0000 2024;0;KPop girl group NewJeans the new global brand ambassadors of Indonesia's iconic instant noodle brand Indomie https://t.co/0rNk982UFo;1,8519E+18;;;en;;2;1;0;https://x.com/undefined/status/1851899175149138156;27404490;
1,85186E+18;Thu Oct 31 07:59:12 +0000 2024;0;@minjiabs Please share and participate NewJeans x Indomie Challenge: Buy Indomie and post it here to celebrate this collab. #NewJeansxIndomie;1,8519E+18;;pandandove;en;;0;0;0;https://x.com/undefined/status/1851896691064213808;1,71779E+18;
1,85189E+18;Thu Oct 31 07:52:16 +0000 2024;0;Newjeans indomie!!?;1,85189E+18;;;en;;0;1;0;https://x.com/undefined/status/1851894948511228172;1,1423E+18;
1,85189E+18;Thu Oct 31 07:47:57 +0000 2024;23;#OhMyGoodItsIndomie Not a collaboration that i expected! Top @Indomielovers https://t.co/uzSvZUovj3;1,85189E+18;https://pbs.twimg.com/media/GbM_pStakAMhDVM.jpg;;en;;0;1;1;https://x.com/undefined/status/1851893858889797938;9,94534E+17;
1,85189E+18;Thu Oct 31 07:41:30 +0000 2024;187;Please share and participate NewJeans x Indomie Challenge: Buy Indomie and post it here to celebrate this collab. #NewJeansxIndomie;1,85189E+18;;;en;;3;9;62;https://x.com/undefined/status/1851892237753552938;1,58016E+18;
1,85189E+18;Thu Oct 31 07:33:28 +0000 2024;1;LMAO HELLO OMG NEWJEANS AND INDOMIE FKJDSHGLJFDGH;1,85189E+18;;;en;;0;0;0;https://x.com/undefined/status/1851890215981347082;1,71202E+18;
1,85185E+18;Thu Oct 31 07:27:58 +0000 2024;0;@newjeans_loop Aww Indomie ;1,85189E+18;;newjeans_loop;es;;0;0;0;https://x.com/undefined/status/1851888829554458897;1,51399E+18;
1,85189E+18;Thu Oct 31 07:25:37 +0000 2024;4;⠀⠀ New Flavor New feelings. NewJeans with Indomie ⠀⠀ https://t.co/LTwVEwTWlA;1,85189E+18;https://pbs.twimg.com/media/GbM6iHFaAAAWR4w.jpg;;en;;0;1;0;https://x.com/undefined/status/1851888238635683969;1,44027E+18;
1,85189E+18;Thu Oct 31 07:24:38 +0000 2024;0;newjeans x indomie what;1,85189E+18;;;en;;0;0;0;https://x.com/undefined/status/1851887991545040934;1,57437E+18;
1,85189E+18;Thu Oct 31 07:23:04 +0000 2024;0;Newjeans AND indomie??? ;1,85189E+18;;;en;;0;0;0;https://x.com/undefined/status/1851887597020418342;1,76486E+18;
1,85185E+18;Thu Oct 31 07:12:26 +0000 2024;0;@Indomielovers @NewJeans_ADOR Wow great keren Indomie. Makin stonk;1,85188E+18;;Indomielovers;en;;0;0;0;https://x.com/undefined/status/1851884923919176190;43333910;
1,85186E+18;Thu Oct 31 07:05:03 +0000 2024;2;@DOJIMADRAGONS @phamgucci newjeans not only collabing with indomie but be the GLOBAL AMBASSADOR... but yeah I think the Korean version is just a special version like indomie tori miso;1,85188E+18;;DOJIMADRAGONS;en;;0;1;0;https://x.com/undefined/status/1851883064668098692;1,17393E+18;
1,85188E+18;Thu Oct 31 07:04:12 +0000 2024;0;pls mamang warmindo hrs stock indomie newjeans!! ak mw 10 #OhMyGoodItsIndomie;1,85188E+18;;;en;;0;0;0;https://x.com/undefined/status/1851882849932317090;1,60979E+18;
1,8518E+18;Thu Oct 31 07:02:28 +0000 2024;5;@ThatiWillAdmit @beIajarl Because I think this is their first collaboration you know it s really rare to see Indomie collaborate with another artist. Indomie is like the iPhone without much promotion it still sells very well. But NewJeans can collaborate ;1,85188E+18;;ThatiWillAdmit;en;;0;0;0;https://x.com/undefined/status/1851882413477236796;1,66301E+18;
1,85188E+18;Thu Oct 31 06:54:12 +0000 2024;1;Are you ready for this? We re so proud to announce that @NewJeans_ADOR are the Global Ambassador of Indomie!! Minji Hanni Danielle Haerin and &amp;;;;;;;;;;;
1,85188E+18;Thu Oct 31 06:53:28 +0000 2024;1;Are you ready for this? We re so proud to announce that @NewJeans_ADOR are the Global Ambassador of Indomie!! Minji Hanni Danielle Haerin and &amp;;;;;;;;;;;
1,85188E+18;Thu Oct 31 06:53:16 +0000 2024;2;[Indomie with NewJeans] NewJeans message as the Official Global Ambassador of Indomie!! #NewJeans #뉴진스 @NewJeans_ADOR @NewJeans_twt https://t.co/zfiN1xuCBR;1,85188E+18;https://pbs.twimg.com/ext_tw_video_thumb/1851880025097932803/pu/img/0I12zEDlHdQMYN-U.jpg;;en;;0;0;0;https://x.com/undefined/status/1851880099492036942;1,55561E+18;
1,85185E+18;Thu Oct 31 06:52:43 +0000 2024;0;@Indomielovers @NewJeans_ADOR I love me some indomie for breakfast;1,85188E+18;;Indomielovers;en;;0;0;0;https://x.com/undefined/status/1851879961524867439;3002934373;
1,85188E+18;Thu Oct 31 06:52:23 +0000 2024;1;Greetings from @NewJeans_ADOR ! for all Indomie Lovers! For those who have watched any comments? #OhMyGoodItsIndomie https://t.co/UQO7a3qtu9;1,85188E+18;https://pbs.twimg.com/ext_tw_video_thumb/1851879747976073216/pu/img/Ym2UQqnzeT28k9s8.jpg;;en;;0;0;1;https://x.com/undefined/status/1851879877500350658;1,83153E+18;
1,85188E+18;Thu Oct 31 06:51:02 +0000 2024;0;newjeans x indomie dodgers win what a day... https://t.co/EjdQmhPscO;1,85188E+18;https://pbs.twimg.com/tweet_video_thumb/GbMyncJasAAaKZ4.jpg;;en;;0;0;0;https://x.com/undefined/status/1851879536524144717;1,56893E+18;
1,85188E+18;Thu Oct 31 06:49:47 +0000 2024;0;amazing! #OhMyGoodItsIndomie https://t.co/XsSv11JkPR;1,85188E+18;;;en;;0;0;0;https://x.com/undefined/status/1851879222375039085;1,74778E+18;
1,85188E+18;Thu Oct 31 06:44:39 +0000 2024;2850;Why they chose NewJeans as GBA Indomie. Axton Salim (Director of Indofood) : If we look at it NewJeans is a Global Sensation and they always succeed with their new breakthroughs through music fashion and Kpop culture in just two years since their debut they have always https://t.co/9LXY70kLSv;1,85188E+18;https://pbs.twimg.com/amplify_video_thumb/1851877824199823362/img/XDVW18JLnrPVcXgk.jpg;;en;;59;26;723;https://x.com/undefined/status/1851877931104244023;9,53734E+17;
1,85188E+18;Thu Oct 31 06:43:00 +0000 2024;62;INDOMIE!!?? When I was in university Indomie was my go-to because it was the cheapest and fastest food u could get After my first internship I swore I d never eat it again but now that NewJeans are ambassadors I will grab few ‍↔️ https://t.co/qwNcZUIOoD;1,85188E+18;https://pbs.twimg.com/amplify_video_thumb/1851786784688214018/img/ZoxtJx2M-OtS-dti.jpg;;en;;1;1;3;https://x.com/undefined/status/1851877516518068455;1,13632E+18;
1,85188E+18;Thu Oct 31 06:39:40 +0000 2024;2;NewJeans The New Global Ambassador of Indomie!! ● Indomie has announced NewJeans as their New Global Ambassador #NewJeans #뉴진스 @NewJeans_ADOR @NewJeans_twt https://t.co/p1XBzTTIWy;1,85188E+18;https://pbs.twimg.com/media/GbMwAnjakAQYsnO.jpg;;en;;0;0;0;https://x.com/undefined/status/1851876675824632069;1,55561E+18;
1,85185E+18;Thu Oct 31 06:39:30 +0000 2024;6;@newjeans_loop Indonesia pride raagghhh we conquered the world with indomie 🇮🇩🇲🇨;1,85188E+18;;newjeans_loop;en;;0;0;0;https://x.com/undefined/status/1851876633478639948;1,50453E+18;
1,85186E+18;Thu Oct 31 06:38:36 +0000 2024;5;@phamgucci indomie usually launches special flavors from every country then collab with the artist from representative countries and for korean flavors i guess it s newjeans;1,85188E+18;;phamgucci;en;;0;1;0;https://x.com/undefined/status/1851876408991309832;1,29353E+18;
1,85187E+18;Thu Oct 31 06:25:08 +0000 2024;0;newjeans x indomie random amat co;1,85187E+18;;;en;;0;0;0;https://x.com/undefined/status/1851873018408243532;1,39242E+18;
1,85187E+18;Thu Oct 31 06:21:20 +0000 2024;0;We got indomie and newjeans in one video before gta6;1,85187E+18;;;en;;0;1;0;https://x.com/undefined/status/1851872062966763822;1,13525E+18;
1,85187E+18;Thu Oct 31 06:20:56 +0000 2024;0;Make sure to buy Indomie next time you go to supermarket #indomie #OhMyGoodItsIndomie #NewJeans #뉴진스;1,85187E+18;;;en;;0;0;0;https://x.com/undefined/status/1851871962416714068;1,57364E+18;
1,85187E+18;Thu Oct 31 06:20:38 +0000 2024;1;Indomie x Newjeans Let's go #new;1,85187E+18;;;en;;0;0;0;https://x.com/undefined/status/1851871886369796452;1,62189E+18;
1,85187E+18;Thu Oct 31 06:20:29 +0000 2024;1;We get indomie in Nigeria too but I've never seen cup ones tho plus I think they are not imported they have companies here that produce different flavors chicken is the most famous one! I want to see NewJeans onesand not cost an arm and a leg;1,85187E+18;;;en;;0;0;0;https://x.com/undefined/status/1851871847807107382;1,53853E+18;
1,85187E+18;Thu Oct 31 06:19:56 +0000 2024;0;Newjeans being indomie ambassadors this just made my whole day cos indomie is like my comfort food lol ;1,85187E+18;;;en;;0;0;0;https://x.com/undefined/status/1851871709676159202;1,252E+18;
1,85187E+18;Thu Oct 31 06:19:10 +0000 2024;78;NewJeans x Indomie Banners on all social media #NewJeans #뉴진스 #OhMyGoodItsIndomie https://t.co/1Mq2c9YSp3;1,85187E+18;https://pbs.twimg.com/media/GbMrUvXagAAy453.jpg;;en;;0;0;36;https://x.com/undefined/status/1851871516251820451;1,58038E+18;
1,85185E+18;Thu Oct 31 06:18:37 +0000 2024;1;@Indomielovers @NewJeans_ADOR I have been an Indomie lover for long time So happy to see NJs as ambassador of Indomie;1,85187E+18;;Indomielovers;en;;0;0;0;https://x.com/undefined/status/1851871379282628734;1,68234E+18;
1,85187E+18;Thu Oct 31 06:16:44 +0000 2024;1;newjeans x indomie.. good morning (afternoon) to me;1,85187E+18;;;en;;0;0;0;https://x.com/undefined/status/1851870902964855291;1,67068E+18;
1,85187E+18;Thu Oct 31 06:16:40 +0000 2024;0;i felt targeted because how would indomie know i eat these noodles and stan newjeans;1,85187E+18;;;en;;0;0;0;https://x.com/undefined/status/1851870886464258142;1,43508E+18;
1,85187E+18;Thu Oct 31 06:15:08 +0000 2024;0;NEWJEANS X INDOMIE MY LIFE IS YOURSSSSSS;1,85187E+18;;;en;;0;0;0;https://x.com/undefined/status/1851870502689947974;1,59455E+18;
1,85187E+18;Thu Oct 31 06:14:01 +0000 2024;0;@NewJeans_ADOR @Indomielovers Our Girls putting Indomie on the map!! ;1,85187E+18;;NewJeans_ADOR;en;;0;0;0;https://x.com/undefined/status/1851870222539723234;1,58038E+18;
1,85186E+18;Thu Oct 31 06:12:52 +0000 2024;0;{} We are thrilled to announce that NewJeans has officially become the Global Brand Ambassador for Indomie! This is such an incredible opportunity for us and we couldn t be more excited to share our love for this iconic noodle brand with all of you! https://t.co/7S5CtnJPjH;1,85187E+18;;Kinju;en;;0;0;0;https://x.com/undefined/status/1851869932092559720;1,06847E+18;
1,85187E+18;Thu Oct 31 06:09:57 +0000 2024;0;@NewJeans_ADOR @Indomielovers WHATTTTTT INDOMIE️‍️‍️‍️‍;1,85187E+18;;NewJeans_ADOR;en;;0;0;0;https://x.com/undefined/status/1851869196944314460;1,70559E+18;
1,85187E+18;Thu Oct 31 06:09:29 +0000 2024;2;@NewJeans_ADOR @Indomielovers Congratulation​ Newjeans​ Global​ Brand​ Ambassador​ . #OhMyGoodItsIndomie #NewJeans;1,85187E+18;;NewJeans_ADOR;en;;0;0;0;https://x.com/undefined/status/1851869080187474066;1,62915E+18;
1,85187E+18;Thu Oct 31 06:09:06 +0000 2024;0;@NewJeans_ADOR @Indomielovers My noodle is Indomie but my heart is for you;1,85187E+18;;NewJeans_ADOR;en;;0;0;0;https://x.com/undefined/status/1851868983886065897;1,69639E+18;
1,85187E+18;Thu Oct 31 06:04:31 +0000 2024;1;they better deliver their newjeans indomie to my country https://t.co/qOyCwcoOVD;1,85187E+18;https://pbs.twimg.com/tweet_video_thumb/GbMn-HSWQAASIyd.jpg;draqonstones;en;;0;0;0;https://x.com/undefined/status/1851867829319913670;8,37376E+17;
1,85187E+18;Thu Oct 31 06:01:01 +0000 2024;0;when indomie is your favorite and also newjeans it's a win win for me ;1,85187E+18;;;en;;0;0;0;https://x.com/undefined/status/1851866948919005343;1,78281E+18;
1,85187E+18;Thu Oct 31 06:00:24 +0000 2024;0;NewJeans x Indomie FB update #NewJeans #뉴진스 #OhMyGoodItsIndomie https://t.co/lsSNMoxJmK;1,85187E+18;;;en;;0;1;0;https://x.com/undefined/status/1851866795193631171;1,58038E+18;
1,85187E+18;Thu Oct 31 06:00:01 +0000 2024;38087;New Flavor New feelings @indomielovers #광고 #indomie #OhMyGoodItsIndomie #NewJeans #뉴진스 https://t.co/xtpZphHc76;1,85187E+18;https://pbs.twimg.com/media/GbMQ7HeasAAqE9S.jpg;;en;;704;342;6838;https://x.com/undefined/status/1851866697482846474;1,47648E+18;
1,85186E+18;Thu Oct 31 05:49:45 +0000 2024;799;Indomie endorsement is the example of why MHJ should be the ceo. Kpop idols normally endorse Nong Shin and Korean brands. But Newjeans aiming for global audience always make unpredictable moves. And HR lady does not have the vision.;1,85186E+18;;;en;;3;3;100;https://x.com/undefined/status/1851864115092017645;1,65453E+18;
1,85185E+18;Thu Oct 31 05:48:48 +0000 2024;1;@newjeans_loop Newjeans knows ultimate brand to Collab Because Indomie is one of the best instant noodles period. if those who yet try indomie please try you won't regret but crave.;1,85186E+18;;newjeans_loop;en;;0;0;0;https://x.com/undefined/status/1851863873588281410;1,60621E+18;
1,85184E+18;Thu Oct 31 05:43:19 +0000 2024;40;@breadluvpham @Indomielovers We Vietnamese are addicted to indomie y know now i ll double my portion bc of NewJeans ;1,85186E+18;;breadluvpham;en;;0;0;0;https://x.com/undefined/status/1851862496111661326;1,68605E+18;
1,85186E+18;Thu Oct 31 05:41:51 +0000 2024;4;Newjeans is now indomie global brand ambassador lmaoooo my loves ;1,85186E+18;;;en;;0;2;0;https://x.com/undefined/status/1851862126220234998;1,60937E+18;
1,85186E+18;Thu Oct 31 05:33:57 +0000 2024;3;Holoid now one step closer to newjeans thanks to indomie;1,85186E+18;;;en;;0;1;0;https://x.com/undefined/status/1851860139130917073;742590541;
1,85186E+18;Thu Oct 31 05:32:30 +0000 2024;27;NewJeans x Indomie Korean Series https://t.co/wBx9h4wUaO;1,85186E+18;https://pbs.twimg.com/media/GbMgjVPakAIyB2r.jpg;;en;;0;0;1;https://x.com/undefined/status/1851859771747680587;3118664928;
1,85186E+18;Thu Oct 31 05:30:01 +0000 2024;832;NewJeans Global Brand Ambassadors for Indomie https://t.co/BOY78nuqag;1,85186E+18;https://pbs.twimg.com/media/GbMgFNeXUAA0MEx.jpg;;en;;5;4;131;https://x.com/undefined/status/1851859149681827904;9,50165E+17;
1,85186E+18;Thu Oct 31 05:29:45 +0000 2024;1369;Spoilers &amp;;;;;;;;;;;
1,85185E+18;Thu Oct 31 05:29:00 +0000 2024;0;@Indomielovers @newjeansnews_ @NewJeans_ADOR Love seeing Indomie collaborate with such talented artists NewJeans will surely take the brand to new heights!;1,85186E+18;;Indomielovers;en;;0;0;0;https://x.com/undefined/status/1851858893103603738;3287215070;
1,85186E+18;Thu Oct 31 05:27:55 +0000 2024;466;NewJeans x Indomie Oh My Good! It's Indomie! #NewJeans #뉴진스 #NewJeans_is_Everywhere https://t.co/Yg80EgjfrT;1,85186E+18;https://pbs.twimg.com/ext_tw_video_thumb/1851858438676205568/pu/img/wlD0njhfXfxmCnAR.jpg;;en;;0;1;77;https://x.com/undefined/status/1851858618100125847;1,28467E+18;
1,85186E+18;Thu Oct 31 05:26:14 +0000 2024;1531;Indomie announced NewJeans as their global brand ambassador. #NewJeans #뉴진스 #NewJeans_is_Everywhere https://t.co/HUfbDL5Pq2;1,85186E+18;https://pbs.twimg.com/media/GbMaPReaQAAREos.jpg;;en;;5;0;264;https://x.com/undefined/status/1851858196224446911;1,28467E+18;
1,85185E+18;Thu Oct 31 05:23:35 +0000 2024;0;@newjeans_loop Owner Indomie rn: https://t.co/eHT7LlclR6;1,85186E+18;https://pbs.twimg.com/media/GbMemcAaAAAfiHD.jpg;newjeans_loop;en;;0;0;0;https://x.com/undefined/status/1851857530890392054;1,27724E+18;
1,85185E+18;Thu Oct 31 05:23:27 +0000 2024;39;@Indomielovers @NewJeans_ADOR now NewJeans even sing the jigle Indomie Seleraku~ ;1,85186E+18;;Indomielovers;en;;0;1;0;https://x.com/undefined/status/1851857494395810205;61093316;
1,85186E+18;Thu Oct 31 05:21:22 +0000 2024;0;Wtf indomie collab newjeans unexpected collab sia;1,85186E+18;;;en;;0;0;0;https://x.com/undefined/status/1851856972502700111;2229289975;
1,85186E+18;Thu Oct 31 05:19:51 +0000 2024;135;241031 NewJeans as the Global Ambassador of Indomie ️ #민지 #Minji #ミンジ #뉴진스 #NewJeans https://t.co/d0L7F0pyLK;1,85186E+18;https://pbs.twimg.com/ext_tw_video_thumb/1851856560789831680/pu/img/7ZPTfUL05_H8Z74L.jpg;;en;;4;1;29;https://x.com/undefined/status/1851856589101371800;1,5503E+18;
1,85186E+18;Thu Oct 31 05:19:28 +0000 2024;0;indomie collab with newjeans omg;1,85186E+18;;;en;;0;0;0;https://x.com/undefined/status/1851856491588001852;1,35334E+18;
1,85186E+18;Thu Oct 31 05:17:59 +0000 2024;0;newjeans collabing with indomie one of the best and biggest brands in indonesia. keep slaying girls https://t.co/IASn8PvMJ0;1,85186E+18;;;en;;0;0;0;https://x.com/undefined/status/1851856119788114013;1,29287E+18;
1,85186E+18;Thu Oct 31 05:15:04 +0000 2024;705;It s kid of crazy that Indomie got NewJeans to collaborate on a global campaign as their Global Ambassador. Korean companies like Nongshim got caught flat footed. K-food has gone global and Indomie was really on the ball. Will check to see if the local asian market has some. https://t.co/L4Ug2Sn8AL;1,85186E+18;https://pbs.twimg.com/media/GbMcqJjX0AAxW1j.jpg;;en;;9;9;117;https://x.com/undefined/status/1851855385784672472;8,36967E+17;
1,85185E+18;Thu Oct 31 05:06:10 +0000 2024;0;@Indomielovers @NewJeans_ADOR what is the most popular instant noodles indomie or Samyang?;1,85185E+18;;Indomielovers;en;;0;0;0;https://x.com/undefined/status/1851853147419091147;1,80909E+18;
1,85185E+18;Thu Oct 31 05:05:19 +0000 2024;16;-With this collaboration Indomie and NewJeans are ready to take fun to the next level! So get ready to experience a flavorful adventure of OH MY GOOD! IT'S INDOMIE with @NewJeans_ADOR #OhMyGoodItsIndomie https://t.co/6lvUn2STqJ;1,85185E+18;https://pbs.twimg.com/ext_tw_video_thumb/1851852912940687360/pu/img/Q9Y7WGoORrZ0NwEy.jpg;MINJICENTRAL;en;;0;0;3;https://x.com/undefined/status/1851852933232759241;1,5503E+18;
1,85185E+18;Thu Oct 31 05:05:11 +0000 2024;141;Indomie IG Update: Hello Indomie lovers! Announcing @NewJeans_ADOR as @Indomielovers Official Global Brand Ambassador. NewJeans consisting of five members: Minji Hanni Danielle Haerin &amp;;;;;;;;;;;
1,85185E+18;Thu Oct 31 05:03:58 +0000 2024;0;@Indomielovers @NewJeans_ADOR Such a cool collaboration. Thank you Indomie ;1,85185E+18;;Indomielovers;en;;0;0;0;https://x.com/undefined/status/1851852590629421487;1,72319E+18;
1,85185E+18;Thu Oct 31 05:02:16 +0000 2024;46;NewJeans as the official Global Brand Ambassador of Indomie #뉴진스 #NewJeans #ニュジ #NewJeans_is_Everywhere https://t.co/hWn48e70xQ;1,85185E+18;https://pbs.twimg.com/media/GbMZuuIakAI34Iw.jpg;;en;;0;0;6;https://x.com/undefined/status/1851852164794372553;1,77976E+18;
1,85185E+18;Thu Oct 31 05:01:58 +0000 2024;1;I'm so proud of my girls! So many brands climbing on board with them!! I'm so happy that Indomie collab with NewJeans. Its a dream come true for SEA Tokkis!;1,85185E+18;;;en;;0;0;0;https://x.com/undefined/status/1851852090009883061;603690239;
1,85185E+18;Thu Oct 31 05:01:24 +0000 2024;0;@Indomielovers @NewJeans_ADOR THANKS INDOMIE MAKIN CINTA ️️️;1,85185E+18;;Indomielovers;en;;0;0;0;https://x.com/undefined/status/1851851944819855841;1,34385E+18;
1,85185E+18;Thu Oct 31 04:59:45 +0000 2024;0;indomie x newjeans just came out of nowhere lolol what ;1,85185E+18;;;en;;0;0;0;https://x.com/undefined/status/1851851532402332162;1,60226E+18;
1,85185E+18;Thu Oct 31 04:59:21 +0000 2024;17;@Indomielovers @NewJeans_ADOR From Vietnam with love ️ NewJeans x Indomie https://t.co/z8GSxlNPuP;1,85185E+18;https://pbs.twimg.com/media/GbMZDaXbUAALiWv.jpg;Indomielovers;en;;0;0;0;https://x.com/undefined/status/1851851431760007372;1,78454E+18;
1,85185E+18;Thu Oct 31 04:58:56 +0000 2024;4;@newjeans_loop This might be a better collab than NJxApple. Indomie is literally goto for everyone;1,85185E+18;;newjeans_loop;en;;0;0;0;https://x.com/undefined/status/1851851326759526583;1,66134E+18;
1,85185E+18;Thu Oct 31 04:58:08 +0000 2024;0;@Indomielovers NEWJEANS IS EVERYWHERE Thank you INDOMIE #OhMyGoodItsIndomie;1,85185E+18;;Indomielovers;en;;0;0;0;https://x.com/undefined/status/1851851124913135944;1,55026E+18;
1,85185E+18;Thu Oct 31 04:56:20 +0000 2024;21;INDOMIE x NEWJEANS is happening #NewJeans #뉴진스 https://t.co/FG0roLNYOe;1,85185E+18;https://pbs.twimg.com/media/GbMYXXmakAQ87d-.jpg;;en;;0;0;7;https://x.com/undefined/status/1851850671659901392;1,20919E+18;
1,85185E+18;Thu Oct 31 04:55:54 +0000 2024;0;@Indomielovers @NewJeans_ADOR Omg! Newjeans​ ️ #OhMyGoodItsIndomie #NewJeans;1,85185E+18;;Indomielovers;en;;0;0;0;https://x.com/undefined/status/1851850562175914154;1,62915E+18;
1,85185E+18;Thu Oct 31 04:55:31 +0000 2024;1;@Indomielovers @_hannibunch @NewJeans_ADOR Because of NewJeans I will eat Indomie;1,85185E+18;;Indomielovers;en;;0;0;0;https://x.com/undefined/status/1851850466772082709;1,83128E+18;
1,85185E+18;Thu Oct 31 04:54:30 +0000 2024;0;@Indomielovers @NewJeans_ADOR Thank u Indomie https://t.co/YScYRphAiu;1,85185E+18;https://pbs.twimg.com/tweet_video_thumb/GbMX8s2akAAOgW_.jpg;Indomielovers;en;;0;0;0;https://x.com/undefined/status/1851850212178055541;2221162662;
1,85185E+18;Thu Oct 31 04:53:39 +0000 2024;0;wowwww newjeans x indomie;1,85185E+18;;;en;;0;0;0;https://x.com/undefined/status/1851849994363625678;2265927348;
1,85185E+18;Thu Oct 31 04:53:08 +0000 2024;1;@Indomielovers @NewJeans_ADOR Okay i will Eat more Indomie nasigoreng.;1,85185E+18;;Indomielovers;en;;0;0;0;https://x.com/undefined/status/1851849867204915221;1,37198E+18;
1,85185E+18;Thu Oct 31 04:52:44 +0000 2024;0;@Indomielovers @NewJeans_ADOR WE LOVE NEWJEANS WE LOVE INDOMIE ;1,85185E+18;;Indomielovers;en;;0;0;0;https://x.com/undefined/status/1851849764150874234;1,74589E+18;
1,85185E+18;Thu Oct 31 04:51:31 +0000 2024;0;@Indomielovers @NewJeans_ADOR WE LOVE YOU NEWJEANS! WE LOVE YOU INDOMIE! ;1,85185E+18;;Indomielovers;en;;0;0;0;https://x.com/undefined/status/1851849459153670323;1,83928E+18;
1,85185E+18;Thu Oct 31 04:50:16 +0000 2024;1;Oh My Good It s Indomie Korean Ramyeon Series! Coming Soon #OhMyGoodItsIndomie #NewJeans #뉴진스 #HANNI #하니 #ハニ #민지 #MINJI #NewJeans #다니엘 #Danielle #해린 #Haerin https://t.co/nGuyg1QbVC;1,85185E+18;https://pbs.twimg.com/ext_tw_video_thumb/1851848962451570688/pu/img/xRnQQ9jb22H1UdXl.jpg;;en;;0;0;1;https://x.com/undefined/status/1851849146657026242;1,7707E+18;
1,85185E+18;Thu Oct 31 04:49:16 +0000 2024;368;She may have lost the injuction but I at least can eat Indomie happily thinking my idols are promoting it can t say the same about Indonesian Armys who are shaking with hatred right now knowing eating indomie also means supporting Newjeans ;1,85185E+18;;;en;;3;1;40;https://x.com/undefined/status/1851848891551092864;141861463;
1,85185E+18;Thu Oct 31 04:49:06 +0000 2024;0;Newjeans even collab with Indomie. Braurrr . #NewJeans;1,85185E+18;;;en;;0;0;0;https://x.com/undefined/status/1851848851289968814;3172373497;
1,85185E+18;Thu Oct 31 04:48:56 +0000 2024;0;@Indomielovers @NewJeans_ADOR thanks Indomie ;1,85185E+18;;Indomielovers;en;;0;0;0;https://x.com/undefined/status/1851848810244473171;3155961415;
1,85185E+18;Thu Oct 31 04:48:39 +0000 2024;1;@Indomielovers @CakeDegg @NewJeans_ADOR Indomie is loved in Australia Congratulations @NewJeans_ADOR;1,85185E+18;;Indomielovers;en;;0;0;0;https://x.com/undefined/status/1851848739927024099;13637952;
1,85185E+18;Thu Oct 31 04:48:39 +0000 2024;0;I can't stop smiling ohmygod who's gonna think newjeans gonna be a global ambassador for indomie thats so randomly cute ️;1,85185E+18;;;en;;0;0;0;https://x.com/undefined/status/1851848737108431300;2298927685;
1,85185E+18;Thu Oct 31 04:47:39 +0000 2024;0;newjeans is the first indomie global ambassador sungkem sama orang indomie ;1,85185E+18;;;en;;0;0;0;https://x.com/undefined/status/1851848487358599200;1,11091E+18;
1,85185E+18;Thu Oct 31 04:46:15 +0000 2024;132;241031 Indomie Instagram story update NewJeans as the official Global Brand Ambassador of Indomie #뉴진스 #NewJeans #ニュジ #NewJeans_is_Everywhere https://t.co/n4wMRmilxM;1,85185E+18;https://pbs.twimg.com/ext_tw_video_thumb/1851848052744818690/pu/img/sbBOjjHFxzJtWXLT.jpg;;en;;0;2;27;https://x.com/undefined/status/1851848136169582758;1,77976E+18;
1,85185E+18;Thu Oct 31 04:46:03 +0000 2024;1;Annyeong! Introducing New Jeans as the Global Brand Ambassador for Indomie! #OhMyGoodItsIndomie #NewJeans #뉴진스 #HANNI #하니 #ハニ #민지 #MINJI #NewJeans #다니엘 #Danielle #해린 #Haerin https://t.co/Tyd4b42XhB;1,85185E+18;https://pbs.twimg.com/ext_tw_video_thumb/1851847906095173632/pu/img/1x91ss0tF6E5iaga.jpg;;en;;0;0;1;https://x.com/undefined/status/1851848083149328705;1,7707E+18;
1,85185E+18;Thu Oct 31 04:45:55 +0000 2024;0;Certified Indomie X NewJeans lover here ;1,85185E+18;;;en;;0;0;0;https://x.com/undefined/status/1851848051901764042;1,59933E+18;
1,85185E+18;Thu Oct 31 04:45:06 +0000 2024;20;NewJeans announced as Indomie Global Ambassador. NewJeans x Indomie going global! https://t.co/nwXZfndy8T https://t.co/8ELdsoMTlE;1,85185E+18;https://pbs.twimg.com/media/GbMVzEZWQAA349m.jpg;;en;;0;0;5;https://x.com/undefined/status/1851847842970710383;8,36967E+17;
1,85185E+18;Thu Oct 31 04:44:21 +0000 2024;3;OMG proud Indomie &amp;;;;;;;;;;;
1,85185E+18;Thu Oct 31 04:44:12 +0000 2024;1;@Indomielovers @NewJeans_ADOR INDOMIE WE LOVE YOU;1,85185E+18;;Indomielovers;en;;0;0;0;https://x.com/undefined/status/1851847619846508729;2298927685;
1,85185E+18;Thu Oct 31 04:41:48 +0000 2024;13;@Indomielovers @NewJeans_ADOR I m having Indomie for my Breakfast Lunch Dinner and even Late bite;1,85185E+18;;Indomielovers;en;;0;0;0;https://x.com/undefined/status/1851847014239342641;707491777;
1,85185E+18;Thu Oct 31 04:41:15 +0000 2024;271;NewJeans announced by Indomie as a global ambassador. Looks like Indomie is going global with NewJeans as expected!;1,85185E+18;;;en;;0;0;50;https://x.com/undefined/status/1851846875994878177;8,36967E+17;
1,85179E+18;Thu Oct 31 04:41:09 +0000 2024;0;@newjeans_loop A reason to eat indomie again i guess ;1,85185E+18;;newjeans_loop;en;;0;0;0;https://x.com/undefined/status/1851846852720865645;1,44028E+18;
1,85185E+18;Thu Oct 31 04:40:50 +0000 2024;9;241031 Indomie Instagram update NewJeans as the official Global Brand Ambassador of Indomie #뉴진스 #NewJeans #ニュジ #NewJeans_is_Everywhere https://t.co/8Hkjjk5KCq;1,85185E+18;https://pbs.twimg.com/ext_tw_video_thumb/1851846748752523264/pu/img/a1NPZhg8VGIkQaxn.jpg;;en;;0;0;2;https://x.com/undefined/status/1851846771611439554;1,83193E+18;
1,85185E+18;Thu Oct 31 04:40:41 +0000 2024;2;@Indomielovers @NewJeans_ADOR thank you indomie;1,85185E+18;;Indomielovers;en;;0;0;0;https://x.com/undefined/status/1851846732151456252;1,66027E+18;
1,85185E+18;Thu Oct 31 04:40:11 +0000 2024;2;@Indomielovers @NewJeans_ADOR Thank you Indomie;1,85185E+18;;Indomielovers;en;;0;0;0;https://x.com/undefined/status/1851846606913769717;9,05348E+17;
1,85185E+18;Thu Oct 31 04:39:08 +0000 2024;45;241031 Indomie Instagram update NewJeans as the official Global Brand Ambassador of Indomie #뉴진스 #NewJeans #ニュジ #NewJeans_is_Everywhere https://t.co/5fCIX6rqvw;1,85185E+18;https://pbs.twimg.com/ext_tw_video_thumb/1851846318085541888/pu/img/fYY3SnuN1i93ssRo.jpg;;en;;0;0;8;https://x.com/undefined/status/1851846341204545867;1,77976E+18;
1,85185E+18;Thu Oct 31 04:38:50 +0000 2024;1;I ve been cravin for indomie for such a long time and NewJeans is their global ambassador now i m on heaven ;1,85185E+18;;;en;;0;0;0;https://x.com/undefined/status/1851846268840218689;1,68605E+18;
1,85181E+18;Thu Oct 31 03:11:00 +0000 2024;0;@newjeans_loop A quick reminder: Pham Hanni and Indomie rhymes;1,85182E+18;;newjeans_loop;en;;0;0;0;https://x.com/undefined/status/1851824163075608644;746739302;
1,85182E+18;Thu Oct 31 03:07:26 +0000 2024;184;NewJeans for Indomie !!!https://t.co/jsiCtKtJts;1,85182E+18;https://pbs.twimg.com/amplify_video_thumb/1851786784688214018/img/ZoxtJx2M-OtS-dti.jpg;;en;;1;0;29;https://x.com/undefined/status/1851823265238700384;1,39894E+18;
1,85181E+18;Thu Oct 31 03:04:01 +0000 2024;0;@newjeans_loop Indomie &gt;;;;;;;;;;;
1,85182E+18;Thu Oct 31 02:58:12 +0000 2024;0;Waking up to NewJeans X Indomie ad makes me smile.;1,85182E+18;;;en;;0;0;0;https://x.com/undefined/status/1851820943557161238;603690239;
1,85182E+18;Thu Oct 31 02:57:44 +0000 2024;17;3 REASON WHY IM SO FUCKING HAPPY TODAY️️ INDOMIE X NEWJEANS AND HYBE DOWNFALL HAHAH https://t.co/K7PiIBrUVH;1,85182E+18;https://pbs.twimg.com/media/GbL9NlQakAIRmOc.jpg;;en;;0;0;0;https://x.com/undefined/status/1851820825772724602;1,36969E+18;
1,85182E+18;Thu Oct 31 02:53:20 +0000 2024;0;INDOMIE WITH NEWJEANS WHAT?!;1,85182E+18;;;en;;0;0;0;https://x.com/undefined/status/1851819715913744522;1,66828E+18;
1,85179E+18;Thu Oct 31 02:50:36 +0000 2024;0;@newjeans_loop Ou indomie is goooood;1,85182E+18;;newjeans_loop;en;;0;0;0;https://x.com/undefined/status/1851819031545942172;1,80826E+18;
1,8518E+18;Thu Oct 31 02:49:15 +0000 2024;59;@talytokki NAH BRUHH its one of the biggest instant noodle in the world from my country and Indomie was so rare to make brand deal with anyone and now surpassingly they COLLAB with NEWJEANS omaigatt️ https://t.co/3zSmWF0Fop;1,85182E+18;https://pbs.twimg.com/tweet_video_thumb/GbL7RwXakAE0Eni.jpg;;en;;0;0;0;https://x.com/undefined/status/1851818688984551717;1,36969E+18;
1,85179E+18;Thu Oct 31 02:36:06 +0000 2024;0;@newjeans_loop Anyiiiiing newjeans indomie ;1,85182E+18;;newjeans_loop;en;;0;0;0;https://x.com/undefined/status/1851815379833885143;155482554;
1,85182E+18;Thu Oct 31 02:36:05 +0000 2024;22;Indomie is trending now Indomie x NewJeans https://t.co/HbTdKV2qLe;1,85182E+18;https://pbs.twimg.com/media/GbL4RYebsAA491p.jpg;;en;;1;1;5;https://x.com/undefined/status/1851815377082458529;1,42987E+18;
1,85179E+18;Thu Oct 31 02:35:07 +0000 2024;9;@PoppyKPoppie Hell nah Indofood it's big company in Indonesia they want NEWJEANS not from looking at BULLSHIT brand reputation data paid by the hybe they want NEWJEANS because they know NEWJEANS will have a big impact on the Korean market to Indomie!!!;1,85182E+18;;PoppyKPoppie;en;;0;0;0;https://x.com/undefined/status/1851815133305278735;1,36969E+18;
1,85181E+18;Thu Oct 31 02:31:36 +0000 2024;0;Wow!!! NewJeans with Indomie!!! ;1,85181E+18;;;en;;0;0;0;https://x.com/undefined/status/1851814248651067682;61515749;
1,85181E+18;Thu Oct 31 02:30:48 +0000 2024;0;Wehhh newjeans colab sm indomie @Libriaan_;1,85181E+18;;;en;;0;1;0;https://x.com/undefined/status/1851814046884073578;1,29366E+18;
1,85181E+18;Thu Oct 31 02:27:37 +0000 2024;0;Newjeans Indomie is not on my 2024 bingo list lol;1,85181E+18;;;en;;0;0;0;https://x.com/undefined/status/1851813246589899013;1,57607E+18;
1,85181E+18;Thu Oct 31 02:27:15 +0000 2024;0;@newjeans_loop translate: Indomie my taste.;1,85181E+18;;newjeans_loop;en;;0;0;0;https://x.com/undefined/status/1851813153560236371;1,80604E+18;
1,85179E+18;Thu Oct 31 02:22:29 +0000 2024;0;@newjeans_loop we got indomie x newjeans before gta VI;1,85181E+18;;newjeans_loop;en;;0;0;0;https://x.com/undefined/status/1851811955872534607;1,19785E+18;
1,85181E+18;Thu Oct 31 02:22:02 +0000 2024;6;@mishomisho31 And they chose NewJeans. ️️️️️ I think i need to buy some to celebrate. Thank you Indomie;1,85181E+18;;mishomisho31;en;;0;0;1;https://x.com/undefined/status/1851811838830539117;1,58016E+18;
1,85181E+18;Thu Oct 31 02:19:20 +0000 2024;0;INDOMIE GIVE US NEWJEANS CONCERT AND MY LIFE IS YOURS;1,85181E+18;;;en;;0;0;0;https://x.com/undefined/status/1851811160796107173;1,54983E+18;
1,85181E+18;Thu Oct 31 02:18:51 +0000 2024;1871;at Friday I got an invitation... to the launching of Indomie x NewJeans https://t.co/2jI3n5vHmt;1,85181E+18;https://pbs.twimg.com/media/GbL0Uj2bEAA2FGx.jpg;;en;;28;93;191;https://x.com/undefined/status/1851811038800548004;9,53734E+17;
1,85181E+18;Thu Oct 31 02:15:09 +0000 2024;0;Someone said NewJeans might have Southeast Asia promotions this time given their collab with Indomie... I wonder if they have a collab with a Filipino brand ;1,85181E+18;;;en;;0;0;0;https://x.com/undefined/status/1851810109141504095;1,13589E+18;
1,85179E+18;Thu Oct 31 01:14:18 +0000 2024;8;we got member newjeans makan indomie before gta 6;1,85179E+18;;;en;;0;0;0;https://x.com/undefined/status/1851794795620110452;1,25949E+18;
1,85179E+18;Thu Oct 31 01:13:30 +0000 2024;38;@mishomisho31 i'm kinda surprised when this dropped...totally unexpected...but yeah..indomie reigns supreme...and newjeans does not partner up with second rate brands...happy this happened!!;1,85179E+18;;mishomisho31;en;;0;1;1;https://x.com/undefined/status/1851794594520072194;1,64286E+18;
1,85179E+18;Thu Oct 31 01:11:28 +0000 2024;30;NEWJEANS X INDOMIE THE MOST DELICIOUS NOODLES IN THE WORLD ;1,85179E+18;;;en;;0;0;8;https://x.com/undefined/status/1851794080222843108;1487418937;
1,85179E+18;Thu Oct 31 01:09:03 +0000 2024;3;Lengah dikit jadi BA indomie oh newjeans you will always be famous;1,85179E+18;;;en;;0;0;0;https://x.com/undefined/status/1851793472300384684;2298927685;
1,85179E+18;Thu Oct 31 01:08:09 +0000 2024;0;Woaaaaaah my fav instant noodle woy!!! Indomie X NewJeans!;1,85179E+18;;;en;;0;0;0;https://x.com/undefined/status/1851793245430517832;1,71385E+18;
1,85179E+18;Thu Oct 31 01:04:38 +0000 2024;1;good morning tiba-tiba newjeans indomie;1,85179E+18;;;en;;0;0;0;https://x.com/undefined/status/1851792362336587848;1,63966E+18;
1,85179E+18;Thu Oct 31 01:01:54 +0000 2024;0;WTF INDOMIE GOT OUR NEWJEANS??? ️;1,85179E+18;;;en;;0;0;0;https://x.com/undefined/status/1851791673300521465;2298927685;
1,85179E+18;Thu Oct 31 01:00:37 +0000 2024;0;@newjeans_loop I will be buying indomie I already do ;1,85179E+18;;newjeans_loop;en;;0;0;0;https://x.com/undefined/status/1851791352574484862;1,71471E+18;
1,85179E+18;Thu Oct 31 00:58:43 +0000 2024;143;Minji is like the omma bringing her two kids out for food (newjeans new ads for Indomie!) kittyz reaction so https://t.co/PwQJtPpT20;1,85179E+18;https://pbs.twimg.com/ext_tw_video_thumb/1851790862294093827/pu/img/8BZ89-ETZo4zdXLI.jpg;;en;;0;0;23;https://x.com/undefined/status/1851790872821797239;1,72617E+18;
1,85179E+18;Thu Oct 31 00:54:36 +0000 2024;183;241031 NewJeans for Indomie #민지 #Minji #ミンジ #뉴진스 #NewJeans https://t.co/k0EqxK0xOA;1,85179E+18;https://pbs.twimg.com/ext_tw_video_thumb/1851789793950339076/pu/img/4fCKWyXy14qnsX8H.jpg;;en;;5;0;37;https://x.com/undefined/status/1851789836522524770;1,5503E+18;
1,85179E+18;Thu Oct 31 00:49:15 +0000 2024;1;GACOOOORRRR INDOMIE COLLAB SAMA NEWJEANS;1,85179E+18;;;en;;0;0;0;https://x.com/undefined/status/1851788490650071250;1,48698E+18;
1,85179E+18;Thu Oct 31 00:47:46 +0000 2024;14;@Sancochogurl @newjeans_loop nope this is a big deal indomie is the biggest noodle brand in indonesia and very known globally. usually indonesia's noodle brand only collabing with famous artist;1,85179E+18;;Sancochogurl;en;;0;1;0;https://x.com/undefined/status/1851788119575793766;1,82991E+18;
1,85179E+18;Thu Oct 31 00:47:36 +0000 2024;0;@newjeans_loop anying indomie;1,85179E+18;;newjeans_loop;en;;0;0;0;https://x.com/undefined/status/1851788075439165693;1,52079E+18;
1,85179E+18;Thu Oct 31 00:46:10 +0000 2024;5;INDOMIE IS THE BIGGEST NOODLE BRAND IN INDONESIA YALL THIS IS A BIG DEAL FOR NEWJEANS IM TEARING UP ;1,85179E+18;;;en;;0;0;1;https://x.com/undefined/status/1851787714687045928;1,82991E+18;
1,85179E+18;Thu Oct 31 00:43:03 +0000 2024;0;BUSETTT rill newjeans x indomie;1,85179E+18;;;en;;0;0;0;https://x.com/undefined/status/1851786928729022664;1,79579E+18;
1,85179E+18;Thu Oct 31 00:42:06 +0000 2024;0;WHATTT OMG NEWJEANS X INDOMIE ;1,85179E+18;;;en;;0;0;0;https://x.com/undefined/status/1851786693818618085;1,82991E+18;
1,85179E+18;Thu Oct 31 00:40:25 +0000 2024;0;WAKE UP ALL NEWJEANS COLLAB AMA INDOMIE;1,85179E+18;;;en;;0;0;0;https://x.com/undefined/status/1851786267488587814;1,2178E+18;
1,85179E+18;Thu Oct 31 00:40:24 +0000 2024;3034;NewJeans INDOMIE?! https://t.co/3U5QHHnqCu;1,85179E+18;https://pbs.twimg.com/amplify_video_thumb/1851785406314164224/img/7fX_o5dFWZO7kxjQ.jpg;;en;;103;55;460;https://x.com/undefined/status/1851786263470522850;9,53734E+17;
1,85179E+18;Thu Oct 31 00:35:48 +0000 2024;337;NewJeans' new ad for instant ramyun brand indomie #민지 #Minji #하니 #Hanni #다니엘 #Danielle #해린 #Haerin #혜인 #Hyein #뉴진스 #NewJeans @NewJeans_twt https://t.co/YiYgA42eJ1;1,85179E+18;https://pbs.twimg.com/ext_tw_video_thumb/1851785069251248128/pu/img/zB8Fx6aNoWSmswdB.jpg;;en;;5;1;67;https://x.com/undefined/status/1851785106844766515;1,83216E+18;
1,85178E+18;Thu Oct 31 00:32:48 +0000 2024;2;indomie adjsjsj newjeans is everywhere;1,85178E+18;;;en;;0;0;0;https://x.com/undefined/status/1851784351958340058;1,68691E+18;
1,85178E+18;Thu Oct 31 00:32:31 +0000 2024;1;Newjeans x indomie feels so random ;1,85178E+18;;;en;;0;0;0;https://x.com/undefined/status/1851784281099767841;1,49198E+18;
1,85178E+18;Thu Oct 31 00:25:49 +0000 2024;881;newjeans for indomie #NewJeans #뉴진스 https://t.co/XiaaxGLQ1Y;1,85178E+18;;;en;;83;9;292;https://x.com/undefined/status/1851782595324822000;1,80878E+18;
