conversation_id_str;created_at;favorite_count;full_text;id_str;image_url;in_reply_to_screen_name;lang;location;quote_count;reply_count;retweet_count;tweet_url;user_id_str;username
1,97988E+18;Sun Oct 19 23:59:57 +0000 2025;0;@3Le4N012 mie instan goreng Indomie ;1,98006E+18;;3Le4N012;in;;0;0;0;https://x.com/undefined/status/1980061386886770852;462200465;
1,98006E+18;Sun Oct 19 23:56:41 +0000 2025;1;cantik banget akwkskskksksksk hidup hybe girl ;1,98006E+18;;;in;;0;0;0;https://x.com/undefined/status/1980060568011911283;1,75522E+18;
1,9798E+18;Sun Oct 19 23:55:34 +0000 2025;0;@tanyakanrl Apalah aku yg klo makan indomie goreng sampe di jilat2in piringnya;1,98006E+18;;tanyakanrl;in;;0;0;0;https://x.com/undefined/status/1980060285269684403;1,53748E+18;
1,98006E+18;Sun Oct 19 23:51:31 +0000 2025;0;Newjeans pun kena hari sabtu ribit;1,98006E+18;;;in;;0;0;0;https://x.com/undefined/status/1980059267836322211;1,34049E+18;
1,98006E+18;Sun Oct 19 23:46:36 +0000 2025;0;hybe berfikir onedoor sekuat itu kah? dari awal tahun dikasi lawan gak main main anjir capekk ;1,98006E+18;;;in;;0;0;0;https://x.com/undefined/status/1980058030567047525;1,66988E+18;
1,98006E+18;Sun Oct 19 23:42:35 +0000 2025;0;@liliayunaa Buatnya gampang kok . Kalo ada indomie nya ;1,98006E+18;;liliayunaa;in;;0;0;0;https://x.com/undefined/status/1980057018288468046;1,52516E+18;
1,98006E+18;Sun Oct 19 23:40:15 +0000 2025;1;Life hack indomie goreng aceh X indomie rendang. B ajaaa https://t.co/v5KUvVIhqi;1,98006E+18;https://pbs.twimg.com/media/G3qSzTwWoAAj7ba.jpg;;in;;0;0;0;https://x.com/undefined/status/1980056431643791696;1,19088E+18;
1,98006E+18;Sun Oct 19 23:37:47 +0000 2025;0;Seberat apapun masalah kamu jangan lupa makan indomie;;;;;;;;;;;
1,97993E+18;Sun Oct 19 23:36:42 +0000 2025;2;@Scen20141034 Jd klo ga salah yaa ada army bias JK. Minta tolong ke akun army itu buat ikutan nge hybe Jungkook gitu. Terus ditelusuri tu sm tu akun army. Ditemuin beberapa tweet yg mengarah ke army bias JK dianggap solo stand trs dipermaluin tu sm para a;1,98006E+18;;Scen20141034;in;;0;1;0;https://x.com/undefined/status/1980055536478704036;1,64001E+18;
1,98005E+18;Sun Oct 19 23:35:29 +0000 2025;0;@JUNG9795_ Penjualan indomie lgsg naik drastis ;1,98006E+18;;JUNG9795_;in;;0;1;0;https://x.com/undefined/status/1980055229736604032;8,20483E+17;
1,98006E+18;Sun Oct 19 23:35:11 +0000 2025;25;males bgt scroll ni akun tiap liat ini jadi pengen indomie hhh;1,98006E+18;;;in;;0;5;0;https://x.com/undefined/status/1980055157795954715;1,56503E+18;
1,9799E+18;Sun Oct 19 23:33:46 +0000 2025;0;@Midasekai FAHAAAM sy pernah!! tdk berfikir dan sy lgsg pesan indomie goreng 1 duh absolute yummers;1,98005E+18;;Midasekai;in;;0;1;0;https://x.com/undefined/status/1980054797505249420;8,59333E+17;
1,97945E+18;Sun Oct 19 23:32:01 +0000 2025;0;@annelisefio gimanaa itu hacks Indomie? aku pengennya kaya yang jajanan brownies simple gitu;1,98005E+18;;Kindlystar_;in;;0;1;0;https://x.com/undefined/status/1980054357875069128;1,67242E+18;
1,97996E+18;Sun Oct 19 23:30:52 +0000 2025;0;@tsumshi ini enak tapi kalo mau lebih enak punya indomie;1,98005E+18;;tsumshi;in;;0;1;0;https://x.com/undefined/status/1980054071408288041;1,50947E+18;
1,98005E+18;Sun Oct 19 23:30:44 +0000 2025;0;next apalagi kak? indomie goreng?;1,98005E+18;;;in;;0;2;0;https://x.com/undefined/status/1980054035844796587;9,36504E+17;
1,98005E+18;Sun Oct 19 23:27:24 +0000 2025;0;Jelas indomie kari;1,98005E+18;;;in;;0;0;0;https://x.com/undefined/status/1980053198623973747;1,92833E+18;
1,98005E+18;Sun Oct 19 23:24:19 +0000 2025;0;Penciuman anaknya ada masalah nggak Soalnya indomie ayam bawang indomie soto apalagi indomi goreng wanginya bikin cacing di perut bangkit;1,98005E+18;;;in;;0;0;0;https://x.com/undefined/status/1980052421687787938;1,67901E+18;
1,98005E+18;Sun Oct 19 23:19:12 +0000 2025;0;Planku hari ini makan indomie 3 porsi demi kemaslahatan bersama;1,98005E+18;;;in;;0;0;0;https://x.com/undefined/status/1980051134132957334;145963044;
1,97955E+18;Sun Oct 19 23:16:56 +0000 2025;0;@minase_nayuki @Gieehad Kalo mau congkel berat memang tapi menurut saya kelebihan mie sedap itu mie nya lebih banyak dari Indomie;1,98005E+18;;minase_nayuki;in;;0;0;0;https://x.com/undefined/status/1980050562818474177;1,57684E+18;
1,97948E+18;Sun Oct 19 23:15:47 +0000 2025;0;@cartilagexp @KostSapik indomie goreng ;1,98005E+18;;cartilagexp;in;;0;1;0;https://x.com/undefined/status/1980050275215020201;9,84689E+17;
1,98002E+18;Sun Oct 19 21:14:30 +0000 2025;0;Laper tengah malem tp gk ada indomie ️️;1,98002E+18;;;in;;0;0;0;https://x.com/undefined/status/1980019752543121491;145543894;
1,98001E+18;Sun Oct 19 20:31:11 +0000 2025;0;indomie enak kyke;1,98001E+18;;;in;;0;0;0;https://x.com/undefined/status/1980008849232003273;1,24829E+18;
1,97996E+18;Sun Oct 19 20:22:01 +0000 2025;1;@bukanilhamm Indomie pake tempe goreng?;1,98001E+18;;bukanilhamm;in;;0;1;0;https://x.com/undefined/status/1980006542763339999;1,27907E+18;
1,97996E+18;Sun Oct 19 20:09:04 +0000 2025;0;@SamdGreat01 Me eating pelumi indomie ;1,98E+18;;SamdGreat01;in;;0;0;0;https://x.com/undefined/status/1980003283285549236;1,51493E+18;
1,98E+18;Sun Oct 19 20:07:12 +0000 2025;0;Me eating pelumi indomie ;1,98E+18;;;in;;0;0;0;https://x.com/undefined/status/1980002816442736749;1,51493E+18;
1,98E+18;Sun Oct 19 20:00:46 +0000 2025;5;@roxigaucha hybe me ajuda https://t.co/hJPmi9vTNx;1,98E+18;https://pbs.twimg.com/amplify_video_thumb/1963811899159535616/img/bqPbXzwavN1ZXaV5.jpg;roxigaucha;in;;0;0;0;https://x.com/undefined/status/1980001194836672848;1,69992E+18;
1,97991E+18;Sun Oct 19 19:49:04 +0000 2025;0;@SankeiSaitoti Mtoto wa Indomie haelewi kitu hapo;1,98E+18;;SankeiSaitoti;in;;0;0;0;https://x.com/undefined/status/1979998253606203556;1,5165E+18;
1,98E+18;Sun Oct 19 19:42:29 +0000 2025;0;Bauk puntong surya dit lemah aku cewek kau yak oper ke aku nnti aku kasik Indomie cam mne Hehehhe;1,98E+18;;;in;;0;0;0;https://x.com/undefined/status/1979996596285894690;1,67862E+18;
1,97967E+18;Sun Oct 19 19:27:10 +0000 2025;0;@Ai_machika @safiyyabiso 2k? A unguwan mu wata an bata indomie ne kawai. Kuma a hakan ita wai sam big girl.;1,97999E+18;;Ai_machika;in;;0;0;0;https://x.com/undefined/status/1979992740491313355;1,83543E+18;
1,97999E+18;Sun Oct 19 19:23:00 +0000 2025;0;Sleepless Nights pt. sekian. Rewardnya harus banget Indomie telor nanti siang.;1,97999E+18;;;in;;0;0;0;https://x.com/undefined/status/1979991692892856390;46060734;
1,97999E+18;Sun Oct 19 19:19:01 +0000 2025;0;Sejak kapan hybe sayang sama BND Dari debut aja gak pernah dipromosiin dengan baik;1,97999E+18;;;in;;0;0;0;https://x.com/undefined/status/1979990689124663676;3974890583;
1,97985E+18;Sun Oct 19 19:17:38 +0000 2025;1;@pluviora @1teamadorfck Ya elah fandom itu lagi wkwkwk siap sipaling beda padahal jelas² nyuri blue print my newjeans;1,97999E+18;;pluviora;in;;0;1;0;https://x.com/undefined/status/1979990340418539938;1,89991E+18;
1,97999E+18;Sun Oct 19 19:15:19 +0000 2025;23;Nadia an di indomie taalia? https://t.co/bYcAuP3R2G;1,97999E+18;https://pbs.twimg.com/media/G3pWMF9WwAEaqUj.jpg;;in;;0;10;2;https://x.com/undefined/status/1979989757833720258;1,8199E+18;
1,96189E+18;Sun Oct 19 19:14:09 +0000 2025;0;@mediaablogg Na indomie peppersoup joor‍️;1,97999E+18;;mediaablogg;in;;0;0;0;https://x.com/undefined/status/1979989465939526052;1919271565;
1,97998E+18;Sun Oct 19 18:54:36 +0000 2025;4;apa aku masak indomie aja ya biar aku ga ketakutan shit shit wkwk;1,97998E+18;;;in;;0;0;0;https://x.com/undefined/status/1979984544301490333;1,68346E+18;
1,97998E+18;Sun Oct 19 18:51:55 +0000 2025;0;@soulinrhythm Maunya dibikinin indomie goreng.;1,97998E+18;;soulinrhythm;in;;0;1;0;https://x.com/undefined/status/1979983870973079967;1,95022E+18;
1,97998E+18;Sun Oct 19 18:43:01 +0000 2025;0;Seeing indomie at hotel now thats some good buffet si menurut i (THANKS SP PUN YG MILIH HOTEL WAKTU GTC) even though gua g sempet coba hiks;1,97998E+18;;;in;;0;0;0;https://x.com/undefined/status/1979981629050503214;7,35296E+17;
1,97998E+18;Sun Oct 19 18:42:55 +0000 2025;0;yummy bro yummy jgn dilarang makan indomie https://t.co/78PmWn6PC8;1,97998E+18;https://pbs.twimg.com/media/G3pOxWhWwAApmF0.jpg;;in;;0;0;0;https://x.com/undefined/status/1979981605759570225;1,32489E+18;
1,97998E+18;Sun Oct 19 18:34:55 +0000 2025;7;Pengen indomie goreng :(((( tp udh jam setengah 3 pagi :((((;1,97998E+18;;;in;;0;0;5;https://x.com/undefined/status/1979979589972861124;2675722555;
1,97998E+18;Sun Oct 19 18:31:02 +0000 2025;0;@kinasside @fuzzybrein Gua aduin bosnya karwna dia menghabiskan air listrik wifi sabun sampo Indomie gula tepung terpal;1,97998E+18;;kinasside;in;;0;1;0;https://x.com/undefined/status/1979978615241781614;1,63162E+18;
1,97998E+18;Sun Oct 19 18:29:50 +0000 2025;0;Hall of Shame. Kalah digoda setan S : Tengah malem makan Indomie Dosa? Nga kan?! Me : Dosa Tan semua pd bangun kecium wangi nya. S : Lagian ga makan di meja makan sih Me : Takut td bikin juga deg deg an takut ketemu eluh. Makanya makan nya di kamar S : https://t.co/CLZCTvE5CH;1,97998E+18;https://pbs.twimg.com/media/G3pLxNkX0AAkdRQ.jpg;;in;;0;0;0;https://x.com/undefined/status/1979978311179886822;1672578540;
1,97998E+18;Sun Oct 19 18:25:03 +0000 2025;0;get niyo na wts lfb itzy newjeans baemon ph NEWJEANS NJZ ITZY BABYMONSTER PC SALE - 50% dp rembal 1 week (can nego) - onhand - can give discount if taking 2+ pcs yeji lia ryujin chaeryeong yuna hanni haerin hyeji minji danielle dani chiquita ahyeon;1,97998E+18;;;in;;0;0;0;https://x.com/undefined/status/1979977109461508561;1,64906E+18;
1,97998E+18;Sun Oct 19 18:20:02 +0000 2025;1;Minji Pics #Minji #Newjeans #zelena https://t.co/6P0m0taSHt;1,97998E+18;https://pbs.twimg.com/media/G3pJiabWkAAWnPA.jpg;;in;;0;0;0;https://x.com/undefined/status/1979975844551700829;1,9038E+18;
1,97998E+18;Sun Oct 19 18:17:21 +0000 2025;0;kerja yg bener @.hybe;1,97998E+18;;orangbinguung;in;;0;0;0;https://x.com/undefined/status/1979975170417975746;1,63274E+18;
1,97997E+18;Sun Oct 19 18:16:45 +0000 2025;0;@LeeHeefseung inii jg baru nyoba sii dan emng masih enakan indomie rendang wkwk;1,97998E+18;;LeeHeefseung;in;;0;1;0;https://x.com/undefined/status/1979975018558984457;1,81745E+18;
1,97997E+18;Sun Oct 19 18:11:43 +0000 2025;0;Indomie 300 Ata gigun 1500 Whew ;1,97997E+18;;;in;;0;0;0;https://x.com/undefined/status/1979973753569218842;1,16183E+18;
1,97997E+18;Sun Oct 19 18:08:58 +0000 2025;0;@ihuglylia indomie enak si jam segini mah ;1,97997E+18;;ihuglylia;in;;0;1;0;https://x.com/undefined/status/1979973059303080030;1,24808E+18;
1,97997E+18;Sun Oct 19 18:07:16 +0000 2025;0;@6_arung Rung beliin Indomie. Kasian kawan kita dah kelamaan di goa @jokbelakang ;1,97997E+18;;6_arung;in;;0;1;0;https://x.com/undefined/status/1979972632192987314;185398263;
1,97997E+18;Sun Oct 19 18:03:27 +0000 2025;0;Kangen bakso dan Indomie;1,97997E+18;;;in;;0;2;0;https://x.com/undefined/status/1979971672469094901;9,75384E+17;
1,97997E+18;Sun Oct 19 18:01:56 +0000 2025;0;nothing beats indomie tengah malem sambil nonton bang windah;1,97997E+18;;;in;;0;0;0;https://x.com/undefined/status/1979971292595130690;514069757;
1,97997E+18;Sun Oct 19 18:00:53 +0000 2025;0;or as simpe as.. lapar pen makan butuh indomie hmm.. figuring out;1,97997E+18;;cwiranti;in;;0;0;0;https://x.com/undefined/status/1979971027368292731;2311883300;
1,97997E+18;Sun Oct 19 17:58:41 +0000 2025;0;in another universe gw lg dngerin lagu baru newjeans;1,97997E+18;;;in;;0;1;0;https://x.com/undefined/status/1979970473976058298;1,67081E+18;
1,97997E+18;Sun Oct 19 17:54:05 +0000 2025;1;ini produksi indofood bkn? knp bungkusnya mirip indomie;1,97997E+18;;;in;;0;0;0;https://x.com/undefined/status/1979969316222296425;1,97335E+18;
1,97997E+18;Sun Oct 19 17:52:46 +0000 2025;0;gue kalo jdi indomie uda gue sue ni product;1,97997E+18;;;in;;0;0;0;https://x.com/undefined/status/1979968983395963332;498561796;
1,97997E+18;Sun Oct 19 17:50:25 +0000 2025;0;gawe indomie ngombene bir balbalan taek kabeh.;1,97997E+18;;;in;;1;0;0;https://x.com/undefined/status/1979968393458688089;1,22232E+18;
1,97996E+18;Sun Oct 19 17:38:57 +0000 2025;0;trus yaa setiap mereka mau pulang nihh pasti nih istrinya sibuk di dapur dan lo tebak dia ngapain yaaa dia malah bungkusin beras indomie trus makanan2 yg ada di kulkas gue kata gue hah apa apaan nihh gue tegor lahhh loh bude ini mau diapain ;1,97997E+18;;parampamdut;in;;0;1;0;https://x.com/undefined/status/1979965508809318542;1091793368;
1,97996E+18;Sun Oct 19 17:38:31 +0000 2025;0;@21bastards jelas ngamok sek tak gawe indomie di;1,97997E+18;;21bastards;in;;0;1;0;https://x.com/undefined/status/1979965398255878625;1,22232E+18;
1,97986E+18;Sun Oct 19 17:33:40 +0000 2025;0;@C10BEOMGYU Tapi kalau jadi batu nanti aku gabisa makan indomie gabisa nonton kpop gabisa nonton anime juga... Mending jadi manusia gak sih?;1,97996E+18;;C10BEOMGYU;in;;0;1;0;https://x.com/undefined/status/1979964175314252146;1599007046;
1,97996E+18;Sun Oct 19 17:30:23 +0000 2025;0;@m444hen indomie rasa sotonya jadi berasa lebih enak berkali-kali lipat nggak?;1,97996E+18;;m444hen;in;;0;1;0;https://x.com/undefined/status/1979963351389417631;1,54365E+18;
1,97996E+18;Sun Oct 19 17:29:16 +0000 2025;13;Bjir designnya mirip banget indomie. Boleh kah ini begini;1,97996E+18;;;in;;0;1;0;https://x.com/undefined/status/1979963072166203893;1,16075E+18;
1,97995E+18;Sun Oct 19 16:56:32 +0000 2025;0;@areyoudissme hybe apa koz ya mau bikin trigger buat w4ndor biar baja ky 4rmy;1,97995E+18;;areyoudissme;in;;0;1;0;https://x.com/undefined/status/1979954833785499783;1,88884E+18;
1,97995E+18;Sun Oct 19 16:55:27 +0000 2025;0;@pr0dtaesan SOALNYA EACH TIME KITA BS GITU LOH..... apa si hybe hybe ini penasaran sama bocah bocah dan fandomnya yg cuma sekompi ini;1,97995E+18;;pr0dtaesan;in;;0;1;0;https://x.com/undefined/status/1979954558777622876;1,83534E+18;
1,97995E+18;Sun Oct 19 16:55:23 +0000 2025;0;indomie next;1,97995E+18;;;en;;0;1;0;https://x.com/undefined/status/1979954544131101085;2956094576;
1,97995E+18;Sun Oct 19 16:53:40 +0000 2025;0;indomie bangladesh napa enak banget ya;1,97995E+18;;;in;;0;0;0;https://x.com/undefined/status/1979954109412422105;1,76504E+18;
1,97995E+18;Sun Oct 19 16:53:22 +0000 2025;0;abis makan indomie skrg aku kembung;1,97995E+18;;;in;;0;0;0;https://x.com/undefined/status/1979954035349463318;1,83366E+18;
1,97995E+18;Sun Oct 19 16:52:28 +0000 2025;2;aaaaaa lucu bgt ketemu miniatur hybe;1,97995E+18;;;in;;0;0;0;https://x.com/undefined/status/1979953809658151422;1,81935E+18;
1,97995E+18;Sun Oct 19 16:48:26 +0000 2025;0;Hybe keliatan sibuk bet ;1,97995E+18;;;in;;0;0;0;https://x.com/undefined/status/1979952793973936414;1,21628E+18;
1,97995E+18;Sun Oct 19 16:46:09 +0000 2025;3;gw cinta indomie tengah malam;1,97995E+18;;;in;;0;1;0;https://x.com/undefined/status/1979952220985815517;1,82789E+18;
1,97995E+18;Sun Oct 19 16:45:58 +0000 2025;0;#nwbuy album newjeans apa aja album only juga boleh. Tawarin disini yaa;1,97995E+18;;;in;;0;0;0;https://x.com/undefined/status/1979952174085120280;1,7566E+18;
1,97995E+18;Sun Oct 19 16:45:03 +0000 2025;0;@allmypieces VERSI INDOMIE JUGA ENAK KAMU HARUS COBAAA.;1,97995E+18;;allmypieces;in;;0;1;0;https://x.com/undefined/status/1979951942865756295;1,87871E+18;
1,97995E+18;Sun Oct 19 16:42:57 +0000 2025;0;@allmypieces Apakah ini versi aslinya atau versi Indomie? Tapi dua-duanya enak! Ayo beliiiii!;1,97995E+18;;allmypieces;in;;0;1;0;https://x.com/undefined/status/1979951413095710962;1,87871E+18;
1,97995E+18;Sun Oct 19 16:38:23 +0000 2025;0;DEMI ALLAH INI PERBINCANGAN SAMA COWO GUWEJ KALO NIKAH PAKE INDOMIE ATAU POPMIE BIAR MURAH MALAH BENERAN ADA BJIR;1,97995E+18;;;in;;0;1;0;https://x.com/undefined/status/1979950264816959630;1,56974E+18;
1,97995E+18;Sun Oct 19 16:38:06 +0000 2025;0;Aduh ya apa ya dunia ku lagi di gonjang gajing anak2 hybe ;1,97995E+18;;;in;;0;0;0;https://x.com/undefined/status/1979950191810846871;1,12285E+18;
1,97981E+18;Sun Oct 19 16:37:50 +0000 2025;0;@3xcelsis Wow spaghetti enak tapi bukan buat yang berulang. Gua makan 3 hari berturut-turut lumayan eneg waktu itu gua nyobain yang carbonara. Sampe sekarang blum pengin lagi. Mending suruh ngulang indomie goreng kalo ngga mie sedaap rasa soto;1,97995E+18;;3xcelsis;in;;1;1;0;https://x.com/undefined/status/1979950124504932678;9,57675E+17;
1,97995E+18;Sun Oct 19 16:37:07 +0000 2025;0;Knp grup hybe makin seru yaa;1,97995E+18;;;in;;0;0;0;https://x.com/undefined/status/1979949945668161960;1,65517E+18;
1,97995E+18;Sun Oct 19 16:37:03 +0000 2025;0;the power of Indomie pake cabe 5 + lada bubuk + makaroni pedes bikin sariawan gua yg perih ilang seketika tp perut gue panas bgt;1,97995E+18;;;in;;0;0;0;https://x.com/undefined/status/1979949930405122398;1,47177E+18;
1,97995E+18;Sun Oct 19 16:32:09 +0000 2025;0;Ngakaaaak...njuy njuy kamu harus tau kelakuan that old coot.. wkwkwnwnwnwnwn Camilannya sangat tidak mencerminkan dirut ya...tapi indomie diremukin emang enaak;1,97995E+18;;;in;;0;0;0;https://x.com/undefined/status/1979948696109457730;1,88094E+18;
1,97994E+18;Sun Oct 19 16:31:58 +0000 2025;4;@jmazeey tidak sabar menunggu kegaduhan gedung HYBE di mana artis2nya bakal Dance Challenge lagu baru ini ;1,97995E+18;;jmazeey;in;;0;0;0;https://x.com/undefined/status/1979948648088932842;1,48282E+18;
1,97995E+18;Sun Oct 19 16:30:05 +0000 2025;0;Nemu orang bikin focacia pake bumbu indomie Sebuah ide bikin hummus masukin bumbu indomie (biar ape);1,97995E+18;;;in;;0;0;0;https://x.com/undefined/status/1979948176124919944;121712128;
1,97995E+18;Sun Oct 19 16:27:13 +0000 2025;0;kalo makan indomie sebungkus tuh gak kenyang tapi kalo tambah lagi sebungkus takut gaabis;1,97995E+18;;;in;;0;0;0;https://x.com/undefined/status/1979947454968827944;1,31228E+18;
1,97995E+18;Sun Oct 19 16:26:25 +0000 2025;2;sumpah ini spageti wow ama yg indomie emg enak tapi 1 bungkus natriumnya 1000 die in hypernatremia;1,97995E+18;;;in;;0;0;0;https://x.com/undefined/status/1979947251339591697;1,22355E+18;
1,97984E+18;Sun Oct 19 16:24:40 +0000 2025;1;@amaliyakusumaa tetep nikmat indomie;1,97995E+18;;amaliyakusumaa;in;;0;0;0;https://x.com/undefined/status/1979946813303161071;1,8248E+18;
1,97984E+18;Sun Oct 19 16:23:06 +0000 2025;0;@amaliyakusumaa Gak enak. Mending makan indomie terus olahraga daripada porang poring;1,97995E+18;;amaliyakusumaa;in;;0;0;0;https://x.com/undefined/status/1979946418447298873;246712820;
1,97995E+18;Sun Oct 19 16:21:42 +0000 2025;0;Gue makan ini sekali 3 kalo indomie 4 samyang 3. Udh bukan free will lg brrti tp jatohnya kriwil;1,97995E+18;;;in;;0;1;0;https://x.com/undefined/status/1979946067484643827;109795212;
1,97995E+18;Sun Oct 19 16:21:20 +0000 2025;0;kejadian mulu yg kaya gini dasar hybe jingannn;1,97995E+18;;;in;;0;0;0;https://x.com/undefined/status/1979945976157884505;1,29065E+18;
1,97995E+18;Sun Oct 19 16:18:27 +0000 2025;1;kaget dikit aja soalnya udh di spill sm ordal hybe @ksjk9297 dr bulan september ‍️ https://t.co/PNt3TdAORO;1,97995E+18;https://pbs.twimg.com/media/G3ottXnX0AA0J2o.jpg;;in;;0;3;0;https://x.com/undefined/status/1979945247070445593;1,13316E+18;
1,97994E+18;Sun Oct 19 16:17:38 +0000 2025;0;@jwooo127 Benerrr. Asin banget. Tapi ga tau yg baru keluaran indomie sama asinnya ngga.;1,97995E+18;;jwooo127;in;;0;1;0;https://x.com/undefined/status/1979945043982188646;3165012822;
1,97994E+18;Sun Oct 19 16:16:46 +0000 2025;0;@bunyiin Agaknya kalo hybe suka yang gitu deh Maksudnya kalo Hyung/Eonnie nya pasti ga jadi leader terus yang lain yang jadi leader. Contohnya: bts enha lessera txt dll. Mungkin kalo ada masalah yang tua ini bisa ngademin kali ya juga bisa jadi sandaran b;1,97994E+18;;bunyiin;in;;0;0;0;https://x.com/undefined/status/1979944826516000929;3267721406;
1,97994E+18;Sun Oct 19 16:16:33 +0000 2025;0;Lindungi hamba dari godaan indomie goreng;1,97994E+18;;;in;;0;0;0;https://x.com/undefined/status/1979944771335709026;1,89626E+18;
1,97994E+18;Sun Oct 19 16:15:40 +0000 2025;1;Mulih masak indomie;1,97994E+18;;;in;;0;0;0;https://x.com/undefined/status/1979944547665981926;524134564;
1,97994E+18;Sun Oct 19 16:13:54 +0000 2025;1;pengen banget living together sama indomie ayam bawang bjirr enak banget soalnya ;1,97994E+18;;;in;;0;2;0;https://x.com/undefined/status/1979944105049538839;1,94468E+18;
1,97982E+18;Sun Oct 19 16:11:49 +0000 2025;0;@sakjiwz Yesss! Mirip kaya yang pada suka makan indomie pake susu tapi ini nasiii heheh.;1,97994E+18;;sakjiwz;in;;0;0;0;https://x.com/undefined/status/1979943578492346705;1,95123E+18;
1,97994E+18;Sun Oct 19 16:10:00 +0000 2025;0;@RantauIrsyas Indomie Sate padang Tahu bulat Basreng Nasi ayam hainan Sop merah Kare jepang Semua menu katering Bapak kos Pancake Mas Midi Cookies Hasna Pangsit Sekarratih;1,97994E+18;;RantauIrsyas;in;;0;1;0;https://x.com/undefined/status/1979943121577464240;1,94115E+18;
1,9798E+18;Sun Oct 19 16:05:45 +0000 2025;0;@tanyakanrl Aku mangan indomie aceh piringe tak dilati raurusan;1,97994E+18;;tanyakanrl;in;;0;1;0;https://x.com/undefined/status/1979942052432642268;1,21022E+18;
1,97984E+18;Sun Oct 19 16:05:45 +0000 2025;42;@amaliyakusumaa Mending lari sejam terus makan indomie goreng double aja sih nder kalo aku ;1,97994E+18;;amaliyakusumaa;in;;0;1;0;https://x.com/undefined/status/1979942051467931655;23301726;
1,97994E+18;Sun Oct 19 16:05:08 +0000 2025;0;Walaupun gaada indomie yaudahlah https://t.co/Md1hW7ENxu;1,97994E+18;https://pbs.twimg.com/media/G3oqpJQWEAEYsVM.jpg;;in;;0;0;0;https://x.com/undefined/status/1979941897838981531;1,25707E+18;
1,97994E+18;Sun Oct 19 16:04:51 +0000 2025;4;Kok gw ga kepikiran ya waktu itu minta indomie ;1,97994E+18;;;in;;0;0;0;https://x.com/undefined/status/1979941826053431686;8,5246E+17;
1,9799E+18;Sun Oct 19 16:04:45 +0000 2025;0;@HYBE_corporate MAMPUS AKU COK;1,97994E+18;;HYBE_corporate;in;;0;0;0;https://x.com/undefined/status/1979941802749911329;1,01488E+18;
1,97994E+18;Sun Oct 19 16:03:20 +0000 2025;0;mau masak my lovely indomie rendang;1,97994E+18;;;in;;0;1;0;https://x.com/undefined/status/1979941445357420715;1,34382E+18;
1,97994E+18;Sun Oct 19 16:01:50 +0000 2025;0;hybe ini emang anjing ya lu up jhope x le sserafim hari ini sampe yg mau comeback besok tb2 udah rilis countdown mv loh ini barusan asli gw yakin itu countdown dibuat gegara elu up the kick nya jhope ;1,97994E+18;;;in;;0;0;0;https://x.com/undefined/status/1979941064904409356;1,85282E+18;
1,97994E+18;Sun Oct 19 16:01:42 +0000 2025;5;nangis bgt bela2in jam sgini mau coba ketoprak indomie di warmindo langganan ABIS ;1,97994E+18;;;in;;0;2;0;https://x.com/undefined/status/1979941033653031226;1,29317E+18;
1,97994E+18;Sun Oct 19 16:00:24 +0000 2025;1;menutup akhir pekan dengan me time. hp airplane mode makan indomie telor 2 biji dengerin lagu plus baca komik homo. life is good.;1,97994E+18;;;in;;0;0;0;https://x.com/undefined/status/1979940705490640943;1,58917E+18;
1,97994E+18;Sun Oct 19 15:59:41 +0000 2025;0;Hidup sehat itu susah ya. Berhasil lepas dari indomie tapi perasaan bergejolak terharap gacoan sangat lah nyata. BM GACOAN;1,97994E+18;;;in;;0;0;0;https://x.com/undefined/status/1979940526674571502;1,39337E+18;
1,97994E+18;Sun Oct 19 15:59:26 +0000 2025;4;Tadi siang aku mam yang lagi viral indomie goreng+ayam bawang sebelom berkegiatan dan ngevote MAMA. Hehehehe enakkk karena perpaduan dua rasa indomie yang kusuka. https://t.co/2DpQx9X9Xl;1,97994E+18;https://pbs.twimg.com/media/G3opTMKWQAIhPcv.jpg;;in;;0;3;0;https://x.com/undefined/status/1979940461692506334;1,8431E+18;
1,97993E+18;Sun Oct 19 15:59:17 +0000 2025;34;@Iurixxiwn Hybe Payola;1,97994E+18;;Iurixxiwn;in;;0;2;1;https://x.com/undefined/status/1979940424987889889;1,48704E+18;
1,97994E+18;Sun Oct 19 15:57:08 +0000 2025;0;@FurinaJowo indomie gih apa telur;1,97994E+18;;FurinaJowo;in;;0;1;0;https://x.com/undefined/status/1979939883730047167;1,55446E+18;
1,97994E+18;Sun Oct 19 15:56:37 +0000 2025;0;@makiu waktunya masak indomie ngga sih;1,97994E+18;;makiu;in;;0;1;0;https://x.com/undefined/status/1979939755573047577;1,85786E+18;
1,97994E+18;Sun Oct 19 15:55:46 +0000 2025;1;knp gak desain baru aja deh hrs dupe indomie gtu;1,97994E+18;;;in;;0;0;0;https://x.com/undefined/status/1979939540178444368;1,27089E+18;
1,97994E+18;Sun Oct 19 15:55:08 +0000 2025;10;Ya Allah sudah memasuki era bts ft hybe artists were getting that bangtis soon https://t.co/pzqYuULVbr;1,97994E+18;https://pbs.twimg.com/tweet_video_thumb/G3ooXiaXsAAQEUL.jpg;;in;;0;1;0;https://x.com/undefined/status/1979939381449556078;1,96542E+18;
1,97987E+18;Sun Oct 19 15:53:40 +0000 2025;0;@gerongkerupuk Dulu aku ada temen jg nama NewJeans;1,97994E+18;;gerongkerupuk;in;;0;1;0;https://x.com/undefined/status/1979939011256041499;1,89432E+18;
1,97994E+18;Sun Oct 19 15:52:02 +0000 2025;3;abis coli makan indomie ️;1,97994E+18;;;in;;0;1;0;https://x.com/undefined/status/1979938600390361337;1,10869E+18;
1,97994E+18;Sun Oct 19 15:50:04 +0000 2025;0;setelah chicken noodle soup ada spaghetti kalo hobi collab sm artis indo namanya indomie atau seblak kali ye;1,97994E+18;;;in;;0;0;0;https://x.com/undefined/status/1979938104430796997;575465229;
1,9799E+18;Sun Oct 19 15:49:17 +0000 2025;1;@ThatKumeyuri Mie sedap goreng &gt;;;;;;;;;;;
1,97994E+18;Sun Oct 19 15:49:13 +0000 2025;0;4 hari makan indomie beruntut?? untung habis ini ga ada lagi tu indomie;1,97994E+18;;;in;;0;0;0;https://x.com/undefined/status/1979937893175955751;1,78461E+18;
1,97994E+18;Sun Oct 19 15:49:11 +0000 2025;0;dosa besar hybe setelah gfriend yaa fromis9. hybe lu kyk tai sumpah;1,97994E+18;;;in;;0;0;0;https://x.com/undefined/status/1979937882388226203;1,84436E+18;
1,97994E+18;Sun Oct 19 15:49:00 +0000 2025;0;buat army yg udh lama gak streaming boleh latihan dulu di channel hybe searching boynextdoor hollywood action;1,97994E+18;;;in;;0;0;0;https://x.com/undefined/status/1979937836263453005;1,10208E+18;
1,97994E+18;Sun Oct 19 15:48:51 +0000 2025;0;@effervesc3nce Wkwkwkwkwk Anw baca twit kamu jadi pen makan indomie ;1,97994E+18;;effervesc3nce;in;;0;1;0;https://x.com/undefined/status/1979937800142123286;7,33549E+17;
1,97994E+18;Sun Oct 19 15:48:21 +0000 2025;0;bodo ah indomie aja wkwk;1,97994E+18;;;in;;0;0;0;https://x.com/undefined/status/1979937673532834241;1,78461E+18;
1,97994E+18;Sun Oct 19 15:47:42 +0000 2025;0;@effervesc3nce Surga dunia sih indomie + nasi kalo aku pake telor dadar jg biasanya;1,97994E+18;;effervesc3nce;in;;0;1;0;https://x.com/undefined/status/1979937510345298144;7,33549E+17;
1,97994E+18;Sun Oct 19 15:47:33 +0000 2025;0;abis rewatch game catteres hybe dan disitu fromis9 masih full team even gyuri juga masiih adaaa kangen deh;1,97994E+18;;;in;;0;0;0;https://x.com/undefined/status/1979937471002497167;1,84436E+18;
1,97992E+18;Sun Oct 19 15:11:22 +0000 2025;0;indomie ayam spesial underrated bgt ya;1,97993E+18;;kensetsunokaosu;in;;0;0;0;https://x.com/undefined/status/1979928365399261359;1,2179E+18;
1,97984E+18;Sun Oct 19 15:10:11 +0000 2025;0;@amaliyakusumaa kenape bungkusnya dimiripin bgt sama indomie goreng?;1,97993E+18;;amaliyakusumaa;in;;0;0;0;https://x.com/undefined/status/1979928070589976780;1,66254E+18;
1,97838E+18;Sun Oct 19 15:10:02 +0000 2025;1;@Jonseonng HALO KAKAK! Bukan tim nekat tapi aku tim takut ga keverif soalnya pas habis isi form aku KURANG INTERAKSI AAAAAAA. Ayo balapan samaku depan gang hybe?;1,97993E+18;;Jonseonng;in;;0;0;0;https://x.com/undefined/status/1979928031972983159;7,32862E+17;
1,97993E+18;Sun Oct 19 15:08:50 +0000 2025;0;indomie diremukkin emang enak bjirr dulu pas ngekos laper malem2 sering nyemilin itu;1,97993E+18;;;in;;0;0;0;https://x.com/undefined/status/1979927729551155668;1,78098E+18;
1,97992E+18;Sun Oct 19 15:08:41 +0000 2025;0;@wonxinluvv Tapi mereka semua label ngepost di akun hybe deh. Cuma yang paling sering kena emang anak bighit karena tiap rilis selalu barengan sama grup lain. Kayak ini sekarang txt sama lesserafim jhope sama jin pernah kena juga. Kek ‍‍‍ kalo dibag;1,97993E+18;;wonxinluvv;in;;0;1;0;https://x.com/undefined/status/1979927692397936857;1,39674E+18;
1,97993E+18;Sun Oct 19 15:08:03 +0000 2025;0;Di luar sisi kesehatan nya orang jualan ketoprak dipadukan indomie tuh cheat code sih. Ketoprak sendiri aja udah enak mie kuning polos pake sambel kacang juga udah enak banget ini udah ketoprak digabungnya pake indomie jelas meledak banget ini kenikmatannya ;1,97993E+18;;;in;;0;0;0;https://x.com/undefined/status/1979927533006020729;169800554;
1,97993E+18;Sun Oct 19 15:07:31 +0000 2025;0;Ada yg lebih dahsyat. Dpt hotel yg ada Indomie sama freeflow pempek. Indomie kuah maupun goreng yg udh dipakein topping omelet dicampur potongan pempek itu dahsyatnya luar biasa.;1,97993E+18;;;in;;1;1;1;https://x.com/undefined/status/1979927398964732223;42350702;
1,97993E+18;Sun Oct 19 15:07:21 +0000 2025;0;tapi gpp newjeans kamu tetap hari sabtu ku;1,97993E+18;;ribitzz;in;;1;0;0;https://x.com/undefined/status/1979927357050806580;1,52785E+18;
1,97993E+18;Sun Oct 19 15:07:18 +0000 2025;1;ssera nih udh beneran dianggep adek sendiri yah dari dance challenge seokjin aja udh wow bgt wkwk ini dpt collab lagi bjir sehat2 grup under hybe;1,97993E+18;;urairasa;in;;0;0;0;https://x.com/undefined/status/1979927344685973694;1,33475E+18;
1,97989E+18;Sun Oct 19 15:06:43 +0000 2025;0;@chueuliyu indomie memang mie instan nomor 1 dunia tapi chueuliyu nomor 1 untuk abang;1,97993E+18;;chueuliyu;in;;0;1;0;https://x.com/undefined/status/1979927197784723930;7,50049E+17;
1,97993E+18;Sun Oct 19 15:05:29 +0000 2025;0;Poe minggu peuting mah indomie heula https://t.co/mFnQRFtiMo;1,97993E+18;https://pbs.twimg.com/media/G3oc_5-W4AAet55.jpg;;in;;0;0;0;https://x.com/undefined/status/1979926883744592187;229873510;
1,97993E+18;Sun Oct 19 15:05:06 +0000 2025;3;makan indomie jam segini gpp kan ya;1,97993E+18;;;in;;0;2;0;https://x.com/undefined/status/1979926788030554477;1,12086E+18;
1,97993E+18;Sun Oct 19 15:04:13 +0000 2025;0;nyemil indomie diremukin banget astaga lu itu DIREKTURRRR YAAA jangan kaya orang miskin!!;1,97993E+18;;;in;;0;0;0;https://x.com/undefined/status/1979926568022810699;1,91327E+18;
1,97993E+18;Sun Oct 19 15:03:51 +0000 2025;14;kemungkinan good news dari dd - debut f1are lesgo - join agency baru pls hybe - fanmeeting - rilis lagu baru - atlantis cover FULL version - chains cover lesgo sexy woojin - pengumuman keterima kuliah congrats dd;1,97993E+18;;;in;;1;1;0;https://x.com/undefined/status/1979926473508077930;1,66572E+18;
1,97992E+18;Sun Oct 19 15:03:40 +0000 2025;0;@wonxinluvv Iya di channel hybe yang buat rilis mv soalnya suka kayak ngespam gitu jir;1,97993E+18;;wonxinluvv;in;;0;1;0;https://x.com/undefined/status/1979926428746449078;1,39674E+18;
1,97993E+18;Sun Oct 19 15:03:25 +0000 2025;0;Newjeans duluan ga si wkwkwwkk;1,97993E+18;;;in;;0;0;0;https://x.com/undefined/status/1979926367769653288;1,17791E+18;
1,97993E+18;Sun Oct 19 15:02:57 +0000 2025;0;sleman adem banget indomie rebus pedes enak tenan ;1,97993E+18;;;in;;1;0;0;https://x.com/undefined/status/1979926247997120541;537333858;
1,97993E+18;Sun Oct 19 15:02:47 +0000 2025;0;Barengan bgt nih warga hybe;1,97993E+18;;;in;;0;0;0;https://x.com/undefined/status/1979926206473482499;1,4638E+18;
1,97985E+18;Sun Oct 19 15:02:41 +0000 2025;0;@cuaprika Bener juga.. mungkin karena emang biayanya lebih mahal juga kan mendingan uangnya masuk kantong mereka ups... Aku juga suka soto apalagi kalo telornya dua! Duh jadi laper kan jam segini bayangin indomie rebus..;1,97993E+18;;cuaprika;in;;0;1;0;https://x.com/undefined/status/1979926181136019640;876537638;
1,97989E+18;Sun Oct 19 15:01:48 +0000 2025;0;@jiiahaoz ternyata dd bisa mengalahkan Indomie sang juara bertahan.;1,97993E+18;;jiiahaoz;in;;0;1;0;https://x.com/undefined/status/1979925956925001978;1,81499E+18;
1,97992E+18;Sun Oct 19 15:01:24 +0000 2025;0;@saniecatto Gapapa bub Aku buat masak indomie aja ga sempat jadi kalo ada yang masakin apapun diterima banget;1,97993E+18;;saniecatto;in;;0;1;0;https://x.com/undefined/status/1979925858077889002;1,88874E+18;
1,97983E+18;Sun Oct 19 15:00:50 +0000 2025;0;@NadhirulBLB yang indomie itu berapaa kak?;1,97993E+18;;NadhirulBLB;in;;0;0;0;https://x.com/undefined/status/1979925716566168060;1,89381E+18;
1,97989E+18;Sun Oct 19 14:59:29 +0000 2025;0;@chueuliyu chueuliyu juga selera abang banget ngalahin indomie;1,97993E+18;;chueuliyu;in;;0;1;0;https://x.com/undefined/status/1979925376051659172;7,50049E+17;
1,97989E+18;Sun Oct 19 14:58:21 +0000 2025;1;@ALD1_fess Makan indomie ama adek gonu;1,97993E+18;;ALD1_fess;in;;1;0;0;https://x.com/undefined/status/1979925089106776519;1,26956E+18;
1,97979E+18;Sun Oct 19 14:56:38 +0000 2025;0;@ciinayuta Inyi lagi indomie soto Bubull! /heh ;1,97992E+18;;ciinayuta;in;;0;1;0;https://x.com/undefined/status/1979924657433141343;298963854;
1,97992E+18;Sun Oct 19 14:56:23 +0000 2025;0;@JYun_ho2303 yah aku ga pandai masak nanti malah dimasakin indomie serebu resep wkwk;1,97992E+18;;JYun_ho2303;in;;0;1;0;https://x.com/undefined/status/1979924595000877559;8,46007E+17;
1,9799E+18;Sun Oct 19 14:56:04 +0000 2025;0;@Yushinee_ yang indomie;1,97992E+18;;Yushinee_;in;;0;1;0;https://x.com/undefined/status/1979924515812495495;1572772381;
1,9799E+18;Sun Oct 19 14:55:10 +0000 2025;0;@rarararanat Asik asik udh mencium bau²nya;1,97992E+18;;rarararanat;in;;0;1;0;https://x.com/undefined/status/1979924291559829706;1,03222E+18;
1,97992E+18;Sun Oct 19 14:54:39 +0000 2025;0;mr yongmin pake topi indomie wkwkwk;1,97992E+18;;;in;;0;0;0;https://x.com/undefined/status/1979924160366485839;1,36777E+18;
1,97992E+18;Sun Oct 19 14:54:22 +0000 2025;0;@fingerpony Gw jago bikin indomie nyemek ajg 13 years of experience... pada main ke kost gw ngapa tp kost gw lowkey sesempit hunian kowloon city;1,97992E+18;;fingerpony;in;;0;1;0;https://x.com/undefined/status/1979924089654362182;1,38471E+18;
1,97992E+18;Sun Oct 19 14:54:20 +0000 2025;0;@bxbmfss Indomie rasa ayam bawang gak kak?;1,97992E+18;;bxbmfss;in;;0;0;0;https://x.com/undefined/status/1979924080363979227;1,77756E+18;
1,97992E+18;Sun Oct 19 14:53:49 +0000 2025;0;@gryphonstrange udah ga enak tenggorokan makan indomie? sekalian makan biji kedondong!!;1,97992E+18;;gryphonstrange;in;;0;1;0;https://x.com/undefined/status/1979923949426532800;1,93366E+18;
1,97992E+18;Sun Oct 19 14:52:31 +0000 2025;0;gue rasa mie sedap skrg varian nya banyak yg jauh lebi enak drpd indomie;1,97992E+18;;;in;;0;0;0;https://x.com/undefined/status/1979923621603868723;1,09191E+18;
1,97992E+18;Sun Oct 19 14:52:09 +0000 2025;0;bulan ini bnyak skali kbutuhan dan duitku sisa 200 ajh tpi tepat hri ini ak tau pcarku cm makan indomie yg bahkan masaknya setengah mateng karna gas kosannya habis aku liatnya ga sampe hati kemarin dia traktir aku makan enak buat ngerayain ultahnya tapi aku gatau kondisinya;1,97992E+18;;;in;;0;1;0;https://x.com/undefined/status/1979923529903882655;612616880;
1,97988E+18;Sun Oct 19 14:51:40 +0000 2025;0;@kakitomisee Gpp aku udah bawa sambal indomie dan abon ;1,97992E+18;;kakitomisee;in;;0;0;0;https://x.com/undefined/status/1979923410034549145;8,47761E+17;
1,97992E+18;Sun Oct 19 14:50:52 +0000 2025;0;sakit pala bgt anjing leowon gue sumpahin lu sesukses suksesnya biar masuk laporan mingguan hybe biar di ketawain dah sipaling stand petinggi dan label kocak anjing suka aniaya artisnya kerja rodi jg semuanya sialan agensi yg suka semena-mena sm idolnya fak;1,97992E+18;;;in;;0;0;0;https://x.com/undefined/status/1979923209060331770;1,412E+18;
1,97992E+18;Sun Oct 19 14:49:48 +0000 2025;0;@bxbmfss MAU INDOMIE DONG MAU;1,97992E+18;;bxbmfss;in;;0;0;0;https://x.com/undefined/status/1979922939438088276;2592263390;
1,97992E+18;Sun Oct 19 14:49:01 +0000 2025;0;@17svtscent boys planet adl IKON KAPITALIS cuy HYBE lewat;1,97992E+18;;17svtscent;in;;0;1;0;https://x.com/undefined/status/1979922741663879227;3313278162;
1,97992E+18;Sun Oct 19 14:48:46 +0000 2025;0;????? Memang makan indomie 3 x sehari? Rasa pasti beda ga bakal ada yang bisa nandingi indomie goreng. Makan aja indomie biasa terus bakar kalorinya via cardio.;1,97992E+18;;;in;;0;0;0;https://x.com/undefined/status/1979922676903809278;73643984;
1,97992E+18;Sun Oct 19 14:46:23 +0000 2025;0;@serendipitaekoo GIRL ISESEND KO DAPAT YAN SAYO ;1,97992E+18;;serendipitaekoo;tl;;0;0;0;https://x.com/undefined/status/1979922078171009142;1,30009E+18;
1,97992E+18;Sun Oct 19 14:22:58 +0000 2025;0;Kalo suka pedes dan gampang dicari di Alfamart atau di warung coba mie Indomie seblak sama mie sedap rawit. Itu enak!;1,97992E+18;;;in;;0;0;0;https://x.com/undefined/status/1979916187371708425;7,23926E+17;
1,97992E+18;Sun Oct 19 14:22:16 +0000 2025;0;indomie soto dan nurdin setelah konser enak bgt;1,97992E+18;;;in;;0;1;0;https://x.com/undefined/status/1979916010237894814;1,25441E+18;
1,97992E+18;Sun Oct 19 14:21:43 +0000 2025;0;Hybe kayaknya udah beralih ke iphone yah illit cortis terus sekarang namjoon;1,97992E+18;;;in;;0;0;0;https://x.com/undefined/status/1979915869808689240;1,52116E+18;
1,97992E+18;Sun Oct 19 14:21:32 +0000 2025;0;@guviest kan lu hybe bgt nih mwnurut lu mungkin ga?;1,97992E+18;;guviest;in;;0;1;0;https://x.com/undefined/status/1979915824451170663;1,33234E+18;
1,97992E+18;Sun Oct 19 14:21:27 +0000 2025;0;wts hai jajan malemnya yuk ada pc proofcoll ptd layover ld rpc decokit ld ptdos memo dvd mpc hybe insight mb ptd swz posca dfesta dicon pb proof keychain dll. cuss habiskan bisa nego tipis https://t.co/93pei9Hraq;1,97992E+18;;;in;;0;0;0;https://x.com/undefined/status/1979915802489799143;1,38509E+18;
1,97989E+18;Sun Oct 19 14:21:04 +0000 2025;0;@jiiahaoz abang kaya indomie seleraku banget.;1,97992E+18;;jiiahaoz;in;;0;1;0;https://x.com/undefined/status/1979915709762207862;1,81499E+18;
1,97992E+18;Sun Oct 19 14:21:00 +0000 2025;0;abis norebang makan indomie rebus beuh;1,97992E+18;;;in;;0;0;0;https://x.com/undefined/status/1979915691474960639;1,74626E+18;
1,97992E+18;Sun Oct 19 14:20:57 +0000 2025;0;Aku 7 bulan suka enha diisi ikut maison nonton hybe cinema skrng sektor k buat ketemu secara langsung ini terlalu satset mana ini rasa baru wkwk tadi engene yang kutemui lucu dan baik semua mna berderet suka jake semuasetiap jake mncul di layar langsung pada teriak;1,97992E+18;;;in;;0;0;0;https://x.com/undefined/status/1979915678669795361;1,34484E+18;
1,97991E+18;Sun Oct 19 14:18:51 +0000 2025;0;@MajestyJK ditunggu bgtttt semoga tahun depan banyak momen papa papi yhh dan ga di cut cut sm si hybe itu ;1,97992E+18;;MajestyJK;in;;0;1;0;https://x.com/undefined/status/1979915149038239746;4431762734;
1,97943E+18;Sun Oct 19 14:17:41 +0000 2025;0;@pacarkimjisoo Ngapain kekondangan makan indomie bikin dirumah udah sering;1,97991E+18;;pacarkimjisoo;in;;0;0;0;https://x.com/undefined/status/1979914855722229952;490131757;
1,97991E+18;Sun Oct 19 14:15:05 +0000 2025;0;Normalize Mi bukan Mie . Bro Indomie terlalu mengintervensi.;1,97991E+18;;;in;;0;0;0;https://x.com/undefined/status/1979914203902128572;1,12435E+18;
1,97991E+18;Sun Oct 19 14:11:00 +0000 2025;0;Mampus orang-orang yang idealis nggak karuan dan nggak realistis langsung terdiem your fav Indomie Exploit resource or human too your fav kopken janji jiwa too your fav Marimas Polluting the environment by throwing waste carelessly etc.;1,97991E+18;;;in;;0;0;0;https://x.com/undefined/status/1979913175576568283;1,13923E+18;
1,97991E+18;Sun Oct 19 14:07:50 +0000 2025;0;Abis dari event hybe dan yg ngecover kyungmin ini lucu bgt gk kuat Jadilah minta foto (suka jg krn ekspresinya on point BGTTT) https://t.co/3znB23fVzu;1,97991E+18;https://pbs.twimg.com/media/G3oPz5IWcAIt6rv.jpg;;in;;0;1;0;https://x.com/undefined/status/1979912375953142221;1,77791E+18;
1,97981E+18;Sun Oct 19 14:07:07 +0000 2025;2;@MaingiJohn_ indomie ni indian;1,97991E+18;;MaingiJohn_;in;;0;1;0;https://x.com/undefined/status/1979912197854695928;1,83233E+18;
1,97991E+18;Sun Oct 19 14:06:02 +0000 2025;0;Sedap gak kalau dapat indomie ni;1,97991E+18;;;in;;0;0;0;https://x.com/undefined/status/1979911923882774951;1,56866E+18;
1,97991E+18;Sun Oct 19 14:04:29 +0000 2025;0;indomie seblak enakk bangett mie nya lebih kenyal lebar n gepeng https://t.co/16I1eZkcVq;1,97991E+18;https://pbs.twimg.com/media/G3oPC6nXMAAqGtJ.jpg;;in;;0;1;0;https://x.com/undefined/status/1979911532893851680;1,89042E+18;
1,97984E+18;Sun Oct 19 14:03:43 +0000 2025;0;@Dennaaja_ @amaliyakusumaa Bisa aja Indomie pun juga bisa ka asalkan jangan berlebihan.;1,97991E+18;;Dennaaja_;in;;0;1;0;https://x.com/undefined/status/1979911340358558087;1,44275E+18;
1,97991E+18;Sun Oct 19 14:01:49 +0000 2025;0;Sumph atp aku bneran need hybe game caterers bgt jir terserah gen brp aja aku terima dengan lapang dada;1,97991E+18;;;in;;0;0;0;https://x.com/undefined/status/1979910863466217666;1,64752E+18;
1,97957E+18;Sun Oct 19 13:59:50 +0000 2025;0;@KucengTerbanggg Indomie dicengekan;1,97991E+18;;KucengTerbanggg;in;;0;0;0;https://x.com/undefined/status/1979910365350629623;109708962;
1,97991E+18;Sun Oct 19 13:57:24 +0000 2025;26;Gw masih inget bgt dulu Jake sempet bilang kalau dia emang ngefans bgt sama Shua sampe doi pengin take video challenge sama Shua tapi masih malu-malu. Akhirnya ketemu di Hybe Game Caterers. Gw pas liat mereka duduk sebelahan langsung kek orgil https://t.co/RCj4UQInHV;1,97991E+18;https://pbs.twimg.com/ext_tw_video_thumb/1979559606620721152/pu/img/mEtr4L3mkbRjo8vS.jpg;;in;;1;0;4;https://x.com/undefined/status/1979909753053598049;1,77627E+18;
1,97991E+18;Sun Oct 19 13:57:12 +0000 2025;23;Orang waras juga ngarti mbak NewJeans naik karena musiknya konsepnya brandingannya Ini fakta yg gabisa dibantah ygy ️ https://t.co/zmwujeaCHx;1,97991E+18;https://pbs.twimg.com/tweet_video_thumb/G3oNXocXEAAR5nM.jpg;;in;;0;2;0;https://x.com/undefined/status/1979909700792553940;2833491746;
1,97991E+18;Sun Oct 19 13:55:59 +0000 2025;2;I don't need any indomie or other instant noodle alternative. Klo mau makan ya tinggal makan aja. Toh ga setiap harii makan Indomie juga kan wkwkwkwk;1,97991E+18;;;in;;0;0;0;https://x.com/undefined/status/1979909396814606425;1,23648E+18;
1,97991E+18;Sun Oct 19 13:54:29 +0000 2025;0;cuba bayangkan kalau i ada ipad sekarang mesti i tengah dengar newjeans kat ipad i;1,97991E+18;;;in;;0;0;0;https://x.com/undefined/status/1979909018572267937;1,95463E+18;
1,97991E+18;Sun Oct 19 13:53:21 +0000 2025;0;nunggu cuanki dari abis Isya akhirnya nyerah masak indomie aja Indomie matang mang cuanki liwat;1,97991E+18;;;in;;0;1;0;https://x.com/undefined/status/1979908732948709429;238051850;
1,97991E+18;Sun Oct 19 13:53:15 +0000 2025;0;JUJURRR INDOMIE GORENG CAMPUR AYAM BAWANG ENAK BANGET ANJENGG. THE BEST INDOMIE HACK DARI KING ALOY.;1,97991E+18;;;in;;0;0;0;https://x.com/undefined/status/1979908709187772782;473896723;
1,97985E+18;Sun Oct 19 13:49:56 +0000 2025;0;@EscapeJiheon @EscapeHaruto Km mau indomie rasa apah ?;1,97991E+18;;RimeMiaoyi;in;;0;2;0;https://x.com/undefined/status/1979907874907111915;2617732880;
1,97991E+18;Sun Oct 19 13:48:19 +0000 2025;0;Pernah liat di coffee break sebuah meeting di hotel Ada stall indomie pada ngantri;1,97991E+18;;;in;;0;1;0;https://x.com/undefined/status/1979907466243526752;250662282;
1,97988E+18;Sun Oct 19 13:48:13 +0000 2025;0;@stuvne Indomie sok tau bgt bilang selera gua indomie pdhl udh jelas selera gua lu;1,97991E+18;;stuvne;in;;0;0;0;https://x.com/undefined/status/1979907442411700571;1,92627E+18;
1,97991E+18;Sun Oct 19 13:47:51 +0000 2025;0;ini piring mienya jiplak punya indomie dan garpunya diganti sumpit gt mmg boleh ya? soalnya buat komersial (bnrn bertanya);1,97991E+18;;;in;;0;2;0;https://x.com/undefined/status/1979907350442959029;1409128339;
1,97991E+18;Sun Oct 19 13:47:39 +0000 2025;0;gila ya gue ga pernah merasakan event hybe stan sepecah hari ini;1,97991E+18;;;in;;0;1;0;https://x.com/undefined/status/1979907297070510312;1,01672E+18;
1,97987E+18;Sun Oct 19 13:47:35 +0000 2025;4;@wnnuie Adeknya Bir blm aku perkenalkan sih tp mau pake fcnya Jiwoo H2H kalo Suri fc-nya Haerin Newjeans Riyanna (Ian) anaknya Verdi-Sashi itu Ian 2H2 kalo Chiara fcnya Irene RV.;1,97991E+18;;wnnuie;in;;0;1;0;https://x.com/undefined/status/1979907281371185170;1,91971E+18;
1,97985E+18;Sun Oct 19 13:47:17 +0000 2025;0;@C30WONBIN NOO feromon aku indomie goreng aceh ;1,97991E+18;;C30WONBIN;in;;0;1;0;https://x.com/undefined/status/1979907205500375457;1599007046;
1,97991E+18;Sun Oct 19 13:46:58 +0000 2025;0;gila gue mimpi hybe ngeluarin merch baru bnd trs gue borong banyakan di go ;1,97991E+18;;;in;;0;1;0;https://x.com/undefined/status/1979907128077721894;1,35861E+18;
1,97989E+18;Sun Oct 19 13:46:43 +0000 2025;0;@Iucanore maaf telat aku masak indomie dulu barusan. https://t.co/7BKcvFfwhT;1,97991E+18;https://pbs.twimg.com/media/G3oK-UMWoAAqcxP.jpg;Iucanore;in;;0;0;0;https://x.com/undefined/status/1979907061694513240;1,32842E+18;
1,97991E+18;Sun Oct 19 13:45:21 +0000 2025;0;@selfolx Kak mau nanya di hybe udah bisa lihat berapa tuyul ?;1,97991E+18;;selfolx;in;;1;0;0;https://x.com/undefined/status/1979906721549267358;8,26822E+17;
1,97989E+18;Sun Oct 19 13:45:00 +0000 2025;0;@iBarbara_444 @iLeclerc_444 @iParedes_444 @iYasmin_444 @iBarla_444 @iDasha_444 @iLiv_444 GN kitten. Maaf tidak sering mengunjungimu akhir-akhir ini. So how s life without me? maaf Alpha baru menemukanmu. Feromonmu sangat manis seperti wangi indomie kari a;1,97991E+18;;iBarbara_444;in;;0;0;0;https://x.com/undefined/status/1979906629903552977;1,57763E+18;
1,97909E+18;Sun Oct 19 13:44:49 +0000 2025;0;@parkmiunju hm otw sekarang naik naga ya bff tunggu me siapin indomie.;1,97991E+18;;parkmiunju;in;;0;0;0;https://x.com/undefined/status/1979906584471089153;1558156363;
1,9799E+18;Sun Oct 19 13:44:34 +0000 2025;0;@gingsulyuma Udah muak bgt dia sm wifi hybe ;1,97991E+18;;gingsulyuma;in;;0;1;0;https://x.com/undefined/status/1979906522101764102;1,04097E+18;
1,97991E+18;Sun Oct 19 13:43:18 +0000 2025;0;fun fact gua udh seminggu lebih makan indomie nonstop :D;1,97991E+18;;;in;;1;0;0;https://x.com/undefined/status/1979906201849930172;1,45402E+18;
1,97991E+18;Sun Oct 19 13:42:45 +0000 2025;0;maw mandi ah terus mam indomie;1,97991E+18;;;in;;0;0;0;https://x.com/undefined/status/1979906064855286224;1,952E+18;
1,97991E+18;Sun Oct 19 13:42:30 +0000 2025;0;wifi hybe lagi burik belum bayar yaaaaaa;1,97991E+18;;;in;;0;0;0;https://x.com/undefined/status/1979906003010535591;1,24718E+18;
1,9799E+18;Sun Oct 19 13:40:04 +0000 2025;0;@alfhabet99 Mienya kaya ada hint bumbu indomie goreng nya ga sih.. kenapa adek gw suka banget ya.. Dan goreng gorengannya juga enak tapi berminyakan banget ;1,97991E+18;;alfhabet99;in;;0;1;0;https://x.com/undefined/status/1979905390516097224;485688358;
1,97991E+18;Sun Oct 19 13:39:41 +0000 2025;1;Setiap makan indomie tori kara selalu berdo'a semoga yg nyiptain varian ini masuk surga aamiin;1,97991E+18;;;in;;0;0;0;https://x.com/undefined/status/1979905294298747256;1,14449E+18;
1,97991E+18;Sun Oct 19 13:39:35 +0000 2025;0;ayam bawang indomie;1,97991E+18;;;in;;0;0;0;https://x.com/undefined/status/1979905266737877484;7,94803E+17;
1,97991E+18;Sun Oct 19 13:39:27 +0000 2025;1;Pengen nyobain tahu telor dimakan pake indomie cuma gue masih ada ayam sama nasi...;1,97991E+18;;;in;;0;0;0;https://x.com/undefined/status/1979905235083747495;1,25667E+18;
1,9799E+18;Sun Oct 19 13:38:50 +0000 2025;2;@kompascom Ngaku dirinya bus? Pantes somplak depan;1,97991E+18;;kompascom;in;;0;0;0;https://x.com/undefined/status/1979905079944605754;273977169;
1,9799E+18;Sun Oct 19 13:37:37 +0000 2025;1;even di ayce breakfast hotel pun indomie paling laku kerazzzz bjir;1,9799E+18;;;in;;0;0;0;https://x.com/undefined/status/1979904771474456904;1,47404E+18;
1,97985E+18;Sun Oct 19 13:36:49 +0000 2025;0;@undtitled aku makan indomie 1 pake telor 2. tapi telornya aku kocok dulu dimangkok wkwkwkwkwk kamu makan apa taa malem ini;1,9799E+18;;undtitled;in;;0;1;0;https://x.com/undefined/status/1979904570479562912;1,65248E+18;
1,9799E+18;Sun Oct 19 13:34:46 +0000 2025;0;Indomie Coto Makassar + telur setengah matang nyamang mentong hidup https://t.co/EiwEYTrGA5;1,9799E+18;https://pbs.twimg.com/media/G3oIO9vXgAEUXuN.jpg;;in;;0;0;0;https://x.com/undefined/status/1979904056408592852;1,97396E+18;
1,93793E+18;Sun Oct 19 13:34:23 +0000 2025;0;10. indomie seblak jeletot x sedaap korean spicy soup semua cabenya dipake jadi enak banget pedes dan menurut gue ga terlalu asin;1,9799E+18;;bimilindee;in;;0;1;0;https://x.com/undefined/status/1979903957930545471;1,41825E+18;
1,9799E+18;Sun Oct 19 13:33:18 +0000 2025;0;Gugatan ini berkaitan dengan pernyataan Min Hee Jin pada konferensi pers April 2024 di mana ia menyebut bahwa HYBE melanggar janji untuk mendebutkan NewJeans lebih dulu dan malah mendebutkan LE SSERAFIM sebelumnya serta menuduh bahwa ILLIT meniru konsep NewJeans. ++;1,9799E+18;;BeritaHarianRPW;in;;0;1;0;https://x.com/undefined/status/1979903685208801557;8,68309E+17;
1,9799E+18;Sun Oct 19 13:33:17 +0000 2025;0;Selain kasus ini Min Hee Jin juga tengah menghadapi gugatan dari dua label di bawah HYBE: Source Music (LE SSERAFIM) dan BELIFT LAB (ILLIT). Source Music menuntut ganti rugi sekitar 500 juta KRW (±380.000 USD) sementara BELIFT LAB menuntut sekitar 2 miliar KRW (±1 5 juta USD).;1,9799E+18;;BeritaHarianRPW;in;;0;1;0;https://x.com/undefined/status/1979903682851540994;8,68309E+17;
1,9799E+18;Sun Oct 19 13:33:14 +0000 2025;0;Ia kemudian menggugat keputusan tersebut namun pada 16 Oktober pengadilan menyatakan keputusan kantor tenaga kerja itu sah. Kasus ini berawal dari laporan seorang mantan karyawan ADOR (disebut sebagai A) yang mengaku mengalami tekanan psikologis akibat ucapan Min Hee Jin. ++;1,9799E+18;;BeritaHarianRPW;in;;0;1;0;https://x.com/undefined/status/1979903672239772051;8,68309E+17;
1,9799E+18;Sun Oct 19 13:33:12 +0000 2025;0;Mantan CEO ADOR Min Hee Jin mengajukan keberatan terhadap keputusan pengadilan yang menyatakan dirinya melakukan workplace bullying atau pelecehan di tempat kerja. ++;1,9799E+18;;BeritaHarianRPW;in;;0;1;0;https://x.com/undefined/status/1979903660625895440;8,68309E+17;
1,9799E+18;Sun Oct 19 13:32:17 +0000 2025;0;@mangotangorawr mon sending online hugs kl mau offline hugs ke apart kt aja nanti gw masakin indomie;1,9799E+18;;mangotangorawr;in;;0;1;0;https://x.com/undefined/status/1979903430614254070;1,88094E+18;
1,9799E+18;Sun Oct 19 13:32:13 +0000 2025;0;gue kalo ada hybe konser kayanya mau nonton deh tp gg nya aja;1,9799E+18;;;in;;0;0;0;https://x.com/undefined/status/1979903414248116718;8,31096E+17;
1,9797E+18;Sun Oct 19 13:32:03 +0000 2025;0;@yusrilfahriza @fajarrusalem Moxy bandung sedia indomie maszeh mantap betul;1,9799E+18;;yusrilfahriza;in;;0;0;0;https://x.com/undefined/status/1979903373496430661;1,66365E+18;
1,97974E+18;Sun Oct 19 13:30:44 +0000 2025;1;Hii kak Dun makasih udah pake platfrom kakak buat hybe treasure terus gak tau kak mo ngomong apa pokoknya sekali-kali pen meet up kak katanya klo liat kakak aku bisa kebayang ciwiku Jenna Ortega kiw kiw I vote #TREASURE for Fans Choice - Male at the #2025MAMAVOTE;1,9799E+18;;monet_starry;in;;0;1;0;https://x.com/undefined/status/1979903039340450292;1,58446E+18;
1,9799E+18;Sun Oct 19 13:30:35 +0000 2025;0;di jkt makan indomie y neng;1,9799E+18;;;in;;0;0;0;https://x.com/undefined/status/1979903004112253157;1,32765E+18;
1,97985E+18;Sun Oct 19 13:30:09 +0000 2025;0;@tonmuguet Indomie? :p;1,9799E+18;;tonmuguet;it;;0;1;0;https://x.com/undefined/status/1979902893080600724;9,0034E+17;
1,9799E+18;Sun Oct 19 13:28:20 +0000 2025;0;so hungy mau bikin indomie :D;1,9799E+18;;;in;;0;0;0;https://x.com/undefined/status/1979902436623208642;1,43376E+18;
1,9799E+18;Sun Oct 19 13:26:58 +0000 2025;1;terima kasih ya sudah memberikan jalan berliku untuk Jiji stroberi untuk bertemu Jinanie durian sudah saatnya kamu bikinin aku indomie pakai telur 2 dan pukpuk aku sampai bobo. . . https://t.co/uAO6XjRvom;1,9799E+18;https://pbs.twimg.com/media/G3oGc99WsAEH6yj.jpg;;in;;1;0;1;https://x.com/undefined/status/1979902094560895454;3182169431;
1,97986E+18;Sun Oct 19 13:26:10 +0000 2025;0;@greysjjk @armyfess_ Lbh ke isi komennya hate komen. Padahal menfesnya biasa aja tp bisa disaltyin. Apalagi klo menfesnya prestasinya bangtan pdhl cm mau pamer klo kita punya idol yg luar biasa. Tp responnya seakan-akan ngajak perang dunia ke-3. Nggak cm ;1,9799E+18;;greysjjk;in;;0;0;0;https://x.com/undefined/status/1979901893083349373;1,16621E+18;
1,97989E+18;Sun Oct 19 13:25:35 +0000 2025;1;@ALD1_fess Indomie ayam geprek date with awon;1,9799E+18;;ALD1_fess;in;;1;0;0;https://x.com/undefined/status/1979901745426993589;1,41046E+18;
1,97988E+18;Sun Oct 19 13:23:58 +0000 2025;0;@yslvok NUGGETNYA DIREBUSS klo ak biasanya rebus bareng indomie;1,9799E+18;;yslvok;in;;0;1;0;https://x.com/undefined/status/1979901340269601257;1,49825E+18;
1,97938E+18;Sun Oct 19 13:20:41 +0000 2025;0;@robinstrathi Aku mencoba : no tepung no gula no sarapan makan siang jam 12(nasi lauk sayur buah disert komplit porsi lengkap)no makan mlm 3bulan turun 8kg..aku bangga bgt bisa konsisten kadang masih makan Indomie tapi pas makan siang aja.. omad bener2 aj;1,9799E+18;;robinstrathi;in;;0;0;0;https://x.com/undefined/status/1979900513824182603;468455660;
1,9799E+18;Sun Oct 19 13:20:01 +0000 2025;0;Indomie di patak banteng https://t.co/mFDuBdBPlp;1,9799E+18;https://pbs.twimg.com/media/G3oE3NKXMAAYS62.jpg;;in;;0;0;0;https://x.com/undefined/status/1979900343606763879;1,11589E+18;
1,9799E+18;Sun Oct 19 13:19:39 +0000 2025;0;@gristudy Natrium sama sodium sm g c? Indomie goreng 880mg wkwkwk https://t.co/7n1fzFIMSR;1,9799E+18;https://pbs.twimg.com/media/G3oEyc0WwAAGaa_.png;gristudy;in;;0;2;0;https://x.com/undefined/status/1979900253697405190;1,17966E+18;
1,9799E+18;Sun Oct 19 13:19:17 +0000 2025;0;@of_ssn iyh ini otw mendarat di hybe;1,9799E+18;;titaniumpearl;in;;0;0;0;https://x.com/undefined/status/1979900158356910244;1,80267E+18;
1,9799E+18;Sun Oct 19 13:19:11 +0000 2025;0;ya gini emang kalo ga pernah makan pedes indomie punya varian yg ini aja gtw @pacarvasco_ https://t.co/8rqzUzLfo5;1,9799E+18;https://pbs.twimg.com/media/G3oErbZXUAA7h6B.jpg;;in;;0;2;0;https://x.com/undefined/status/1979900133304049689;1,83606E+18;
1,9799E+18;Sun Oct 19 13:17:46 +0000 2025;0;kalo jokes line 90 ini jadi keinget dulu jga prnah sama newjeans hiks kangen juga pakabar yah grup nya : );1,9799E+18;;;in;;0;0;0;https://x.com/undefined/status/1979899779615224230;1,60622E+18;
1,9799E+18;Sun Oct 19 13:16:49 +0000 2025;2;hotel ibis Styles sampe skrg masih nyoba cari indomie yg disajikan dgn rasa yg sama dgn yg pernah mereka buat;1,9799E+18;;Midasekai;in;;0;0;0;https://x.com/undefined/status/1979899539994935793;1,13379E+18;
1,9799E+18;Sun Oct 19 13:16:41 +0000 2025;0;Hari ini makan cake+matcha diatas jam 1pm jangan ngadi2 jam segini pengin indomie yah?!;1,9799E+18;;;in;;0;0;0;https://x.com/undefined/status/1979899504301080924;520047351;
1,9799E+18;Sun Oct 19 13:12:37 +0000 2025;0;Tapi jujur hybe sama straship modalnya gede bgt eyy buat jatuhin aespa wkwk @SMTOWNGLOBAL qm mana bisa bro;1,9799E+18;;;in;;0;0;0;https://x.com/undefined/status/1979898481406881936;1,34458E+18;
1,9799E+18;Sun Oct 19 13:12:03 +0000 2025;0;@adhiprayours stop mengambil first kiss tiap bungkus indomie;1,9799E+18;;adhiprayours;in;;0;1;0;https://x.com/undefined/status/1979898340637843531;1,89821E+18;
1,9799E+18;Sun Oct 19 13:11:54 +0000 2025;0;gwlah sosok pemakai kaos newjeans itu;1,9799E+18;;lethesfall;in;;0;0;0;https://x.com/undefined/status/1979898301370523650;1,92804E+18;
1,97989E+18;Sun Oct 19 13:11:29 +0000 2025;1;@Noble__Smart Shawarma indomie;1,9799E+18;;Noble__Smart;in;;0;2;0;https://x.com/undefined/status/1979898198408728820;8,62937E+17;
1,9797E+18;Sun Oct 19 13:11:19 +0000 2025;0;@yusrilfahriza Aduh malah sering aku skip..karena mikirnya Indomie udah biasa nemu di luar hotel mah ;1,9799E+18;;yusrilfahriza;in;;0;0;0;https://x.com/undefined/status/1979898154259804255;128074108;
1,9797E+18;Sun Oct 19 13:10:55 +0000 2025;0;@yusrilfahriza Zuri Group sarapannya ada Indomie station. Apakah aku makan sesuai yang disarankan? Tentu tidak tetap makan sarapan biasa (bubur manis/asin) baru tambah Indomie ;1,9799E+18;;yusrilfahriza;in;;0;0;0;https://x.com/undefined/status/1979898052744978605;98526797;
1,96974E+18;Sun Oct 19 13:10:23 +0000 2025;0;@doyopng Sekalian sama indomie rendang kan?;1,9799E+18;;doyopng;in;;0;1;0;https://x.com/undefined/status/1979897921912066194;2756316027;
1,97879E+18;Sun Oct 19 12:51:47 +0000 2025;0;@srungghanbin Di gedungku udah saatnya abang main ke hybe lagi ;1,97989E+18;;srungghanbin;in;;0;1;0;https://x.com/undefined/status/1979893240439722403;8,67864E+17;
1,97989E+18;Sun Oct 19 12:50:59 +0000 2025;0;Nih tuh kaya di loteng tamannya hybe gak sih kaya yg pernah buat challenge itu;1,97989E+18;;;in;;0;0;0;https://x.com/undefined/status/1979893037812822099;1,16077E+18;
1,97981E+18;Sun Oct 19 12:50:37 +0000 2025;2;@ainunnajib Ane Wahabi Garis Miring. Beliau dianggap bukan salafi oleh yg mainstream. Tapi ajang ini juga jadi bahan adu domba salafi &amp;;;;;;;;;;;
1,97989E+18;Sun Oct 19 12:50:18 +0000 2025;0;Wkwkkwkwkw tadi ke acara ada juga stand indomie https://t.co/bzJVIjV21K;1,97989E+18;https://pbs.twimg.com/amplify_video_thumb/1979892796426207232/img/INLdy1ITaRH8N3Qd.jpg;;in;;0;0;0;https://x.com/undefined/status/1979892864214823135;488147910;
1,9797E+18;Sun Oct 19 12:49:53 +0000 2025;0;@fajarrusalem @yusrilfahriza udah banyak Indomie station dihotel2.;1,97989E+18;;fajarrusalem;in;;0;0;0;https://x.com/undefined/status/1979892760338702388;803850450;
1,97989E+18;Sun Oct 19 12:48:54 +0000 2025;0;Menyesal makan indomie rica-rica;1,97989E+18;;;in;;0;0;0;https://x.com/undefined/status/1979892515475243176;1,83869E+18;
1,97989E+18;Sun Oct 19 12:47:29 +0000 2025;2;@ndut_indah Ketoprak Indomie Mba Rin Go food tersedia https://t.co/XPq2gVK4al;1,97989E+18;https://pbs.twimg.com/media/G3n9ahzXIAAJz3A.jpg;ndut_indah;in;;0;1;0;https://x.com/undefined/status/1979892155360677928;1,44419E+18;
1,97989E+18;Sun Oct 19 12:44:52 +0000 2025;4;mungkin manusia menciptakan gunting untuk membuka bumbu indomie;1,97989E+18;;;in;;1;2;0;https://x.com/undefined/status/1979891498541031897;553535360;
1,97989E+18;Sun Oct 19 12:44:32 +0000 2025;0;hybe gymnya buka terus ya kak ;1,97989E+18;;hantaesaniez;in;;0;0;0;https://x.com/undefined/status/1979891416500416708;1,78414E+18;
1,97989E+18;Sun Oct 19 12:44:16 +0000 2025;1;jatah indomie bulan october akhirnya dimakan. akulah yg 4 tahun ini program 1 bulan 1 bungkus mie instant tp masih makan makanan instant lainnya https://t.co/MytBrXbaKU;1,97989E+18;https://pbs.twimg.com/media/G3n8rsEWcAA1FWH.jpg;;in;;0;0;0;https://x.com/undefined/status/1979891346099069331;1,80623E+18;
1,97984E+18;Sun Oct 19 12:43:01 +0000 2025;1;@amaliyakusumaa rasanya mirip indomie gakk??;1,97989E+18;;amaliyakusumaa;in;;0;3;0;https://x.com/undefined/status/1979891033916969389;8,53231E+17;
1,97935E+18;Sun Oct 19 12:41:36 +0000 2025;0;@orlanzdo biasanya di youtube soalnya yang hybe kmrn di yt juga;1,97989E+18;;orlanzdo;in;;0;1;0;https://x.com/undefined/status/1979890677573107774;1,68116E+18;
1,97989E+18;Sun Oct 19 12:41:14 +0000 2025;0;1. roti 2. dimsum 3. nasi padang 4. indomie 5. es krim;1,97989E+18;;;in;;0;0;0;https://x.com/undefined/status/1979890585290125642;1,64497E+18;
1,97987E+18;Sun Oct 19 12:40:37 +0000 2025;0;@BaseBDG Kalo berkuah: ayam bawang soto kaldu ayam ayam spesial Kalo goreng: mie goreng aoa chef devina indomie goreng biasa sama rendang;1,97989E+18;;BaseBDG;in;;0;0;0;https://x.com/undefined/status/1979890428884472047;1,96996E+18;
1,97989E+18;Sun Oct 19 12:40:22 +0000 2025;0;Ini udah waktunya ngadain hybe caterers season 2 https://t.co/f8yvEuuBs5;1,97989E+18;https://pbs.twimg.com/amplify_video_thumb/1979878489839779840/img/UxWfgAcmmd_7DGWv.jpg;;in;;0;0;0;https://x.com/undefined/status/1979890367026884874;279874495;
1,97986E+18;Sun Oct 19 12:39:30 +0000 2025;0;@tanyarlfes Pengen waffle;1,97989E+18;;tanyarlfes;in;;0;0;0;https://x.com/undefined/status/1979890148512022706;1,03222E+18;
1,97987E+18;Sun Oct 19 12:39:24 +0000 2025;0;@BaseBDG Udh lama ga coba in indomie semenjak ada sedaap spicy laksa;1,97989E+18;;BaseBDG;in;;0;0;0;https://x.com/undefined/status/1979890124570911090;243955687;
1,97986E+18;Sun Oct 19 12:37:27 +0000 2025;0;@bearlouv 1. cimol bojot 2. seblak 3. Indomie 4. cireng isi 5. makan ramen sama joshua;1,97989E+18;;bearlouv;in;;0;0;0;https://x.com/undefined/status/1979889630666469632;1,67528E+18;
1,97987E+18;Sun Oct 19 12:37:15 +0000 2025;0;@BaseBDG indomie ayam bawang soto rendang;1,97989E+18;;BaseBDG;in;;0;0;0;https://x.com/undefined/status/1979889582851387480;1,49304E+18;
1,97989E+18;Sun Oct 19 12:36:34 +0000 2025;0;@HYBE_corporate syitmen;1,97989E+18;;HYBE_corporate;in;;0;0;0;https://x.com/undefined/status/1979889411157570003;1,01488E+18;
1,97989E+18;Sun Oct 19 12:36:26 +0000 2025;1; temen army gua tau gua suka anak-anak hybe yang lain kalo pada liat anak-anak kesayangan gua pasti difoto in love besti ku ;1,97989E+18;;;in;;0;0;0;https://x.com/undefined/status/1979889376135115062;1,74072E+18;
1,97981E+18;Sun Oct 19 12:36:10 +0000 2025;0;@yudhadoang_ Simpan untuk ikutan trend ni asap;1,97989E+18;;yudhadoang_;in;;0;0;0;https://x.com/undefined/status/1979889309336691133;1,03222E+18;
1,97989E+18;Sun Oct 19 12:35:39 +0000 2025;0;@rarararanat .y. Norek sm yhh LOPYU DUIT ;1,97989E+18;;rarararanat;in;;0;1;0;https://x.com/undefined/status/1979889180508602732;1,03222E+18;
1,97989E+18;Sun Oct 19 12:34:31 +0000 2025;0;syok lagi itu ej sunbae tapi shinyu lgsg manggil hyung ternyata ej nyuruh buat manggil hyung aja WKWK lucu bgt aduh indahnya hybe tanpa syaithon2 itu ;1,97989E+18;;yourlovelyjm;in;;0;0;0;https://x.com/undefined/status/1979888893785985136;1,28825E+18;
1,97989E+18;Sun Oct 19 12:33:50 +0000 2025;0;@kosanmyungjae iya dah sering ngopi &amp;;;;;;;;;;;
1,97989E+18;Sun Oct 19 12:33:39 +0000 2025;1;Grand Zury Jogja hampir semua rasa Indomie ada...;1,97989E+18;;;in;;0;0;0;https://x.com/undefined/status/1979888677175361826;37679267;
1,97981E+18;Sun Oct 19 12:33:18 +0000 2025;0;@3xcelsis The indomie one yang carbonara juga lezat looooh;1,97989E+18;;3xcelsis;in;;0;0;0;https://x.com/undefined/status/1979888586301518002;973587516;
1,97989E+18;Sun Oct 19 12:33:01 +0000 2025;1;Temen gua lagi norebang hybe dan ada lagu &amp;;;;;;;;;;;
1,97989E+18;Sun Oct 19 12:31:59 +0000 2025;0;Tbtb pgn indomie kuah;1,97989E+18;;;in;;0;0;0;https://x.com/undefined/status/1979888255538803178;1,70907E+18;
1,97989E+18;Sun Oct 19 12:28:08 +0000 2025;0;japota nipis pedas tuh indomie soto versi ciki yah;1,97989E+18;;;in;;0;0;0;https://x.com/undefined/status/1979887289477312959;1,30435E+18;
1,97989E+18;Sun Oct 19 12:27:25 +0000 2025;0;Indomie rendang &gt;;;;;;;;;;;
1,97989E+18;Sun Oct 19 12:25:51 +0000 2025;0;indomie rendang;1,97989E+18;;;in;;0;0;0;https://x.com/undefined/status/1979886714450805103;1,1622E+18;
1,97989E+18;Sun Oct 19 12:25:48 +0000 2025;0;indomie aloy rasanya kaya mie sakura dikit atau apa yamie goreng yang speical ituuu;1,97989E+18;;;in;;0;0;0;https://x.com/undefined/status/1979886698587914320;1,00178E+18;
1,97989E+18;Sun Oct 19 12:22:44 +0000 2025;0;lopyu @HYBE_corporate;1,97989E+18;;rarararanat;in;;0;1;0;https://x.com/undefined/status/1979885930052989202;1,01488E+18;
1,97986E+18;Sun Oct 19 12:22:23 +0000 2025;0;@vjonnseong yuk di rooftop hybe ya;1,97989E+18;;jejakalunan;in;;0;0;0;https://x.com/undefined/status/1979885839883858110;8,25158E+17;
1,97989E+18;Sun Oct 19 12:22:18 +0000 2025;0;Mo ngasik kado temen lahiran. Utk baby : gendongan+apron menyusui+pembersih mulut Utk ibu : tas kerja ukuran besar biar muat banyak printilan Utk ayah : Indomie+kopi rencengan utk nemenin begadang;1,97989E+18;;;in;;0;0;0;https://x.com/undefined/status/1979885818560028956;1,8392E+18;
1,97943E+18;Sun Oct 19 12:21:09 +0000 2025;0;@pacarkimjisoo Heiii indomie naik skrg bekisar 3500-4000 per biji;1,97989E+18;;pacarkimjisoo;in;;0;0;0;https://x.com/undefined/status/1979885530851713474;1,29648E+18;
1,97989E+18;Sun Oct 19 12:19:23 +0000 2025;0;Day 37 gak pernah sekangen ini pengen makan bakwan goreng baru mateng sm indomie rebus pake telor ;1,97989E+18;;;in;;0;0;0;https://x.com/undefined/status/1979885083906707951;1,52363E+18;
1,97985E+18;Sun Oct 19 12:17:45 +0000 2025;0;@wnanderer Abis nyobain indomie bangladesh tadi :3;1,97988E+18;;wnanderer;in;;0;0;0;https://x.com/undefined/status/1979884676417515565;1,38515E+18;
1,97988E+18;Sun Oct 19 12:13:20 +0000 2025;0;geng maap mo tanya tp views mv emg naiknya lambat bgt apa gmn ya i feel like I've been streaming tp gk berasa (?) idk. i blame this on pledis and hybe sorry not sorry (maaf gua hater);1,97988E+18;;;in;;0;1;0;https://x.com/undefined/status/1979883564021022827;1,8269E+18;
1,97987E+18;Sun Oct 19 11:29:02 +0000 2025;1;@BaseBDG indomie goreng original indomie sambel ijo indomie soto mie;1,97987E+18;;BaseBDG;in;;0;0;0;https://x.com/undefined/status/1979872415686811848;1,03283E+18;
1,97972E+18;Sun Oct 19 11:27:23 +0000 2025;0;@unmagnetism Indomie goreng 2 + nasi wkwkwk;1,97987E+18;;unmagnetism;in;;0;0;0;https://x.com/undefined/status/1979871998416445589;1383881472;
1,97657E+18;Sun Oct 19 11:26:37 +0000 2025;0;@jongnyangi Es krim indomie buat jeyii https://t.co/jOxWHrt4nl;1,97987E+18;https://pbs.twimg.com/media/G3nq6RFXcAAsUbE.jpg;jongnyangi;in;;0;1;0;https://x.com/undefined/status/1979871804278862139;1,08701E+18;
1,97986E+18;Sun Oct 19 11:25:01 +0000 2025;1;@armyfess_ Starfess? Setuju kan army juga udh dikeluarin dri organisasi KPOP sejak 2018 kan? Sebenarnya ga ad untungnya BTS atau grup hybe disana;1,97987E+18;;armyfess_;in;;0;0;0;https://x.com/undefined/status/1979871404200980819;1,8219E+18;
1,97958E+18;Sun Oct 19 11:24:16 +0000 2025;0;@VoyagerMinji OMO abang diajak jadi nj? sunghoon newjeans ver coming soon?;1,97987E+18;;TwineSanzu;in;;0;0;0;https://x.com/undefined/status/1979871216740798720;1,93494E+18;
1,97987E+18;Sun Oct 19 11:23:18 +0000 2025;0;@_hirotariki ga terima banget gua kalah cil next time lu gua suruh keliling gedung hybe;1,97987E+18;;_hirotariki;in;;0;1;0;https://x.com/undefined/status/1979870971009040743;929351726;
1,97981E+18;Sun Oct 19 11:21:57 +0000 2025;0;@ksaltedcaramel oke thank uu kak aku mau hybe video nya soalnya KWKW;1,97987E+18;;ksaltedcaramel;in;;0;0;0;https://x.com/undefined/status/1979870632914686192;1,55217E+18;
1,97987E+18;Sun Oct 19 11:21:41 +0000 2025;1;Eh hybe nih ya anak lu udah pada ngeluh wifi lu jelek banget tolong lah ;1,97987E+18;;;in;;0;0;0;https://x.com/undefined/status/1979870564547473505;1,74072E+18;
1,97982E+18;Sun Oct 19 11:21:11 +0000 2025;0;@rempahVOC makan indomie dulu;1,97987E+18;;rempahVOC;in;;0;0;0;https://x.com/undefined/status/1979870437892092107;1,30719E+18;
1,97987E+18;Sun Oct 19 11:20:44 +0000 2025;0;sumpah indomie soto ndower ra pedes blas (padahal toleransiku dgn makanan pedes biasa aja cenderung rendah) ckckck mengecewakan;1,97987E+18;;;in;;0;0;0;https://x.com/undefined/status/1979870324914352456;8,83205E+17;
1,97972E+18;Sun Oct 19 11:19:28 +0000 2025;0;@unmagnetism indomie 2 bungkus sama telor 1;1,97987E+18;;unmagnetism;in;;0;0;0;https://x.com/undefined/status/1979870007392968937;3238858807;
1,97987E+18;Sun Oct 19 11:18:28 +0000 2025;0;@BaseBDG Indomie rendanggg;1,97987E+18;;BaseBDG;in;;0;0;0;https://x.com/undefined/status/1979869754979713348;1,29884E+18;
1,9796E+18;Sun Oct 19 11:16:05 +0000 2025;0;@Khal1sh_Q indomie rendang;1,97987E+18;;Khal1sh_Q;in;;0;0;0;https://x.com/undefined/status/1979869154527334586;1,64635E+18;
1,97987E+18;Sun Oct 19 11:15:38 +0000 2025;0;Indomie goreng digoreng lagi &gt;;;;;;;;;;;
1,97987E+18;Sun Oct 19 11:14:35 +0000 2025;0;@BaseBDG Indomie rendang Indomie ayam penyet;1,97987E+18;;BaseBDG;in;;0;1;0;https://x.com/undefined/status/1979868778931589267;1,15538E+18;
1,97987E+18;Sun Oct 19 11:12:38 +0000 2025;1;indomie goreng tuh enak tp gasuka after tastenya itu;1,97987E+18;;;in;;0;2;0;https://x.com/undefined/status/1979868286419603834;625276643;
1,97987E+18;Sun Oct 19 11:11:59 +0000 2025;1;indomie bikinan orang https://t.co/T94w3OE8cb;1,97987E+18;https://pbs.twimg.com/media/G3nnj51WEAA830w.jpg;;in;;0;0;0;https://x.com/undefined/status/1979868122900562077;1,84044E+18;
1,97987E+18;Sun Oct 19 11:11:28 +0000 2025;0;tiba tiba bm ketoprak indomie bsd infokan bsd night out @skyseeass @evilnaufal;1,97987E+18;;;in;;0;2;0;https://x.com/undefined/status/1979867994261238031;1,80416E+18;
1,97987E+18;Sun Oct 19 11:11:08 +0000 2025;15;Indomie favorit kalian apa euy?;1,97987E+18;;;in;;0;67;0;https://x.com/undefined/status/1979867908315422803;1,24834E+18;
1,97985E+18;Sun Oct 19 11:10:44 +0000 2025;0;@xiayizhouz ini combo indomie rendang sama indomie aceh yaa‍️‍️‍️;1,97987E+18;;xiayizhouz;in;;0;1;0;https://x.com/undefined/status/1979867810882097313;1,92955E+18;
1,97943E+18;Sun Oct 19 10:51:55 +0000 2025;38;@pacarkimjisoo bukan di kondangan tapi aku pernah nginep di salah satu hotel di purwokerto dan breakfast mereka ada indomie nya mana banyak pilihannya pula https://t.co/fGQ1Iq5ofh;1,97986E+18;https://pbs.twimg.com/amplify_video_thumb/1979863012186976256/img/fqynJ5nsAgH25xNe.jpg;pacarkimjisoo;in;;1;4;2;https://x.com/undefined/status/1979863074271367483;1,17418E+18;
1,97986E+18;Sun Oct 19 10:51:19 +0000 2025;0;WKWKWKWK taki demo aja ke hybe minta ganti wifi;1,97986E+18;;;in;;0;0;0;https://x.com/undefined/status/1979862922496204986;1,47286E+18;
1,97986E+18;Sun Oct 19 10:50:29 +0000 2025;0;Aduh mau post gini tapi malu reading snack gue indomie;1,97986E+18;;;in;;0;0;0;https://x.com/undefined/status/1979862713133375669;1,85924E+18;
1,97986E+18;Sun Oct 19 10:49:20 +0000 2025;0;ketika hari pertama kamu berbuka puasa dengan @Indomielovers indomie di kos2an https://t.co/VXP9PGdqPr;1,97986E+18;https://pbs.twimg.com/ext_tw_video_thumb/1979862400095395840/pu/img/sczRwEzdmmW7EzYK.jpg;;in;;0;0;0;https://x.com/undefined/status/1979862423483056566;1,69354E+18;
1,97986E+18;Sun Oct 19 10:49:16 +0000 2025;0;@seishiroes ciiii huhu. klo ada apa-apa dm aja gapapa. pasti aku bales. klo buat cici aku selalu ada waktu. mam ramen dulu gapapa. nanti di dm ak kirimin resep indomie mie ayamnya. persis sama kayak mie ayam jdnya kamu bisa buat disana jg deh tanpa harus ;1,97986E+18;;seishiroes;in;;0;1;0;https://x.com/undefined/status/1979862408597545027;1,42618E+18;
1,97986E+18;Sun Oct 19 10:45:54 +0000 2025;0;@seishiroes aku kasih tau resep cara buat indomie bakmie mau nda? aku biasanya bikin mie ayam pakai indomie lho ci. ;1,97986E+18;;cinnadluffs;in;;0;0;0;https://x.com/undefined/status/1979861557950726645;1,42618E+18;
1,97986E+18;Sun Oct 19 10:45:52 +0000 2025;0;siapa yg cinta bgt sama indomie kari ayam saya saya saya ;1,97986E+18;;;in;;0;1;0;https://x.com/undefined/status/1979861552087048620;1,2047E+18;
1,97979E+18;Sun Oct 19 10:44:01 +0000 2025;0;@terrxvox Lu harus coba indomie empal gentong;1,97986E+18;;terrxvox;in;;0;0;0;https://x.com/undefined/status/1979861087324610794;2838777658;
1,97986E+18;Sun Oct 19 10:42:30 +0000 2025;6;Bikin Indomie baruuu aja kelar. Belum juga dimakan. Udah kebobolan aja https://t.co/D20J6Pw8Gm;1,97986E+18;https://pbs.twimg.com/media/G3ngj5xWwAAKz2d.jpg;;in;;0;1;1;https://x.com/undefined/status/1979860704233705739;223502335;
1,97985E+18;Sun Oct 19 10:41:45 +0000 2025;0;@meterawr @munvess Indomie goreng apa kuah?;1,97986E+18;;meterawr;in;;0;1;0;https://x.com/undefined/status/1979860516123426996;48889413;
1,97986E+18;Sun Oct 19 10:39:36 +0000 2025;2;indomie nyemekkk pake tomattt https://t.co/eUievf8gdV;1,97986E+18;https://pbs.twimg.com/media/G3ngJuDXwAA3uRc.jpg;;in;;0;2;0;https://x.com/undefined/status/1979859974798094462;1,57948E+18;
1,97982E+18;Sun Oct 19 10:36:16 +0000 2025;0;@vermithoorr kayak indomie biasa ya lek hahaha;1,97986E+18;;vermithoorr;in;;0;0;0;https://x.com/undefined/status/1979859137245982774;1,92291E+18;
1,97986E+18;Sun Oct 19 10:35:38 +0000 2025;0;Maaf aku bacanya gym hybe rp Aduh kekar betul itu ;1,97986E+18;;;in;;0;0;0;https://x.com/undefined/status/1979858977610703235;3271406329;
1,97986E+18;Sun Oct 19 10:33:17 +0000 2025;16;holly molly siapakah pencetus indomie hack ini https://t.co/mONCbxg1tm;1,97986E+18;https://pbs.twimg.com/media/G3nesDfWQAAYm43.jpg;;in;;0;1;1;https://x.com/undefined/status/1979858384217428473;1,22709E+18;
1,97986E+18;Sun Oct 19 10:33:02 +0000 2025;0;Semoga orang-orang gajelas yg suka spam call ini seumur hidup bantalnya gapernah dingin jari kakinya kepentok ujung kursi/meja lengan bajunya nyangkut di handle pintu keselek kuah indomie sampe batuk2 ga berhenti :) https://t.co/b4BkwHNRgk;1,97986E+18;https://pbs.twimg.com/media/G3nepYlXoAAcxPD.jpg;;in;;0;0;0;https://x.com/undefined/status/1979858322280103993;237079552;
1,97986E+18;Sun Oct 19 10:32:42 +0000 2025;0;wkwk maki ini emg hobinya memaki hybe;1,97986E+18;;;in;;0;0;0;https://x.com/undefined/status/1979858238641525072;1,38664E+18;
1,97984E+18;Sun Oct 19 10:32:26 +0000 2025;1;@amaliyakusumaa Kak ini produk indomie baru launching??;1,97986E+18;;amaliyakusumaa;in;;1;1;0;https://x.com/undefined/status/1979858169183793187;1,30296E+18;
1,97986E+18;Sun Oct 19 10:30:47 +0000 2025;2;i love indomie kari ayam https://t.co/3VfoCaH1ur;1,97986E+18;https://pbs.twimg.com/media/G3neIykXoAAWRJf.jpg;;in;;0;1;0;https://x.com/undefined/status/1979857757273821270;1,6396E+18;
1,97986E+18;Sun Oct 19 10:30:08 +0000 2025;0;di hati w indomie tetep nomor 1 bang;1,97986E+18;;;in;;0;0;0;https://x.com/undefined/status/1979857589749055908;1,29157E+18;
1,97979E+18;Sun Oct 19 10:29:59 +0000 2025;0;@ddoholic ehh gapapaa kayak karaokean bareng lagu² grup hybe gitu;1,97986E+18;;ddoholic;in;;0;0;0;https://x.com/undefined/status/1979857555263566139;1,9487E+18;
1,97985E+18;Sun Oct 19 09:57:07 +0000 2025;0;@Marti3nz dicampur indomie aceh enak sya tapi w blm nyoba lu duluan aj ;1,97985E+18;;Marti3nz;in;;0;1;0;https://x.com/undefined/status/1979849282938446173;1,18466E+18;
1,97985E+18;Sun Oct 19 09:56:41 +0000 2025;1;Hujan hujan indomie date sama paksu di rumah sendiri masyaAllahhh ;1,97985E+18;;;in;;0;0;0;https://x.com/undefined/status/1979849175169892850;1,13297E+18;
1,97984E+18;Sun Oct 19 09:56:25 +0000 2025;0;@amaliyakusumaa eh tapi ini tetep satu perusahaan sama indomie kak?;1,97985E+18;;amaliyakusumaa;in;;0;0;0;https://x.com/undefined/status/1979849106043605178;1,55179E+18;
1,97976E+18;Sun Oct 19 09:55:33 +0000 2025;0;@jaehyunjeocng @celeslial beli indomie aja;1,97985E+18;;jaehyunjeocng;in;;0;2;0;https://x.com/undefined/status/1979848890284396791;1,84941E+18;
1,97985E+18;Sun Oct 19 09:52:59 +0000 2025;0;Kalo lg begini pengen indomie goreng pake cabe 5 trus sama ayam sabana. Mantap soul;1,97985E+18;;;in;;0;0;0;https://x.com/undefined/status/1979848243464053184;1569751807;
1,97985E+18;Sun Oct 19 09:52:28 +0000 2025;0;Kemarin dapat hotel yang sarapannya ada Indomie. Jujur tu hotel dah menang telak bintang 5 dari aku.;1,97985E+18;;;in;;0;0;0;https://x.com/undefined/status/1979848113662881943;7,09308E+17;
1,97985E+18;Sun Oct 19 09:50:00 +0000 2025;0;pengen maem indomie rebus pake telor setengah matag dan sawi dan cabe.;1,97985E+18;;;in;;0;1;0;https://x.com/undefined/status/1979847492092223927;1672964617;
1,97985E+18;Sun Oct 19 09:48:09 +0000 2025;0;newjeans kmn ya gw kgn;1,97985E+18;;;in;;0;0;0;https://x.com/undefined/status/1979847024393781527;1,88357E+18;
1,97943E+18;Sun Oct 19 09:46:05 +0000 2025;0;@pacarkimjisoo ohh kirain pure indomie doang;1,97985E+18;;pacarkimjisoo;in;;0;0;0;https://x.com/undefined/status/1979846506040689139;1,16286E+18;
1,97956E+18;Sun Oct 19 09:45:29 +0000 2025;0;@leotsgaur @leowithsangwon Kalo mhj dr awal emg salah kok ketara banget aku ngikutin nj cuma kok rasanya mereka kayak jauh banget sama grup2 yg di hybe gituu dr situ sebenernya udh ngeh kalo ada something dr yg lagu cookie itu udh banyak yg speak up kayak;1,97985E+18;;leotsgaur;in;;0;1;0;https://x.com/undefined/status/1979846356517953829;1,3733E+18;
1,97982E+18;Sun Oct 19 09:44:27 +0000 2025;0;@spillordrink Alamak hybe ya?;1,97985E+18;;spillordrink;in;;0;1;0;https://x.com/undefined/status/1979846095019921554;1,43455E+18;
1,97985E+18;Sun Oct 19 09:43:35 +0000 2025;0;Ini yang dulu katanya hidung has tr hybe;1,97985E+18;;;in;;0;0;0;https://x.com/undefined/status/1979845874948980826;1,48154E+18;
1,97978E+18;Sun Oct 19 09:42:55 +0000 2025;0;@littlejuhoon nooo tutup gym hybe ituhhhh;1,97985E+18;;littlejuhoon;in;;0;0;0;https://x.com/undefined/status/1979845708732834001;1,96364E+18;
1,97985E+18;Sun Oct 19 09:42:54 +0000 2025;0;wts lfb ph kep1er pc youngeun mashiro bahiyyih dayeon hikaru chaehyun yujin yeseo first impact connect 0 1 doublast lemon blast newjeans bluebook minji danielle haerin hyein tomorrow x together soobin beomgyu huening kai taehyun love language pob lock;1,97985E+18;;;in;;0;0;0;https://x.com/undefined/status/1979845704374944114;1,69264E+18;
1,97985E+18;Sun Oct 19 09:42:20 +0000 2025;0;indomie seblak;1,97985E+18;;;in;;0;1;0;https://x.com/undefined/status/1979845560636187130;1,31147E+18;
1,97984E+18;Sun Oct 19 09:42:07 +0000 2025;0;@EscapeChangmin ENAK BANGET. Yang well done atau medium well? Hmm tapi lagi pengen indomie rebus syih ;1,97985E+18;;haruasekolahan;in;;0;1;0;https://x.com/undefined/status/1979845508324827411;2617732880;
1,97984E+18;Sun Oct 19 09:37:58 +0000 2025;0;@urfavboyff pgn indomie;1,97984E+18;;urfavboyff;in;;0;0;0;https://x.com/undefined/status/1979844464802971992;441668688;
1,97984E+18;Sun Oct 19 09:35:45 +0000 2025;0;Baru aja kemarin w sambil berak mikirin ntar kalo w nikah makanannya mie rebus enak kali ya ternyata possible ya Tapi takut ga kemakan kan ada tuh orang2 yg anti indomie;1,97984E+18;;;in;;0;0;0;https://x.com/undefined/status/1979843907094732970;1,22472E+18;
1,97964E+18;Sun Oct 19 09:35:22 +0000 2025;0;@__eisquosamo__ Gaya2an mau kayak hybe tp duit aja syulit ceo wm dipecat sekarqng gedungnya dijual. Parah rbw ini;1,97984E+18;;__eisquosamo__;in;;0;0;0;https://x.com/undefined/status/1979843809396891869;7,54131E+17;
1,97984E+18;Sun Oct 19 09:33:30 +0000 2025;0;tiap kali foto geng cinta lewat pasti keinget newjeans my dd dd gemey :-(;1,97984E+18;;;in;;0;0;0;https://x.com/undefined/status/1979843340633083937;1,45019E+18;
1,97959E+18;Sun Oct 19 09:31:54 +0000 2025;1;@leanscut OMG DUDE MASARAP DEN NA CANTON UNG INDOMIE;1,97984E+18;;leanscut;in;;0;1;0;https://x.com/undefined/status/1979842935329055118;1,94067E+18;
1,9797E+18;Sun Oct 19 09:31:26 +0000 2025;1;@yusrilfahriza apalagi indomie variant awam bayang tersaji di sana udah gausah komplen;1,97984E+18;;yusrilfahriza;in;;0;0;0;https://x.com/undefined/status/1979842817406190039;2964779268;
1,97984E+18;Sun Oct 19 09:31:13 +0000 2025;0;Tempe mendoan indomie goreng telor anget-anget harusnya enak dimakan pas habis hujan dingin-dingin. Tapi ini GERAH BANGET GIMANA KONSEPNYA YAA..;1,97984E+18;;;in;;0;0;0;https://x.com/undefined/status/1979842764780306626;69773060;
1,97984E+18;Sun Oct 19 09:31:08 +0000 2025;0;baru mau ngasih react ke foto indomie double itu ditinggal dikit ngedit foto udah deleted coba cobaaa ;1,97984E+18;;;in;;0;0;0;https://x.com/undefined/status/1979842745188671702;485632297;
1,97984E+18;Sun Oct 19 09:28:59 +0000 2025;0;wts lfb bts pc ph Payo ₱450 set Pampanga t. RM seokjin suga jungkook jimin taehyung jhope jitb festa festa acorn tinytan face golden layover lucky draw muster ptd album blackpink Illit newjeans le sserafim enhypen skz;1,97984E+18;;;in;;0;0;0;https://x.com/undefined/status/1979842201288069209;1,79511E+18;
1,97984E+18;Sun Oct 19 09:20:23 +0000 2025;0;Sarimi bakso sama indomie kari;1,97984E+18;;;in;;0;0;0;https://x.com/undefined/status/1979840039438930282;1,95073E+18;
1,97979E+18;Sun Oct 19 09:17:49 +0000 2025;0;@dailysnge Aku kira bungkus indomie dong pas sekilas ngeliat bajue ;1,97984E+18;;dailysnge;in;;0;1;0;https://x.com/undefined/status/1979839390731161835;1,65905E+18;
1,97984E+18;Sun Oct 19 09:15:59 +0000 2025;0;gw kangen newjeans bgt pls tolong pengen nangis skrg juga;1,97984E+18;;;in;;0;0;0;https://x.com/undefined/status/1979838932444680287;1,97406E+18;
1,97984E+18;Sun Oct 19 09:14:01 +0000 2025;0;satu gedung mah gampang ya yeah hybe boys latihan bareng &lt;;;;;;;;;;;
1,97978E+18;Sun Oct 19 09:05:59 +0000 2025;3;@frankierompreg @joeriforever indomie nabi adam;1,97984E+18;;frankierompreg;in;;0;2;0;https://x.com/undefined/status/1979836412670480841;1,73346E+18;
1,97984E+18;Sun Oct 19 09:04:33 +0000 2025;0;enak ini mc baru sama-sama dari hybe latihannya gampang di gedung yang sama bahkan bisa post practicenya juga wkwk;1,97984E+18;;;in;;0;0;0;https://x.com/undefined/status/1979836055739367573;1,65945E+18;
1,97984E+18;Sun Oct 19 09:04:00 +0000 2025;928;NewJeans everywhere is real. ini di pasar seni ITB awal pas liat gambar ituu kek langsung mikir kok kek anak2 nj. terus pas baca deskripsinya ternyata bener&lt;;;;;;;;;;;
1,97937E+18;Sun Oct 19 09:03:46 +0000 2025;0;@dipscyy @kodejoy Indomie aja udh 4rb gw smp kaget pas kmren beli;1,97984E+18;;dipscyy;in;;0;0;0;https://x.com/undefined/status/1979835855280935316;1,10189E+18;
1,97984E+18;Sun Oct 19 09:01:10 +0000 2025;0;Iya karena Indomie sudah jadi makanan sehari2 ...;1,97984E+18;;;in;;0;0;0;https://x.com/undefined/status/1979835203490365728;72828402;
1,97983E+18;Sun Oct 19 08:57:10 +0000 2025;2;Gue cinta banget sama eluuuuhh Lee Hyukjae coba aja deh belah dada gue pasti isinya lo doang. Sama indomie goreng sebungkus deng. https://t.co/oFIOW7oobA;1,97983E+18;https://pbs.twimg.com/ext_tw_video_thumb/1979829690194857984/pu/img/1nX532kYFM5o1OZL.jpg;;in;;0;0;0;https://x.com/undefined/status/1979834195011879035;1,37109E+18;
1,97967E+18;Sun Oct 19 08:56:30 +0000 2025;0;@dingyvxi Eh gugup langsung dituduh gini. Tapi mau indomie goreng 3 sama sabun colek 1 ya Ge. Bayarnya tahun depan. ;1,97983E+18;;dingyvxi;in;;0;1;0;https://x.com/undefined/status/1979834026367349056;1,90701E+18;
1,97983E+18;Sun Oct 19 08:52:01 +0000 2025;0;indomie goreng original;1,97983E+18;;;in;;0;0;0;https://x.com/undefined/status/1979832901303984147;1,97228E+18;
1,9798E+18;Sun Oct 19 08:49:38 +0000 2025;0;@acupofdayj Niii mie nya Enak bgtt beda ama mie indomie mah ini ;1,97983E+18;;acupofdayj;in;;0;0;0;https://x.com/undefined/status/1979832302076408204;1,22555E+18;
1,97983E+18;Sun Oct 19 08:47:56 +0000 2025;2;Rugi kata gue mah orang yg belom pernah nyobain indomie feat batagor https://t.co/Rcrwebnh7L;1,97983E+18;https://pbs.twimg.com/media/G3nGmNuXYAA6SbY.jpg;;in;;1;6;0;https://x.com/undefined/status/1979831874215395793;1,88915E+18;
1,97981E+18;Sun Oct 19 08:45:56 +0000 2025;0;@sslyther1nn indomie goreng campur indomie kari. trus dibikin nyemek. enakk bangeeet beneran;1,97983E+18;;sslyther1nn;in;;0;0;0;https://x.com/undefined/status/1979831370454364641;1,96234E+18;
1,97982E+18;Sun Oct 19 08:02:17 +0000 2025;0;Akhirnya makan indomie goreng lagi;1,97982E+18;;;in;;0;0;0;https://x.com/undefined/status/1979820382636171365;272926415;
1,97963E+18;Sun Oct 19 08:00:11 +0000 2025;0;@ElaineCelestia Chi indomie ada ga?;1,97982E+18;;ElaineCelestia;it;;0;0;0;https://x.com/undefined/status/1979819855588315396;1,71954E+18;
1,97943E+18;Sun Oct 19 07:58:07 +0000 2025;0;@pacarkimjisoo Zuppa soup Kambing guling Dimsum Indomie goreng ;1,97982E+18;;pacarkimjisoo;in;;0;0;0;https://x.com/undefined/status/1979819333984677995;1,25099E+18;
1,97982E+18;Sun Oct 19 07:56:13 +0000 2025;25;Jajan... Dari dalam Ngintipin kang cuanki duduk didepan rumah lama ga ada yang beli... Pesen deh semangkok aq pake Indomie sendiri ga lama tetangga beli 3 mangkok Alhamdulillah... https://t.co/47vs7c8wvo;1,97982E+18;https://pbs.twimg.com/media/G3m6v-KWgAALBe1.jpg;;in;;0;7;0;https://x.com/undefined/status/1979818858639937606;1,3452E+18;
1,9798E+18;Sun Oct 19 07:55:21 +0000 2025;0;@ksombucha indomie only fiks;1,97982E+18;;ksombucha;in;;0;0;0;https://x.com/undefined/status/1979818638208328079;7,5819E+17;
1,97982E+18;Sun Oct 19 07:54:43 +0000 2025;0;Apakah hari ini waktunya Indomie rebus tampil? Ataukah masih es teh yang akan jadi spotlight utama;1,97982E+18;;;in;;0;1;0;https://x.com/undefined/status/1979818479525261639;97341140;
1,9797E+18;Sun Oct 19 07:53:21 +0000 2025;0;@ablessedboy_ Jirrr ini sihhh biar ada daging tetap milih indomieatau ga indomie toping daging;1,97982E+18;;ablessedboy_;in;;0;1;0;https://x.com/undefined/status/1979818137584611435;1,33093E+18;
1,97976E+18;Sun Oct 19 07:52:34 +0000 2025;0;@txtdrkuliner Gk pernah beli mint in this economy Paling kalo bikin nescafe ice roast + oatside;1,97982E+18;;txtdrkuliner;in;;0;0;0;https://x.com/undefined/status/1979817937856057636;8,2882E+17;
1,97982E+18;Sun Oct 19 07:50:59 +0000 2025;0;Beneran gak bisa ngubah pandangan gue terhadap fandom dari label Hybe yg emang tukang doxxing setiap war atau dapat hate komen.;1,97982E+18;;;in;;0;0;0;https://x.com/undefined/status/1979817540835766375;1,26693E+18;
1,97945E+18;Sun Oct 19 07:49:22 +0000 2025;0;@ichibos16cm @aabraham09 Menggugah selera dah macam indomie goreng ya mas ;1,97982E+18;;ichibos16cm;in;;0;0;0;https://x.com/undefined/status/1979817133761822729;1,70356E+18;
1,97958E+18;Sun Oct 19 07:47:32 +0000 2025;0;@hunjege abis sm kamu indomie nya;1,97982E+18;;hunjege;in;;0;1;0;https://x.com/undefined/status/1979816671054602406;1,90451E+18;
1,97982E+18;Sun Oct 19 07:47:08 +0000 2025;0;Udah pasti pesen kalau ada indomie;1,97982E+18;;;in;;0;0;0;https://x.com/undefined/status/1979816570663952888;78295666;
1,97953E+18;Sun Oct 19 07:47:06 +0000 2025;0;@categoesmeow aku kemarin craving moon cake dan endingnya bikin indomie:;1,97982E+18;;categoesmeow;in;;0;1;0;https://x.com/undefined/status/1979816563961380870;1,93978E+18;
1,97982E+18;Sun Oct 19 07:46:43 +0000 2025;0;mending mam bubur pitan atau indomie ia;1,97982E+18;;;in;;0;1;0;https://x.com/undefined/status/1979816467609813147;2726532433;
1,97982E+18;Sun Oct 19 07:46:09 +0000 2025;0;kayak gini bisa dilaporin ke belift atau hybe aja ga sih harusnya? ketimbang doxxing dan malah jd boomerang buat diri sendiri kena uu ite. bikin report ke belift/hybe nanti biar perusahaan sendiri yg ambil tindakan hukumnya. tolong koreksi ya kl aku ada salah kata/pengertian.;1,97982E+18;;;in;;0;0;0;https://x.com/undefined/status/1979816325318115424;1,29243E+18;
1,97982E+18;Sun Oct 19 07:46:07 +0000 2025;0;selama aku hidup baru ini ada yg beneran kondangan pakai indomie;1,97982E+18;;;in;;0;0;0;https://x.com/undefined/status/1979816314991743004;1,49971E+18;
1,97918E+18;Sun Oct 19 07:45:37 +0000 2025;0;@redvampmoon @heeknds @wonsexual Hedehh mending takedown biarin aja hetters lo spam di email hybe/belift nggak usah malu maluin diri apalagi sampe doxxing jangan dah kalian saling katain TOLOL aja dah mending;1,97982E+18;;meimeeten;in;;0;0;0;https://x.com/undefined/status/1979816190118936783;1,91818E+18;
1,97976E+18;Sun Oct 19 07:44:03 +0000 2025;0;@enfjngwon TAPI EJ PUN UNDER HYBE NI pandai ni shinyu;1,97982E+18;;enfjngwon;in;;0;0;0;https://x.com/undefined/status/1979815795460030967;1,43769E+18;
1,97981E+18;Sun Oct 19 07:37:48 +0000 2025;0;ANJ APAAN SEKARANG HARGA INDOMIE DI WARUNG UDAH 4 RIBUUUU;1,97981E+18;;;in;;0;0;0;https://x.com/undefined/status/1979814220775805258;1,82659E+18;
1,97981E+18;Sun Oct 19 07:37:00 +0000 2025;0;@muncorner ME ME ME! AMU SUKA RV N HYBE FAM JGA;1,97981E+18;;muncorner;in;;1;0;0;https://x.com/undefined/status/1979814020866842682;1,28298E+18;
1,97977E+18;Sun Oct 19 07:00:52 +0000 2025;0;@mendontexist gkppah ci etlis smpe akhir bln km masi ada indomie selemari aq msi ada nasi ;1,9798E+18;;mendontexist;in;;0;0;0;https://x.com/undefined/status/1979804927036956920;1,56402E+18;
1,97975E+18;Sun Oct 19 06:59:45 +0000 2025;0;@pissfaiwy Udah ada badan hukum hybe juga kalo emang ngelanggar banget juga pasti ditindak sama mereka;1,9798E+18;;pissfaiwy;in;;0;0;0;https://x.com/undefined/status/1979804648338051340;1383457616;
1,9798E+18;Sun Oct 19 06:55:16 +0000 2025;0;Bener-bener ya illit tuh chemistry-nya dapet sama semua hybe bg Gemeees sekarang nambah sama bonedo.;1,9798E+18;;;in;;0;0;0;https://x.com/undefined/status/1979803519134871830;8,82618E+17;
1,97943E+18;Sun Oct 19 06:53:09 +0000 2025;0;@pacarkimjisoo anjirr jadi pengen indomie;1,9798E+18;;pacarkimjisoo;in;;0;0;0;https://x.com/undefined/status/1979802986139517305;1,44991E+18;
1,9798E+18;Sun Oct 19 06:48:50 +0000 2025;4;pen mam indomie;1,9798E+18;;;in;;0;1;0;https://x.com/undefined/status/1979801901249216533;1,35285E+18;
1,9798E+18;Sun Oct 19 06:47:58 +0000 2025;0;Paid hate train lagi gencar banget kali ini taehyung kena namjoon kena yg rame banget taehyung. Kalian better fokus streaming sama voting. Kalau ada akun aneh langsung report ss kirim ke hybe. Jangan kasih panggung!! Tolong ya inget agustus tahun lalu?;1,9798E+18;;;in;;0;0;8;https://x.com/undefined/status/1979801679903257030;1,43395E+18;
1,9798E+18;Sun Oct 19 06:47:16 +0000 2025;1;Kayanya bakal nyetok indomie tori miso sekardus. Semoga murah nanti pas 1111 ;1,9798E+18;;;in;;0;2;0;https://x.com/undefined/status/1979801504099025334;2464532226;
1,97974E+18;Sun Oct 19 06:43:23 +0000 2025;0;@dvr_awl Jirr aku wes suwe ga mangan indomie ;1,9798E+18;;dvr_awl;in;;0;0;0;https://x.com/undefined/status/1979800529703481385;606079225;
1,97955E+18;Sun Oct 19 06:42:59 +0000 2025;0;@ddoshotchu Idol hybe aja sih emng yg mv nya ga make ads ;1,9798E+18;;ddoshotchu;in;;0;1;0;https://x.com/undefined/status/1979800426343252386;1,89315E+18;
1,9798E+18;Sun Oct 19 06:39:31 +0000 2025;0;Ngide masak indomie pake lemon soalnya gapunya jeruk nipis Gak espek rasa asemnya enak bgt suegere pol;1,9798E+18;;;in;;0;0;0;https://x.com/undefined/status/1979799557178576987;1,4667E+18;
1,9798E+18;Sun Oct 19 06:38:28 +0000 2025;0;kebayang tuh ye indomie kambing guling ;1,9798E+18;;;in;;0;0;0;https://x.com/undefined/status/1979799292631220360;96302198;
1,97979E+18;Sun Oct 19 06:31:06 +0000 2025;5;@ChungSubinINA @chungsubin47 Mimin mau ikutan ah~ 1. Martabak manis 2. Nasi bakar 3. Nasi uduk 4. Team pecel ayam 5. Sayur asem 6. Team dada ayam 7. Indomie goreng 8. Bakso urat 9. Team kecap 10. Telor ceplok 11. Makan di tempat BEIJING MEETS SUBIN #Chung;1,9798E+18;;ChungSubinINA;in;;0;1;1;https://x.com/undefined/status/1979797436362313980;1,91944E+18;
1,97973E+18;Sun Oct 19 06:29:06 +0000 2025;0;@feng9mihowl @imarmarwatih 1M tahun indomie tiap hari yg penting cuaaan keliatan sukses!;1,9798E+18;;feng9mihowl;in;;0;1;0;https://x.com/undefined/status/1979796935600181592;136538878;
1,97977E+18;Sun Oct 19 06:26:06 +0000 2025;0;@Ace_BBH Kak yang kenceng ya nge hybe junmyeon nya ya aku titip salam;1,9798E+18;;Ace_BBH;in;;0;0;0;https://x.com/undefined/status/1979796180164084047;1,47178E+18;
1,97979E+18;Sun Oct 19 06:25:54 +0000 2025;0;Yg beli ku kasih Indomie satu;1,9798E+18;;aprijaparrell;in;;0;0;0;https://x.com/undefined/status/1979796127278088241;1,26545E+18;
1,9798E+18;Sun Oct 19 06:23:59 +0000 2025;1;indomie nomor 1 selain soal rasa itu soal ketahanan hidup won;1,9798E+18;;meongcapek;in;;0;0;0;https://x.com/undefined/status/1979795646451454157;1,47661E+18;
1,9798E+18;Sun Oct 19 06:23:21 +0000 2025;0;Not hybe satan demen playing victim padahal jelas2 almost new groupnya payola maaf padahal kalo pake cara yg fair2 aja gue masih bisa ngasih kesempatan tapi kalo cara mainnya masih sama malesin bye;1,9798E+18;;;in;;0;1;0;https://x.com/undefined/status/1979795485847433305;79993560;
1,9798E+18;Sun Oct 19 06:23:02 +0000 2025;1;no 2 ya dek indomie tetep no 1 ;1,9798E+18;;;in;;0;0;0;https://x.com/undefined/status/1979795407900418452;1,38304E+18;
1,9798E+18;Sun Oct 19 06:23:02 +0000 2025;6;gimana bilangnya MEP seharga 20 biji indomie goreng;1,9798E+18;;;in;;1;1;0;https://x.com/undefined/status/1979795407787188350;1,47661E+18;
1,97918E+18;Sun Oct 19 06:22:26 +0000 2025;5;@redvampmoon @heeknds @wonsexual @redvampmoon engga takut UU ITE lu? kocak lu bisa dipidana balik karena pencemaran nama baik. Kecuali Enhypen dan Hybe sendiri yang turun tangan. Ini namanya merusak nama fandom dan doxxing ya.;1,9798E+18;;meimeeten;in;;0;0;0;https://x.com/undefined/status/1979795257844990093;1,03407E+18;
1,9798E+18;Sun Oct 19 06:22:03 +0000 2025;1;rencana awal gue tu tadinya hari ini dimulai dengan mam indomie rebus lalu santai2 catch up episode2 anime semalem. Lalu semalem tiba2 di-DM admin kampungphilos bahwa gue menang giveaway jadilah in the end pagi ini... gue ke CP ROFLMAO;1,9798E+18;;;in;;0;1;0;https://x.com/undefined/status/1979795159018811527;1580771;
1,9798E+18;Sun Oct 19 06:21:50 +0000 2025;0;fomo baru nyoba hack indomie aloy skrg;1,9798E+18;;;in;;0;0;0;https://x.com/undefined/status/1979795105046479001;1,7656E+18;
1,97979E+18;Sun Oct 19 06:21:23 +0000 2025;0;enak sih indomie juara my penyelamat gueh. tp selaku anak kos. yg dibutuhkan kl ke kondangan itu ya makanan selain yg instan;1,97979E+18;;;in;;0;0;0;https://x.com/undefined/status/1979794992471400583;1,28285E+18;
1,97943E+18;Sun Oct 19 06:08:22 +0000 2025;0;@pacarkimjisoo Seporsie indomie sebelum kondangan;1,97979E+18;;pacarkimjisoo;in;;0;0;0;https://x.com/undefined/status/1979791716120248654;1,53088E+18;
1,97954E+18;Sun Oct 19 06:07:56 +0000 2025;0;@HYBE_corporate @jejenjreng KETAWA BGT COK WKWKWK;1,97979E+18;;HYBE_corporate;in;;0;0;0;https://x.com/undefined/status/1979791606665588882;1,01488E+18;
1,97943E+18;Sun Oct 19 06:07:23 +0000 2025;0;@marukonahu @pacarkimjisoo Lah situ ke kondangan ngarepinnya apa? Mending gausah kondangan sekalian sih itu uang 50 lu beli aje makanan diluar ya harganya setimpal sama harga 50. Lagian kaga indomie juga itu pasti makanannya lah ngaco.;1,97979E+18;;marukonahu;in;;0;1;0;https://x.com/undefined/status/1979791469985816772;113258156;
1,97943E+18;Sun Oct 19 06:06:01 +0000 2025;0;@pacarkimjisoo Aku juga pernah nginep di hotel pilihan sarapannya ada indomie wwkwkwkwkwk;1,97979E+18;;pacarkimjisoo;in;;0;0;0;https://x.com/undefined/status/1979791123062333453;1,52012E+18;
1,97979E+18;Sun Oct 19 06:05:37 +0000 2025;0;ngide bikin indomie pake bawang merah mentah tiga buah sekarang lidahku masih rasa bawang;1,97979E+18;;;in;;0;2;0;https://x.com/undefined/status/1979791024936690126;1,96968E+18;
1,97978E+18;Sun Oct 19 06:04:59 +0000 2025;0;@yapperlix Wkwkw samaa tiap liat ini malu sma diri sendiri udh makan indomie tadi wkwk;1,97979E+18;;yapperlix;in;;0;1;0;https://x.com/undefined/status/1979790865704112455;1,65805E+18;
1,97958E+18;Sun Oct 19 06:04:11 +0000 2025;0;enih abang-abang yang sering ak repotin buat periksa codingan jenjen. timaaci n wupyu akak lebiiin *pamer abis emam indomie soto* https://t.co/OpDGWrYwuW;1,97979E+18;;eazeedizzee;in;;0;1;0;https://x.com/undefined/status/1979790663911977385;1,41393E+18;
1,97979E+18;Sun Oct 19 06:03:51 +0000 2025;3;mau au mem cortis atau under hybe juga boleh;1,97979E+18;;;in;;0;9;0;https://x.com/undefined/status/1979790577664471356;1,31274E+18;
1,97941E+18;Sun Oct 19 06:02:43 +0000 2025;0;@nhayssob @momzchulo_ Siapa yg tau bahwa malas ngunyah bisa jadi penemu sekte indomie. Pake eskrim terus tambahin mayonaise dikit juga boleh;1,97979E+18;;nhayssob;in;;0;1;0;https://x.com/undefined/status/1979790293835882866;82017505;
1,97979E+18;Sun Oct 19 05:57:14 +0000 2025;0;stelah 2 bulan gamakan indomie;1,97979E+18;;;in;;0;1;0;https://x.com/undefined/status/1979788912567656771;1,12289E+18;
1,97972E+18;Sun Oct 19 05:56:25 +0000 2025;0;@inisaari Cari indomie telor;1,97979E+18;;inisaari;in;;0;0;0;https://x.com/undefined/status/1979788707252379697;8,0281E+17;
1,97941E+18;Sun Oct 19 05:56:07 +0000 2025;0;@nhayssob @momzchulo_ Selamat udah bikin sekte indomie baru kak wkwkwk;1,97979E+18;;nhayssob;in;;0;1;0;https://x.com/undefined/status/1979788632425910534;82017505;
1,97974E+18;Sun Oct 19 05:54:56 +0000 2025;0;@supercgrl mereka gak tau betapa nikmat nya naspad seblak indomie rebus pake telur dan rawit;1,97979E+18;;supercgrl;in;;0;0;0;https://x.com/undefined/status/1979788333934129444;48342544;
1,97951E+18;Sun Oct 19 05:54:09 +0000 2025;0;@PopStats07 Labels- 1. BH (BigHit) 2. JYP 3. JYP 4. Odd Atelier 5. YG 6. BH 7. BH 8. BH 9. BL (BeliftLab) 10. TheBlackLabel 11. Ador* 12. Pledis 13. Blissoo 14. SM 15. Source 16. BH 17. BH 18. YG 19. Lloud 20. BH 21. BL 22. JYP 23. KQ 24. BH 25. BH 26. St;1,97979E+18;;PopStats07;in;;0;0;0;https://x.com/undefined/status/1979788138093621304;1,94006E+18;
1,97979E+18;Sun Oct 19 05:52:54 +0000 2025;0;klo gw hybe stan gw juga bakal diem soalnya dongeng kayak gini nggak perlu dikomentarin. Buang2 energi dan waktu mending streaming.;1,97979E+18;;;in;;0;0;0;https://x.com/undefined/status/1979787823072104929;1,32088E+18;
1,97979E+18;Sun Oct 19 05:51:49 +0000 2025;38;Hmm Sepertinya tim pembenci HYBE di FM Korea mungkin telah mencuri dan menggunakan data pribadi orang lain untuk membuat akun di FM Korea dan menulis komentar kebencian terhadap Min Hee-jin. Ya kasus itu benar-benar mencurigakan. Berdasarkan artikel dari Green Economy;1,97979E+18;;;in;;1;1;4;https://x.com/undefined/status/1979787552770179196;1,91583E+18;
1,97979E+18;Sun Oct 19 05:51:47 +0000 2025;1;ga ada yg bisa ngalahin indomie soto di jam 2 pagi won;1,97979E+18;;;in;;0;0;0;https://x.com/undefined/status/1979787544650031249;1,3364E+18;
1,97953E+18;Sun Oct 19 03:48:20 +0000 2025;0;@sanghyeoz &amp;;;;;;;;;;;
1,97971E+18;Sun Oct 19 03:47:36 +0000 2025;0;@sayangmuke190 Makan indomie sambil nikmatin pemandangan;1,97976E+18;;sayangmuke190;in;;0;0;0;https://x.com/undefined/status/1979756291456438462;1,18888E+18;
1,97975E+18;Sun Oct 19 03:46:17 +0000 2025;0;@eastcairns Indomie gorengg sih..;1,97976E+18;;eastcairns;in;;0;0;0;https://x.com/undefined/status/1979755960483942532;1,44971E+18;
1,97976E+18;Sun Oct 19 03:44:56 +0000 2025;0;ini gak ada ya yg mau kirimin aku Indomie soto dan goreng 1 dus?;1,97976E+18;;;in;;0;0;0;https://x.com/undefined/status/1979755619067584862;2772374569;
1,97976E+18;Sun Oct 19 03:44:16 +0000 2025;0;mau indomie sumpah;1,97976E+18;;;in;;0;0;0;https://x.com/undefined/status/1979755453820322092;1,46715E+18;
1,97975E+18;Sun Oct 19 03:41:06 +0000 2025;0;ide bagus ini. entar gue nikah ads menu Indomie juga ;1,97975E+18;;;in;;0;0;0;https://x.com/undefined/status/1979754654188896546;1650411090;
1,97975E+18;Sun Oct 19 03:41:05 +0000 2025;1;@keichan_2197 Mana hybe kr kan tiap lantai jaraknya tinggi bbgt ya bisa2nya jatuh dr lantai dua tu hp to msh tahan banting. Tp minimal diservice lah. Lagian uang dia kan banyak itu pasti;1,97975E+18;;keichan_2197;in;;0;1;0;https://x.com/undefined/status/1979754652314001848;1,15443E+18;
1,97975E+18;Sun Oct 19 03:34:36 +0000 2025;1;Kayanya nanti kalo gw nikah gw bakal sedain indomie semua rasa biar tamu yang dateng bisa eksperimen sendiri terus yang paling enak dapet bonus souvenir;1,97975E+18;;;in;;0;0;0;https://x.com/undefined/status/1979753018016104845;9,41639E+17;
1,9797E+18;Sun Oct 19 03:33:58 +0000 2025;2;@yusrilfahriza @sonneeaa Hotel Dharmein Blok M juga ada Indomie Station.;1,97975E+18;;yusrilfahriza;in;;0;0;1;https://x.com/undefined/status/1979752860410958169;428953184;
1,97975E+18;Sun Oct 19 03:33:48 +0000 2025;0;jadi kepikiran kasih souvernir indomie satu dus ;1,97975E+18;;;in;;0;0;0;https://x.com/undefined/status/1979752819940106553;3141654636;
1,97943E+18;Sun Oct 19 03:31:36 +0000 2025;0;@pacarkimjisoo Ambil indomie jangan dimakan dulu. Langsung antri nasi;1,97975E+18;;pacarkimjisoo;in;;0;0;0;https://x.com/undefined/status/1979752264320606587;523847051;
1,97975E+18;Sun Oct 19 03:31:23 +0000 2025;0;@bluemini_ LANTAI 2 GEDUNG HYBE KOREA? HPNYA JATUH DARI LANTAI 2? Yuk Maki saatnya beli Handphone yang baru;1,97975E+18;;bluemini_;in;;0;1;0;https://x.com/undefined/status/1979752211354956122;1,36348E+18;
1,97955E+18;Sun Oct 19 03:30:58 +0000 2025;0;@minase_nayuki @Gieehad Mie sedap nggak akan bunuh indomie lebih ke capturing market share aja;1,97975E+18;;minase_nayuki;in;;0;1;0;https://x.com/undefined/status/1979752105654255762;462742008;
1,97975E+18;Sun Oct 19 03:30:57 +0000 2025;0;badan gue rada anget ya kayaknya butuh dopping indomie ayam bawang sih;1,97975E+18;;;in;;0;1;0;https://x.com/undefined/status/1979752102621848057;1,39338E+18;
1,97957E+18;Sun Oct 19 03:30:25 +0000 2025;0;@zaloravv wah ak mo mam siang indomie ni;1,97975E+18;;zaloravv;in;;0;1;0;https://x.com/undefined/status/1979751966835392745;1,83057E+18;
1,97975E+18;Sun Oct 19 03:30:14 +0000 2025;0;Wkwkwk syem jadi pengen indomie;1,97975E+18;;;in;;0;0;0;https://x.com/undefined/status/1979751920031109329;474905574;
1,97975E+18;Sun Oct 19 03:28:59 +0000 2025;0; Lu mau makan? Ngga ah udah makan Indomie? Gas telornya 2 ;1,97975E+18;;;in;;0;0;0;https://x.com/undefined/status/1979751605584183549;702864714;
1,97975E+18;Sun Oct 19 03:27:38 +0000 2025;1;@keichan_2197 Iya kakk dia sblmnya udh blg gt. Handphonenya retak gara2 jatuh dr lantai dua pas mrk lagi di gedung hybe kr;1,97975E+18;;keichan_2197;in;;0;1;0;https://x.com/undefined/status/1979751266797724107;1,15443E+18;
1,97975E+18;Sun Oct 19 03:26:35 +0000 2025;0;List yang ada di pernikahan gw nanti - dimsum mentai - seblak prasmanan - coffe - Indomie Apalagi ya wkwkkw;1,97975E+18;;;in;;0;3;0;https://x.com/undefined/status/1979751002825019891;1,167E+18;
1,97975E+18;Sun Oct 19 03:24:40 +0000 2025;1;abis ini mauk indomie gorang peka telor pake kornet pake cengek gapapa yang penting keyang;1,97975E+18;;;in;;0;0;0;https://x.com/undefined/status/1979750520991682581;152557313;
1,97946E+18;Sun Oct 19 03:23:57 +0000 2025;0;@maxkamura Anu.. aku kira Chawanmushi itu telur kukus yang dibuat menjadi sesuatu makanya aku menanyakan bedanya dengan telur kukus lainnya.. ternyata aku salah tangkap Aku hanya suka telur kukus yang direbus bersamaan dengan Indomie! Kak Max pernah makan;1,97975E+18;;maxkamura;in;;0;0;0;https://x.com/undefined/status/1979750337566388419;1,81724E+18;
1,97607E+18;Sun Oct 19 03:23:13 +0000 2025;0;@SlRLEEKNOW @DJIMINl Kita ga akan tiba tiba di tuntut hybe kan?;1,97975E+18;;SlRLEEKNOW;in;;0;0;0;https://x.com/undefined/status/1979750153629409457;1,33843E+18;
1,97975E+18;Sun Oct 19 03:20:30 +0000 2025;0;@loseinjingyuan tanggal tua sisa indomie :D;1,97975E+18;;loseinjingyuan;in;;0;1;0;https://x.com/undefined/status/1979749471836918240;1,6716E+18;
1,97975E+18;Sun Oct 19 03:20:18 +0000 2025;0;aku bakar hybe kalo rambut km dipotong https://t.co/2FJNZraZsf;1,97975E+18;https://pbs.twimg.com/amplify_video_thumb/1979598444709703680/img/mIGlLTaAfMLdM8lJ.jpg;;in;;0;0;0;https://x.com/undefined/status/1979749420490186791;1,31481E+18;
1,9797E+18;Sun Oct 19 03:17:50 +0000 2025;1;@_Jovian7 hybe sm yg jyp;1,97975E+18;;_Jovian7;in;;0;0;0;https://x.com/undefined/status/1979748800043659287;1896342072;
1,97975E+18;Sun Oct 19 03:17:40 +0000 2025;3;NGAKAK BGT LEWAT DI TIKTOK Ceritanya pov group hybe https://t.co/kSx5SAASDl;1,97975E+18;https://pbs.twimg.com/media/G3l7AB8WgAABWye.jpg;;in;;0;3;0;https://x.com/undefined/status/1979748759358808175;1,478E+18;
1,97975E+18;Sun Oct 19 03:15:09 +0000 2025;0;Referensi Mantu masa kini Itu kalo bisa rasa Indomie nya dilengkapin abis acara bisa sekalian buka warung hehehe;1,97975E+18;;;in;;0;0;0;https://x.com/undefined/status/1979748123514929318;1,53838E+18;
1,97972E+18;Sun Oct 19 03:12:58 +0000 2025;0;@itsaleey Minta Indomie Rendang aja kohh;1,97975E+18;;itsaleey;in;;0;0;0;https://x.com/undefined/status/1979747575898243417;1,53838E+18;
1,97972E+18;Sun Oct 19 03:11:46 +0000 2025;0;@itsaleey Kalo indomie rendang?;1,97975E+18;;itsaleey;in;;0;0;0;https://x.com/undefined/status/1979747275070210054;1,5942E+18;
1,97975E+18;Sun Oct 19 03:11:15 +0000 2025;0;gw dah mulai bikin resep indomie homemade yg telah gw kembangkan ratusan tahun itu cuy the world is healed . gw juga dah mulai pedeeeee bgt petantang petenteng bcs ik that gw cakep mampus these days. . ALSO gw udah mulai ngethrift baju baju lucuuu :( &lt;;;;;;;;;;;
1,97943E+18;Sun Oct 19 03:10:27 +0000 2025;0;@pacarkimjisoo since i love indomie very much keknya not bad deh buat nikahan gue juga nantiii;1,97975E+18;;pacarkimjisoo;in;;0;0;0;https://x.com/undefined/status/1979746942424166624;2271088818;
1,97975E+18;Sun Oct 19 03:06:01 +0000 2025;3;Ada hybe/big hit Stan yg ikut nimbrung di post tp dia salah topic wkwkwk malu deh focus ke gg fave mu aja kalau nggak ngerti pusat masalah nya apa ;1,97975E+18;;;in;;0;0;0;https://x.com/undefined/status/1979745826563092687;9,24677E+17;
1,97975E+18;Sun Oct 19 03:05:33 +0000 2025;0;sumpah ya gue as teume/stan grup YG bener bener kaget tiap mau kepoin grup dr hybe tadi niat mau nontonin konten tws trs ngeliat videonya udh 1 5k anjir treasure juga 1 5k video cm UDAH 5 TAHUN DEBUT COY????? GILA KAH tws baru setahun kan?;1,97975E+18;;;in;;0;1;0;https://x.com/undefined/status/1979745709575561541;1,53747E+18;
1,97928E+18;Sun Oct 19 03:05:32 +0000 2025;0;@minsikyy INI LUCU BANGETTT @HYBE_corporate;1,97975E+18;;minsikyy;in;;0;1;0;https://x.com/undefined/status/1979745702646583430;1,01488E+18;
1,97974E+18;Sun Oct 19 03:03:02 +0000 2025;0;@ssunooya Mau noraebang hybe;1,97975E+18;;ssunooya;in;;0;0;0;https://x.com/undefined/status/1979745075312898075;1,60445E+18;
1,97974E+18;Sun Oct 19 03:01:02 +0000 2025;0;Gw penasaran banget knp disetiap vote buat acara musik korea idol hybe selalu urutan awal dah... cmn nanya jan ada yg salty sama ketikan gw.;1,97974E+18;;;in;;0;0;0;https://x.com/undefined/status/1979744571031781886;1,87267E+18;
1,97954E+18;Sun Oct 19 03:00:47 +0000 2025;0;@dnakdls dah keluar nanti tolong mention aku sekali boleh ke nervous pula nak tahu harga tiket hybe cane kt malaysia;1,97974E+18;;dnakdls;in;;0;1;0;https://x.com/undefined/status/1979744509425828048;1,6835E+18;
1,97974E+18;Sun Oct 19 03:00:28 +0000 2025;1;dengan alasan kemanusiaan mau berhenti hybe day6 dulu karena agensi biru dari kemarin dibilangin malah makin makin dengan day6 ngepromosiin produk2 zionist jadi buat mootsku yg merasa ga nyaman bisa remove aku dari mutualan kalian yaa. Free Palestine;1,97974E+18;;;in;;0;0;0;https://x.com/undefined/status/1979744430828769705;1,8354E+18;
1,97961E+18;Sun Oct 19 02:59:06 +0000 2025;2;@nandyosushi Dulu entah kebujuk apa wkt ditanyain mau lahir gak. Indomie apa ya atau seblak ‍;1,97974E+18;;nandyosushi;in;;0;1;0;https://x.com/undefined/status/1979744086107287665;1,74274E+18;
1,97974E+18;Sun Oct 19 02:58:59 +0000 2025;0;Ini kalo aku sama cale ke sini pasti tujuan pertama nya ke stand indomie ini ;1,97974E+18;;;in;;0;0;0;https://x.com/undefined/status/1979744057183363181;2819371626;
1,97974E+18;Sun Oct 19 02:24:19 +0000 2025;0;Ide bagus keknya dari pada catering mahal mending masak indomie rendang jumbo;1,97974E+18;;;in;;0;0;0;https://x.com/undefined/status/1979735331953070240;1,51711E+18;
1,97974E+18;Sun Oct 19 02:23:34 +0000 2025;0;sarapan indomie telor kalo diluar yang terbaik ya sarapan di hotel asli rawitnya free flow;1,97974E+18;;;in;;0;0;0;https://x.com/undefined/status/1979735144195121269;599099407;
1,97973E+18;Sun Oct 19 02:22:32 +0000 2025;1;pokoknya besok kalo nikah mau adain stand indomie sama kopi jago;1,97973E+18;;;in;;0;1;0;https://x.com/undefined/status/1979734881942098065;1,27128E+18;
1,97959E+18;Sun Oct 19 02:21:13 +0000 2025;0;@yanfeissme Yakan asik gak sih? Venue ku mambu indomie? ;1,97973E+18;;yanfeissme;in;;0;0;0;https://x.com/undefined/status/1979734551749657057;1,81396E+18;
1,97957E+18;Sun Oct 19 02:11:15 +0000 2025;0;@Rimudru indomie ya;1,97973E+18;;Rimudru;in;;0;0;0;https://x.com/undefined/status/1979732045275492860;1,23649E+18;
1,97973E+18;Sun Oct 19 02:11:01 +0000 2025;157;Nyobaan resep na si aloy pas di podkes indomie goreng di hiji keun jeung indomie rasa ayam bawang caian saetik asli ngenah euy.;1,97973E+18;;;in;;0;25;5;https://x.com/undefined/status/1979731985598910906;1,45586E+18;
1,97943E+18;Sun Oct 19 02:05:11 +0000 2025;139;@pacarkimjisoo Orang yang nyumbang sejuta : asik nih cheat day makan indomie Orang yang nyumbang 50rb : anjir nyumbang banyak2 cuman ngasih indomie pelit banget yang punya hajat. Amit-amit. Rugi dong gw kalao cuman dapat indomie ;1,97973E+18;;pacarkimjisoo;in;;0;3;4;https://x.com/undefined/status/1979730515218641151;2478529855;
1,97973E+18;Sun Oct 19 01:53:37 +0000 2025;0;kangen newjeans bgt gakuaaaaattttt;1,97973E+18;;;in;;0;0;0;https://x.com/undefined/status/1979727604430311699;1,55624E+18;
1,97973E+18;Sun Oct 19 01:49:10 +0000 2025;0;Abis nonton amazing saturday wonhee sama jaehyun makin butuh game caterer hybe season 2. Hayuklah toloooong! 제발 해주세요 @HYBEOFFICIALtwt;1,97973E+18;;;in;;0;1;0;https://x.com/undefined/status/1979726485847224677;1,18151E+18;
1,97937E+18;Sun Oct 19 01:46:33 +0000 2025;0;@uaislee YAAKAAAN aku expect nya kayak hybe seru bgttt huhu taunya APAAAN kecewa berat SM emang kalo urusan bikin sebel nomor satu ;1,97973E+18;;uaislee;in;;0;1;0;https://x.com/undefined/status/1979725827937075234;1,7276E+18;
1,9796E+18;Sun Oct 19 01:46:31 +0000 2025;0;@seewhatthenext Makan indomie aja gasi?;1,97973E+18;;seewhatthenext;in;;0;1;0;https://x.com/undefined/status/1979725818688594077;1,70312E+18;
1,97973E+18;Sun Oct 19 01:44:42 +0000 2025;0;Negara lain perang lawan negera lain indomie perang lawan internal terus wkwk.;1,97973E+18;;;in;;0;0;0;https://x.com/undefined/status/1979725360955797971;65259352;
1,97973E+18;Sun Oct 19 01:44:40 +0000 2025;0;indomie soto banjar limau kuwit mie sedap tori miso sama laksaa‼️ seenak ituuu apalagi di kasih dumpling ;1,97973E+18;;;in;;0;0;0;https://x.com/undefined/status/1979725352806277350;1,94539E+18;
1,97953E+18;Sun Oct 19 01:44:07 +0000 2025;0;@Meowtifulest Kakak Jujuuu ditunggu ngobrol banyaknyaaaa kakak di belakang layar ngapain ya? Psti makan intel (indomie telor) yah??NGAKU SKRG?!?!;1,97973E+18;;Meowtifulest;in;;0;0;0;https://x.com/undefined/status/1979725213437997258;1,41915E+18;
1,97972E+18;Sun Oct 19 01:41:54 +0000 2025;1;Hybe ayo bikinin varshow buat artis sebelum anak gw berubah menjadi gadis dan namja;1,97972E+18;;;in;;0;1;1;https://x.com/undefined/status/1979724655817900542;1,4356E+18;
1,97956E+18;Sun Oct 19 01:36:18 +0000 2025;5;@tanyarlfes jangan lupa mie ayam sama es teh kak. terus km stok indomie juga yg banyak jaga2 klo mlm2 males makan nasi. ️;1,97972E+18;;tanyarlfes;in;;0;0;0;https://x.com/undefined/status/1979723246540030321;8,3927E+17;
1,97972E+18;Sun Oct 19 01:32:39 +0000 2025;0;Jangan sampe giginya dipakein veneer hybe itu njir;1,97972E+18;;;in;;0;0;0;https://x.com/undefined/status/1979722327953945047;1,33042E+18;
1,97937E+18;Sun Oct 19 01:32:09 +0000 2025;0;@rahasiyyaa padahal cateters hybe starship jyp seru polll. ekspektasiku juga gitu ternyata esem ikutan waiji sachetan. SM = SANGAT MEDIT;1,97972E+18;;rahasiyyaa;in;;0;1;0;https://x.com/undefined/status/1979722203924156538;1,26807E+18;
1,97972E+18;Sun Oct 19 01:29:33 +0000 2025;3;Gue ke kondangan mau makan rendang bukan makan indomie lagi;1,97972E+18;;;in;;0;3;0;https://x.com/undefined/status/1979721549130403872;78565229;
1,97972E+18;Sun Oct 19 01:27:10 +0000 2025;0;Indomie ayam spesial yg bungkusnya oren mie sedap yg kari spesial jg enak;1,97972E+18;;;in;;0;0;0;https://x.com/undefined/status/1979720951693742490;8,20483E+17;
1,97972E+18;Sun Oct 19 01:22:09 +0000 2025;0;Pengen mam indomiee Dah lama gak mamam krn lg jaga makan Padahal sehari2nya jg makan kwetiau goreng nasgor tp napa indomie berasa guilty bangett wkwkw;1,97972E+18;;;in;;0;0;0;https://x.com/undefined/status/1979719686221898112;1,75783E+18;
1,97943E+18;Sun Oct 19 01:20:24 +0000 2025;0;@marukonahu @pacarkimjisoo Indomie mentah nya lu bawa pulang lu makan sate sama zupa soup pasti untung.;1,97972E+18;;marukonahu;in;;0;0;0;https://x.com/undefined/status/1979719246155493552;69230060;
1,97972E+18;Sun Oct 19 01:19:35 +0000 2025;0;pasti belinya 1 toko dan paketan hahaa hybe hybe;1,97972E+18;;;in;;0;0;0;https://x.com/undefined/status/1979719040001347918;1,24718E+18;
1,97943E+18;Sun Oct 19 01:18:13 +0000 2025;330;@pacarkimjisoo mgkn replynya akan terbagi jadi 2 1. mereka yg jarang makan indomie dan bosen menu2 catering kyk nasgor capjay ayam kecap gurami asam manis 2. mereka yg bosen makan indomie dan datang kondangan biar bs makan nasgor capjay ayam gurami asama ;1,97972E+18;;pacarkimjisoo;in;;1;0;2;https://x.com/undefined/status/1979718696479408278;85354088;
1,97938E+18;Sun Oct 19 01:15:02 +0000 2025;0;@memefess Lebih sering liatnya jago bikin indomie.;1,97972E+18;;memefess;in;;0;0;0;https://x.com/undefined/status/1979717895757435337;324402027;
1,97943E+18;Sun Oct 19 01:12:12 +0000 2025;0;@pacarkimjisoo hahah sekelas hotel bintang 4 aja breakfastnya ada stall Indomie enak sihhh;1,97972E+18;;pacarkimjisoo;in;;0;0;0;https://x.com/undefined/status/1979717184525091257;1,54123E+18;
1,97943E+18;Sun Oct 19 01:11:51 +0000 2025;1;@pacarkimjisoo prnh nginep di hotel sarapan d restonya ada sediain indomie jugaa;1,97972E+18;;pacarkimjisoo;in;;0;0;0;https://x.com/undefined/status/1979717097132540257;1,61989E+18;
1,97972E+18;Sun Oct 19 01:09:08 +0000 2025;0;rindu hybe punyaaaaa ;1,97972E+18;;yibaaa;in;;0;0;0;https://x.com/undefined/status/1979716411305177386;1,44337E+18;
1,97971E+18;Sun Oct 19 01:08:01 +0000 2025;0;@CarolinePheoni Simpan ide makan indomie mu buat nanti atau besok;1,97972E+18;;CarolinePheoni;in;;0;0;0;https://x.com/undefined/status/1979716131486396518;1,75791E+18;
1,97918E+18;Sun Oct 19 00:57:08 +0000 2025;0;@abcdoremikkot Enak cobain campur 2 rasa indomie deh ;1,97971E+18;;abcdoremikkot;in;;0;0;0;https://x.com/undefined/status/1979713391641219490;1,81751E+18;
1,97971E+18;Sun Oct 19 00:55:25 +0000 2025;0;game caterers x starship aja udah season 2.. hybe kapan ya;1,97971E+18;;;in;;0;0;0;https://x.com/undefined/status/1979712958176579874;8,99194E+17;
1,97971E+18;Sun Oct 19 00:51:16 +0000 2025;0;Eh iya kemarin temen gw nikahan juga nyediain indomie kopi jago pun ada ;1,97971E+18;;;in;;0;0;0;https://x.com/undefined/status/1979711916319920337;1,53894E+18;
1,97971E+18;Sun Oct 19 00:50:39 +0000 2025;0;ak udh berapa bulan ya ga makan indomie jd pengen;1,97971E+18;;;in;;0;0;0;https://x.com/undefined/status/1979711759671046353;1,9216E+18;
1,97971E+18;Sun Oct 19 00:49:46 +0000 2025;11;Kenapa keinginan makan indomie selalu ada ketika sedang ada makanan yang mami masak dirumah ;1,97971E+18;;;in;;0;2;0;https://x.com/undefined/status/1979711536928264614;1,71066E+18;
1,97943E+18;Sun Oct 19 00:48:05 +0000 2025;0;@pacarkimjisoo @__nottfound mending cateringnya indomie aja sama pentol;1,97971E+18;;pacarkimjisoo;in;;0;1;0;https://x.com/undefined/status/1979711115786666066;1,41685E+18;
1,97971E+18;Sun Oct 19 00:46:46 +0000 2025;8;Makan Indomie saat acara di hotel cukup oke juga. Toppingnya lengkap. https://t.co/mt4hewQdBG;1,97971E+18;https://pbs.twimg.com/media/G3lYdUyWYAA5VHU.jpg;;in;;0;1;0;https://x.com/undefined/status/1979710781085434351;139982550;
1,97943E+18;Sun Oct 19 00:45:17 +0000 2025;0;@pacarkimjisoo anjay kondangannya karyawan indomie kah wkwk boleh juga;1,97971E+18;;pacarkimjisoo;in;;0;0;0;https://x.com/undefined/status/1979710410602536990;751154383;
1,9797E+18;Sun Oct 19 00:42:36 +0000 2025;0;@yusrilfahriza The zuri palembang dengan indomie sumateranya beuuuuhhhhh menu lain tidak menarik;1,97971E+18;;yusrilfahriza;in;;0;0;0;https://x.com/undefined/status/1979709733138526668;86299335;
1,97947E+18;Sun Oct 19 00:36:02 +0000 2025;3;@meilliums @sarister12 Stan Hybe selalu begitu.. Bukannya dokumen internal mereka sudah mengungkapkan semuanya? Menghina Visual Hearts2Hearts disaat bahkan sebelum debut mencari kesalahan setiap member EXO sampai bertanya harga bunga pernikahan Chen oh lu;1,97971E+18;;meilliums;in;;0;1;0;https://x.com/undefined/status/1979708081450930374;120362551;
1,9797E+18;Sun Oct 19 00:33:20 +0000 2025;2;@yusrilfahriza Selama Soto masih hadir di dunia ini skip dl prof Esuk² sarapan indomie hidup serasa berdosa sepanjang hari;1,97971E+18;;yusrilfahriza;in;;0;0;0;https://x.com/undefined/status/1979707402003095615;1710203648;
1,9797E+18;Sun Oct 19 00:26:55 +0000 2025;0;@yusrilfahriza baru aja bbrp hari lalu sarapan indomie di hotel.wkwk;1,97971E+18;;yusrilfahriza;in;;0;0;0;https://x.com/undefined/status/1979705786663350706;58711247;
1,9792E+18;Sun Oct 19 00:26:47 +0000 2025;0;@baseconvo ada nder temenku pesen gacoan lvl 0 udh kek mesen indomie ga pake cabe aja;1,97971E+18;;baseconvo;in;;0;1;0;https://x.com/undefined/status/1979705755709407566;1,74002E+18;
1,97971E+18;Sun Oct 19 00:24:51 +0000 2025;0;sekedar pengen makan indomie ada aja halangannya ;1,97971E+18;;;in;;0;0;0;https://x.com/undefined/status/1979705265491763246;1,45329E+18;
1,97942E+18;Sun Oct 19 00:22:53 +0000 2025;141;@pannchoa Bring back seunghan;1,9797E+18;;pannchoa;in;;0;0;1;https://x.com/undefined/status/1979704770744172561;1,08008E+18;
1,97969E+18;Sun Oct 19 00:22:39 +0000 2025;0;@tanyakanrl enggak. pernah cuma bisa makan indomie beberapa hari pas ngaggur di kosan. tapi ya udah-in aja malu mau minta wkwk;1,9797E+18;;tanyakanrl;in;;0;0;0;https://x.com/undefined/status/1979704713940713903;1,36222E+18;
1,9797E+18;Sun Oct 19 00:19:33 +0000 2025;0;Di sini gak rame nih soalnya bukan hybe lagi padahal pemuja mhj di sini banyak. Iuh pemuja pedofil ;1,9797E+18;;;in;;0;0;0;https://x.com/undefined/status/1979703931526914169;8,60369E+17;
1,97903E+18;Sun Oct 19 00:15:10 +0000 2025;0;@somexthread Mungkin klo Indosiar yang nayangin tayangan yang menyinggung mereka yang didemo bisa Indofood Indocement Indorent dan akhirnya mereka memboikot Indomie... Eeeiihh;1,9797E+18;;somexthread;in;;0;0;0;https://x.com/undefined/status/1979702829049929776;19475141;
1,9797E+18;Sun Oct 19 00:10:08 +0000 2025;0;Temenku kan nikah terus pas kondangan dikasih indomie gini kena nyinyir tetangga katanya gk pantes suguhan buay orang kondangan kok mie instan eh liat ini jd refrensi. Kyknya emang lambe tonggo kakean cangkem ;1,9797E+18;;;in;;0;2;1;https://x.com/undefined/status/1979701562667897045;1,30908E+18;
1,97685E+18;Sun Oct 19 00:09:03 +0000 2025;0;@limseowcn Kakak illit gak nginep di hybe ;1,9797E+18;;limseowcn;in;;0;1;0;https://x.com/undefined/status/1979701291841687934;1,20821E+18;
1,9797E+18;Sun Oct 19 00:07:18 +0000 2025;81;Saatnya Kembali Menang di Semarang! Berbekal 2 kemenangan di musim lalu atas Mahesa Jenar Super Elja kembali menargetkan poin penuh pada laga malam nanti kontra PSIS Semarang! PSS Fans #BangkitkanSemangatmu untuk PSS raih kemenangan bareng Indomie Goreng Jumbo. Jumbo https://t.co/0b32mE3JQD;1,9797E+18;https://pbs.twimg.com/media/G3lPRNDW8AAEI14.jpg;;in;;1;1;10;https://x.com/undefined/status/1979700851083296868;1240339267;
1,97943E+18;Sun Oct 19 00:04:52 +0000 2025;4;@pacarkimjisoo wah tekor dong duit kita ngamplopin. Masa 50k cm dpt indomie? Edaaannnn... Please lah jgn normalisasi kek gini ya jangan ya;1,9797E+18;;pacarkimjisoo;in;;10;42;0;https://x.com/undefined/status/1979700237682999572;1,94135E+18;
1,9797E+18;Sat Oct 18 23:50:10 +0000 2025;0;Kebangun krn mimpi bikin indomie ;1,9797E+18;;;in;;0;0;0;https://x.com/undefined/status/1979696540919992386;99733518;
1,9797E+18;Sat Oct 18 23:46:29 +0000 2025;376;Kalo dapet hotel yang sarapannya ada indomie goreng/rebus jujur jangan dilawan pasrah aja pesen 1 dikasih telur omelette boleh ceplok juga lebih nikmat lalu kasih senyoem tipis ajaa ke abangnya yg jaga station. Itu hotel udah telak menang. https://t.co/DpckK7wKfD;1,9797E+18;https://pbs.twimg.com/media/G3lKqGEXQAALDo5.jpg;;in;;34;40;60;https://x.com/undefined/status/1979695612800213175;64489352;
1,97969E+18;Sat Oct 18 23:42:20 +0000 2025;1;YA ALLAH LUCUUUU ILY GUYS BEDUA IH. BANYAKIN INTERACT HYBE FAM POKOKNYA;1,97969E+18;;;in;;0;1;0;https://x.com/undefined/status/1979694565759283217;1,96446E+18;
1,97969E+18;Sat Oct 18 23:41:09 +0000 2025;0;farewell neverland - TXT ditto- Newjeans HANA - Zerobaseone intinya lagu indah dan gabisa di geser:);1,97969E+18;;;in;;0;1;0;https://x.com/undefined/status/1979694271558238582;1,68813E+18;
1,97957E+18;Sat Oct 18 23:40:57 +0000 2025;2;@QueenImaIsBack Ortu saya pernah minta kelapa tetangga buat dibikin lauk urap kacang panjang (kacang panjangnya ngutang ke warung). Di lain kesempatan Beli Indomie goreng satu dibagi 2 utk makan kami.;1,97969E+18;;QueenImaIsBack;in;;0;1;0;https://x.com/undefined/status/1979694219284586925;264545020;
1,97955E+18;Sat Oct 18 23:40:51 +0000 2025;1;@Gieehad Ngga juga Mie sedap gw masih bilang gagal sih udah berapa tahun eksis masih ga berdaya congkel indomie;1,97969E+18;;Gieehad;in;;0;2;0;https://x.com/undefined/status/1979694193380610161;76903558;
1,97969E+18;Sat Oct 18 23:36:51 +0000 2025;0;Terpantau Starship udah otw yang kedua kali game caterer Assalamualaikum HYBE halo apa kabar? warga juga nungguin loh;1,97969E+18;;;in;;0;0;0;https://x.com/undefined/status/1979693188328910979;1,89257E+18;
1,97969E+18;Sat Oct 18 23:35:25 +0000 2025;0;Soalnya idol kriminal ini berasal dari big 3 coba dari bighsit atau hybe bisa mampus di ungkit 7 turunan ;1,97969E+18;;;in;;0;0;0;https://x.com/undefined/status/1979692828201779679;1,68411E+18;
1,97943E+18;Sat Oct 18 23:30:04 +0000 2025;0;@pacarkimjisoo Daripada sepiring isi nasi capcay kering 1 sendok bola daging 3 biji acar sama kerupuk udang mending sebungkus indomie sih wkwkw;1,97969E+18;;pacarkimjisoo;in;;0;0;0;https://x.com/undefined/status/1979691478546014228;2320340142;
1,97964E+18;Sat Oct 18 23:29:50 +0000 2025;1;@0402_lmlh Gilaaa. Gedung yg dibangun B1a4dgn darah keringat air mata... Rbw nih macem hybe kelakuannya;1,97969E+18;;0402_lmlh;in;;0;1;0;https://x.com/undefined/status/1979691422967296444;1,14907E+18;
1,97832E+18;Sat Oct 18 23:24:59 +0000 2025;0;@yiohuo Kabar burung dr burung yg suka nangkring di hybe dik;1,97969E+18;;yiohuo;in;;0;0;0;https://x.com/undefined/status/1979690199971148290;3240129901;
1,97969E+18;Sat Oct 18 23:09:59 +0000 2025;0;Ramen miso indomie (pake cabe rawit merah 5 biji digerus);1,97969E+18;;;in;;0;0;0;https://x.com/undefined/status/1979686425223413802;1,39898E+18;
1,97934E+18;Sat Oct 18 23:07:26 +0000 2025;0;@kvapas akakk gue titip beliin lays 3 rasa rumput laut sama Indomie dower;1,97969E+18;;kvapas;in;;0;1;0;https://x.com/undefined/status/1979685783591407974;1,84457E+18;
1,97957E+18;Sat Oct 18 23:05:06 +0000 2025;0;@urpleinelune jadi pengen indomie pagi;1,97969E+18;;urpleinelune;in;;0;1;0;https://x.com/undefined/status/1979685196007080070;1,64612E+18;
1,97968E+18;Sat Oct 18 23:03:48 +0000 2025;0;gapapa gak kebagian pacar yang penting kebagian indomie ayam geprek;1,97968E+18;;;in;;0;0;0;https://x.com/undefined/status/1979684869648294275;1,6319E+18;
1,97901E+18;Sat Oct 18 22:54:14 +0000 2025;1;@KoreanUpdates Newjeans malu ga sih mereka yg di puja2nya begitu;1,97968E+18;;KoreanUpdates;in;;0;0;0;https://x.com/undefined/status/1979682461413216540;1,19552E+18;
1,97968E+18;Sat Oct 18 22:49:17 +0000 2025;0;kangen newjeans banget:( seeing cortis reminds me of newjeans which has the same vibe dan akan selalu gw tonton kompilasi mereka pas lg ngomong eng;1,97968E+18;;;in;;0;1;0;https://x.com/undefined/status/1979681217990828322;1,82181E+18;
1,97954E+18;Sat Oct 18 22:48:43 +0000 2025;0;@serabutannn indomie donggggg wkwk;1,97968E+18;;serabutannn;in;;0;1;0;https://x.com/undefined/status/1979681074323357942;2197730113;
1,97954E+18;Sat Oct 18 22:47:18 +0000 2025;0;@anafauziyah_ Pilih Indomie apa Sedaapp wkwk;1,97968E+18;;anafauziyah_;in;;0;1;0;https://x.com/undefined/status/1979680717828481237;1,51835E+18;
1,97773E+18;Sat Oct 18 22:36:46 +0000 2025;0;@vsungho di pasar malam deket gedung hybe loh dd emang ga pernah liat ya kalo malam minggu ada pasar malam disitu?‍️;1,97968E+18;;vsungho;in;;0;1;0;https://x.com/undefined/status/1979678069020664248;1437459014;
1,97943E+18;Sat Oct 18 22:28:44 +0000 2025;98;@pacarkimjisoo Udah 30 lebih hotel bintang 4-5 di Bali yang gue cobain. Cuman di hotel ini Breakfastnya ada Indomie enak banget anjir https://t.co/6WeMPs8G3i;1,97968E+18;https://pbs.twimg.com/media/G3k4uoEWwAAMlVA.jpg;pacarkimjisoo;in;;1;2;1;https://x.com/undefined/status/1979676045847769144;1,42409E+18;
1,97967E+18;Sat Oct 18 22:19:28 +0000 2025;0;Ih baru aja tadi malem waktu telponan sama pacarku kt bahas nanti kl nikah adain indomie KWKWKWKW;1,97967E+18;;;in;;0;0;0;https://x.com/undefined/status/1979673713093255635;1,78959E+18;
1,97967E+18;Sat Oct 18 22:16:01 +0000 2025;1;Craving Indomie krimi pedas emang paling endul ketika badmood https://t.co/HOrUlnh83W;1,97967E+18;https://pbs.twimg.com/media/G3k19fLWAAAvekY.jpg;;in;;0;0;0;https://x.com/undefined/status/1979672846134906983;1,83977E+18;
1,97967E+18;Sat Oct 18 21:57:56 +0000 2025;0;5th gen kpop kerasa empty banget karena ga ada NewJeans :(. Yang group lain musiknya ngebosenin;1,97967E+18;;;in;;0;0;0;https://x.com/undefined/status/1979668293658259690;1,36142E+18;
1,97966E+18;Sat Oct 18 21:33:15 +0000 2025;0;Damn Aespa padahal beberapa bulan terakhir dah ngeluarin banyak lagu tp ga ngangkat .. jgn sampe kejadian kaya Itzy lu harus buru2 bebenah sono @aespa_official btw ..... #NewJeans_Never_Die;1,97966E+18;;;in;;0;0;0;https://x.com/undefined/status/1979662081898238300;1,567E+18;
1,97954E+18;Sat Oct 18 21:27:50 +0000 2025;0;@hatchui Karena JJ join SM hybe stan nggak suka makanya dia paling kena rujak;1,97966E+18;;hatchui;in;;0;0;0;https://x.com/undefined/status/1979660717478531426;1,70485E+18;
1,97966E+18;Sat Oct 18 21:23:06 +0000 2025;1;nemu indomie pas sarapan di hotel juga seneng banget https://t.co/zMQQs4FA2R;1,97966E+18;https://pbs.twimg.com/media/G3kp2QkXIAAyq-K.jpg;;in;;0;1;0;https://x.com/undefined/status/1979659526229074132;2595158114;
1,97965E+18;Sat Oct 18 20:52:10 +0000 2025;0;eh klo hybe ngadain konser label gt seru dah ya pasti... pen nonton dah klo ada;1,97965E+18;;;in;;0;0;0;https://x.com/undefined/status/1979651741915525217;2539451234;
1,97913E+18;Sat Oct 18 20:49:14 +0000 2025;0;@Eskopijago @fwbflix Indomie soto pake sawi telur sama kornet ;1,97965E+18;;Eskopijago;in;;0;0;0;https://x.com/undefined/status/1979651006687481980;1,36914E+18;
1,97965E+18;Sat Oct 18 20:39:09 +0000 2025;1;Laki laki tidak bercerita tetapi gawe indomie godog di jam 3 pagi;1,97965E+18;;;in;;0;0;0;https://x.com/undefined/status/1979648468827443378;1,70158E+18;
1,97965E+18;Sat Oct 18 20:34:14 +0000 2025;0;set 4 gabisa tidur pengen indomie goreng pake telor aku ke otak ku: https://t.co/4bLHl6txPy;1,97965E+18;https://pbs.twimg.com/media/G3keqK8XEAA5Nvy.jpg;;in;;0;0;0;https://x.com/undefined/status/1979647228781465787;1,62355E+18;
1,94062E+18;Sat Oct 18 20:33:39 +0000 2025;0;@Indomielovers min indomie itu garemnya harus bngt 1000-an mg?;1,97965E+18;;Indomielovers;in;;0;0;0;https://x.com/undefined/status/1979647082458951722;1,60476E+18;
1,97965E+18;Sat Oct 18 20:28:43 +0000 2025;0;andai aku bisa stock Indomie iga penyet sekardus aku mau;1,97965E+18;;;in;;0;0;0;https://x.com/undefined/status/1979645841444053447;1,38444E+18;
1,97965E+18;Sat Oct 18 20:28:23 +0000 2025;0;andai aku bisa mam indomie iga penyet;1,97965E+18;;;in;;0;0;0;https://x.com/undefined/status/1979645760028446881;1,38444E+18;
1,97965E+18;Sat Oct 18 20:28:07 +0000 2025;0;pengen indomie iga penyet;1,97965E+18;;;in;;0;0;0;https://x.com/undefined/status/1979645691934003538;1,38444E+18;
1,97964E+18;Sat Oct 18 20:20:41 +0000 2025;0;PFFTTTTTTTT mana indomie rendangnyaa??;1,97964E+18;;;in;;0;0;0;https://x.com/undefined/status/1979643820930433252;1,74096E+18;
1,97964E+18;Sat Oct 18 20:15:07 +0000 2025;0;allahu ini algoritma x gue udah menggila - bp kohsiung - sektor k - baemon fm withmu - svt usa - aespa japan - my glorious king bakugo - chelsea 3-0 - haerin - haerin - haerin - newjeans;1,97964E+18;;;in;;0;0;0;https://x.com/undefined/status/1979642421718974756;730569014;
1,97964E+18;Sat Oct 18 20:14:11 +0000 2025;2;Mau masak indomie sumpah;1,97964E+18;;;in;;0;1;0;https://x.com/undefined/status/1979642184745074718;2868767942;
1,97964E+18;Sat Oct 18 20:09:14 +0000 2025;0;gelisah bgt hati inii udh 5 hari ga ngopi plus makan indomie;1,97964E+18;;;in;;0;0;0;https://x.com/undefined/status/1979640938923462875;1,69216E+18;
1,97963E+18;Sat Oct 18 20:01:51 +0000 2025;0;@jembermfs Mikir mau beli indomie apa engga;1,97964E+18;;jembermfs;in;;0;0;0;https://x.com/undefined/status/1979639079831777758;8,59731E+17;
1,97963E+18;Sat Oct 18 19:41:09 +0000 2025;0;udahan benglom hiatus nya @NewJeans_ADOR ?;1,97963E+18;;;in;;0;0;1;https://x.com/undefined/status/1979633872922100089;1,67081E+18;
1,97963E+18;Sat Oct 18 19:35:41 +0000 2025;1;@kittycharoenrak aku jg barusan abis kedapur masak indomie seblak.... skrg makin gamau merem malah nontonin fancam;1,97963E+18;;kittycharoenrak;in;;0;1;0;https://x.com/undefined/status/1979632497513394587;1,75309E+18;
1,97942E+18;Sat Oct 18 19:31:05 +0000 2025;0;@saintgerl baca aja isi nya cuma cara join circle hybe labels.... ;1,97963E+18;;saintgerl;in;;0;0;0;https://x.com/undefined/status/1979631338459451879;1,60185E+18;
1,97936E+18;Sat Oct 18 19:19:47 +0000 2025;0;@jungiatn Nanti memen mau ngambil langsung ke hybe ga? Kalo gua suruh nganterin ke sm susah ada mantan.;1,97963E+18;;jungiatn;in;;0;0;0;https://x.com/undefined/status/1979628494930968675;1,8448E+18;
1,97963E+18;Sat Oct 18 19:19:10 +0000 2025;0;Ctm si no debuta Hybe.;1,97963E+18;;;in;;0;0;0;https://x.com/undefined/status/1979628337699135926;3178616120;
1,97963E+18;Sat Oct 18 19:10:15 +0000 2025;0;Sialan jadi fomo pingin indomie malem malem shiballl;1,97963E+18;;;in;;0;0;0;https://x.com/undefined/status/1979626096120512883;9,74561E+17;
1,97961E+18;Sat Oct 18 19:06:02 +0000 2025;2;@hppypill_im Tp kremy dgn bodohnya blg Fansnya sibuk ngedrag Tae Lah bodo amat wkwkwkwk org Blinks pd ga peduli YG Dipikir Blinks kaya Army penjilat hybe;1,97963E+18;;hppypill_im;in;;0;0;0;https://x.com/undefined/status/1979625035519439277;1,80745E+18;
1,97943E+18;Sat Oct 18 19:01:29 +0000 2025;0;@pacarkimjisoo jadi pengen mam indomie sekarang jg;1,97962E+18;;pacarkimjisoo;in;;0;0;0;https://x.com/undefined/status/1979623891091021985;1,87765E+18;
1,97962E+18;Sat Oct 18 19:01:05 +0000 2025;0;wts yuk diangkut take all semua yang ada di foto 350k aja (nego allowed) ada pc txt nct bts stayc seventeen dreamcatcher yena newjeans chaehyun kap1er binder A5 bibimcat + 39 sleeve https://t.co/5H6XIxYW2K;1,97962E+18;;;in;;0;0;0;https://x.com/undefined/status/1979623789345546678;1,4418E+18;
1,97962E+18;Sat Oct 18 18:59:35 +0000 2025;0;yuk diangkut take all semua yang ada di foto 350k aja (nego allowed) ada pc txt nct bts stayc seventeen dreamcatcher yena newjeans chaehyun kap1er binder A5 bibimcat + 39 sleeve https://t.co/5H6XIxYW2K;1,97962E+18;;;in;;0;0;0;https://x.com/undefined/status/1979623410683846843;1,4418E+18;
1,97962E+18;Sat Oct 18 18:58:25 +0000 2025;1;setidaknya sepiring indomie ini masi bisa ku nikmati andai esok aku mati;1,97962E+18;;;in;;1;1;0;https://x.com/undefined/status/1979623117707473292;1,88687E+18;
1,97962E+18;Sat Oct 18 18:55:38 +0000 2025;20;Pen Indomie warkop deh;1,97962E+18;;;in;;0;5;0;https://x.com/undefined/status/1979622416969302235;1,36673E+18;
1,97953E+18;Sat Oct 18 18:39:25 +0000 2025;0;@sexylibr4 &amp;;;;;;;;;;;
1,97962E+18;Sat Oct 18 18:35:41 +0000 2025;0;top 3 tier group hybe yg serba salah di mata netizen: 1. BTS 2. Le Sserafim 3. Illit;1,97962E+18;;wineterbear;in;;0;0;0;https://x.com/undefined/status/1979617395439477119;1,07325E+18;
1,97962E+18;Sat Oct 18 18:34:27 +0000 2025;0;laperr bikin indomie apa yaaa;1,97962E+18;;;in;;0;0;0;https://x.com/undefined/status/1979617086851969258;1,44581E+18;
1,97962E+18;Sat Oct 18 18:27:56 +0000 2025;3;Newjeans hari ini tadi ada pc segepok jg si dijual n pepero nj tp malas foto https://t.co/ypBndiWO5W;1,97962E+18;https://pbs.twimg.com/media/G3kBwUHXEAACIv8.jpg;;in;;0;0;0;https://x.com/undefined/status/1979615445885039076;4849356450;
1,97961E+18;Sat Oct 18 18:22:41 +0000 2025;0;malming ku di rumah saja sambil ngerjain uts dan makan indomie kriukkk yang viral di tiktok;1,97961E+18;;;in;;0;0;0;https://x.com/undefined/status/1979614126155694353;1,81493E+18;
1,97943E+18;Sat Oct 18 18:17:03 +0000 2025;0;@pacarkimjisoo Di hotel besar biasanya ada stall indomie siap makan cuman bumbu nya tamu yang buka sendiri;1,97961E+18;;pacarkimjisoo;in;;0;0;0;https://x.com/undefined/status/1979612706652250491;1,82665E+18;
1,97955E+18;Sat Oct 18 18:14:51 +0000 2025;0;@tanyarlfes indomie buat sekeluarga;1,97961E+18;;tanyarlfes;in;;0;0;0;https://x.com/undefined/status/1979612152727269550;1,42558E+18;
1,97961E+18;Sat Oct 18 18:13:49 +0000 2025;0;gedung hybe emang beneran angker ya?;1,97961E+18;;;in;;0;0;0;https://x.com/undefined/status/1979611893506728437;1,97108E+18;
1,97943E+18;Sat Oct 18 18:12:25 +0000 2025;34;@pacarkimjisoo @putriiesalju kaga kaya lu di PRJ aja pas ke stand Indomie atau sedaap gak lama kan dimasaknya.;1,97961E+18;;pacarkimjisoo;in;;0;1;0;https://x.com/undefined/status/1979611539381608934;1,70548E+18;
1,97961E+18;Sat Oct 18 18:11:13 +0000 2025;3;Kore nadili bok yesin indomie daha iyi;1,97961E+18;;;in;;0;0;0;https://x.com/undefined/status/1979611238427656381;1,87967E+18;
1,97961E+18;Sat Oct 18 18:07:59 +0000 2025;0;Ada tmn ktr jg kepengenan waktu pas rncansin resepsi nikahan blg mo buka gubuk indomie biar anak2 ktr nongkrong di situ. Tp batal krn hotel nya mnt tmbhn 2 jt ;1,97961E+18;;;in;;0;0;0;https://x.com/undefined/status/1979610427215708415;91011227;
1,97961E+18;Sat Oct 18 18:00:28 +0000 2025;1;Pernah pengen kayak gini tp ga kebayang gasi venuenya jd bau indomie;1,97961E+18;;;in;;0;1;0;https://x.com/undefined/status/1979608532636069889;1,03434E+18;
1,97943E+18;Sat Oct 18 17:55:31 +0000 2025;0;@pacarkimjisoo Indomie kari ayam+kewpie mayo+telur omega = fancy wedding;1,97961E+18;;pacarkimjisoo;in;;0;0;0;https://x.com/undefined/status/1979607288341234127;1,84981E+18;
1,97961E+18;Sat Oct 18 17:54:54 +0000 2025;0;@ jimmy bikin deh indomie soto pakai telur setengah mateng sama cabe rawit enak dijamin;1,97961E+18;;;in;;0;0;0;https://x.com/undefined/status/1979607133185581074;1,33913E+18;
1,9796E+18;Sat Oct 18 17:50:16 +0000 2025;0;@shychop4th masak indomie;1,97961E+18;;shychop4th;in;;0;1;0;https://x.com/undefined/status/1979605968385425840;1,00269E+18;
1,97961E+18;Sat Oct 18 17:50:09 +0000 2025;1;mari kita bikin indomie pukul 00.48 bye diett https://t.co/GjxhAwTk6q;1,97961E+18;https://pbs.twimg.com/media/G3j5Gf4WsAATa9A.jpg;;in;;0;1;0;https://x.com/undefined/status/1979605936110248379;1,74204E+18;
1,9796E+18;Sat Oct 18 17:45:08 +0000 2025;2;akkk mau indomie tp dah sikat gigi ;1,9796E+18;;;in;;0;0;0;https://x.com/undefined/status/1979604673310159218;133689372;
1,9796E+18;Sat Oct 18 17:43:09 +0000 2025;0;Alhamdulillah malam ini bisa makan indomie bareng ayah n adikku;1,9796E+18;;;in;;0;0;0;https://x.com/undefined/status/1979604177014989124;1,60179E+18;
1,97943E+18;Sat Oct 18 17:41:29 +0000 2025;0;@tobelicis @pacarkimjisoo Ka mau tnyaa km perhatiin tamu2 lain gak itu yg ambil indomie pd dihabisin atau engga?;1,9796E+18;;tobelicis;in;;0;1;0;https://x.com/undefined/status/1979603755747430525;703978442;
1,9796E+18;Sat Oct 18 17:39:02 +0000 2025;0;@_agngd Indomie kuah oleh ga?;1,9796E+18;;_agngd;in;;0;1;0;https://x.com/undefined/status/1979603140367585564;1,25417E+18;
1,9796E+18;Sat Oct 18 17:37:18 +0000 2025;0;Memasuki waktu indonesia bagian haruskah aku kembali tidur atau menyeduh indomie dulu;1,9796E+18;;;in;;0;1;0;https://x.com/undefined/status/1979602702062755986;238489391;
1,97904E+18;Sat Oct 18 17:36:26 +0000 2025;0;@pjmizacoty @nimasmargarin @vt111111 daeun lu kata caper padahal lo smw ngatain dia halu dll dibuktiin malah ngatain pengangguran kek gitu ngaku2 punya otak .. makan noh pengumuman hybe lebih bela daeun daripada JM krn dia punya kunci smw rahasia JM Knetz;1,9796E+18;;pjmizacoty;in;;0;0;0;https://x.com/undefined/status/1979602486874010078;1,93711E+18;
1,9796E+18;Sat Oct 18 17:35:33 +0000 2025;0;@gmowi Sate ayam malah jangan direplace. Soto sama bakso kata gua mah replace aja pake selat solo ama indomie.;1,9796E+18;;gmowi;in;;0;0;0;https://x.com/undefined/status/1979602265519620456;1,23306E+18;
1,9796E+18;Sat Oct 18 17:34:55 +0000 2025;0;indomie dengan mangkuk mc laren https://t.co/MqQJYmhe8p;1,9796E+18;https://pbs.twimg.com/media/G3j1kneXIAA81oV.jpg;;in;;0;1;0;https://x.com/undefined/status/1979602102960976128;1,50291E+18;
1,9796E+18;Sat Oct 18 17:34:16 +0000 2025;0;@bluelune___ Jdi langganan hybe dia kmren J-Hope abis itu cb nya member svt tapi lupa siapa mingyu apa kalo gak salah kek nya abis ini yeonjun ️;1,9796E+18;;bluelune___;in;;0;2;0;https://x.com/undefined/status/1979601941710950650;1,82977E+18;
1,9796E+18;Sat Oct 18 17:32:54 +0000 2025;0;Gua mau dah kalo kondangan isinya indomie daripada soto;1,9796E+18;;;in;;0;1;0;https://x.com/undefined/status/1979601597090185345;1,23306E+18;
1,97954E+18;Sat Oct 18 17:28:35 +0000 2025;0;@serabutannn Indomie goreng campur 8× kriuk;1,9796E+18;;serabutannn;in;;0;1;0;https://x.com/undefined/status/1979600510165623091;8,6226E+17;
1,9796E+18;Sat Oct 18 17:27:20 +0000 2025;0;@IDGoonerscom @Arsenal gk pernah srek trossard starting dri dlu bawa bola defend rapat gk bisa nusuk backpass mulu tineli dikiri brani nusuk tpi punggunya encok eze masih cocok dikiri tpi ode cedera punya ethan bagus di mid disuruh masak indomie doang di ;1,9796E+18;;IDGoonerscom;in;;0;0;0;https://x.com/undefined/status/1979600193797619853;1,47861E+18;
1,9796E+18;Sat Oct 18 17:19:27 +0000 2025;1;Taehyung gak akan pernah jadi villain untuk siapapun semakin kamu menjatuhkannya maka semakin bersinar dia. Haha bahkan agensi nya sendiri kudu muter otak biar dia keliatan redup BUT STILL NOT WORKING FOR HIM kpopshit bighit hybe KEEP BARKING;1,9796E+18;;;in;;0;0;1;https://x.com/undefined/status/1979598213004071072;1,51229E+18;
1,9796E+18;Sat Oct 18 17:18:20 +0000 2025;0;10 PCS - Indomie Rasa Soto Koya Pedas Dower 76 Gr https://t.co/6bLdt0RG4x;1,9796E+18;;;in;;0;0;0;https://x.com/undefined/status/1979597929708163220;1,43553E+18;
1,9796E+18;Sat Oct 18 17:18:12 +0000 2025;0;Yahmene scroll tt muncule mukbang indomie wes paling bener turu kok;1,9796E+18;;;in;;0;1;0;https://x.com/undefined/status/1979597896497713219;2949547404;
1,97958E+18;Sat Oct 18 17:17:14 +0000 2025;0;@dillonwillend gue sambil masak indomie ;1,9796E+18;;dillonwillend;in;;0;0;0;https://x.com/undefined/status/1979597655132278824;1,55217E+18;
1,9796E+18;Sat Oct 18 17:11:24 +0000 2025;0;Klo tanya kok SM bebas promosi di china yg lain ga boleh sama sekali.. La kan sama Hybe SM dijual Ke Tencent Tencent mah bebas.. ;1,9796E+18;;;in;;0;0;0;https://x.com/undefined/status/1979596185058025680;1,70762E+18;
1,97943E+18;Sat Oct 18 17:09:42 +0000 2025;0;@pacarkimjisoo Kalo kamu sama p word ada indomie atau ada seirock @jeyyyhobiii;1,9796E+18;;pacarkimjisoo;in;;0;1;0;https://x.com/undefined/status/1979595759340454215;1,41079E+18;
1,9796E+18;Sat Oct 18 17:07:55 +0000 2025;1;Terus tinggal bawa nasi dari prasmanan. Jadi nasi+indomie goreng. Mantap.;1,9796E+18;;;in;;0;0;0;https://x.com/undefined/status/1979595310411485642;384045916;
1,97959E+18;Sat Oct 18 17:04:45 +0000 2025;0;Makan gak yaa . Mau indomie soto tpi besok pagi bengkak nnti mukanya;1,97959E+18;;;in;;0;0;0;https://x.com/undefined/status/1979594511421669697;4832322700;
1,97959E+18;Sat Oct 18 17:03:03 +0000 2025;0;Di resto hotel jg sering nemu pojok indomie ((yg langsung kupesan pertama kali));1,97959E+18;;;in;;0;0;0;https://x.com/undefined/status/1979594083988570132;1,32708E+18;
1,97957E+18;Sat Oct 18 15:40:36 +0000 2025;0;Jam segini pengen indomie ;1,97957E+18;;;in;;0;0;0;https://x.com/undefined/status/1979573335093809200;1,52111E+18;
1,97957E+18;Sat Oct 18 15:40:31 +0000 2025;0;Jam-jam rawan laper banget dan tergoda bikin indomie :(;1,97957E+18;;;in;;0;1;0;https://x.com/undefined/status/1979573315321962865;8,8944E+17;
1,97953E+18;Sat Oct 18 15:39:34 +0000 2025;2;@cuitayam Masih ada indomie kak;1,97957E+18;;cuitayam;in;;0;1;0;https://x.com/undefined/status/1979573073839043000;1,67069E+18;
1,97957E+18;Sat Oct 18 15:39:30 +0000 2025;10;@tanyakanrl Indomie kari ayam + Drakor https://t.co/HVuaaKXgGC;1,97957E+18;https://pbs.twimg.com/media/G3jbMk3XIAE93wU.jpg;tanyakanrl;in;;0;0;0;https://x.com/undefined/status/1979573060627042781;2373515012;
1,97957E+18;Sat Oct 18 15:38:31 +0000 2025;0;ada banget kepikiran indomie jam segini;1,97957E+18;;;in;;0;0;0;https://x.com/undefined/status/1979572809966973427;1,25176E+18;
1,97957E+18;Sat Oct 18 15:38:27 +0000 2025;0;Udah ngantuk bgt tiba² intrusive thought bm bgt indomie terus masak indomie deh ;1,97957E+18;;;in;;0;1;0;https://x.com/undefined/status/1979572795647619316;1,14004E+18;
1,97957E+18;Sat Oct 18 15:36:21 +0000 2025;0;gapernah semerasa bersalah ini abis makan indomie kuah 2pcs di jam segini;1,97957E+18;;;in;;0;1;0;https://x.com/undefined/status/1979572265068183645;1,96039E+18;
1,97957E+18;Sat Oct 18 15:34:59 +0000 2025;0;Mana w udah bikin indomie si kocak ;1,97957E+18;;kotarosmum;in;;0;0;0;https://x.com/undefined/status/1979571921135256044;1,74585E+18;
1,97953E+18;Sat Oct 18 15:34:04 +0000 2025;0;@Joovng WALAH TERNYATA CINTA MATI DIA GUYS SAMA INDOMIE abang paling suka yang rasa apa tuh indomienya? Nanti tiap hari aku bikinin indomie buat abang yang dimasukin ke kotak bekal gitu biar bentuknya kotak mau nggak?;1,97957E+18;;Joovng;in;;0;1;0;https://x.com/undefined/status/1979571692382105637;857208990;
1,97957E+18;Sat Oct 18 15:33:33 +0000 2025;0;Udh berhasil mam ramen jg masih ngidam indomie dsr setan (gue setan) ;1,97957E+18;;;in;;0;0;0;https://x.com/undefined/status/1979571559326216546;1,03329E+18;
1,97957E+18;Sat Oct 18 15:33:28 +0000 2025;0;Indomie ayam bawang;1,97957E+18;;;in;;0;0;0;https://x.com/undefined/status/1979571541043233221;1,38367E+18;
1,97956E+18;Sat Oct 18 15:31:34 +0000 2025;0;@c4leeaydn Alagi klo indomie rendang dinyemekin makin enakkk;1,97957E+18;;c4leeaydn;in;;0;1;0;https://x.com/undefined/status/1979571063408427407;1,73625E+18;
1,97957E+18;Sat Oct 18 15:31:28 +0000 2025;0;Lebih baik juga ada versi rebus Hidup Indomie Rebus!!;1,97957E+18;;;in;;0;2;0;https://x.com/undefined/status/1979571037701628398;1,44015E+18;
1,97957E+18;Sat Oct 18 15:31:17 +0000 2025;1;kgn newjeans ;1,97957E+18;;;in;;0;1;0;https://x.com/undefined/status/1979570992516362418;1,39199E+18;
1,97957E+18;Sat Oct 18 15:30:20 +0000 2025;0;koq tiap gw kondangan gk prnh ada indomie ya?;1,97957E+18;;;in;;0;1;0;https://x.com/undefined/status/1979570750265893147;67800554;
1,97957E+18;Sat Oct 18 15:29:15 +0000 2025;1;@HuliowCoul_Stag Indomie banget uuy;1,97957E+18;;HuliowCoul_Stag;in;;0;1;0;https://x.com/undefined/status/1979570478441521556;1,80043E+18;
1,97957E+18;Sat Oct 18 15:28:33 +0000 2025;0;Kemarin nginap di hotel waktu sarapan ada meja khusus buat bikin indomie ada tukang masaknya enakkkk sihhhh soalnya sering rindu mie kalo lagi nginap di hotel;1,97957E+18;;;in;;0;0;0;https://x.com/undefined/status/1979570301135692264;1,05685E+18;
1,97957E+18;Sat Oct 18 15:27:58 +0000 2025;0;Ini idea gue dr dulu dan selalu bilang ke nyokap ma kalo aku nikahan nanti di nikahanku aku mau sedian indomie ah krn dulu gue secinta mati itu sama indomie. Skrg udh b aja krn udh diet kali ga jd makan indomie rasanya udh beda di mulut ga kek dulu lagi;1,97957E+18;;;in;;0;0;0;https://x.com/undefined/status/1979570154410512427;712150038;
1,97957E+18;Sat Oct 18 15:26:57 +0000 2025;0;indomie goreng aceh enak gaak;1,97957E+18;;;in;;0;4;0;https://x.com/undefined/status/1979569901531799794;1,9433E+18;
1,97957E+18;Sat Oct 18 15:26:56 +0000 2025;0;bm indomie warkop deh;1,97957E+18;;;in;;0;0;0;https://x.com/undefined/status/1979569893965168854;1008613172;
1,97957E+18;Sat Oct 18 15:26:42 +0000 2025;0;laper malem-malem jd bikin yakisoba pan kw (roti tawar dibakarin temen terus masukin indomie goreng);1,97957E+18;;;in;;0;1;0;https://x.com/undefined/status/1979569838273245377;1,79145E+18;
1,97957E+18;Sat Oct 18 15:25:30 +0000 2025;0;jam segini adekku masak indomie baunya smp kamarku;1,97957E+18;;;in;;0;0;0;https://x.com/undefined/status/1979569534077153435;1,11668E+18;
1,97957E+18;Sat Oct 18 15:25:23 +0000 2025;0;@soigneves @VellichorLily Mending raja iblis daripada di surga yang isinya satpad indomie.;1,97957E+18;;soigneves;in;;0;1;0;https://x.com/undefined/status/1979569505409155121;3646577541;
1,97956E+18;Sat Oct 18 15:23:07 +0000 2025;0;@wooseokiu Kirain di Indonesia mau nitip indomie;1,97957E+18;;wooseokiu;in;;0;1;0;https://x.com/undefined/status/1979568936774778968;4751848154;
1,97957E+18;Sat Oct 18 15:23:02 +0000 2025;0;Pengen mam indomie ayam geprek jatah bulanan makan mie masih lama lagi ;1,97957E+18;;;in;;0;0;0;https://x.com/undefined/status/1979568912640717205;1,61755E+18;
1,97957E+18;Sat Oct 18 15:22:45 +0000 2025;1;Ngeliat cwe cantik di kampus tapi inget msh sama² kuliah msh ngekost 100k buat seminggu makan Indomie pas tanggal tua;1,97957E+18;;;in;;0;0;0;https://x.com/undefined/status/1979568845049545001;1,66813E+18;
1,97957E+18;Sat Oct 18 15:21:03 +0000 2025;0;cepet deh hybe satukan semua grup raksasamu itu di satu acara https://t.co/ruQoNhUFEy;1,97957E+18;https://pbs.twimg.com/amplify_video_thumb/1979505861199327232/img/gunts4FLwgGrBxPk.jpg;;in;;0;0;0;https://x.com/undefined/status/1979568415464681781;1,89964E+18;
1,97957E+18;Sat Oct 18 15:19:42 +0000 2025;3;@munvess gapapa aku kebagian indomie double aja;1,97957E+18;;munvess;in;;0;0;0;https://x.com/undefined/status/1979568077303095680;1,86617E+18;
1,97957E+18;Sat Oct 18 15:18:56 +0000 2025;0;malam ketiga berperang melawan hasrat jalan ke warmindo lalu pesen indomie kornet pake keju n telor xtra rawit;1,97957E+18;;;in;;0;0;0;https://x.com/undefined/status/1979567882003685790;1,45015E+18;
1,97957E+18;Sat Oct 18 15:17:49 +0000 2025;0;kalo indomie di kosan kayak kasian tp kalo indomie di luar pasti kek DICARI;1,97957E+18;;;in;;0;0;0;https://x.com/undefined/status/1979567599743885813;1,27089E+18;
1,97938E+18;Sat Oct 18 15:15:07 +0000 2025;0;@matchaapop indomie goreng;1,97957E+18;;matchaapop;in;;0;0;0;https://x.com/undefined/status/1979566922162393162;1,97537E+18;
1,97957E+18;Sat Oct 18 15:13:46 +0000 2025;0;ATAU SETIAP LO NYERUPUT KUAH INDOMIE LO TERSEDAK DAN BUBUK CABENYA NYANGKUT DI IDUNG LOOOOOOOOO;1,97957E+18;;arthsena;in;;0;0;0;https://x.com/undefined/status/1979566584189567207;8,85422E+17;
1,97957E+18;Sat Oct 18 15:13:09 +0000 2025;0;Kalo souvenirnya indomie seru gasiiiui;1,97957E+18;;;in;;0;2;0;https://x.com/undefined/status/1979566428413141349;1,50142E+18;
1,97954E+18;Sat Oct 18 15:13:00 +0000 2025;1;@serabutannn Cb indomie geprek campur rendang kloga indomie rendang sm la fonte pronto keju;1,97957E+18;;serabutannn;in;;0;1;0;https://x.com/undefined/status/1979566391234887936;1,68743E+18;
1,97917E+18;Sat Oct 18 15:12:44 +0000 2025;0;@nct_menfess renjun juga dari tadi nelpon terus dia bilang sayang kamu ga selingkuhin aku kan aku lagi masak indomie telor ceplok kaget bgt dengernya emang jule siyalan bikin suami aku overthinking aja kan dia jadi gak pokus;1,97957E+18;;nct_menfess;in;;0;0;0;https://x.com/undefined/status/1979566323085775056;1,83855E+18;
1,97957E+18;Sat Oct 18 15:11:59 +0000 2025;1;Jadi... Hybe game caterers 2 kapan? https://t.co/8oV9VqSJaz;1,97957E+18;;;in;;0;0;0;https://x.com/undefined/status/1979566134287536233;1,91603E+18;
1,97957E+18;Sat Oct 18 15:11:57 +0000 2025;0;hahh wifi hybe sekarang jadi burik juga;1,97957E+18;;;in;;0;0;0;https://x.com/undefined/status/1979566124477132989;1,24718E+18;
1,97953E+18;Sat Oct 18 15:11:17 +0000 2025;0;@Joovng Kalau wujud asli 𝖬𝗂𝗂𝖺𝗇𝗀 seperti aku kenapa gak boleh 𝖩𝖺𝗂𝖽𝖾𝖾 yang ngadepin ? Padahal aku bisa nanti kekep 𝖩𝖺𝗂𝖽𝖾𝖾 sampe dia kempes ? Mmm betulan kalau sama aku mau makan apa aja oke? mau kita mak;1,97957E+18;;Arlchen;in;;0;1;0;https://x.com/undefined/status/1979565956323226008;857208990;
1,97952E+18;Sat Oct 18 15:08:34 +0000 2025;0;@jjmnhc bikin indomie ajaa cepaatttt;1,97957E+18;;lovehcnahceah;in;;0;1;0;https://x.com/undefined/status/1979565273243082892;1,22861E+18;
1,97956E+18;Sat Oct 18 15:07:09 +0000 2025;4;aman aje nanti kalo gue resepsi sedia indomie goreng 3/4 mateng;1,97956E+18;;;in;;0;7;0;https://x.com/undefined/status/1979564916861534306;1,23614E+18;
1,97956E+18;Sat Oct 18 15:06:44 +0000 2025;0;buka stand ini aja kalinya pas nikah Indomie rendang aceh kari soto ayam bawang;1,97956E+18;;;in;;0;0;0;https://x.com/undefined/status/1979564812251324479;1,39252E+18;
1,97956E+18;Sat Oct 18 15:06:01 +0000 2025;0;@nadyanadyaaaax Indomie goreng telur sawi;1,97956E+18;;nadyanadyaaaax;in;;0;0;0;https://x.com/undefined/status/1979564631346778311;1377067572;
1,97955E+18;Sat Oct 18 15:04:36 +0000 2025;1;@luv_channa pizza cake (apa aja) mie ayam indomie goreng kebab pizza baru kesampean stlh 2 taun ga makan pizzq;1,97956E+18;;luv_channa;in;;0;0;0;https://x.com/undefined/status/1979564276319944827;1,64247E+18;
1,97956E+18;Sat Oct 18 15:03:49 +0000 2025;0;Terimakasih Bunnies yang udah vote Newjeans di KGMA Kita fokus di AAA yukkk;1,97956E+18;;;in;;0;0;0;https://x.com/undefined/status/1979564078457884801;1,6374E+18;
1,97954E+18;Sat Oct 18 15:03:12 +0000 2025;0;@hilaphobic @bodoamatwor Jdi pengen. indomie rasa Nirmala . Pake telor sm irisan cabe ;1,97956E+18;;hilaphobic;in;;0;1;0;https://x.com/undefined/status/1979563925017710881;2234352683;
1,97955E+18;Sat Oct 18 15:03:05 +0000 2025;0;@telurbukan26 Dh kusuruh adek aku jalan kaki aja beli indomie kewarung pake payung best;1,97956E+18;;telurbukan26;in;;0;0;0;https://x.com/undefined/status/1979563892734107746;1,52955E+18;
1,97956E+18;Sat Oct 18 15:02:24 +0000 2025;0;di indo ini banyak juga fans hybe;1,97956E+18;;;in;;0;0;0;https://x.com/undefined/status/1979563721510027345;2584923842;
1,97956E+18;Sat Oct 18 14:59:58 +0000 2025;0;gua sih kalo jadi newjeans malu ya;1,97956E+18;;;in;;0;0;0;https://x.com/undefined/status/1979563111393976481;1,51167E+18;
1,97954E+18;Sat Oct 18 14:59:40 +0000 2025;0;@oliveoilpremium Standart. Dominam yg indomie;1,97956E+18;;oliveoilpremium;in;;0;0;0;https://x.com/undefined/status/1979563035128995988;1,51835E+18;
1,97954E+18;Sat Oct 18 14:59:21 +0000 2025;0;@hello_mynarstd Dominan indomie;1,97956E+18;;hello_mynarstd;in;;0;0;0;https://x.com/undefined/status/1979562956141781002;1,51835E+18;
1,97956E+18;Sat Oct 18 14:57:19 +0000 2025;0;tpi beneran wonder gonu kenal taesan gak ya secara taesan dlu jdi trainee abadi di soumu sebelum akhirnya gabung ke koz karna soumu after diakuisisi hybe cma debutin girlgroup aja taesan gonu juga alumni cheongdam high school.;1,97956E+18;;;in;;0;0;0;https://x.com/undefined/status/1979562441030967412;1,93925E+18;
1,97956E+18;Sat Oct 18 14:56:41 +0000 2025;1;Yang atu bawa bawa hybe biggest lost yang atu lagi masih aja bawa bawa grup goib padahal udah punya grup baru sendiri :v;1,97956E+18;;;in;;0;0;0;https://x.com/undefined/status/1979562281328590984;1,52116E+18;
1,97956E+18;Sat Oct 18 14:56:28 +0000 2025;0;INDOMIE KUAH PAKE TELOR PAKE SAWI PAKE CABE;1,97956E+18;;;in;;0;0;0;https://x.com/undefined/status/1979562227146580317;1,81526E+18;
1,97956E+18;Sat Oct 18 14:55:56 +0000 2025;2;@lampungbase Gw belum disuruh nanya duluan boleh dimakan ga ini? Lanjut nanya Ada indomie gak? ;1,97956E+18;;lampungbase;in;;0;0;0;https://x.com/undefined/status/1979562094770147494;1,87991E+18;
1,97956E+18;Sat Oct 18 14:54:44 +0000 2025;0;Semenjak mencoba berhenti segala jenis tembakau penciumanku makin anjay paten kali bah. 1. Bisa mencium kalo kamar sebelah ngerokoknya kretek dan di dalem kamar 2. Bisa mencium kalo ada yang barusan bikin Indomie;1,97956E+18;;;in;;0;0;0;https://x.com/undefined/status/1979561791320674475;8,1147E+17;
1,97956E+18;Sat Oct 18 14:52:15 +0000 2025;0;kamu bikin indomie di trotoar ka? ;1,97956E+18;;;in;;0;0;0;https://x.com/undefined/status/1979561167816405055;1,37389E+18;
1,97956E+18;Sat Oct 18 14:50:32 +0000 2025;0;@henzieeAg nitip indomie kak;1,97956E+18;;henzieeAg;in;;0;1;0;https://x.com/undefined/status/1979560734687383757;2952818101;
1,97951E+18;Sat Oct 18 14:49:48 +0000 2025;0;@ludosido @tanyarlfes indomie ayam bawang;1,97956E+18;;ludosido;in;;0;0;0;https://x.com/undefined/status/1979560550427422799;1,07961E+18;
1,97956E+18;Sat Oct 18 14:47:28 +0000 2025;0;@Lotey yehhhhh gua kirim foto indomie kali ya??;1,97956E+18;;gatojtkaca;in;;0;1;0;https://x.com/undefined/status/1979559963115872280;1,81236E+18;
1,97924E+18;Sat Oct 18 14:46:50 +0000 2025;0;@Abang_uWu Best indomie ever tapi susah carinya. ;1,97956E+18;;Abang_uWu;in;;0;0;0;https://x.com/undefined/status/1979559806492147887;66679459;
1,97956E+18;Sat Oct 18 14:46:37 +0000 2025;0;Ngantuk tadi jam 8 udah ketiduran terus kebangun jam 9. Skrg ngantuk mending tidur apa masak indomie?;1,97956E+18;;;in;;0;0;0;https://x.com/undefined/status/1979559750754082961;459999528;
1,97956E+18;Sat Oct 18 14:44:30 +0000 2025;0;Maapin aku ya badan Malam ini aku makan indomie pke nasi tambahh Janji besok bakar habis ;1,97956E+18;;;in;;0;0;0;https://x.com/undefined/status/1979559217746063739;1,67974E+18;
1,97956E+18;Sat Oct 18 14:43:18 +0000 2025;0;nyoba resep indomie aloyyy yareu! https://t.co/nMI4wfn2Pa;1,97956E+18;https://pbs.twimg.com/media/G3jOVz6WkAANVEl.jpg;;in;;0;0;0;https://x.com/undefined/status/1979558913650700608;1,92779E+18;
1,97956E+18;Sat Oct 18 14:43:05 +0000 2025;0;Skrg BF di hotel jg ada indomie padahal tulisannya continental BF;1,97956E+18;;;in;;0;0;0;https://x.com/undefined/status/1979558862689857728;1,69251E+18;
1,97955E+18;Sat Oct 18 14:42:52 +0000 2025;0;@StrBRy_KsJK Adek aku hybe stan kk awalnya dia mau vote jhope doang trus aku bilangi jin dong baru divote kk;1,97956E+18;;StrBRy_KsJK;in;;0;0;0;https://x.com/undefined/status/1979558806477783491;2598970995;
1,97956E+18;Sat Oct 18 14:42:36 +0000 2025;1;#zonauang wtb jasa bakar gedung hybe ;1,97956E+18;;;in;;0;0;0;https://x.com/undefined/status/1979558737762500753;1,65913E+18;
1,97956E+18;Sat Oct 18 14:41:09 +0000 2025;0;in a bcc way ini bisa jadi new revenue stream buat indomie;1,97956E+18;;;in;;0;1;0;https://x.com/undefined/status/1979558372950278644;1,66356E+18;
1,97956E+18;Sat Oct 18 14:40:55 +0000 2025;0;makan indomie geprekk pake sunny side up;1,97956E+18;;;in;;0;0;0;https://x.com/undefined/status/1979558315438088477;1,37389E+18;
1,97956E+18;Sat Oct 18 14:40:35 +0000 2025;1;Seblak mie ayam indomie kentang mustopa sushi mateng;1,97956E+18;;;in;;0;0;0;https://x.com/undefined/status/1979558230914384375;1,12145E+18;
1,97956E+18;Sat Oct 18 14:39:57 +0000 2025;0;indomie geprek jirrrrrrr MAU BANGET pake sunny side up;1,97956E+18;;;in;;0;0;0;https://x.com/undefined/status/1979558070331310512;1,37389E+18;
1,97956E+18;Sat Oct 18 14:36:44 +0000 2025;2;1. Mie ayam 2. Sate Ayam Madura 3. Seblak buatan sendiri 4. Indomie Torikara/Torimiso 5. Soto ayam 6. Nasi rawon 7. Sup tahu putih + baput buatan sendiri 8. Ubi rebus 9. Tempe dan tahu bacem mbak nat 10. Es krim;1,97956E+18;;;in;;0;0;0;https://x.com/undefined/status/1979557261044551968;222718104;
1,97956E+18;Sat Oct 18 14:36:42 +0000 2025;0;chat gpt gua isinya review buku ini mending indomie apa hari ini cara beli tiket pesawat di bandara langsung tukang cuci mobil yang bisa dipanggil pas weekend dan pertantaan random soal spongebob dan doraemon. gak ada yang istimewa;1,97956E+18;;;in;;0;0;0;https://x.com/undefined/status/1979557255206097258;1,95006E+18;
1,97955E+18;Sat Oct 18 14:35:55 +0000 2025;0;@persebayaupdate Pelatih bosok isih ae di gawe kakean mangan indomie kabeh ;1,97956E+18;;persebayaupdate;in;;0;0;0;https://x.com/undefined/status/1979557055271969219;3071473939;
1,97955E+18;Sat Oct 18 14:33:55 +0000 2025;0;@cloversongha Aku suka Newjeans dari awal debut aku juga suka TWS. Behavior agensi ≠ behavior artis;1,97956E+18;;cloversongha;in;;0;1;0;https://x.com/undefined/status/1979556553616462300;1,94346E+18;
1,97941E+18;Sat Oct 18 14:32:47 +0000 2025;0;@TheLaveil waduh coba crush aku kaya kamu ya min aku lebih suka Indomie original sama Aceh beuh itu kombo enak. langsung gas aku kalau gitu wkwkkw;1,97956E+18;;TheLaveil;in;;0;1;0;https://x.com/undefined/status/1979556270341587048;1,77772E+18;
1,97956E+18;Sat Oct 18 14:31:10 +0000 2025;0;@DASyuhadax apalagi indomie ;1,97956E+18;;DASyuhadax;in;;0;0;0;https://x.com/undefined/status/1979555860948136331;1,72265E+18;
1,97956E+18;Sat Oct 18 14:30:11 +0000 2025;0;ni indomie sambel matah udh gada yg jual kah ;1,97956E+18;;;in;;0;1;0;https://x.com/undefined/status/1979555615417762057;1,84902E+18;
1,97956E+18;Sat Oct 18 14:29:53 +0000 2025;0;kangen makan indomie;1,97956E+18;;;in;;1;0;0;https://x.com/undefined/status/1979555537818939547;1,36183E+18;
1,97952E+18;Sat Oct 18 14:29:34 +0000 2025;0;@dustofmisu indomie mango rice initehh asem manis pedes gtu;1,97956E+18;;dustofmisu;in;;0;0;0;https://x.com/undefined/status/1979555458269823081;1,15505E+18;
1,97952E+18;Sat Oct 18 14:28:00 +0000 2025;0;@gincumirrah tapi supermi tuh porsinya kayak 75%nya indomie ga sih... jadi ga kenyang wkwk;1,97956E+18;;gincumirrah;in;;0;0;0;https://x.com/undefined/status/1979555064365842503;7,44705E+17;
1,97955E+18;Sat Oct 18 14:02:25 +0000 2025;0;SINGAPORE LAKSA SOTO INDOMIE;1,97955E+18;;;in;;0;0;0;https://x.com/undefined/status/1979548628248301579;1,51196E+18;
1,97955E+18;Sat Oct 18 14:00:43 +0000 2025;4;Maaf gue unfollow ga doyan sama fans berkedok hybe PS tapi di belakang bikin komun GS. Kocakkk luu anying sumpahhh;1,97955E+18;;;in;;0;0;0;https://x.com/undefined/status/1979548197518450835;1,92544E+18;
1,97952E+18;Sat Oct 18 13:59:13 +0000 2025;0;@gincumirrah Indomie soto koya pedas dower ;1,97955E+18;;gincumirrah;in;;0;1;0;https://x.com/undefined/status/1979547822954590590;7,44705E+17;
1,97955E+18;Sat Oct 18 13:53:51 +0000 2025;0;konyol indomie gue expired semua ️;1,97955E+18;;;in;;0;0;0;https://x.com/undefined/status/1979546472199942381;1,69764E+18;
1,97955E+18;Sat Oct 18 13:53:44 +0000 2025;1;hey pls restock ppulbatu v1 asap jebal @HYBE_MERCH;1,97955E+18;;;in;;0;0;0;https://x.com/undefined/status/1979546440931397770;1,70763E+18;
1,97955E+18;Sat Oct 18 13:53:37 +0000 2025;0;Mau ke warung beli indomie tp depan rmh gue rame bgt bocil masya allah malu;1,97955E+18;;;in;;0;0;0;https://x.com/undefined/status/1979546410862403603;1315540406;
1,97955E+18;Sat Oct 18 13:53:00 +0000 2025;0;indomie kari ayam indomie kocok bandung indomie soto indomie empal gentong indomie ayam bawang;1,97955E+18;;;in;;0;0;0;https://x.com/undefined/status/1979546257141248253;1,25025E+18;
1,97955E+18;Sat Oct 18 13:51:47 +0000 2025;0;pdhal gua ada niat rebus indomie tonight;1,97955E+18;;;in;;0;0;0;https://x.com/undefined/status/1979545951896514965;1,27895E+18;
1,97954E+18;Sat Oct 18 13:49:54 +0000 2025;0;@kataavana Cobain indomie laksa singapore kak;1,97955E+18;;kataavana;in;;0;1;0;https://x.com/undefined/status/1979545474920284378;1,25875E+18;
1,97954E+18;Sat Oct 18 13:47:49 +0000 2025;2;Sedaap soto koya Indomie kari spesial Sedaap kari Indomie soto banjar;1,97954E+18;;;in;;0;2;0;https://x.com/undefined/status/1979544952477802519;1,27321E+18;
1,97948E+18;Sat Oct 18 13:47:09 +0000 2025;1;@sakailovetaker girl? lu ngatain orang based on media buzzer hybe tanpa search lebih jauh? seriously? padahal kita wni korban media play pemerintah masa gini doang ga familiar https://t.co/dstP1yBQvO;1,97954E+18;https://pbs.twimg.com/media/G3jBfgWX0AASSML.jpg;sakailovetaker;in;;0;0;0;https://x.com/undefined/status/1979544786815328762;1,36771E+18;
1,97912E+18;Sat Oct 18 13:44:28 +0000 2025;1;@HeePrince__ Yaayy;1,97954E+18;;HeePrince__;tr;;0;0;0;https://x.com/undefined/status/1979544110915883197;1,57252E+18;
1,97954E+18;Sat Oct 18 13:44:01 +0000 2025;0;@mudahsinyal Indomie goreng ;1,97954E+18;;mudahsinyal;in;;0;0;0;https://x.com/undefined/status/1979543994716848322;432395511;
1,97954E+18;Sat Oct 18 13:42:53 +0000 2025;0;terakhir makan td pagi bru makan lg td indomie double ;1,97954E+18;;;in;;0;1;0;https://x.com/undefined/status/1979543711337095239;1,9049E+18;
1,97918E+18;Sat Oct 18 13:40:39 +0000 2025;0;@evilbleeds Gak ada yang meragukan indomie jumbo. Beneran.;1,97954E+18;;evilbleeds;in;;0;1;0;https://x.com/undefined/status/1979543149975683388;1,96739E+18;
1,9795E+18;Sat Oct 18 13:39:18 +0000 2025;0;@tenderleoo Aduh jujur lagu2 hype enak bgt anjir. Ku suka lagu2 Le Sserafim sama NewJeans(dulu). Karena ada beberapa yg mirip exo makanya ku mau stand. Nah g tau ini nanti kalau lagunya g enak bakal gmn;1,97954E+18;;tenderleoo;in;;0;1;0;https://x.com/undefined/status/1979542809318396353;1,95777E+18;
1,97954E+18;Sat Oct 18 13:37:20 +0000 2025;1;kpop sirketleri bir uni olsa hangisi olurdu sm-bilkent jyp-odtu hybe-boun cube-deu;1,97954E+18;;;in;;0;0;0;https://x.com/undefined/status/1979542315627610266;1,64942E+18;
1,97954E+18;Sat Oct 18 13:36:12 +0000 2025;0;lucu bgt tiap liat illit di perlakuin kek adek sm ank ank hybe;1,97954E+18;;;in;;0;0;0;https://x.com/undefined/status/1979542030448832865;1,31458E+18;
1,97954E+18;Sat Oct 18 13:36:04 +0000 2025;0;Indomie tori kara kalau suka pedes.;1,97954E+18;;;in;;0;0;0;https://x.com/undefined/status/1979541996672098520;1,76749E+18;
1,9795E+18;Sat Oct 18 13:35:24 +0000 2025;0;@by_xiia kalo yg grup dari hybe cuma casual listeners aja ih itu lagu lagu dari b2p ini kan beberapa ada yang sevibes sama lagunya exo kan???;1,97954E+18;;by_xiia;in;;0;1;0;https://x.com/undefined/status/1979541829315145839;2615193212;
1,97953E+18;Sat Oct 18 13:03:54 +0000 2025;0;indomie tori miso sama yg varian seblah sih cheff kiss muah ;1,97953E+18;;;in;;0;0;0;https://x.com/undefined/status/1979533898846798035;1,84477E+18;
1,97949E+18;Sat Oct 18 13:03:45 +0000 2025;1;@AriskaPutraS Iya seblak Indomie bang ;1,97953E+18;;AriskaPutraS;in;;0;1;0;https://x.com/undefined/status/1979533863404650615;1,62514E+18;
1,97947E+18;Sat Oct 18 12:59:54 +0000 2025;0;@bluepink_ss Wkwkwkwwk Iya mungkin ya aku muggle bgt soal grup hybe jd ga tau samsek ;1,97953E+18;;bluepink_ss;in;;0;0;0;https://x.com/undefined/status/1979532895577641126;1,44777E+18;
1,97953E+18;Sat Oct 18 12:57:22 +0000 2025;0;@koenhow akupun iri jujur ini hybe pelit bgt mana mahal lagi ;1,97953E+18;;koenhow;in;;0;1;0;https://x.com/undefined/status/1979532255401058390;1457860230;
1,97953E+18;Sat Oct 18 12:56:24 +0000 2025;0;#b tawarin pc hanni njz newjeans yang ini dongg. drop harga include all yaa https://t.co/0TiPaNgnVP;1,97953E+18;https://pbs.twimg.com/media/G3i137AWYAEIh1G.jpg;;in;;0;2;0;https://x.com/undefined/status/1979532012475335005;1,96944E+18;
1,97953E+18;Sat Oct 18 12:55:38 +0000 2025;0;indomie goreng yg biasanya enak pun ga ketelen haha sekali kali ini;1,97953E+18;;;in;;0;0;0;https://x.com/undefined/status/1979531820342686121;1,58407E+18;
1,97953E+18;Sat Oct 18 12:55:15 +0000 2025;1;Minji Pics #Minji #Newjeans https://t.co/pTochPlof6;1,97953E+18;https://pbs.twimg.com/media/G3i1m_5XgAA0A3d.jpg;;in;;0;0;0;https://x.com/undefined/status/1979531722372079765;1,9038E+18;
1,9795E+18;Sat Oct 18 12:53:57 +0000 2025;0;@oceaccn Gue adek bontot nya hybe;1,97953E+18;;oceaccn;in;;0;1;0;https://x.com/undefined/status/1979531397745586541;1,8486E+18;
1,97953E+18;Sat Oct 18 12:53:29 +0000 2025;2;Btw i cook another indomie today with different skin (instead of bawang merah tadi buat mami pakai bawang bombay &amp;;;;;;;;;;;
1,97953E+18;Sat Oct 18 12:53:04 +0000 2025;0;Indomie warkop tuh enak bgt ya;1,97953E+18;;;in;;0;0;0;https://x.com/undefined/status/1979531172180058293;2807553968;
1,97953E+18;Sat Oct 18 12:52:44 +0000 2025;0;Cortis GO dimention di Amazing Saturday mana bintang tamunya anak HYBE lagi wkwk #CORTIS https://t.co/KA90GtQ17o;1,97953E+18;https://pbs.twimg.com/amplify_video_thumb/1979505861199327232/img/gunts4FLwgGrBxPk.jpg;;in;;0;0;0;https://x.com/undefined/status/1979531089078288726;1,97062E+18;
1,97951E+18;Sat Oct 18 12:52:13 +0000 2025;4;@KentLavis Yuk indomie telur... Malming... ;1,97953E+18;;KentLavis;in;;0;1;0;https://x.com/undefined/status/1979530962171285562;172832530;
1,97953E+18;Sat Oct 18 12:50:54 +0000 2025;0;kangen newjeans ke-80573849374928583 kalinya;1,97953E+18;;;in;;0;0;0;https://x.com/undefined/status/1979530630699659663;1,84128E+18;
1,97953E+18;Sat Oct 18 12:49:52 +0000 2025;0;Kalo di rumah bikin indomie;1,97953E+18;;;in;;0;0;0;https://x.com/undefined/status/1979530368857592050;1,68518E+18;
1,97953E+18;Sat Oct 18 12:47:19 +0000 2025;0;lekker story terbaik masih dipegang kalideres disini cuma ada indomie n lekker ga ada nasi goreng kwetiaw dll;1,97953E+18;;;in;;0;0;0;https://x.com/undefined/status/1979529726667686185;1,82653E+18;
1,97953E+18;Sat Oct 18 12:46:07 +0000 2025;0;Indomie soto koya nagih soto koya pedas. Pliss 2 ini enak bangetttt;1,97953E+18;;;in;;0;1;0;https://x.com/undefined/status/1979529423180456336;35621143;
1,97953E+18;Sat Oct 18 12:44:45 +0000 2025;0;kgn newjeans;1,97953E+18;;;in;;0;1;0;https://x.com/undefined/status/1979529081801830783;1,69567E+18;
1,97953E+18;Sat Oct 18 12:40:23 +0000 2025;0;indomie polos+kerupuk+hujan+yepposo =ferpect P @Dw_day6_drummer kamu mao ga kalau mao ayo cepat pulang tu udh kusisain setengah https://t.co/epDt1hqlda;1,97953E+18;https://pbs.twimg.com/media/G3iyMVFW4AAYTn9.jpg;;in;;0;1;0;https://x.com/undefined/status/1979527983322014010;1,84797E+18;
1,97953E+18;Sat Oct 18 12:40:05 +0000 2025;11;Interaksinya illit sama boynextdoor gaada yg ga lucu wooy. Gemes bgt 2 grup ini Hybe caterers bareng ga plsss;1,97953E+18;;;in;;0;0;0;https://x.com/undefined/status/1979527908290167057;3294148368;
1,97953E+18;Sat Oct 18 12:39:40 +0000 2025;0;indomie sebulan satu kali my ass;1,97953E+18;;;in;;0;0;0;https://x.com/undefined/status/1979527799926132770;9,59644E+17;
1,97952E+18;Sat Oct 18 12:15:49 +0000 2025;0;Help RT Hi HYBE STAND Moon mau lelang semua barang yang ada di sini yaa. Ada PC/album/Merch/Keyring/Holder dll. Untuk album bakal dilelang dari 50k yaa terus PC dari 10k ajaa. Yang mau ikut lelang bisa join DM Mooni yaaa https://t.co/a24GFKhMyZ;1,97952E+18;;;in;;0;0;0;https://x.com/undefined/status/1979521798522929433;1,43305E+18;
1,97952E+18;Sat Oct 18 12:15:39 +0000 2025;0;Barusan makan naspad tadi siang makan indomie barusan banget lewat fyp Gigi Hadid catwalk rasa ingin mengeluarkan isi perutku sekarang juga;1,97952E+18;;;in;;0;0;0;https://x.com/undefined/status/1979521756454064530;1,90995E+18;
1,97952E+18;Sat Oct 18 12:15:09 +0000 2025;0;udah sikat gigi tapi pengen makan indomie hm;1,97952E+18;;;in;;0;0;0;https://x.com/undefined/status/1979521633468715036;294444049;
1,97952E+18;Sat Oct 18 12:14:34 +0000 2025;1;GAMAU TAU HYBE CATERERS S2 AYOK;1,97952E+18;;;in;;0;0;0;https://x.com/undefined/status/1979521484528988439;1,53649E+18;
1,97952E+18;Sat Oct 18 12:13:41 +0000 2025;0;Indomie goreng jumbo warek banget Indomie goreng biasa kurang. aneh https://t.co/4WbK5iE39f;1,97952E+18;https://pbs.twimg.com/media/G3isGIwWMAAztFU.jpg;;in;;0;1;0;https://x.com/undefined/status/1979521262293819690;1,42586E+18;
1,97952E+18;Sat Oct 18 12:13:21 +0000 2025;0;@HYBEOFFICIALtwt sumpa pasti seru bgt kalo hybe game caterers 2 wooyy ayolaahh;1,97952E+18;;HYBEOFFICIALtwt;in;;0;0;0;https://x.com/undefined/status/1979521180249039077;1,50542E+18;
1,97924E+18;Sat Oct 18 12:12:55 +0000 2025;0;@BerryHarua bikin meme bakar gedung hybe;1,97952E+18;;BerryHarua;in;;0;0;0;https://x.com/undefined/status/1979521068382695568;2757412648;
1,97941E+18;Sat Oct 18 12:12:43 +0000 2025;0;@seunghhwan kangen gak hwan-ie i'm doing super fine ini. &gt;;;;;;;;;;;
1,97952E+18;Sat Oct 18 12:11:55 +0000 2025;0;Indomie ayam spesial sumpah enak bgt AJSKAKSKA I LOVE INDOMIE AYAM SPECIAL;1,97952E+18;;;in;;0;0;0;https://x.com/undefined/status/1979520817181622489;1,2652E+18;
1,97952E+18;Sat Oct 18 12:11:07 +0000 2025;0;bayangin abis ini pas ketemu di gedung hybe apa ngga diledekin mulu itu wonhee;1,97952E+18;;;in;;0;0;0;https://x.com/undefined/status/1979520617125986549;1,50542E+18;
1,97951E+18;Sat Oct 18 12:10:11 +0000 2025;2;@GP_1508 Lho saya kan memang Intel pak Indomie telor;1,97952E+18;;GP_1508;in;;0;0;0;https://x.com/undefined/status/1979520383666823572;1062143238;
1,97952E+18;Sat Oct 18 12:06:06 +0000 2025;0;Demi apa akhirnya nemu indomie cabe ijo;1,97952E+18;;;in;;0;11;0;https://x.com/undefined/status/1979519356527862266;1,90958E+18;
1,97952E+18;Sat Oct 18 12:02:45 +0000 2025;4;HYBE lu liat interaksi gen 5 punya lu itu lucu nan menggemaskan pls gabungin mereka semua;1,97952E+18;;;in;;0;0;0;https://x.com/undefined/status/1979518509744070832;1,12026E+18;
1,97952E+18;Sat Oct 18 12:01:53 +0000 2025;0;mau rewatch starship sama hybe lagi yg di di na pd deh sebelum nonton yg jype;1,97952E+18;;;in;;0;0;0;https://x.com/undefined/status/1979518291891900576;1,1406E+18;
1,97946E+18;Sat Oct 18 12:01:39 +0000 2025;0;@forestrainytwo dah kaya indomie aja ada selera ;1,97952E+18;;mieayeam;in;;0;0;0;https://x.com/undefined/status/1979518233104564599;9,1516E+17;
1,97952E+18;Sat Oct 18 11:59:00 +0000 2025;0;perut gua udah begah bet begah. nyampe rumah nene gua nyuruh gua buat makan lagi karna masakannya ga ada yang makan NYOKAP GUE MAKAN INDOMIE ;1,97952E+18;;;in;;0;0;0;https://x.com/undefined/status/1979517567829176492;1,1584E+18;
1,97952E+18;Sat Oct 18 11:58:50 +0000 2025;0;tanggal segini ga pulang kerumah cuman makan indomie;1,97952E+18;;;in;;0;0;0;https://x.com/undefined/status/1979517525068300450;859209715;
1,97952E+18;Sat Oct 18 11:57:38 +0000 2025;0;Mas hall brp Minggu depan? Hall yg dket sama ketoprak Indomie dong @officialJKT48;1,97952E+18;;;in;;0;0;0;https://x.com/undefined/status/1979517225657925822;1,70578E+18;
1,97952E+18;Sat Oct 18 11:57:04 +0000 2025;0;Indomie kariii enak bangett;1,97952E+18;;;in;;0;0;0;https://x.com/undefined/status/1979517082871193904;1,90956E+18;
1,97919E+18;Sat Oct 18 11:54:30 +0000 2025;0;@mochihanamichi meskipun aku gak stan idol hybe tapi selalu lewat kalau mereka lagi ada huru hara ;1,97952E+18;;mochihanamichi;in;;0;0;0;https://x.com/undefined/status/1979516435094491460;1,96746E+18;
1,9795E+18;Sat Oct 18 11:50:49 +0000 2025;0;@penyukamerah indomie atu;1,97952E+18;;penyukamerah;in;;0;1;0;https://x.com/undefined/status/1979515507394170981;1,88541E+18;
1,97951E+18;Sat Oct 18 11:50:41 +0000 2025;0;@heerapoo jadi mau indomie kuah ):;1,97952E+18;;heerapoo;in;;0;1;0;https://x.com/undefined/status/1979515476184322120;1,49046E+18;
1,97949E+18;Sat Oct 18 11:50:27 +0000 2025;0;@tarobengski tapi jujur indomie kari setengah mateng kuah sedikit telor dua satu gausah diancurin dan satu lagi di aduk creamy;1,97952E+18;;tarobengski;in;;0;0;0;https://x.com/undefined/status/1979515418042912944;1,81617E+18;
1,97951E+18;Sat Oct 18 11:46:22 +0000 2025;0;Kalau pulkam pengen jajaannnn ramen meskipun ramen nya berasa makan indomie tapi toppingnya banyak;1,97951E+18;;;in;;0;0;0;https://x.com/undefined/status/1979514386701271334;1915396128;
1,97951E+18;Sat Oct 18 11:45:31 +0000 2025;0;@greendl1 Mau Itu spaghetti kah apa indomie?;1,97951E+18;;greendl1;in;;0;1;0;https://x.com/undefined/status/1979514174993735983;1,8136E+18;
1,9795E+18;Sat Oct 18 11:40:52 +0000 2025;0;@chxmxhc indomie aceh pake telor mantap;1,97951E+18;;chxmxhc;in;;0;1;0;https://x.com/undefined/status/1979513004808114437;1,11357E+18;
1,97951E+18;Sat Oct 18 11:39:28 +0000 2025;0;aku abis makan Indomie tadi I vote for SEVENTEEN #2025MAMAVOTE #SEVENTEEN https://t.co/zEh0oaSqcs;1,97951E+18;https://pbs.twimg.com/media/G3ikRDFWAAArz1e.jpg;;in;;0;0;0;https://x.com/undefined/status/1979512651719020780;1,61097E+18;
1,97951E+18;Sat Oct 18 11:36:52 +0000 2025;0;@dwoonffle kayanya di sini soalnya yg hybe juga up di sini https://t.co/NQF7zo0sRi;1,97951E+18;;dwoonffle;in;;0;1;0;https://x.com/undefined/status/1979511995859914856;1,94867E+18;
1,97939E+18;Sat Oct 18 11:36:06 +0000 2025;0;@Micchikyunkyun Hah baru tau aku sumpilll yatte sm juga terakhir taunya hybe ajshsjksks;1,97951E+18;;Micchikyunkyun;in;;0;1;0;https://x.com/undefined/status/1979511803794317749;1,58222E+18;
1,97951E+18;Sat Oct 18 11:35:41 +0000 2025;0;@wonyoungpjs Indomie om ya berarti;1,97951E+18;;wonyoungpjs;in;;0;1;0;https://x.com/undefined/status/1979511701155508312;1,80925E+18;
1,97951E+18;Sat Oct 18 11:33:01 +0000 2025;5;ryan tedder lu ngapain gw tanya??? tb2 bat? lu kan ada project sendiri sama hybe buat bikin bg global based di US??? ;1,97951E+18;;;in;;0;0;0;https://x.com/undefined/status/1979511030352154970;1,85282E+18;
1,97951E+18;Sat Oct 18 11:31:59 +0000 2025;0;Kak Hanni Kak Hearin Kak Minji kak Danielle Kak Hyein. Cepatlah comeback @NewJeans_ADOR;1,97951E+18;;;in;;0;0;0;https://x.com/undefined/status/1979510768006815946;1,65621E+18;
1,97951E+18;Sat Oct 18 11:31:28 +0000 2025;0;yokk bisa lah hybe carterers s2;1,97951E+18;;;in;;0;0;0;https://x.com/undefined/status/1979510639782695140;1,34579E+18;
1,97939E+18;Sat Oct 18 11:28:44 +0000 2025;0;@Micchikyunkyun Pas bgt mana coki dulu pernah di sm yate di hybe jp;1,97951E+18;;Micchikyunkyun;in;;0;1;0;https://x.com/undefined/status/1979509951648485685;1,58222E+18;
1,97947E+18;Sat Oct 18 11:23:26 +0000 2025;0;@shyeoniez hybe biges los yg sesungguhnya ya ini dari 300or500 lagu melodi secandu ini kagak lolos tuh mintanya yg standar kek mana woilah ;1,97951E+18;;shyeoniez;in;;0;0;0;https://x.com/undefined/status/1979508615527772630;1,9591E+18;
1,97951E+18;Sat Oct 18 11:22:29 +0000 2025;0;W mauuuu nge hybe tapii lagi riweh sama pengajiann pliz️;1,97951E+18;;;in;;0;0;0;https://x.com/undefined/status/1979508379874988519;1,95696E+18;
1,97951E+18;Sat Oct 18 11:22:20 +0000 2025;0;Rindu banget sama indomie soto medan..... knp sih ga ada di jogja https://t.co/j7jszomJWP;1,97951E+18;https://pbs.twimg.com/tweet_video_thumb/G3igVnjXoAAV4vn.jpg;;in;;0;0;0;https://x.com/undefined/status/1979508340939264268;1,56452E+18;
1,97951E+18;Sat Oct 18 11:22:20 +0000 2025;0;Gajadi indomie kuah https://t.co/TLmKY9FXZu;1,97951E+18;https://pbs.twimg.com/media/G3igViYXMAAOonX.jpg;;in;;0;0;0;https://x.com/undefined/status/1979508339282411594;1,70907E+18;
1,97951E+18;Sat Oct 18 11:17:13 +0000 2025;0;Indomie tanpa tante;1,97951E+18;;;in;;0;1;0;https://x.com/undefined/status/1979507051324932203;1,80925E+18;
1,97919E+18;Sat Oct 18 11:15:41 +0000 2025;0;@palembambu aku yg hybe stan mah udh plg relate (((agensi penyembah western)));1,97951E+18;;palembambu;in;;0;1;0;https://x.com/undefined/status/1979506664962412640;1,9671E+18;
1,9795E+18;Sat Oct 18 10:49:32 +0000 2025;0;Hujan + indomie;1,9795E+18;;;in;;0;0;0;https://x.com/undefined/status/1979500084472737809;143298199;
1,97941E+18;Sat Oct 18 10:47:31 +0000 2025;0;@starfess You'll be in my heart yang versi NIKI Ditto NewJeans Kita usahakan lagi batas senja;1,9795E+18;;starfess;in;;0;0;0;https://x.com/undefined/status/1979499577255604310;1,77065E+18;
1,9795E+18;Sat Oct 18 10:44:32 +0000 2025;0;Indomie ayam bawang kali maksudnya.;1,9795E+18;;;in;;0;1;0;https://x.com/undefined/status/1979498826647110088;2910748298;
1,97948E+18;Sat Oct 18 10:32:28 +0000 2025;0;@cartilagexp @KostSapik Tim Indomie kuah dijadiin goreng;1,9795E+18;;cartilagexp;in;;0;1;0;https://x.com/undefined/status/1979495789572599927;1,88134E+18;
1,97945E+18;Sat Oct 18 10:31:42 +0000 2025;0;@fyneshiet wkwkwkw nanti kita datangin hybe itu yak cari martin.;1,9795E+18;;fyneshiet;in;;0;0;0;https://x.com/undefined/status/1979495598530388183;1,92085E+18;
1,97949E+18;Sat Oct 18 10:28:07 +0000 2025;0;lagi lagi kita mengidolakan hybe bf x sm gf;1,97949E+18;;;in;;0;0;0;https://x.com/undefined/status/1979494697883390190;1,58133E+18;
1,97949E+18;Sat Oct 18 10:27:54 +0000 2025;0;@rioinfani Udah ada indomie rendang malah milih ganja;1,97949E+18;;rioinfani;in;;0;0;0;https://x.com/undefined/status/1979494641138643065;1,3293E+18;
1,97949E+18;Sat Oct 18 10:27:50 +0000 2025;0;@yjungwonm Bawain aku indomie goreng 1 dus ya abang! &gt;;;;;;;;;;;
1,97949E+18;Sat Oct 18 10:27:11 +0000 2025;0;Gasabar game caterers jyp hzzzzz sebel bgt sm sama yg ga outdoor kaya hybe starship jyp huft;1,97949E+18;;;in;;0;0;0;https://x.com/undefined/status/1979494461240651990;1,83704E+18;
1,97877E+18;Sat Oct 18 10:26:33 +0000 2025;0;@diqples ada nya rasa apa donggg :O pasti rasa indomie goyenggg;1,97949E+18;;diqples;in;;0;1;0;https://x.com/undefined/status/1979494302486315290;7,96034E+17;
1,97948E+18;Sat Oct 18 10:25:54 +0000 2025;1;@bermuara_sayang Aku juga lagi pengen makan indomie karena di sini lagi hujan. Moment yang pas untuk nge we dan mam indomie sama sayangku ini hehehe. Aku avail ons malam ini. Nanti jemput aja ke mama meong dibawah ini ya? : https://t.co/5XX6BufjLq : https;1,97949E+18;;swanrealm;in;;0;0;1;https://x.com/undefined/status/1979494137595584925;1,47245E+18;
1,97948E+18;Sat Oct 18 10:24:03 +0000 2025;0;@bermuara_sayang CW // NSFW Sayangku lagi turn on and in the mood ya? Yuk sama aku sayang? Actually I'm in the mood for doing that things.. pengen di enakin sama kontol kamu sampe pipis ku luber kemana-mana. Nanti after care nya kita cuddling sambil mam i;1,97949E+18;;bermuara_sayang;in;;0;1;0;https://x.com/undefined/status/1979493672040501461;1,47245E+18;
1,97949E+18;Sat Oct 18 10:20:43 +0000 2025;1;we bought indomie pak hae segera setelah ujian selesai;1,97949E+18;;suwpersonic;in;;0;0;0;https://x.com/undefined/status/1979492833095823401;1,95511E+18;
1,97935E+18;Sat Oct 18 10:18:19 +0000 2025;0;@taeggif og hybe tuh yg gimana sih?;1,97949E+18;;taeggif;in;;0;1;0;https://x.com/undefined/status/1979492228189069728;1,68693E+18;
1,97949E+18;Sat Oct 18 10:14:10 +0000 2025;0;markicob hacks Indomie ini https://t.co/tUTTgJ1pRL;1,97949E+18;https://pbs.twimg.com/media/G3iQpVkWYAAlRl4.jpg;;in;;1;4;0;https://x.com/undefined/status/1979491186907001128;1,8259E+18;
1,97949E+18;Sat Oct 18 10:14:05 +0000 2025;0;Ditinggal dikit reflek masak indomie;1,97949E+18;;;in;;0;1;0;https://x.com/undefined/status/1979491164672983533;1,60551E+18;
1,97948E+18;Sat Oct 18 10:13:55 +0000 2025;0;@saazymr IYAKAN... Ngiler Indomie;1,97949E+18;;saazymr;in;;0;1;0;https://x.com/undefined/status/1979491123145195675;1,91288E+18;
1,97949E+18;Sat Oct 18 10:13:45 +0000 2025;0;When i catch you MHJ. stop bikin mass hate speech ketika lo kalah akun akun haters itu baru ada dan di buat baru baru ini dan tiba tiba postingannya melonjak engagement nya Bisa ga sebelum bts comeback ini nenek satu di beresin dulu HYBE?! https://t.co/37ja0xT0cP;1,97949E+18;https://pbs.twimg.com/media/G3iQpjVWgAA9p28.jpg;;in;;0;1;0;https://x.com/undefined/status/1979491082510688752;1,43395E+18;
1,97949E+18;Sat Oct 18 10:12:27 +0000 2025;0;wii ga sabar masi berharap hybe join lg.. https://t.co/z6YfDDiLJT;1,97949E+18;https://pbs.twimg.com/amplify_video_thumb/1979161064571797504/img/zAN540OdA1-2yAM4.jpg;;in;;0;0;0;https://x.com/undefined/status/1979490754801422715;1,89858E+18;
1,97949E+18;Sat Oct 18 10:09:13 +0000 2025;0;indomie seblak+telur+cireng koin AAKDHWODJDI klo mienya dah hbs cirengnya ditaro di kuahnya beuh️‍️‍;1,97949E+18;;;in;;0;1;0;https://x.com/undefined/status/1979489940586275250;1,29246E+18;
1,97949E+18;Sat Oct 18 10:07:00 +0000 2025;2;@tvindonesiawkwk wkwkwk lagian ada indomie goreng malah milih ganja napa si orang aneh;1,97949E+18;;tvindonesiawkwk;in;;0;2;0;https://x.com/undefined/status/1979489381137404096;356840111;
1,97941E+18;Sat Oct 18 10:05:17 +0000 2025;0;@TheLaveil berarti aku rajin iblis dong? wkwkwk ihh mau dong mam Indomie ayo kita makan Indomie bareng. masa sih aku makannya lahap gitu? habisan gimana yaaa makan tub enak sekali min aku sih sering merasa cantik wkwkw;1,97949E+18;;TheLaveil;in;;0;1;0;https://x.com/undefined/status/1979488949593841926;1,77772E+18;
1,97949E+18;Sat Oct 18 10:03:34 +0000 2025;5;1. dikichi dan ujo 2. mekdi 3. nasi uduk 4. indomie goreng rendang+aceh 5. rendang(?) 6. ikan channa pake imbuhan kocak 7. bawa peliharaan rakun? gatau apaan ya di pundak 8. ntar kalo inget gua tambahin di bawah;1,97949E+18;;;in;;0;5;0;https://x.com/undefined/status/1979488517983277128;1481232786;
1,97949E+18;Sat Oct 18 10:03:27 +0000 2025;88;Siapapun yg butuh teman cerita bisa ketuk dm gw yaa mau bahas hal random pun gw jabanin apalagi kalo mau bahas kpop drakor anime drachin drafilo atau materi sekolah ataupun kuliah ingat gess masih ada seporsi indomie pake telur yg enak banget;1,97949E+18;;;in;;0;14;4;https://x.com/undefined/status/1979488487738065246;1,83302E+18;
1,97949E+18;Sat Oct 18 09:59:33 +0000 2025;26;Sbnrnya org2 yg blg kek gt adalah fans Trainee A yg g rela ex Trainee A masuk SM. Coba kalau Justin masuk Agensi lain mereka bakal oke2 aja. Cuman ya krn dasarnya fans SM dan fans Hybe nih ga bisa nyatu jadi ada aja yg diperdebatkan.;1,97949E+18;;;in;;1;1;4;https://x.com/undefined/status/1979487507290239188;1,57664E+18;
1,97949E+18;Sat Oct 18 09:58:31 +0000 2025;0;hmm mending nnti mlm keluar kmn gt me time atau nntn netflix aj trs bkin indomie ;1,97949E+18;;;in;;0;1;0;https://x.com/undefined/status/1979487247369150582;1,40493E+18;
1,97948E+18;Sat Oct 18 09:58:17 +0000 2025;1;@cartilagexp @KostSapik indomie harga mati;1,97949E+18;;cartilagexp;in;;0;1;0;https://x.com/undefined/status/1979487189814923518;1,43528E+18;
1,97949E+18;Sat Oct 18 09:54:27 +0000 2025;0;Mau indomie bgt tp kudu nunggu seminggu lg arghhhh;1,97949E+18;;;in;;0;0;0;https://x.com/undefined/status/1979486225942839370;1,22137E+18;
1,97947E+18;Sat Oct 18 09:54:17 +0000 2025;0;@munvess Kalau warung Indomie jam 4 pagi apakah rame?;1,97949E+18;;munvess;in;;0;0;0;https://x.com/undefined/status/1979486183647535592;4685903527;
1,97948E+18;Sat Oct 18 09:54:06 +0000 2025;0;@indomie_gorengx @juli_bukanjuni Kak mau;1,97949E+18;;indomie_gorengx;in;;0;0;0;https://x.com/undefined/status/1979486134750331290;1653041161;
1,97942E+18;Sat Oct 18 09:52:30 +0000 2025;0;@zahrandisha iyaa bub pengennya outdoor kek hybe sama jyp (maaf ngelunjak);1,97949E+18;;sexypoodeul;in;;0;1;0;https://x.com/undefined/status/1979485734852829316;1,53481E+18;
1,97948E+18;Sat Oct 18 09:52:25 +0000 2025;4;@herismaddiew real kenapa yaa chinese se horor itu dan kek dimana dikorea kmren aja jm nj keluar masuk hybe akun yg ngeleak pertama chinese;1,97949E+18;;herismaddiew;in;;0;1;0;https://x.com/undefined/status/1979485711608004672;1,43297E+18;
1,97948E+18;Sat Oct 18 09:51:44 +0000 2025;1;@cartilagexp @KostSapik indomie goreng garis keras ;1,97949E+18;;cartilagexp;in;;0;1;0;https://x.com/undefined/status/1979485539234664624;1,95693E+18;
1,97947E+18;Sat Oct 18 09:51:31 +0000 2025;0;@Micchikyunkyun Iyaa tubatu berlima wkwk konsep mereka kyk grup hybe kali yak wkwk;1,97949E+18;;Micchikyunkyun;in;;0;1;0;https://x.com/undefined/status/1979485485681758469;1,34134E+18;
1,97948E+18;Sat Oct 18 09:51:09 +0000 2025;0;@txtdaribogor Makan indomie di rumah... hujan weh ;1,97949E+18;;txtdaribogor;in;;0;0;0;https://x.com/undefined/status/1979485395235852432;1,21252E+18;
1,97949E+18;Sat Oct 18 09:50:26 +0000 2025;0;Makanan sehat setelah mendaki di kalsoy: indomie goreng + nasi + potato ciki micin + brokoli kaleng + sarden. Minumnya jus nanas kemasan. Sehat sekali pesta karbo dan UPF ini https://t.co/oEwX9ejOEK;1,97949E+18;https://pbs.twimg.com/media/G3iLR91WkAAd0Ll.jpg;;in;;0;0;0;https://x.com/undefined/status/1979485211810488618;1,55532E+18;
1,97685E+18;Sat Oct 18 09:50:12 +0000 2025;0;@kjuhoonx Asikkk! Owon mau nginep di gedung hybe boleh kak??;1,97949E+18;;kjuhoonx;in;;0;1;0;https://x.com/undefined/status/1979485155782987951;1,91544E+18;
1,97949E+18;Sat Oct 18 09:49:37 +0000 2025;0;Indomie goreng seleraku~;1,97949E+18;;;in;;0;0;0;https://x.com/undefined/status/1979485008785289571;1545622070;
1,97948E+18;Sat Oct 18 09:49:23 +0000 2025;1;@cartilagexp @KostSapik Indomie goren;1,97948E+18;;cartilagexp;in;;0;0;0;https://x.com/undefined/status/1979484947061809313;1,86281E+18;
1,97948E+18;Sat Oct 18 09:48:22 +0000 2025;0;@maxkamura Indomie kari ayam aja deh kalau gitu kak. ;1,97948E+18;;maxkamura;in;;1;0;0;https://x.com/undefined/status/1979484692421439898;1,92122E+18;
1,97945E+18;Sat Oct 18 08:51:55 +0000 2025;1;@gerwynmommy14 @sweet_vocado @zeuschildzz @zzifaayya @kyuraa_space @MdmElly94 @cunna_bp Mumpung belum naikin hastag!! ANYIIINGGGGG! (MAAF TERLALU EXCITED) DALAM KELAMBU FULL TAYANG MALAM INI KAHHH YA SALAM SAYA RASA INI HARI ISTIMEWA MASAK INDOMIE PAKE TE;1,97947E+18;;gerwynmommy14;in;;0;2;0;https://x.com/undefined/status/1979470485609206167;9,5777E+17;
1,97947E+18;Sat Oct 18 08:50:00 +0000 2025;1;@renebxebxe Source kepercayaan hybe stan : Dispatch Lee Jin Ho TenAsia. Dahlah wkwk;1,97947E+18;;renebxebxe;in;;0;0;0;https://x.com/undefined/status/1979470006061789668;1,43127E+18;
1,97947E+18;Sat Oct 18 08:48:55 +0000 2025;0;3 Idol KPop HYBE Labels Ini Mantan Model Cilik Ada Juhoon CORTIS https://t.co/ywJEyKoAIS;1,97947E+18;;;in;;0;0;0;https://x.com/undefined/status/1979469730374185358;1303115408;
1,97919E+18;Sat Oct 18 08:48:01 +0000 2025;1;@PurplesCol25761 @Snper22 @juantokki Heran sama si H ini klo memang dia punya rekamannya jg dan yg di kasih ke pengadilan ma Ador berbeda dari apa yg dia bilang kenapa ga langsung di kasih aja Buktinya. Malah buang2 waktu gini yg tercoreng jg pd akhirnya ;1,97947E+18;;PurplesCol25761;in;;0;0;0;https://x.com/undefined/status/1979469505291260408;1,26927E+18;
1,97947E+18;Sat Oct 18 08:46:10 +0000 2025;0;Aduh liat cateters na PD x JYP seru bgt sampe 40 org. Walau perwakilan ga cuma 1. Hybe juga begitu starship juga. Malah yang brandingnya family ga bisa nyatuin acara WKWKWK;1,97947E+18;;;in;;0;0;0;https://x.com/undefined/status/1979469041715892650;1,80701E+18;
1,97947E+18;Sat Oct 18 08:43:52 +0000 2025;9;HYBE Stans siapa yang datang ke acara K-NATION: HYBE Series 2025 besok? Yuk mampir ke booth Selfie Time di South Quarter Dome dan abadikan keseruan bareng bestie pakai frame event eksklusif bertema HYBE cuma ada di event ini~ #selfietimeid #KNation2025 #infojakarta https://t.co/CkkU9xpYby;1,97947E+18;https://pbs.twimg.com/media/G3h7IxZXUAALnww.jpg;;in;;0;1;3;https://x.com/undefined/status/1979468460876091572;1,50765E+18;
1,97944E+18;Sat Oct 18 08:42:57 +0000 2025;0;@KnightOfBoreass Indomie atau mie sedap;1,97947E+18;;KnightOfBoreass;in;;0;1;0;https://x.com/undefined/status/1979468230751350826;1,63745E+18;
1,9784E+18;Sat Oct 18 08:40:02 +0000 2025;0;@apolokacang top tier indomie ternampol yaa varian matah tp udah gaada di bumi huhuu;1,97947E+18;;apolokacang;in;;0;0;0;https://x.com/undefined/status/1979467494231544200;1,55539E+18;
1,97947E+18;Sat Oct 18 08:38:28 +0000 2025;0;kocak bgt masa gue makan indomie lagi ;1,97947E+18;;;in;;1;0;0;https://x.com/undefined/status/1979467102793928819;3205248495;
1,97947E+18;Sat Oct 18 08:37:49 +0000 2025;0;Subhanallah bisa smpe day 27 ️ Besok reset lagi Bdw ini Indomie coto makassar kenapa enak sekali cintaku love love ️ please jgn hilang dari pasaran https://t.co/jF92f1npgd;1,97947E+18;https://pbs.twimg.com/media/G3h6pCfXgAApHNZ.jpg;;in;;0;0;0;https://x.com/undefined/status/1979466938146525600;1,7117E+18;
1,97947E+18;Sat Oct 18 08:31:24 +0000 2025;1;makan indomie pedes dua bungkus;1,97947E+18;;;in;;0;0;0;https://x.com/undefined/status/1979465323813441676;1,10211E+18;
1,97939E+18;Sat Oct 18 08:29:57 +0000 2025;0;@letchugobin idol hybe gak rilet VIP min UMR semua;1,97946E+18;;letchugobin;in;;0;1;0;https://x.com/undefined/status/1979464958124650893;1,53266E+18;
1,97922E+18;Sat Oct 18 08:25:07 +0000 2025;15;@serenaparkmin @aeriicel @piyululu @alwaysinmyjoy @unreleasedzen Spill nama korbannya dong bahkan karyawan dan staff OG ADOR aja masih follow MHJ dan staff OG ADOR pada ngikutin NJ semua. Karyawan 'A' yang mana dimaksud?? Karyawannya HYBEruk kah?? ;1,97946E+18;;serenaparkmin;in;;0;0;0;https://x.com/undefined/status/1979463741365518684;1,90292E+18;
1,97946E+18;Sat Oct 18 08:22:47 +0000 2025;4;Soup ya indomie inatoa hangs???;1,97946E+18;;;in;;0;0;0;https://x.com/undefined/status/1979463155265745024;9,87649E+17;
1,97939E+18;Sat Oct 18 08:16:54 +0000 2025;2;@MaudySukaiga Mbaa mau nambah billing sama indomie satuuu;1,97946E+18;;MaudySukaiga;in;;0;1;0;https://x.com/undefined/status/1979461674664104407;1,88776E+18;
1,97946E+18;Sat Oct 18 08:16:43 +0000 2025;0;@BaseBDG geus paling bener nonton avatar diimah bari tuang indomie;1,97946E+18;;BaseBDG;in;;0;0;0;https://x.com/undefined/status/1979461627977273766;1,70281E+18;
1,97916E+18;Sat Oct 18 08:16:40 +0000 2025;0;@aizh___ @tanyarlfes Bikin indomie;1,97946E+18;;aizh___;in;;0;0;0;https://x.com/undefined/status/1979461616468136380;1,61465E+18;
1,97936E+18;Sat Oct 18 08:16:33 +0000 2025;0;@nounsarang tag hybe itu pls udh cape aku minta bikin s2;1,97946E+18;;nounsarang;in;;0;1;0;https://x.com/undefined/status/1979461586491445439;9,97284E+17;
1,97936E+18;Sat Oct 18 08:16:25 +0000 2025;0;@snflwrskz Yg ramean cuma hybe doang sii kak kita mending 44 yg diangkut sm+yg cuma 11 dehh;1,97946E+18;;snflwrskz;in;;0;0;0;https://x.com/undefined/status/1979461553343877374;1,29721E+18;
1,97946E+18;Sat Oct 18 08:13:36 +0000 2025;1;indomie dulu gaksi? tengs maknae @ddalkiuyyu wkwkwkwkwk https://t.co/7DwlNvByXv;1,97946E+18;https://pbs.twimg.com/media/G3h1FcnXYAAyDpR.jpg;;in;;0;1;0;https://x.com/undefined/status/1979460843487305925;1,85164E+18;
1,97946E+18;Sat Oct 18 08:12:39 +0000 2025;0;@kandidatdewa Steh kumaha urang rek nyeplok engke jeung Indomie ;1,97946E+18;;kandidatdewa;in;;0;0;0;https://x.com/undefined/status/1979460605426962609;1,93348E+18;
1,97944E+18;Sat Oct 18 08:11:12 +0000 2025;0;@agonynio @puritiesh @roblox_fess Lah bawa-bawa hybe out of the topic menunjukkan iq oon;1,97946E+18;;agonynio;in;;0;1;0;https://x.com/undefined/status/1979460239507484963;9,67421E+17;
1,97946E+18;Sat Oct 18 08:09:41 +0000 2025;0;@fairyciouss wakeone tuh emang t_______t yang hybe emang harus bgt ada s2 yang SM kalo misal ada S2 jangan yang kek kemarin please kurang banyak pesertanya wkwkk;1,97946E+18;;fairyciouss;in;;0;1;0;https://x.com/undefined/status/1979459859046371465;1,89218E+18;
1,97946E+18;Sat Oct 18 08:07:38 +0000 2025;0;@ownkly hybe sm tinggal S2 kalau mau kl wakeone- *sebagian teks hilang;1,97946E+18;;ownkly;in;;0;1;0;https://x.com/undefined/status/1979459342966616535;1,63311E+18;
1,97878E+18;Sat Oct 18 08:06:13 +0000 2025;0;@starfess Dua grup kesayangan akuu (Kiri ada Danielle dari Newjeans/NJZ dan yang kanan Donghyeon dari KICKFLIP) https://t.co/W8NY2vZDnP;1,97946E+18;https://pbs.twimg.com/media/G3hzdLbWoAAjF9Z.jpg;starfess;in;;0;0;1;https://x.com/undefined/status/1979458984873767016;1,70838E+18;
1,97946E+18;Sat Oct 18 08:04:07 +0000 2025;0;indomie goreng ditambahin lard sedikit ;1,97946E+18;;;in;;0;0;0;https://x.com/undefined/status/1979458459159662815;1,04898E+18;
1,97943E+18;Sat Oct 18 08:04:07 +0000 2025;0;@tinkerfelll Sekarang mie instan mendingan beli yang modelan kayak sarimi isi 2. Harga kayak indomie satuan tapi isi dobel. ;1,97946E+18;;tinkerfelll;in;;0;1;0;https://x.com/undefined/status/1979458458593431960;107948580;
1,97945E+18;Sat Oct 18 08:03:34 +0000 2025;1;@tianmarriedziyu setau gue malah ni portal haters hybe semua artis hybe dapet berita merah padahal hal sepele dia biased;1,97946E+18;;tianmarriedziyu;in;;0;1;0;https://x.com/undefined/status/1979458319204184534;1,80345E+18;
1,97946E+18;Sat Oct 18 08:01:41 +0000 2025;1;Na pd kapan mau buat hybe game caterer S2 starship aja udh masa hybe engga;1,97946E+18;;;in;;0;0;0;https://x.com/undefined/status/1979457845927252329;1,43492E+18;
1,9794E+18;Sat Oct 18 08:01:39 +0000 2025;0;@diii_sayang iya hybe sm starship yg lalu cm 30an soalnya;1,97946E+18;;diii_sayang;in;;0;1;0;https://x.com/undefined/status/1979457835525378103;1,54501E+18;
1,97946E+18;Sat Oct 18 08:01:29 +0000 2025;0;IHH SERU BGTTT STARSHIP DPT SEASON 2 IRI hybe juga dong ;1,97946E+18;;;in;;0;0;0;https://x.com/undefined/status/1979457795981550032;1,31153E+18;
1,97946E+18;Sat Oct 18 08:01:12 +0000 2025;0;HYBE sama JYP udh ngadain game caterers sama pd nim SM sama YG kapan?;1,97946E+18;;;in;;0;0;0;https://x.com/undefined/status/1979457722241421380;1,7686E+18;
1,97946E+18;Sat Oct 18 07:55:16 +0000 2025;0;mau lg dong hybe;1,97946E+18;;;in;;0;0;0;https://x.com/undefined/status/1979456231438979459;1,55129E+18;
1,97945E+18;Sat Oct 18 07:53:51 +0000 2025;0;@ngopi_latte Waktunya Cheating Day makan Indomie Kuah. ;1,97946E+18;;ngopi_latte;in;;0;0;0;https://x.com/undefined/status/1979455872897290718;1,40284E+18;
1,97946E+18;Sat Oct 18 07:52:46 +0000 2025;0;game cateres starship udah jyp juga udah yg hybe sm sama maybe wakeone gamau nih??;1,97946E+18;;;in;;0;3;0;https://x.com/undefined/status/1979455601848783122;1,89218E+18;
1,97944E+18;Sat Oct 18 07:51:12 +0000 2025;2;@MaasiWanga @254Allyi @Obi_kenya001 @sam_makokha Mimi nimekula indomie asubuhi ntawezana kweli?;1,97946E+18;;MaasiWanga;in;;1;0;1;https://x.com/undefined/status/1979455205973385456;595547406;
1,97945E+18;Sat Oct 18 07:48:16 +0000 2025;0;Indomie hack aloy enak jg cocok di lidah gue wkwkw;1,97945E+18;;;in;;0;0;0;https://x.com/undefined/status/1979454468954759604;1,60575E+18;
1,97945E+18;Sat Oct 18 07:46:36 +0000 2025;0;iya.. lu liat aja grup yg gw stan hybe smua cukk gatau knp susah bgt buat stan grup selain hybe..;1,97945E+18;;;in;;0;0;0;https://x.com/undefined/status/1979454051336237147;1,67038E+18;
1,97945E+18;Sat Oct 18 07:45:35 +0000 2025;0;Na PD apa gamau Adain game caterers khusus leader-leader grup dari Berbagai agensi? kayak SM hybe Jyp YG? Sok ngide lu ay.;1,97945E+18;;;in;;0;0;0;https://x.com/undefined/status/1979453792950325298;1,35463E+18;
1,97945E+18;Sat Oct 18 07:41:22 +0000 2025;0;Ayoo ayoo dikit lagi 6 ribu bisa beli indomie 2 LINGORM ONLY YOU FINAL EP #เพียงเธอตอนจบ;1,97945E+18;;;in;;0;0;0;https://x.com/undefined/status/1979452733666332846;1,42963E+18;
1,97943E+18;Sat Oct 18 06:54:40 +0000 2025;0;@eleanorr234 Kalau malam suruh makan nasi habis itu nyemil Indomie telur...;1,97944E+18;;eleanorr234;in;;0;0;0;https://x.com/undefined/status/1979440979498406215;1,67116E+18;
1,97943E+18;Sat Oct 18 06:45:53 +0000 2025;2;@diethingy Habis gym makan indomie rebus + 2 butir telur + 5 biji bakso ditengah terik panasnya bumi ini.;1,97944E+18;;diethingy;in;;0;0;0;https://x.com/undefined/status/1979438769246998674;910031282;
1,97944E+18;Sat Oct 18 06:43:12 +0000 2025;0;Hujan2 gini enaknya indomie kuah pake cabe gk si;1,97944E+18;;;in;;0;2;0;https://x.com/undefined/status/1979438093423067478;1,70907E+18;
1,97944E+18;Sat Oct 18 06:41:39 +0000 2025;0;Parah banget sih kalau Hisenk gak ngelirik ak nanti. Minimal abis konser diajak Indomie meokgo galle sama mereka bertujuh.;1,97944E+18;;rainberrybie;in;;0;1;0;https://x.com/undefined/status/1979437703193362458;9,7058E+17;
1,97944E+18;Sat Oct 18 06:39:52 +0000 2025;0;Hybe bayar listriknya berapa ya? ;1,97944E+18;;;in;;0;0;0;https://x.com/undefined/status/1979437256478986538;9,48424E+17;
1,97944E+18;Sat Oct 18 06:36:19 +0000 2025;0;Indomie soto emang enak kalo kondisi flu gini;1,97944E+18;;;in;;0;0;0;https://x.com/undefined/status/1979436362098151662;1,74272E+18;
1,97944E+18;Sat Oct 18 06:33:00 +0000 2025;0;under hybe label 4th gen boygroup aktif bareng txt enhypen mereka akrab banget dan perubahan besar di 4th gen txt so close akrab banget juga dengan boygroup lain dinluar hybe. min hae jin emang bener2 uler.;1,97944E+18;;;in;;0;0;0;https://x.com/undefined/status/1979435525368160400;87742092;
1,97944E+18;Sat Oct 18 06:32:00 +0000 2025;0;BIGHIT PLIS ADAIN LAGII kalo bisa hybe deh;1,97944E+18;;;in;;0;0;0;https://x.com/undefined/status/1979435276947853710;1,27966E+18;
1,97943E+18;Sat Oct 18 06:28:52 +0000 2025;0;jujurly gue udh 9 thn jdi kpopers. gue udh coba semua lagu bg gg lain tpi ttp telinga gue nyantol nya di lagu² idol hybe. lagunya tuh kyk selera gue banget gue gk dengerin satu dua lagu doang literally gue dengerin seluruh album dri smua bg gg hybe bjirr dan emg enak smw;1,97943E+18;;;in;;0;0;0;https://x.com/undefined/status/1979434485696598195;1,18301E+18;
1,97942E+18;Sat Oct 18 06:24:32 +0000 2025;0;@Aerio_Id @ndut_indah Bapak masih makan indomie kah?;1,97943E+18;;Aerio_Id;in;;0;1;0;https://x.com/undefined/status/1979433398642130999;965434615;
1,97943E+18;Sat Oct 18 06:23:26 +0000 2025;0;Dah lama ga makan indomie seminggu apa ya;1,97943E+18;;;in;;0;0;0;https://x.com/undefined/status/1979433118953279633;1,08652E+18;
1,97943E+18;Sat Oct 18 06:20:31 +0000 2025;0;@koilyaaapart2 andaikan semudah goreng indomie;1,97943E+18;;koilyaaapart2;in;;0;0;0;https://x.com/undefined/status/1979432387345027494;1,93897E+18;
1,97943E+18;Sat Oct 18 06:20:18 +0000 2025;2;rupanya aku punya doa dimakbulkan. dia macam random sangat txt sebab lineup concert tu takde kaitan pun and hybe tak pernah pandang malaysia ;1,97943E+18;;;in;;0;0;0;https://x.com/undefined/status/1979432331233628275;1,70264E+18;
1,97943E+18;Sat Oct 18 06:20:00 +0000 2025;0;woh. beneran ada part 2nya. manifesting hybe juga ada. ;1,97943E+18;;;in;;0;0;0;https://x.com/undefined/status/1979432257510355015;1,66316E+18;
1,97943E+18;Sat Oct 18 06:16:38 +0000 2025;0;Lama banget rasanya gak makan indomie;1,97943E+18;;;in;;0;0;0;https://x.com/undefined/status/1979431410260939243;1,08484E+18;
1,97918E+18;Sat Oct 18 06:16:29 +0000 2025;0;@fogantler HEY. share loc kak rimba kita adu panco. aku abis makan indomie jumbo. ;1,97943E+18;;fogantler;in;;0;1;0;https://x.com/undefined/status/1979431370339561952;548980322;
1,97939E+18;Sat Oct 18 06:13:34 +0000 2025;0;@Jaeyhune Tau ajaa beli indomie sekardus lumayan juga buat di dorm ya abangg.;1,97943E+18;;Jaeyhune;in;;0;0;0;https://x.com/undefined/status/1979430637951197418;2823419124;
1,97943E+18;Sat Oct 18 06:11:52 +0000 2025;81;Terima kasih teman-teman di Makassar Malang Surabaya dan kota-kota lain seluruh Indonesia sudah ikut merayakan bahagia bareng film Rangga &amp;;;;;;;;;;;
1,97939E+18;Sat Oct 18 06:11:03 +0000 2025;0;@amywoaime Hybe cuma 36 orang ternyata kak..;1,97943E+18;;amywoaime;in;;0;0;0;https://x.com/undefined/status/1979430005282345465;1,84393E+18;
1,97943E+18;Sat Oct 18 06:10:03 +0000 2025;1;Mantan Karyawan ADOR Klaim Alami Asusila di Tempat Kerja Libatkan Min Hee Jin Pengadilan Angkat Bicara! #ADOR #MinHeeJin https://t.co/Cr8tTAa61y;1,97943E+18;;;in;;0;0;0;https://x.com/undefined/status/1979429751057191316;972179486;
1,97929E+18;Sat Oct 18 06:08:06 +0000 2025;1;@lijeuwoo @rbradaisy buset ini dpt info darimana hybe dulu illegally audit ador grgr 'staff yg kena bully' kalo beneran ga ngikutin mending gausah sok tau sis casenya udah secomplicated ini jgn nambah2in misinfo;1,97943E+18;;lijeuwoo;in;;0;0;0;https://x.com/undefined/status/1979429263075061969;1,80193E+18;
1,97915E+18;Sat Oct 18 06:07:38 +0000 2025;0;@octnverse Bener wkwkwk kalau udah dingin dia jadi kayak indomie kotak bentuknya;1,97943E+18;;octnverse;in;;0;0;0;https://x.com/undefined/status/1979429141851312441;631199230;
1,97941E+18;Sat Oct 18 06:04:53 +0000 2025;0;@dreamtimetales_ Hajatan Seinget aku dari awal udh banyak yg bilang kalo kayanya gk semua member ikut tapi akun yg lewat di aku tadi bilangnya kl waktu di hybe ada grup yg full &amp;;;;;;;;;;;
1,97942E+18;Sat Oct 18 06:01:07 +0000 2025;0;@frappepucino tapi bukan di outdoor kaya hybe sm jyp;1,97943E+18;;frappepucino;in;;0;1;0;https://x.com/undefined/status/1979427504244036046;1,53481E+18;
1,97939E+18;Sat Oct 18 05:59:56 +0000 2025;0;@myrum06 Dari preview sih ada tulisan peserta terbanyak ya. Aku ga nonton yg hybe sih. Cuma kalau dari yg lewat-lewat di aku. Ga semua grup ikut. Kalau JYPe kan yg ga ikut dari China sama USA.;1,97943E+18;;myrum06;in;;0;1;0;https://x.com/undefined/status/1979427203730559275;1,74188E+18;
1,97923E+18;Sat Oct 18 05:59:55 +0000 2025;0;@adilaamw Ayok penatapan makan jagung rebus+indomie hihi;1,97943E+18;;adilaamw;in;;0;1;0;https://x.com/undefined/status/1979427201469812990;854114779;
1,97943E+18;Sat Oct 18 05:58:01 +0000 2025;1;Akhirnya ada lagi yg ruame kek Hybe waktu itu. Lucu sih anak band suruh joget² + nyatu sm idol² gini wkwk;1,97943E+18;;;in;;0;1;0;https://x.com/undefined/status/1979426724099297315;2315673121;
1,97939E+18;Sat Oct 18 05:56:19 +0000 2025;0;@sunmoonphile Setelah ku liat lagi yg hybe totalnya cuma 36 orang jyp 40 orang ;1,97943E+18;;sunmoonphile;in;;0;1;0;https://x.com/undefined/status/1979426294300577900;1,84393E+18;
1,97942E+18;Sat Oct 18 05:53:49 +0000 2025;1;@deadlysoux Apakah bisa diajak makan indomie?;1,97943E+18;;deadlysoux;in;;0;2;0;https://x.com/undefined/status/1979425664756502771;1,83803E+18;
1,97934E+18;Sat Oct 18 05:53:34 +0000 2025;0;@godmitzu @ho0rlatte keknya seruu tp lu mh yg hybe aja belom beres;1,97943E+18;;godmitzu;in;;0;1;0;https://x.com/undefined/status/1979425605063184410;1,52673E+18;
1,97943E+18;Sat Oct 18 05:53:21 +0000 2025;0;Ss udh terlalu sering di ulang trss yg juga udh mungkin sekarang nonyon ulang hybe kali yaaa sambil nunggu yg jyp https://t.co/YlTEFLso5d;1,97943E+18;https://pbs.twimg.com/media/G3hVC_cXYAACIbN.jpg;;in;;1;0;0;https://x.com/undefined/status/1979425549824201204;9,16676E+17;
1,97943E+18;Sat Oct 18 05:52:47 +0000 2025;2;#ilyr_sells wts lfb kpop gg photocards ph - 400 set can also tingi for 40 ea - can trade to any sparks IVE pc - 2 weeks dop no nrdp - x sensi t. newjeans nmixx stayc ive kep1er minji jiwoo seeun gaeul bahiyyih mashiro lenti pc wonyoung hanni haerin haewon sullyoon xiaoting https://t.co/x43odbOVUp;1,97943E+18;https://pbs.twimg.com/media/G3hU6n5WkAAVOPD.jpg;;in;;0;0;15;https://x.com/undefined/status/1979425405078835659;1,72306E+18;
1,97887E+18;Sat Oct 18 05:51:24 +0000 2025;1;@madebyaims IYAAAA aku gak tau ngejelasinnya gimana tapi focus ini juga ada rasa newjeansnya kayak sedikit ngobatin kgn ku ke newjeans ;1,97943E+18;;madebyaims;in;;1;0;0;https://x.com/undefined/status/1979425057022841186;8,26688E+17;
1,97942E+18;Sat Oct 18 05:48:19 +0000 2025;0;Waktunya makan indomie seleraku;1,97942E+18;;;in;;0;0;0;https://x.com/undefined/status/1979424283165171777;1,07523E+18;
1,97942E+18;Sat Oct 18 05:48:13 +0000 2025;0;Ku pikir tws dari jyp ternyata hybe bjir vibenya sangat jyp;1,97942E+18;;;in;;0;0;0;https://x.com/undefined/status/1979424259224277328;1,01983E+18;
1,97939E+18;Sat Oct 18 05:47:46 +0000 2025;0;@amywoaime Lah yg hybe itu lebih banyak lagi ga sih?? Iya.. harusnya kalo max 4 yg membernya 5 kirim 3 aja biar ada temennya yg ga ikut.. kasian ihh ga ikut sendiri nanti kalo pada ngobrolin di kemudian hari ngang ngong doang ;1,97942E+18;;amywoaime;in;;0;1;0;https://x.com/undefined/status/1979424145655103777;1,84393E+18;
1,97942E+18;Sat Oct 18 05:44:51 +0000 2025;0;@cubitdoun ini jyp game caterrer (mmf gktw tulisannya) gksih mirip hybe pokoknya dari napd juga;1,97942E+18;;cubitdoun;in;;0;0;0;https://x.com/undefined/status/1979423409483452751;1,95113E+18;
1,97942E+18;Sat Oct 18 05:44:04 +0000 2025;4;Tiap hari gw Gonta ganti sih Antara TXT dan cortis aja Femalenya please dipake juga buat artis hybe #jin #jhope #txt #cortis #lessrafim #illit #twice #2025MAMAVOTE #2025MAMAAWARDS https://t.co/cMSKnqPYOA;1,97942E+18;https://pbs.twimg.com/media/G3hS63bWMAAIBuE.jpg;;in;;0;0;3;https://x.com/undefined/status/1979423210941878611;172172286;
1,97916E+18;Sat Oct 18 05:35:45 +0000 2025;0;@lemuru_ Kak pilih anak hybe aja sayang klo gak dipake Jin-jhope-txt/cortis Gonta ganti LESSRAFIM-iLlit-bebas;1,97942E+18;;lemuru_;in;;0;0;0;https://x.com/undefined/status/1979421118948872240;172172286;
1,97942E+18;Sat Oct 18 05:32:49 +0000 2025;1;baru mau nanya di sebelah mana hall pik lahilah taunya di hybe;1,97942E+18;;;in;;0;1;0;https://x.com/undefined/status/1979420381795750227;1,29243E+18;
1,97941E+18;Sat Oct 18 05:30:57 +0000 2025;0;@blissliness ini acaranya na pd yang dulu hybe pernah mainnn https://t.co/EqW06i0f81;1,97942E+18;;blissliness;in;;0;0;0;https://x.com/undefined/status/1979419911123538406;1,32455E+18;
1,97878E+18;Sat Oct 18 05:29:31 +0000 2025;0;@sbyfess suka BGT sama indomie sambal matah tp skrg udh ngga produksi. skrg ganti mie sed*p spicy laksa singapore. tp nomer 1 ttp indomie sambal matah sii pliss produksi lagi huhu;1,97942E+18;;sbyfess;in;;0;0;0;https://x.com/undefined/status/1979419549431926934;1,08246E+18;
1,97934E+18;Sat Oct 18 05:26:12 +0000 2025;0;@fourever_youngk Kalo hybe udah ketebakk yaa dari awal wkwkwk;1,97942E+18;;fourever_youngk;in;;0;1;0;https://x.com/undefined/status/1979418717395259470;147778651;
1,97941E+18;Sat Oct 18 05:26:11 +0000 2025;0;@starfess gasabar bgttt terakhir nonton anak hybe seru;1,97942E+18;;starfess;in;;0;0;0;https://x.com/undefined/status/1979418711158329789;1,09128E+18;
1,97941E+18;Sat Oct 18 05:26:09 +0000 2025;0;@Kazrinaw Enaknya indomie rasa apa ya;1,97942E+18;;rinak;in;;0;0;0;https://x.com/undefined/status/1979418705873588234;1,92101E+18;
1,97942E+18;Sat Oct 18 05:25:54 +0000 2025;5;siang ini hepi karena beneran bisa makan indomie kuah https://t.co/yf1QhhOkUS;1,97942E+18;https://pbs.twimg.com/tweet_video_thumb/G3hOwbDXAAA8s8G.jpg;;in;;0;0;0;https://x.com/undefined/status/1979418641293807880;1,91592E+18;
1,97942E+18;Sat Oct 18 05:25:00 +0000 2025;0;yaAllah mau mam indomie rebus + telor + cengek + sawi2an ;1,97942E+18;;;in;;0;0;0;https://x.com/undefined/status/1979418416227455131;1,51263E+18;
1,97942E+18;Sat Oct 18 05:24:52 +0000 2025;0;Starship fams udah️ Hybe fams juga udah ️ Jyp fams soon SM fams? HALUUU ;1,97942E+18;;;in;;0;0;0;https://x.com/undefined/status/1979418381150490716;1,39396E+18;
1,97942E+18;Sat Oct 18 05:24:36 +0000 2025;0;hi! aku lagi di line friends nih siapatau ada yang mau titip ️ jastip handcarry jasa titip zerobaseone zb1 treasure truz new jeans newjeans bunini nctdream dreamscape minini ive https://t.co/j7qik6KOiZ;1,97942E+18;https://pbs.twimg.com/media/G3hOcLhXoAAzlU_.jpg;;in;;1;0;0;https://x.com/undefined/status/1979418314452668871;1,84092E+18;
1,97942E+18;Sat Oct 18 05:23:42 +0000 2025;0;Gacor top 6 anak hybe smua https://t.co/pmKn3ajJle;1,97942E+18;https://pbs.twimg.com/media/G3hOQlYWIAAIiky.jpg;;in;;0;0;0;https://x.com/undefined/status/1979418085624054252;1,95089E+18;
1,97908E+18;Sat Oct 18 05:21:34 +0000 2025;0;@BerryMarstin Gw laporin petinggi Hybe ya;1,97942E+18;;BerryMarstin;in;;0;0;0;https://x.com/undefined/status/1979417549625528759;2249928475;
1,97936E+18;Sat Oct 18 05:20:08 +0000 2025;0;@rarararanat @jeon_wf @tanyarlfes NDAK EKSPEK SAMA REP NYA WKWKWKWK;1,97942E+18;;rarararanat;in;;0;0;0;https://x.com/undefined/status/1979417190316323155;1,03222E+18;
1,97942E+18;Sat Oct 18 05:16:07 +0000 2025;0;NA PD HYBE KAPAN HYBEEEEE;1,97942E+18;;;in;;0;0;0;https://x.com/undefined/status/1979416178067149065;1,59838E+18;
1,97942E+18;Sat Oct 18 05:15:51 +0000 2025;0;akhirnya beli juga ni pepero newjeans ️ https://t.co/TJ6PgDmUYT;1,97942E+18;https://pbs.twimg.com/media/G3hMdszXsAAUwjb.jpg;;in;;0;0;0;https://x.com/undefined/status/1979416112338210832;1,24777E+18;
1,97942E+18;Sat Oct 18 05:15:19 +0000 2025;2;Aku pengen makan mie kek yammie gitu Tapi semalam udh makan indomie soto telur cabe 4 walaupun sampai sekrng belum lapar terus kalo misal aku makan yammie masak mengawali makan di hari ini dengan makan mie lagi ;1,97942E+18;;;in;;0;1;0;https://x.com/undefined/status/1979415976505675950;2840272358;
1,97936E+18;Sat Oct 18 05:14:54 +0000 2025;0;@tanyarlfes Dah kaya bikin indomie 5 menit ;1,97942E+18;;tanyarlfes;in;;0;0;0;https://x.com/undefined/status/1979415873934020802;1,51543E+18;
1,97937E+18;Sat Oct 18 05:13:04 +0000 2025;0;@RumatraSura @RantauOded @RantauAnarki Ini mah indomie yang jadi toppingnya.;1,97942E+18;;RumatraSura;in;;0;1;0;https://x.com/undefined/status/1979415410262052925;4817842174;
1,97942E+18;Sat Oct 18 05:12:12 +0000 2025;2;Jungkook coba km uji nyali di grdung hybe @BTS_twt;1,97942E+18;;;in;;0;0;0;https://x.com/undefined/status/1979415194955846078;132903556;
1,97942E+18;Sat Oct 18 05:11:49 +0000 2025;0;Hybe nih gedungnya berhantu kah ;1,97942E+18;;;in;;0;4;0;https://x.com/undefined/status/1979415095114625475;132903556;
1,97941E+18;Sat Oct 18 05:10:51 +0000 2025;0;Dalawa pala ang nakanguso ;1,97941E+18;;;tl;;0;1;0;https://x.com/undefined/status/1979414853950570789;1,30009E+18;
1,97941E+18;Sat Oct 18 05:07:32 +0000 2025;0;Yawla bingung mau makan Indomie Rebus pake nasi atau Nasi Padang pake ayam bakar ama perkedel;1,97941E+18;;;in;;0;0;0;https://x.com/undefined/status/1979414018369687783;8,09219E+17;
1,97941E+18;Sat Oct 18 05:05:19 +0000 2025;0;waaaa finally jyp semua agensi seruuu tapi yg paling seru hybe &amp;;;;;;;;;;;
1,97941E+18;Sat Oct 18 05:04:04 +0000 2025;0;abis ini hybe cateters lg please maaf ngelunjak dikit;1,97941E+18;;;in;;0;2;0;https://x.com/undefined/status/1979413145971232780;8,74738E+17;
1,97941E+18;Sat Oct 18 05:03:38 +0000 2025;0;Gue aminin jimin jadi pemilik hybe tapi gue ketawain ini dulu https://t.co/Dm2HD2x3LI;1,97941E+18;https://pbs.twimg.com/tweet_video_thumb/G3hJqraWAAAWNgB.jpg;;in;;0;0;0;https://x.com/undefined/status/1979413038878068808;1,63692E+18;
1,97941E+18;Sat Oct 18 05:02:41 +0000 2025;0;Ada seblak baso indomie kocok bandung pake boncabe lv 60 + Es teh poci. Nikmat nya masyaallah;1,97941E+18;;;in;;0;0;0;https://x.com/undefined/status/1979412799521759355;1,11177E+18;
1,97935E+18;Sat Oct 18 05:00:24 +0000 2025;0;@diamondnurz Sedih ah sikit sebab 2 episod je rasanya starship and hybe lebih dari 2 episod ;1,97941E+18;;diamondnurz;in;;0;1;0;https://x.com/undefined/status/1979412223002067424;8,35509E+17;
1,97909E+18;Sat Oct 18 05:00:09 +0000 2025;1;@ongtheway @97jeon_goldenjk gak dijawab kak soalnya mereka emang benci sama mhj dan penjilat hybe ;1,97941E+18;;ongtheway;in;;0;0;0;https://x.com/undefined/status/1979412160079106420;2339958619;
1,97908E+18;Sat Oct 18 04:56:54 +0000 2025;0;@keuforhoon Lagian sejak awal ngapain sih ada kerjasama antara hybe sama cj jadinya kalo cere gini nih imbasnya ke anak2;1,97941E+18;;keuforhoon;in;;0;1;0;https://x.com/undefined/status/1979411343569752171;1,35046E+18;
1,97941E+18;Sat Oct 18 04:55:38 +0000 2025;0;bbrp hari lalu nonton fs nya victoria secret GILA ADRIANA LIMA DOUTZEN KROES SAMA BARBAR PALVIN CAKEPL BGTTT aku hari itu mau masak indomie lgsg gajadi abis nonton mereka;1,97941E+18;;;in;;0;0;0;https://x.com/undefined/status/1979411022651039845;1,15001E+18;
1,97941E+18;Sat Oct 18 04:54:57 +0000 2025;0;kaya yg hybe?;1,97941E+18;;t_leeknowzaurus;in;;0;0;0;https://x.com/undefined/status/1979410853683507646;1,54898E+18;
1,97941E+18;Sat Oct 18 04:52:34 +0000 2025;0;Mau bilang minimal kayak hybe atau starship yang season 1 tapi ini perwakilan 4 orang/grup aja rame bener buset;1,97941E+18;;;in;;0;0;0;https://x.com/undefined/status/1979410251205218441;1,34535E+18;
1,97901E+18;Sat Oct 18 04:45:10 +0000 2025;0;@cubaersi @ajsbhshdenjaka @KoreanUpdates hhh tiati kak kena serang nnt di bilang penyepong hybe️;1,97941E+18;;cubaersi;in;;0;1;0;https://x.com/undefined/status/1979408390251254117;8,04619E+17;
1,97941E+18;Sat Oct 18 04:42:46 +0000 2025;0;seorang daehoon aja diselingkuhin apalagi gua yg cuma remahan indomie anjay menertawakan diri sendiri;1,97941E+18;;;in;;0;0;0;https://x.com/undefined/status/1979407786921595256;1,97213E+18;
1,97941E+18;Sat Oct 18 04:41:49 +0000 2025;1;nah bagus ini ramean kayak starship sama hybe untung gak kayak samyang wkwk;1,97941E+18;;;in;;0;0;0;https://x.com/undefined/status/1979407545933664621;1,89623E+18;
1,97914E+18;Sat Oct 18 04:40:34 +0000 2025;0;@abu_waras Gak ada internet (Indomie telur kornet)...ya ganti menu lain gado2 ketoprak atau bakso......;1,97941E+18;;abu_waras;in;;0;0;0;https://x.com/undefined/status/1979407231578968077;195333272;
1,97941E+18;Sat Oct 18 04:35:58 +0000 2025;0;mintanya game cateres x hybe season 2 tapi dikasih game cateters x jyp. OH MY GOD I LOVE BOTH. MAKASIH BANG NA PD;1,97941E+18;;;in;;0;1;0;https://x.com/undefined/status/1979406075679117417;1,39792E+18;
1,97941E+18;Sat Oct 18 04:35:44 +0000 2025;0;jyp starship abis itu tolong jadwalin buat hybe lagi ya na pd jeballyooo;1,97941E+18;;;in;;0;0;0;https://x.com/undefined/status/1979406014849126774;1,56128E+18;
1,97936E+18;Sat Oct 18 04:34:12 +0000 2025;0;@jeon_wf @tanyarlfes PECAH BGT KETAWA AKU @HYBE_corporate;1,97941E+18;;jeon_wf;in;;0;1;0;https://x.com/undefined/status/1979405629925265764;1,01488E+18;
1,97941E+18;Sat Oct 18 04:33:04 +0000 2025;0;jauhkan sean dari gym hybe takut banget makin gede my #2025MAMAVOTE #CORTIS;1,97941E+18;;;in;;0;0;1;https://x.com/undefined/status/1979405344947474824;1,85115E+18;
1,97939E+18;Sat Oct 18 04:31:51 +0000 2025;0;@keonhourtis obses bgt ama anak hybe;1,97941E+18;;keonhourtis;in;;0;0;0;https://x.com/undefined/status/1979405037328830671;1,9591E+18;
1,97916E+18;Sat Oct 18 04:29:48 +0000 2025;0;@shashadangaram ngupi dan indomie rebus;1,9794E+18;;shashadangaram;in;;0;0;0;https://x.com/undefined/status/1979404521886618109;1,79556E+18;
1,97937E+18;Sat Oct 18 04:28:51 +0000 2025;0;@RantauSoke @RantauAnarki Hari ini kita sarapan indomie ya. Mau coba kaya anak kost beneran.;1,9794E+18;;RantauSoke;in;;0;1;0;https://x.com/undefined/status/1979404282693849174;1,97511E+18;
1,9794E+18;Sat Oct 18 04:23:43 +0000 2025;1;@bengkeldodo Bawa indomie Dr rumah aja;1,9794E+18;;bengkeldodo;in;;0;1;0;https://x.com/undefined/status/1979402992651767828;1,53092E+18;
1,97904E+18;Sat Oct 18 04:22:09 +0000 2025;0;@bluefloweryy_ karena mereka dijadiin satu kaaan mana grup under hybe tuh comebacknya sering kaya setahun tuh 2x pasti comeback belom lagi comeback jp dan rillis lagu solo dsb pokoknya mereka udah terindikasi spam gegara keseringan posting. liat aja heade;1,9794E+18;;bluefloweryy_;in;;0;1;0;https://x.com/undefined/status/1979402599834275902;1,90155E+18;
1,9794E+18;Sat Oct 18 04:21:52 +0000 2025;0;KAPAN HYBE CATERERRS LAGI;1,9794E+18;;;in;;0;0;0;https://x.com/undefined/status/1979402527683809374;1,45723E+18;
1,9794E+18;Sat Oct 18 04:19:29 +0000 2025;0;@kyubilieve aku baru tau klo ada indomie kriuk;1,9794E+18;;kyubilieve;in;;0;1;0;https://x.com/undefined/status/1979401924983263512;1,41384E+18;
1,97922E+18;Sat Oct 18 04:19:28 +0000 2025;16;@piyululu @alwaysinmyjoy @serenaparkmin @unreleasedzen tunjukin dong fakta kalau mhj pembully siapa yang kalah di pengadilan btw? nj? final verdict aja belum keluar kocak keliatan banget asbunnya hasil brainwash media hybe;1,9794E+18;;piyululu;in;;0;2;0;https://x.com/undefined/status/1979401922781286450;1,36771E+18;
1,9794E+18;Sat Oct 18 04:15:56 +0000 2025;0;ini sama kah kyk yg indomie pedas yg packaging nya warna pink itu?;1,9794E+18;;;in;;0;2;0;https://x.com/undefined/status/1979401034444513637;1,41384E+18;
1,9794E+18;Sat Oct 18 04:08:56 +0000 2025;0;emang so far jyp deh paling rame smp 40 orang. kmrn hybe sm starship cm 30an;1,9794E+18;;;in;;0;3;0;https://x.com/undefined/status/1979399271859523726;1,54501E+18;
1,97934E+18;Sat Oct 18 04:08:40 +0000 2025;1;@starfess ini acara apa? kek yg hybe game caterers itu kahh;1,9794E+18;;starfess;in;;0;1;0;https://x.com/undefined/status/1979399202942914854;1,8508E+18;
1,9794E+18;Sat Oct 18 04:08:11 +0000 2025;0;ak biasa rewatch starship sm hybe yg bareng na PD skrg bisa nton rombongan jewaipi akhirnyaa;1,9794E+18;;;in;;0;1;0;https://x.com/undefined/status/1979399082042102096;1,18265E+18;
1,9794E+18;Sat Oct 18 04:08:09 +0000 2025;0;KENAPA GA FULL MEMBER KAYA HYBE CATERERS SANGAT AMAT DISAYANGKAN TIDAK MELIHAT 2MIN DISINI;1,9794E+18;;;in;;0;1;0;https://x.com/undefined/status/1979399075310301344;1,71155E+18;
1,9794E+18;Sat Oct 18 04:06:59 +0000 2025;0;Rekor banget ini gw 2 bulan lebih ga makan indomie hahahahaha;1,9794E+18;;;in;;0;0;0;https://x.com/undefined/status/1979398781025292483;392716734;
1,9794E+18;Sat Oct 18 04:05:00 +0000 2025;4;Tinggal sangu udud karo kopi sangu duit buat indomie aja Mayan 3 jam https://t.co/I6d06gyd9d;1,9794E+18;https://pbs.twimg.com/media/G3g8P1DWkAATVG2.jpg;;in;;0;3;0;https://x.com/undefined/status/1979398282171552040;576755999;
1,97904E+18;Sat Oct 18 04:04:33 +0000 2025;0;@bluefloweryy_ ini tu udah rame dikalangan fans under si kuning bebbb coba search aja hybe shadowban di twitter;1,9794E+18;;bluefloweryy_;in;;0;1;0;https://x.com/undefined/status/1979398169030201816;1,90155E+18;
1,9794E+18;Sat Oct 18 04:04:29 +0000 2025;0;Hybe asuuu.. Tai kucing...;1,9794E+18;;;in;;0;0;0;https://x.com/undefined/status/1979398151636422773;1,40751E+18;
1,97915E+18;Sat Oct 18 04:03:43 +0000 2025;0;@_chaconne20 @040623Am @cortis_bighit Jadi perdana ngestan artis HYBE gegara si Cortis Cortis ini ihh Bel biasanya aku ngga pernah tertarik ;1,9794E+18;;_chaconne20;in;;0;0;0;https://x.com/undefined/status/1979397957712777250;1919231300;
1,9786E+18;Sat Oct 18 04:02:40 +0000 2025;0;@BreezRyd di depan gedung hybe :);1,9794E+18;;BreezRyd;in;;0;0;0;https://x.com/undefined/status/1979397695111668166;1,15291E+18;
1,97919E+18;Sat Oct 18 04:00:48 +0000 2025;1;@tan9erine_tan @FFOODFESS Emang mirip Indomie satu sedikit dua kebanyakan. Untungnya enak ;1,9794E+18;;tan9erine_tan;in;;0;0;0;https://x.com/undefined/status/1979397224603005182;1,1656E+18;
1,97936E+18;Sat Oct 18 03:59:50 +0000 2025;0;@youandu123 @Kinaaa2001 ya datengin aja semua member kayak hybe jadi lebih seru kan? entah apa pertimbangannya jyp/na pd pake maks 4 member;1,9794E+18;;youandu123;in;;0;1;0;https://x.com/undefined/status/1979396981845037435;1,76282E+18;
1,97916E+18;Sat Oct 18 03:58:06 +0000 2025;1;@nunnassaa U liat aja si adek udh sekeker itu semua salah gym hybe;1,9794E+18;;nunnassaa;in;;0;1;0;https://x.com/undefined/status/1979396545012469846;1,6065E+18;
1,9794E+18;Sat Oct 18 03:55:40 +0000 2025;0;no one tell me that INDOMIE BANGLADESH ENAK BGT BANGSUL;1,9794E+18;;;in;;0;1;0;https://x.com/undefined/status/1979395931826196953;1,89356E+18;
1,9794E+18;Sat Oct 18 03:54:42 +0000 2025;0;Rumornya X hybe season 2 Yg release X JYP ;1,9794E+18;;;in;;0;0;0;https://x.com/undefined/status/1979395689747775999;1,37754E+18;
1,97901E+18;Sat Oct 18 03:52:55 +0000 2025;23;@ajsbhshdenjaka @KoreanUpdates okelah kalo fans nj belain idolnya tapi ngapain ikut-ikutan belain mhj kocak bgt dah mana antis hybe juga ikut-ikutan lol;1,9794E+18;;ajsbhshdenjaka;in;;0;1;0;https://x.com/undefined/status/1979395240646840432;1,90899E+18;
1,97939E+18;Sat Oct 18 03:51:17 +0000 2025;0;indomie enak yaaa;1,97939E+18;;;in;;0;0;0;https://x.com/undefined/status/1979394830225776733;1,95349E+18;
1,97916E+18;Sat Oct 18 03:49:47 +0000 2025;0;@joonfrog indomie sedang ketar ketir di pojokkan;1,97939E+18;;joonfrog;in;;0;0;0;https://x.com/undefined/status/1979394452184797490;1,21132E+18;
1,97919E+18;Sat Oct 18 03:48:03 +0000 2025;1;@Snper22 Apakah mungkin jika mhj yang merencanakan dan meminta karyawannya untuk merundung anaknya sendiri (newjeans) tanpa sepengetahuan NJ?? Dia saja bisa melakukannya pada pekerja lain. Tidak sabar menunggu akhirnya..;1,97939E+18;;Snper22;in;;0;0;0;https://x.com/undefined/status/1979394016828625142;1,48335E+18;
1,97926E+18;Sat Oct 18 03:46:23 +0000 2025;0;@kikukuky hybe bnr bnr monster anjir;1,97939E+18;;kikukuky;in;;0;0;0;https://x.com/undefined/status/1979393595607257290;1,30179E+18;
1,97934E+18;Sat Oct 18 03:46:21 +0000 2025;3;@godmitzu jype hybe starship RAMAI ROMBONGAN STUDYTOUR yg sm ulang lagi plissss. berikan tempat untuk shinee suju soshi bertengkaaaaaarrrrggghhhh;1,97939E+18;;godmitzu;in;;0;0;0;https://x.com/undefined/status/1979393589018005895;217685834;
1,97939E+18;Sat Oct 18 03:44:39 +0000 2025;0;@Honeybuttachips Bjirrr beneran nargetin anak2 hybe ;1,97939E+18;;Honeybuttachips;in;;0;0;0;https://x.com/undefined/status/1979393162125975795;1,89717E+18;
1,97939E+18;Sat Oct 18 03:43:43 +0000 2025;1;Hio hutaka foundation ya kuon na fulu with apilo of far. Shauri ya wenye watawekelea foundation ya crisps na indomie. https://t.co/4CtCWdlxXu;1,97939E+18;https://pbs.twimg.com/tweet_video_thumb/G3g3XxjXsAAxfcQ.jpg;;in;;0;0;0;https://x.com/undefined/status/1979392927584395605;7,96313E+17;
1,97939E+18;Sat Oct 18 03:42:59 +0000 2025;0;@cutekeonho @Honeybuttachips Orang gila banget tuh orang banyak artis hybe yg kena ternyata;1,97939E+18;;cutekeonho;in;;0;0;0;https://x.com/undefined/status/1979392740837499248;1,69296E+18;
1,97939E+18;Sat Oct 18 03:39:48 +0000 2025;0;Ihh seru kayanyaa ga sabarrr kenapa sm kemarin ga dibuat kaya hybe jyp gini ya;1,97939E+18;;;in;;0;0;0;https://x.com/undefined/status/1979391941961036111;1,89258E+18;
1,97939E+18;Sat Oct 18 03:37:46 +0000 2025;0;@parasitch Kalo dari teasernya sih iya sampe malem doang kaya hybe. Oalahhh gituuuuuu;1,97939E+18;;parasitch;in;;0;1;0;https://x.com/undefined/status/1979391427944812698;1,54501E+18;
1,97939E+18;Sat Oct 18 03:37:28 +0000 2025;11;Kayaknya jk kudu bawa pendeteksi hantunya ke hybe;1,97939E+18;;;in;;0;1;0;https://x.com/undefined/status/1979391351960801481;1,13215E+18;
1,97939E+18;Sat Oct 18 03:37:19 +0000 2025;0;knp skrg w makan indomie jumbo 1 aja kenyang bgt anjrot rasanya kek abis ayce;1,97939E+18;;;in;;0;0;0;https://x.com/undefined/status/1979391313767469304;585586647;
1,97939E+18;Sat Oct 18 03:36:23 +0000 2025;0;Belom malem tapi dah kepikiran mau makan malem apa huft ... Indomie kuah laksa+cireng isi I'm comingggg;1,97939E+18;;;in;;0;0;0;https://x.com/undefined/status/1979391082011197812;1,71322E+18;
1,97939E+18;Sat Oct 18 03:36:17 +0000 2025;0;@Honeybuttachips ANJIR GILA YAA nantangin hybe ini namanya ;1,97939E+18;;Honeybuttachips;in;;0;1;0;https://x.com/undefined/status/1979391053909365140;1,95447E+18;
1,97939E+18;Sat Oct 18 03:35:22 +0000 2025;0;dah byk dah ni artist hybe bagi hint malaysia adoi berdebaq;1,97939E+18;;;in;;0;0;0;https://x.com/undefined/status/1979390822992015861;1,45594E+18;
1,97939E+18;Sat Oct 18 03:34:47 +0000 2025;0;@yukiakari_high iyakan dan kalau bisa full member anak gen5 hybe seru² kok;1,97939E+18;;yukiakari_high;in;;0;0;0;https://x.com/undefined/status/1979390677575438419;1,6672E+18;
1,97936E+18;Sat Oct 18 03:33:29 +0000 2025;0;@maewishie @SMTOWNGLOBAL Kalo bisa semuanya diajakin tapi terus beneran fullteam kayak hybe/starship. Itu jyp twicenya ga semua soalnya wkwkw;1,97939E+18;;maewishie;in;;0;1;0;https://x.com/undefined/status/1979390351120175399;765758941;
1,97685E+18;Sat Oct 18 03:33:29 +0000 2025;0;@kjuhoonx Di gedung hybe dong kak. Sekalian tour keliling hybe. Owon mau liat;1,97939E+18;;kjuhoonx;in;;0;1;0;https://x.com/undefined/status/1979390349811552319;1,91544E+18;
1,97939E+18;Sat Oct 18 03:30:30 +0000 2025;0;ihh seru bangett mana ada sih ceo nya juga lagii. plisss mau hybe game caterers pt2 gpp deh yang ikutan anak gen 5 nya doangg yang penting adaaa;1,97939E+18;;;in;;0;1;0;https://x.com/undefined/status/1979389600855658517;1,6672E+18;
1,97939E+18;Sat Oct 18 03:29:37 +0000 2025;0;alasan aku ga lanjut ngestan mereka tuh karena salah satu temenku dia tuh kaya songong banget ngerasa si paling hybe gitu lah. dia ngerasa dia yang lebih oke ngefans txt daripada aku. pokonya ngerasa si paling paling gitu lah.;1,97939E+18;;kunidaazai;in;;0;1;0;https://x.com/undefined/status/1979389378603684316;534943869;
1,97939E+18;Sat Oct 18 03:24:05 +0000 2025;0;atp pengen BANGET ada lagi hybe caterers 2... kek bjir Lee Hyun BTS (bismillah) TXT Cortis (bighit 18) SVT TWS MINHYUN (pledis 16) Enha ILLIT (belift 12) BND (KOZ 6) ssera (soumu 1) &amp;;;;;;;;;;;
1,97939E+18;Sat Oct 18 03:21:51 +0000 2025;0;indomie goreng paling enak;1,97939E+18;;;in;;0;0;0;https://x.com/undefined/status/1979387421725986851;1,97228E+18;
1,9791E+18;Sat Oct 18 03:21:31 +0000 2025;0;@ahnkeonhocorts @d14ry_me @Kpop_Diiva aku juga kurang ngikutin tapi sering lewat jd sedikit tau aja kl untuk menang ak kurang tau gimana tp kalo kalah mereka ttp di hybe karena emang kontrak mereka kan blm selesai (7tahun kontrak) kl mereka ngelanggar den;1,97939E+18;;ahnkeonhocorts;in;;0;0;0;https://x.com/undefined/status/1979387338544550037;1,2602E+18;
1,97922E+18;Sat Oct 18 03:20:53 +0000 2025;3;@alwaysinmyjoy @serenaparkmin @unreleasedzen fakta yang dibuat sendiri? newjeans will die anyway;1,97939E+18;;alwaysinmyjoy;in;;0;0;0;https://x.com/undefined/status/1979387181505614284;1,27564E+18;
1,97939E+18;Sat Oct 18 03:18:32 +0000 2025;0;GAADA YG TAU SEBERAPA SENENG GUE AKHIRNYA JYPNATION IKUT GAME CATERERSNYA NA PD sumpah demi allah jiwa raga jypstan gue tahun 2018-2020 bergeter RILL. kayak gue nungguin ini lama banget COL hybe udh sm udh ss udh AKHIRNYA JYP!!!!!!!;1,97939E+18;;;in;;0;0;0;https://x.com/undefined/status/1979386587093045353;9,72675E+17;
1,97939E+18;Sat Oct 18 03:16:48 +0000 2025;2;Minji Pics #Minji #Newjeans https://t.co/wzcs2QlLGt;1,97939E+18;https://pbs.twimg.com/media/G3gxNo0WIAAwDk1.jpg;;in;;0;0;0;https://x.com/undefined/status/1979386149950099695;1,9038E+18;
1,97937E+18;Sat Oct 18 03:16:24 +0000 2025;1;@tertera_kan Dulu kalau ada orang kesusahan seorang sankta akan bilang semangat yaaa padahal lagi susah ama stock indomie mau habis;1,97939E+18;;tertera_kan;in;;0;1;0;https://x.com/undefined/status/1979386050436043263;1,00422E+18;
1,97939E+18;Sat Oct 18 03:14:45 +0000 2025;0;ni tempat langganan anak hybe ya;1,97939E+18;;;in;;0;0;0;https://x.com/undefined/status/1979385634818265334;1,94246E+18;
1,97939E+18;Sat Oct 18 03:14:30 +0000 2025;0;hybe bikin lagi please tapi full team ada bts nya jugak PLIZZZ;1,97939E+18;;;in;;0;0;0;https://x.com/undefined/status/1979385571270365513;1,89964E+18;
1,97939E+18;Sat Oct 18 03:13:58 +0000 2025;0;yuuuk indomie siapa yang belum ikutan biar bisa kasih hadiah buat juju bareng-bareng? gaaas ikutan yuk!;1,97939E+18;;;in;;0;0;0;https://x.com/undefined/status/1979385438411591965;2757712203;
1,97936E+18;Sat Oct 18 03:13:41 +0000 2025;0;@qimakaze_ Indomie Rendang ;1,97939E+18;;qimakaze_;in;;0;1;0;https://x.com/undefined/status/1979385365971812547;1,67838E+18;
1,97939E+18;Sat Oct 18 03:13:34 +0000 2025;0;Nggak bisa bayangin gimana hybe nya pas PV ini keluar dulu Hot banget!!!;1,97939E+18;;;in;;0;0;0;https://x.com/undefined/status/1979385336452256208;1,04442E+18;
1,97938E+18;Sat Oct 18 03:11:41 +0000 2025;1;Sarapan Indomie spicy ramyeon enak kali ya https://t.co/OW2t2go9sE;1,97938E+18;https://pbs.twimg.com/media/G3gwC9RX0AAZ5px.jpg;;in;;0;0;0;https://x.com/undefined/status/1979384866123976835;1,97216E+18;
1,97929E+18;Sat Oct 18 03:09:26 +0000 2025;0;@rbradaisy @lijeuwoo Tapi kan kalau dri POV Hybe walaupun itu cuma 'niat' mereka ttp was² dong dipecatlah MHJ ini dr jabatan CEO nah NJ g trima klau CEO mereka bkn MHJ. Pas dipecat dri jabatan CEO Hybe tetap ngasih jabatan direktur apa gitu ke MHJ biar d;1,97938E+18;;itisjinposition;in;;0;1;0;https://x.com/undefined/status/1979384296784957820;1,8219E+18;
1,97936E+18;Sat Oct 18 03:09:16 +0000 2025;0;@UNlVERSESS Kan tadi gw tanya di awal lo mau pacaran sama indomie? Terus lo jawab nggak apa yang penting kenyang Jadinya kek mana lah say?;1,97938E+18;;UNlVERSESS;in;;0;0;0;https://x.com/undefined/status/1979384254292447397;1,77321E+18;
1,97938E+18;Sat Oct 18 03:06:01 +0000 2025;1;ya sabar lah newjeans kan lagi hiatus. terus bape ga jadi collab sama newjeans emang salah skz? emang perlu banget lu qrt di akun official? gue tau lu kangen newjeans tapi jangan annoying‍;1,97938E+18;;;in;;0;0;0;https://x.com/undefined/status/1979383439666409824;1,24848E+18;
1,97938E+18;Sat Oct 18 03:05:41 +0000 2025;0;seru bangetttt ga sabar mo nonton. selalu nonton the game caterers dari eps yg hybe sm starship sekarang giliran jyp;1,97938E+18;;;in;;0;0;0;https://x.com/undefined/status/1979383354417123576;1,25348E+18;
1,97929E+18;Sat Oct 18 03:04:48 +0000 2025;0;@rbradaisy @lijeuwoo Blm ada hsil akhir kak ini aja MHJ nya ngajuin banding katanya . Tapi Mei 2024 ada hasil sidang perdata kalau MHJ ini emg ada 'Niat' buat bawa kabur Ador dri Hybe tapi baru 'Niat' blm dilaksanakan jadi MHJ diputuskan tidak bersalah sa;1,97938E+18;;rbradaisy;in;;0;1;0;https://x.com/undefined/status/1979383133616431452;1,8219E+18;
1,97936E+18;Sat Oct 18 03:04:34 +0000 2025;0;@craffeinne Saya gak bilang mau pacaran sama Indomie nih? Hahaha;1,97938E+18;;craffeinne;in;;0;1;0;https://x.com/undefined/status/1979383072081743969;1,26131E+18;
1,97938E+18;Sat Oct 18 03:03:19 +0000 2025;0;baru nyadar bgt kgn newjeans;1,97938E+18;;;in;;0;0;0;https://x.com/undefined/status/1979382758825955809;1,67407E+18;
1,97922E+18;Sat Oct 18 03:01:11 +0000 2025;0;@jokingmeround Mo masak indomie keknya;1,97938E+18;;jokingmeround;in;;0;0;0;https://x.com/undefined/status/1979382221719974197;1,8851E+18;
1,97938E+18;Sat Oct 18 02:55:09 +0000 2025;0;Cortis nih fresh vibenya mirip bgt feelingny waktu newjeans debut ga si;1,97938E+18;;;in;;0;0;0;https://x.com/undefined/status/1979380703705076166;1,40722E+18;
1,97936E+18;Sat Oct 18 02:52:18 +0000 2025;0;@UNlVERSESS Gak dulu sayaaang gw kan masih suka sama orang Nah lo ini nih yang agak wow beneran mau pacaran sama indomie? Ini cowok atau cewek masih banyak loh di muka bumi;1,97938E+18;;UNlVERSESS;in;;0;1;0;https://x.com/undefined/status/1979379984302248014;1,77321E+18;
1,97938E+18;Sat Oct 18 02:49:16 +0000 2025;0;Liat ini setelah semalam makan di jam 7 terus lanjut bikin indomie jam 9 aowkaowkaowk ;1,97938E+18;;;in;;0;0;0;https://x.com/undefined/status/1979379223853961415;1,32351E+18;
1,97938E+18;Sat Oct 18 02:46:58 +0000 2025;0;@fallforseungmin soalnya bayanganku kayak starship sm hybe sih full member. kek retret gitu kan seru yaa.. udah ngebayangin kehebohan mereka ber8 hufttt;1,97938E+18;;fallforseungmin;in;;0;1;0;https://x.com/undefined/status/1979378642162717151;9,07202E+17;
1,97938E+18;Sat Oct 18 02:46:40 +0000 2025;0;Tdinya mw blg hybe sm ss aj kmrn bisa fullmemb. Tpi pas gugling trnyata cm 4-5 grup doang sdangkan jype yg ikut 10 grup ;1,97938E+18;;;in;;0;1;0;https://x.com/undefined/status/1979378568288440455;1,54764E+18;
1,97936E+18;Sat Oct 18 02:46:18 +0000 2025;0;@nastarrkejuu buk indomie goreng double + ndog e 2 ombe e extrajoss susu ambek es goodday freeze iki password wifi e apa?;1,97938E+18;;nastarrkejuu;in;;0;1;0;https://x.com/undefined/status/1979378477863440840;360478293;
1,97938E+18;Sat Oct 18 02:44:55 +0000 2025;0;niwjins kombek pls...hangggf gpp gk di hybe jugak...;1,97938E+18;;;in;;0;0;0;https://x.com/undefined/status/1979378127437729800;1,56968E+18;
1,97935E+18;Sat Oct 18 02:43:09 +0000 2025;0;@Seo_JangHara3 Asli Indomie;1,97938E+18;;Seo_JangHara3;in;;0;1;0;https://x.com/undefined/status/1979377685651689801;1,34131E+18;
1,97938E+18;Sat Oct 18 02:40:02 +0000 2025;0;Plis bgt buat semua yg interact dan setuju sama twit ini JANGAN ikut2an ngewar tiket world tour BTS tahun depan okehh jangan menyumbangkan uang kalian ke BTS yg sudah kalian anggap 'fake' itu apalagi uangnya juga ngalir ke HYBE loh ️;1,97938E+18;;;in;;0;1;1;https://x.com/undefined/status/1979376897894289868;1,42421E+18;
1,97938E+18;Sat Oct 18 02:37:43 +0000 2025;0; aku matiin notif ig ku hmzzz iyakah? kok kau read chat aku cepat kali? kecuali pas kau lagi masak indomie;1,97938E+18;;;in;;0;0;0;https://x.com/undefined/status/1979376314978308337;1,5023E+18;
1,97938E+18;Sat Oct 18 02:35:43 +0000 2025;0;pantes ga tgc hybe season 2 ternyata mampir jyp dulu;1,97938E+18;;;in;;0;0;0;https://x.com/undefined/status/1979375812232253734;1,19135E+18;
1,97938E+18;Sat Oct 18 02:34:37 +0000 2025;0;indomie enak bgt kenapa y???;1,97938E+18;;;in;;0;0;0;https://x.com/undefined/status/1979375536112832866;1,94328E+18;
1,97937E+18;Sat Oct 18 02:29:45 +0000 2025;0;Cortis yg itungannya group baru bgt mantep jg udh bisa posisi 5. Gila top 6 hybe semua https://t.co/GIb1JdoyG6;1,97937E+18;https://pbs.twimg.com/media/G3gmcIdXEAEzMMc.jpg;;in;;0;0;0;https://x.com/undefined/status/1979374309916446954;9,02733E+17;
1,97937E+18;Sat Oct 18 02:27:58 +0000 2025;0;@thejurgenholic lagi bikin indomie enaknya bumbu dulu atau mie dulu gen;1,97937E+18;;thejurgenholic;in;;0;0;0;https://x.com/undefined/status/1979373864523305150;9,73365E+17;
1,97937E+18;Sat Oct 18 02:27:20 +0000 2025;0;Mieballl -Indomie ayam geprek -telur -skm (frisian flag) -keju oles (prochiz) Jangan tanya enak apa engga cobain aja https://t.co/tDa4PgVcny;1,97937E+18;https://pbs.twimg.com/media/G3gl4qrWYAAe1yz.jpg;;in;;0;0;0;https://x.com/undefined/status/1979373701385851048;1,77823E+18;
