conversation_id_str;created_at;favorite_count;full_text;id_str;image_url;in_reply_to_screen_name;lang;location;quote_count;reply_count;retweet_count;tweet_url;user_id_str;username
1,98E+18;Sun Oct 19 15:24:04 +0000 2025;0;@sbtgirlgroup unsealed postcard indomie x newjeans ada 2 set yap (7.000/set);1,98E+18;;sbtgirlgroup;in;;0;0;0;https://x.com/undefined/status/1979931561974796723;1,68E+18;
1,98E+18;Fri Oct 17 14:06:59 +0000 2025;1;hi ada yang masih nyari postcard / photocard set newjeans x indomie yang ini kah? isinya utuh semua yaaa sealed 10k/ea unsealed 9k take all 25k only t. wts want to sell jual postcard newjeans ready kamar https://t.co/kbbQ00fUn2;1,98E+18;https://pbs.twimg.com/media/G3d8b8eWwAEFuGC.jpg;;in;;0;0;1;https://x.com/undefined/status/1979187389709873455;1284831638;
1,98E+18;Tue Oct 14 04:10:15 +0000 2025;0;@munvess indomie soto banjar aceh tori miso mie newjeans;1,98E+18;;munvess;in;;0;0;0;https://x.com/undefined/status/1977950051294118394;1,24E+18;
1,98E+18;Thu Oct 09 17:20:56 +0000 2025;0;Tolol ancrit. Gue mau beli pocky HoloID malah ditawarin indomie Newjeans.;1,98E+18;;;in;;0;0;0;https://x.com/undefined/status/1976337096009974166;1,31E+18;
1,97E+18;Sun Oct 05 06:55:09 +0000 2025;0;@aukseen Newjeans taunya dr iklan indomie;1,97E+18;;aukseen;in;;0;0;0;https://x.com/undefined/status/1974730060512059840;77697051;
1,97E+18;Tue Sep 23 06:47:58 +0000 2025;0;Keinget pernah menang giveaway Indomie Newjeans. Menang 300k pas bgt ultah waktu itu wkwk. Meski gak banyak tapi w seneng bgt. Dimana Indomie gaet Newjeans sebagai bunnies ape gak seneng gueeehhh;1,97E+18;;;in;;0;1;0;https://x.com/undefined/status/1970379598631477510;1,56E+18;
1,97E+18;Wed Sep 17 02:13:05 +0000 2025;0;@shypinklet Itu loh indomie yg collab sama newjeans;1,97E+18;;shypinklet;in;;0;1;0;https://x.com/undefined/status/1968136092261265633;1,75E+18;
1,96E+18;Mon Sep 01 12:52:45 +0000 2025;0;njf! hi bunnies apakah disini ada yg pernah screenshot postingan iklan indomie x newjeans? kalau ada yg punya boleh minta ga yaa? soalnya postingannya udah ga ada trimakasii sebelumnyaa;1,96E+18;;;in;;0;0;0;https://x.com/undefined/status/1962498865128710348;1,57E+18;
1,96E+18;Wed Aug 27 03:51:33 +0000 2025;0;@meowieppu @roblox_fess Tadi aku mampir ke menara Indomie x Newjeans;1,96E+18;;meowieppu;in;;0;0;0;https://x.com/undefined/status/1960550727136489809;1,02E+18;
1,96E+18;Mon Aug 25 06:42:13 +0000 2025;0;@raabbilt Minat indomie newjeans ngidam dari kemarin;1,96E+18;;raabbilt;in;;0;0;0;https://x.com/undefined/status/1959868902156210439;1,61E+18;
1,96E+18;Fri Aug 22 12:25:33 +0000 2025;0;@urashnti @dubudubudibdub Sebelum beli mampir dulu kak ke kasir tanya stok Saya pas newjeans indomie bgitu;1,96E+18;;urashnti;in;;0;0;0;https://x.com/undefined/status/1958868141431562624;273977169;
1,96E+18;Fri Aug 22 02:23:27 +0000 2025;0;@moonstars_night Ih aku juga tadi ke indomart masih belum ada si mbaknya malah nunjukin pc indomie newjeans udh punya kata aku teh;1,96E+18;;moonstars_night;in;;0;1;0;https://x.com/undefined/status/1958716619326419362;1,29E+18;
1,96E+18;Wed Aug 20 11:49:31 +0000 2025;0;@tanyakanrl Indomie premium collection newjeans yang varian spicy ramyeon aku ga abis makan mi kuah satu bungkus tapi kalo varian ini bisa aku makan sampe tetes kuah terakhir ️‍;1,96E+18;;tanyakanrl;in;;0;0;0;https://x.com/undefined/status/1958134296897892703;1,30E+18;
1,95E+18;Wed Aug 06 08:27:45 +0000 2025;0;indomie korean ramyeon yg dipromoin newjeans ga enak cok;1,95E+18;;;in;;0;4;0;https://x.com/undefined/status/1953010090744975623;8,83E+17;
1,95E+18;Thu Jul 31 12:03:24 +0000 2025;2;Dikira di yg tmpt newjeans x indomie kmrn... Ternyata di bawah euy ramenya kek apeu ini;1,95E+18;;;in;;0;0;0;https://x.com/undefined/status/1950890032962682977;1,34E+18;
1,95E+18;Tue Jul 29 10:22:44 +0000 2025;0;Oh My Good! It's INDOMIE x NewJeans Exclusive mini postcard set Semoga cepet kelar ya dik adik terus comeback #NewJeans #NJZ #indomie https://t.co/JwfyPc96LS;1,95E+18;https://pbs.twimg.com/media/GxBJ60ObUAIA_Qi.jpg;;in;;0;0;0;https://x.com/undefined/status/1950139925686325504;1,24E+18;
1,95E+18;Tue Jul 29 08:23:34 +0000 2025;0;indomie newjeans masih ada gasih;1,95E+18;;;in;;0;1;0;https://x.com/undefined/status/1950109934739169582;1,95E+18;
1,95E+18;Mon Jul 28 03:55:17 +0000 2025;0;ada yang jual tas indomie x newjeans ini gak yaa? https://t.co/RZrrPnO22g;1,95E+18;https://pbs.twimg.com/media/Gw6nppxbcAE4AoU.jpg;;in;;0;1;0;https://x.com/undefined/status/1949680031610921264;1,31E+18;
1,95E+18;Thu Jul 24 00:59:59 +0000 2025;0;mardial kan yang sama newjeans indomie juga.;1,95E+18;;FulgentStar;in;;0;1;0;https://x.com/undefined/status/1948186362865504478;7,64E+17;
1,94E+18;Sun Jul 20 21:25:36 +0000 2025;1;@callmeyexia @GoodDayID biasanya suprise pc tuh terakhiran gasih nder? kaya aespa tango sama newjeans indomie;1,95E+18;;callmeyexia;in;;0;0;0;https://x.com/undefined/status/1947045249475571963;1,43E+18;
1,95E+18;Sun Jul 20 14:30:12 +0000 2025;0;@cornerhunter_ Wkwk sorry bro gue analisis ulang postmu lebih dalam. Revisi lagi top 15 fokus yg sering lu mention: JKT48 LE SSERAFIM (Sakura bias) aespa (Giselle) NewJeans (collab Indomie). 1. JKT48 - Ngidol lokal sering bahas. 2. LE SSERAFIM - Stan Saku;1,95E+18;;cornerhunter_;in;;0;0;0;https://x.com/undefined/status/1946940712219746774;1,72E+18;
1,95E+18;Thu Jul 17 14:00:12 +0000 2025;0;Makan Indomie afdolnya dengan NewJeans https://t.co/84xdtWo3xF;1,95E+18;;;in;;0;0;0;https://x.com/undefined/status/1945845996052734452;1,92E+18;
1,95E+18;Thu Jul 17 12:59:58 +0000 2025;0;kalo makan indomie spicy ramyeon pake nasi agak sungkan ke newjeans;1,95E+18;;;in;;0;0;0;https://x.com/undefined/status/1945830839922958712;8,83E+17;
1,95E+18;Tue Jul 15 09:33:08 +0000 2025;1;want to sell wts indomie varian hype abis isi 5pcs tas pvc (dari prj) Avail: 55rb ️ bisa oren ️ excl adm t. jastip prj tas indomie popmie newjeans pvc https://t.co/kRcmDfJyBJ;1,95E+18;https://pbs.twimg.com/media/Gv44ULmaoAAF18O.jpg;;in;;0;0;0;https://x.com/undefined/status/1945054011109073086;8,82E+17;
1,94E+18;Mon Jul 14 12:03:53 +0000 2025;4;njf! titipan hai bunnies bole minta waktunya utk bantu isi kuisioner skripsi aku gaa yaa? topiknya content marketing Indomie x NewJeans pada minat beli Korean Ramyeon Series. Terimakasii banyaak yaa https://t.co/l5tj8jiBsu;1,94E+18;;;in;;0;0;3;https://x.com/undefined/status/1944729560760959065;1,57E+18;
1,94E+18;Fri Jul 11 05:50:51 +0000 2025;51;njf! hai bunnies minta tolong waktu &amp;;;;;;;;;;;
1,94E+18;Thu Jul 10 14:00:46 +0000 2025;21;njf! haii bunnies aku boleh minta tolong isi kuisioner pre-survey untuk skripsiku ga yaa? topiknya ttg pengaruh konten marketing Indomie x NewJeans di ig pada minat beli Korean Ramyeon Series. aku taruh linknya dibawah ini timakacii bykk sebelumnya! https://t.co/RBdO6N9nD5;1,94E+18;;;in;;1;1;6;https://x.com/undefined/status/1943309425642746313;1,57E+18;
1,94E+18;Thu Jul 10 11:56:40 +0000 2025;0;@pewsik enak enak ajaa. tapi aku tetep lebih suka yang kalimantan sih walaupun gaada bawang gorengnya. mungkin karna terbiasa dan aku emang kurang suka saos sambel gitu karna rada asem itu aku dapet indomie jawa gara gara beli di syopi biar dapet postcard;1,94E+18;;pewsik;in;;0;1;0;https://x.com/undefined/status/1943278193265586431;2613332658;
1,94E+18;Thu Jul 10 05:49:00 +0000 2025;0;#s masih ada yang cari ini gak ya? postcard newjeans x indomie https://t.co/r1IQseIJbX;1,94E+18;https://pbs.twimg.com/media/GveVETSagAA0Rtd.jpg;;in;;0;0;0;https://x.com/undefined/status/1943185669779763711;4480397414;
1,94E+18;Wed Jul 09 09:41:53 +0000 2025;0;haruskah aku nanyain stok mister potato ke mas mas indomaret yg kebetulan aku save nomornya gara2 indomie newjeans waktu ntu;1,94E+18;;;in;;0;0;0;https://x.com/undefined/status/1942881888349442291;1,78E+18;
1,94E+18;Wed Jul 09 07:56:21 +0000 2025;0;#s yuk di beli poscard stande set newjeans indomie nyaaa https://t.co/ud2Fj4SNOv;1,94E+18;https://pbs.twimg.com/media/GvZonAwWYAABMPd.jpg;;in;;0;0;0;https://x.com/undefined/status/1942855329555046547;1,87E+18;
1,94E+18;Tue Jul 08 14:40:08 +0000 2025;0;@R_Andika4 @InfinixIndo @axioo_id Wajar itu mah Newjeans jg ga makan Indomie.;1,94E+18;;R_Andika4;in;;0;0;0;https://x.com/undefined/status/1942594555246977057;1,89E+18;
1,94E+18;Mon Jul 07 06:14:00 +0000 2025;0;@ashelasalsa @pedestrianSCBD @saouvysz ga kaya kertas photo indomie newjeans sal?;1,94E+18;;ashelasalsa;in;;0;0;0;https://x.com/undefined/status/1942104796661756292;1,03E+18;
1,94E+18;Thu Jul 03 11:38:51 +0000 2025;0;WTS NewJeans Mini Postcard (Indomie Ver.) Kondisi: Baru (sealed) Versi: Indomie Collab Harga: 18k + packaging Lokasi: Depok kirim via ekspedisi Minat? DM #wts #newjeans #indomie #indomienewjeans #newjeans #wts https://t.co/v4dxCNXlv7;1,94E+18;https://pbs.twimg.com/media/Gu7h_c0awAAXq9e.jpg;;in;;0;0;0;https://x.com/undefined/status/1940736995258736896;8,04E+17;
1,94E+18;Wed Jul 02 11:41:50 +0000 2025;78;njf! haloo bunnies aku boleh minta tolong bantu isi kuesioner aku ga yaaa? skripsi aku bahas tentang pengaruh newjeans sebagai BA Indomie nihh. buat pertanyaan awal jawab ya aja yaa biar bisa lanjut ke pertanyaan selanjutnya. maaciii banyak https://t.co/pfT5EYKSdR https://t.co/ziyF9cBXMq;1,94E+18;https://pbs.twimg.com/media/Gu2ZF5VWwAAs5Lo.jpg;;in;;2;18;29;https://x.com/undefined/status/1940375358261584059;1,57E+18;
1,94E+18;Tue Jul 01 03:31:58 +0000 2025;1;Pepero indomie dulu di kota gue yang terbilang kecil juga ada muka newjeans terpampang di banner mcd;1,94E+18;;;in;;0;0;0;https://x.com/undefined/status/1939889692033568933;1,82E+18;
1,94E+18;Mon Jun 30 13:52:47 +0000 2025;1;Aku pengen makan indomie goreng jdnya setelah liat iklan indomie bareng newjeans. Tp td siang baru makan mie pecel HIDEANDSIS FIRST EP #HideAndSisEP1;1,94E+18;;;in;;0;0;1;https://x.com/undefined/status/1939683538057773087;1,25E+18;
1,94E+18;Mon Jun 30 12:16:54 +0000 2025;5;bro belum liat billboard newjeans indomie yang mukanya segede gaban di kabupaten;1,94E+18;;;in;;0;0;0;https://x.com/undefined/status/1939659408398794765;1,11E+18;
1,94E+18;Sat Jun 28 04:18:50 +0000 2025;0;@prayuyal Iyaa ya lg hiatus itu eh mereka kalah di pengadilan ya huhu bner2 ni hybe. Aku ga pernah merhatiin iklan indomie newjeans sih tp barangnya kan masih dijual kalo ga salah si hehe;1,94E+18;;prayuyal;in;;0;0;0;https://x.com/undefined/status/1938814321590706573;120101857;
1,94E+18;Wed Jun 25 08:44:46 +0000 2025;0;tiap iklan indomie x newjeans lewat di tv atau yt kiamat mundur sehari;1,94E+18;;;in;;0;0;0;https://x.com/undefined/status/1937794084187594849;1,03E+18;
1,94E+18;Tue Jun 24 17:06:09 +0000 2025;0;makan indomie sambil nangis krn tanggal tua dan keinget newjeans;1,94E+18;;;in;;0;0;0;https://x.com/undefined/status/1937557874391286062;3011699600;
1,94E+18;Sat Jun 21 04:31:16 +0000 2025;0;sumpah lucu bangettt papaku tanda danielle newjeans gara-gara iklan indomie ;1,94E+18;;;in;;0;1;0;https://x.com/undefined/status/1936280737726316840;1,24E+18;
1,94E+18;Thu Jun 19 15:07:54 +0000 2025;1;Ceritanya habis belanja bulanan pas bayar dikasih postcard newjeans pdhl gue beli indomie nya bukan korean edition. Mana warna framenya carat coded bgt ntar aku mau print postcard seventeen ahh trus pajang di situ xixi sementara pake foto dede2 newjeans dulu https://t.co/rvTnSqmzfu;1,94E+18;https://pbs.twimg.com/media/Gt0LkzlWsAAivBM.jpg;;in;;0;1;0;https://x.com/undefined/status/1935716173762679244;1,27E+18;
1,93E+18;Sun Jun 15 10:14:38 +0000 2025;2;#wts postcard Indomie x Newjeans bisa ambil satu set atau per member https://t.co/PA3csf0Jd3;1,93E+18;https://pbs.twimg.com/media/GteiHAVacAELRAX.jpg;;in;;0;0;1;https://x.com/undefined/status/1934192818563760619;1,05E+18;
1,93E+18;Sun Jun 15 10:13:11 +0000 2025;3;wts Postcard Indomie x NewJeans bisa ambil satu set atau permember #wts #zonajajan️️ #zonauang️ #indomie #NewJeans #indomiexnewjeans #pc #POSTCARD #photocard #kpop #kpoptwt https://t.co/GrKYWWB9bP;1,93E+18;https://pbs.twimg.com/media/GtehyFeasAAze6d.jpg;;in;;0;0;2;https://x.com/undefined/status/1934192455525798139;1,05E+18;
1,93E+18;Fri Jun 13 14:53:12 +0000 2025;0;Kalo ga berkasus udah ada fanmeet Indomie x NewJeans kali ya ;1,93E+18;;;in;;0;1;0;https://x.com/undefined/status/1933538145875997126;78568379;
1,93E+18;Thu Jun 12 16:10:26 +0000 2025;0;@sandelweis btw anomali ini yang ngebikin sama ngedirect voice di iklan Indomie x NewJeans;1,93E+18;;sandelweis;in;;0;0;0;https://x.com/undefined/status/1933195197120471102;440403571;
1,93E+18;Thu Jun 12 12:58:56 +0000 2025;0;Indomie original indomie sambal matah indomie yang x newjeans itu;1,93E+18;;;in;;0;0;0;https://x.com/undefined/status/1933147003170791763;1,88E+18;
1,93E+18;Wed Jun 11 08:35:16 +0000 2025;1;@awkhaaay @_mardial_ BGM iklan Indomie x Newjeans beliau yg garap;1,93E+18;;awkhaaay;in;;0;0;0;https://x.com/undefined/status/1932718264054133218;321328094;
1,93E+18;Wed Jun 11 05:22:40 +0000 2025;0;gue cm beli indomie.... #NewJeans https://t.co/Nbf9RRAydZ;1,93E+18;https://pbs.twimg.com/media/GtI47evbMAAbmCE.jpg;;in;;0;0;0;https://x.com/undefined/status/1932669792747728951;1,06E+18;
1,93E+18;Tue Jun 10 17:30:06 +0000 2025;1;@renebxebxe bagus bgt sih aslinya emg ga salah indomie pilih new jeans *NJZ (MHDHH)@Indomielovers #NJZ #NewJeans #MHDHH;1,93E+18;;renebxebxe;in;;0;1;1;https://x.com/undefined/status/1932490470359539893;1,35E+18;
1,93E+18;Tue Jun 10 04:35:31 +0000 2025;330;newjeans indomie baemon good day lambung gue sbg bunnies &amp;;;;;;;;;;;
1,93E+18;Mon Jun 09 07:32:34 +0000 2025;0;bokap gua beli banyak indomie sampe dikasih postcard newjeans dari indomaret ;1,93E+18;;;in;;0;1;0;https://x.com/undefined/status/1931977706016833609;1,39E+18;
1,93E+18;Mon Jun 09 06:12:41 +0000 2025;0;Halo ada yang bersedia aku wawancara yang pernah ikut fan event kayak carat having fun carat go healthy carat beach party bts monochrom newjeans bunnyland newjeans indomie allo bank project Enhypen Fate Plus The City Jakarta dll buat tugas akhir aku ? please ;1,93E+18;;;in;;0;0;1;https://x.com/undefined/status/1931957602793173284;1,58E+18;
1,93E+18;Sun Jun 08 23:31:16 +0000 2025;0;adiknya temen gue tuh yg menang tender indomie x newjeans. jd dia ke korea buat ngedirect newjeans ngiklanin indomie. katanya anak2 newjeans tuh unyu2 bocip gt lho wkwk gemes banget.;1,93E+18;;;in;;0;0;0;https://x.com/undefined/status/1931856583941837116;136943140;
1,93E+18;Wed Jun 04 15:56:02 +0000 2025;0;@ranahbingkuang @strootsys Lebih ajaib kalau di bawahnya lagi ada iklan indomie newjeans.;1,93E+18;;ranahbingkuang;in;;0;0;0;https://x.com/undefined/status/1930292469700407647;1,24E+18;
1,93E+18;Wed Jun 04 11:35:20 +0000 2025;0;@tanyarlfes Indomie x newjeans yg biru;1,93E+18;;tanyarlfes;in;;0;0;0;https://x.com/undefined/status/1930226860841197617;1,38E+18;
1,93E+18;Tue Jun 03 02:28:26 +0000 2025;3;Awokwwowkwok emak nanyain Erine habis nonton iklan Indomie newjeans. Emak : kok di hp kamu ga ada yang kayak mereka (karena wa pake foto Intun). Gw : oh itu orang Bogor. Emak : terus yang cina-cina itu mana? Siapa namanya? Gw : ....... Lanjut makan Uli ️;1,93E+18;;;in;;0;1;0;https://x.com/undefined/status/1929726842585702560;2246898924;
1,93E+18;Sat May 31 14:59:38 +0000 2025;0;@jerukjepang indomie udah sama newjeans;1,93E+18;;jerukjepang;in;;0;0;0;https://x.com/undefined/status/1928828722766815635;83586867;
1,93E+18;Sat May 31 14:11:03 +0000 2025;1;Kesampean beli indomie di superindo buat dapetin mereka #OhMyGoodItsIndomie https://t.co/KJonpVEfSu;1,93E+18;https://pbs.twimg.com/media/GsSIX9NbMAA3-Tj.jpg;;in;;0;0;0;https://x.com/undefined/status/1928816497972904349;199220728;
1,93E+18;Sat May 31 08:38:36 +0000 2025;0;WTS Postcard Frame + Photo New Jeans x Indomie READY Sealed &amp;;;;;;;;;;;
1,93E+18;Sat May 31 02:44:55 +0000 2025;6;Indomie: Jadikan NewJeans BA kita! Mie Sedaap: Santai kawan kita pakai produk lokal https://t.co/C1yuJe5p7g;1,93E+18;https://pbs.twimg.com/media/GsPrVsVboAAoDEs.jpg;;in;;0;0;2;https://x.com/undefined/status/1928643826669007256;282245805;
1,92E+18;Fri May 30 15:58:43 +0000 2025;0;@ivewonno Pasti sunghoon kan (menjawab dengan nada tidak kegeeran) betul NewJeans seleranya indomie. Apalagi yang bikinnya kamu apa gak melejit harga indomie;1,93E+18;;ivewonno;in;;0;0;0;https://x.com/undefined/status/1928481206351319140;2936358876;
1,93E+18;Thu May 29 13:05:12 +0000 2025;0;Saya menjual 3 SET INDOMIE X NEWJEANS POSTCARD OFFICIAL (NEW/SEGEL) seharga Rp40.000. Ayo beli di Shopee! https://t.co/ZSt7Y200v8;1,93E+18;;;in;;0;0;0;https://x.com/undefined/status/1928075151431606335;841644998;
1,93E+18;Thu May 29 06:27:35 +0000 2025;0;Indomie newjeans yg biru yg versi cup lebih enak ik;1,93E+18;;;in;;0;0;0;https://x.com/undefined/status/1927975087887835214;263603762;
1,93E+18;Tue May 27 19:55:10 +0000 2025;0;#NewJeans 8 pcs Bundling 2 Goreng &amp;;;;;;;;;;;
1,93E+18;Mon May 26 01:36:58 +0000 2025;0;Ada yg mau Indomie harganya 2.800 - 5.000 varian nya sekarang ada cabe ijo Korean series dll bisa co oren yaa aku juga jual postcard baru newjeans isi 7 postcard harga 25k/set detail harga ada dibawah yaa boleh tinggalin jejak dulu exp masih aman semua yaa https://t.co/79ZVkwsIl2;1,93E+18;https://pbs.twimg.com/media/Gr1rzSUXIAAgVoY.jpg;;in;;0;0;0;https://x.com/undefined/status/1926814788883009871;7,64E+17;
1,93E+18;Sun May 25 09:15:07 +0000 2025;0;@ayumi_cells lucunya lagi (ini aku baru tau setelah ador mention tim bunnies yg kerjasama sama indomie soal eent newjeans) ternyata di tahun sebelumnya indomie udah hubungin beberapa fanbase newjeans lain dan adain meeting sama mereka. like.. brands lebih;1,93E+18;;onevzaa;in;;0;0;0;https://x.com/undefined/status/1926567696998490567;1,49E+18;
1,93E+18;Thu May 22 15:36:09 +0000 2025;0;sama kagetnya kayak pas liat Indomie Newjeans;1,93E+18;;;in;;0;0;0;https://x.com/undefined/status/1925576421931614528;102003336;
1,93E+18;Wed May 21 08:32:25 +0000 2025;0;Dapet bumbu tori kara nya 2 nih. Di sudut lain ada gak yg dalam bungkus mie gak ada bumbunya @Indomielovers #OhMyGoodItsIndomie #KoreanRamyeonSeries https://t.co/mSyvOLzK1s;1,93E+18;https://pbs.twimg.com/media/Grda-J6bYAA36Fc.jpg;;in;;0;0;0;https://x.com/undefined/status/1925107401331823094;157269143;
1,92E+18;Mon May 19 14:10:03 +0000 2025;0;Beli Indomie @indomie 5 bungkus Di Indomaret @indomaret Rasa Indomie Goreng Kari Ayam dan Ramen Series Free 3 Postcards New Jeans @newjeans_official &amp;;;;;;;;;;;
1,92E+18;Sun May 18 14:40:58 +0000 2025;0;@Rindaput bener kak hihi soalnya kapan lagi kaaaannn beli indomie bisa dapet postcard newjeans yang cantik cantik kaya gini;1,92E+18;;Rindaput;in;;0;0;0;https://x.com/undefined/status/1924112985347465364;1,25E+18;
1,92E+18;Sun May 18 11:14:58 +0000 2025;0;Open PO Indomie Korean Series Include : 1 Tas PVC Putih + Tali Indomie Korean Series 5 Pcs 3 Varian Rasa Rose Spicy Ramyeon Fiery Chikin IDR. 60.000 Pengiriman dari Jakarta Barat Via Shopee #Indomie #KoreanSeries #WTS #Jakarta #NewJeans https://t.co/t4dRosln83;1,92E+18;https://pbs.twimg.com/media/GrOjacCXgAAt_s7.jpg;;in;;0;0;0;https://x.com/undefined/status/1924061144588935240;61091603;
1,92E+18;Sun May 18 10:10:07 +0000 2025;5;Ada yg mau Indomie harganya 2.800 - 5.000 varian nya sekarang ada cabe ijo Korean series dll bisa co oren yaa aku juga jual postcard baru newjeans isi 7 postcard harga 25k/set detail harga ada dibawah yaa boleh tinggalin jejak dulu exp masih aman semua yaa https://t.co/QGRMjQ3oqn;1,92E+18;https://pbs.twimg.com/media/GrOUiSiXEAE5H7a.jpg;;in;;0;1;1;https://x.com/undefined/status/1924044821758669056;7,64E+17;
1,92E+18;Sun May 18 07:49:21 +0000 2025;1;Akhirnya menjemput adek-adek cantik (lagi) #OhMyGoodItsIndomie https://t.co/plW6aZThm4;1,92E+18;https://pbs.twimg.com/media/GrN0V1GWcAAhfLp.jpg;;in;;0;0;0;https://x.com/undefined/status/1924009395907883328;156529555;
1,92E+18;Sat May 17 12:49:24 +0000 2025;0;@crushnyareece Pecinta indomie dan penggemar newjeans wajib beli dan dapetin ini juga sih;1,92E+18;;crushnyareece;in;;0;0;0;https://x.com/undefined/status/1923722520743850356;1,91E+18;
1,92E+18;Sat May 17 12:45:49 +0000 2025;0;@crushnyareece collab tersweet sih ini Indomie x NewJeans??? CRYINGG ;1,92E+18;;crushnyareece;in;;0;0;0;https://x.com/undefined/status/1923721619878576262;1,80E+18;
1,92E+18;Sat May 17 12:44:29 +0000 2025;0;@crushnyareece Sekarang beli indomie bisa dapat postcard nya newjeans hayu belii.. kiyowo..;1,92E+18;;crushnyareece;in;;0;0;0;https://x.com/undefined/status/1923721283935797372;1,61E+18;
1,92E+18;Sat May 17 12:42:44 +0000 2025;0;@crushnyareece abis gajian langsung lari beli Indomie demi postcard NewJeans ;1,92E+18;;crushnyareece;in;;0;0;0;https://x.com/undefined/status/1923720840681758871;1,87E+18;
1,92E+18;Sat May 17 12:34:41 +0000 2025;0;@dhelsadell Serius ini indomie ada pc NewJeans?? Berasa dapet angin segar karna dah lama ga berburu pc;1,92E+18;;dhelsadell;in;;0;0;0;https://x.com/undefined/status/1923718818071007678;957490243;
1,92E+18;Sat May 17 12:24:35 +0000 2025;0;@crushnyareece Kren banget nih indomie gass lah beli varian indomie semua biar dpet postcard nya NewJeans;1,92E+18;;crushnyareece;in;;0;0;0;https://x.com/undefined/status/1923716273109869045;1,82E+18;
1,92E+18;Sat May 17 12:15:34 +0000 2025;0;@nisanindita_ Gue tuh ya awalnya niat beli Indomie doang eh sekarang nyari figure NewJeans juga ;1,92E+18;;nisanindita_;in;;0;0;0;https://x.com/undefined/status/1923714006252126611;1,91E+18;
1,92E+18;Sat May 17 12:14:42 +0000 2025;0;@nisanindita_ NewJeans bener-bener tau cara nyentuh hati fans. Even di bungkus Indomie pun tetep iconic ;1,92E+18;;nisanindita_;in;;0;0;0;https://x.com/undefined/status/1923713786596487662;1,91E+18;
1,92E+18;Sat May 17 12:08:50 +0000 2025;0;@crushnyareece Beli indomie x newjeans bisa dapet postcard keren banget ini bisa beli di semua tempat kah atau toko bertanda khusus;1,92E+18;;crushnyareece;in;;0;0;0;https://x.com/undefined/status/1923712312755753193;1,67E+18;
1,92E+18;Sat May 17 11:56:24 +0000 2025;0;@nisanindita_ Siapa yang relate: ngga lapar tapi tetep beli Indomie demi NewJeans ;1,92E+18;;nisanindita_;in;;0;0;0;https://x.com/undefined/status/1923709183733662192;1,91E+18;
1,92E+18;Sat May 17 11:55:49 +0000 2025;0;@dhelsadell Gak nyangka NewJeans bisa gemes di Indomie juga ;1,92E+18;;dhelsadell;in;;0;0;0;https://x.com/undefined/status/1923709035481903121;1,75E+18;
1,92E+18;Sat May 17 11:50:19 +0000 2025;0;@dhelsadell Sebagai pecinta indomie dan NewJeans aku mau borong semua pc nya;1,92E+18;;dhelsadell;in;;0;0;0;https://x.com/undefined/status/1923707652410138967;1,75E+18;
1,92E+18;Sat May 17 11:48:53 +0000 2025;0;@dhelsadell Serius ini beli indomie dapat pc nya NewJeans? Info dong belinya dimana;1,92E+18;;dhelsadell;in;;0;1;0;https://x.com/undefined/status/1923707291414704513;1,76E+18;
1,92E+18;Sat May 17 11:48:25 +0000 2025;0;@crushnyareece NewJeans emang selalu bikin dompet gak aman ku belain beli indomie banyak ;1,92E+18;;crushnyareece;in;;0;0;0;https://x.com/undefined/status/1923707175161168078;1,56E+18;
1,92E+18;Sat May 17 11:47:54 +0000 2025;0;@nisanindita_ Indomie + NewJeans = kolaborasi paling niat yang pernah ada GUA MAU BELI;1,92E+18;;nisanindita_;in;;0;0;0;https://x.com/undefined/status/1923707041950072885;8,93E+17;
1,92E+18;Sat May 17 11:47:14 +0000 2025;0;@dhelsadell Baru tau kalo ternyata Indomie collab sama NewJeans beli dimana ini mbak?;1,92E+18;;dhelsadell;in;;0;0;0;https://x.com/undefined/status/1923706876409282628;1,86E+18;
1,92E+18;Sat May 17 11:46:20 +0000 2025;0;@crushnyareece Plis bilang ini gak limited edition... soalnya aku panik demi NewJeans aku beli sekarton indomie ️;1,92E+18;;crushnyareece;in;;0;0;0;https://x.com/undefined/status/1923706648117510443;1,73E+18;
1,92E+18;Sat May 17 11:45:52 +0000 2025;0;@dhelsadell Gemes banget NewJeans pc nya makan indomie ;1,92E+18;;dhelsadell;in;;0;0;0;https://x.com/undefined/status/1923706531746546160;1,77E+18;
1,92E+18;Sat May 17 11:44:35 +0000 2025;0;@crushnyareece Udah beli 2 karton Indomie. Demi NewJeans gaspol! ;1,92E+18;;crushnyareece;in;;0;0;0;https://x.com/undefined/status/1923706208621621346;1,60E+18;
1,92E+18;Sat May 17 11:44:08 +0000 2025;0;@fryuputrii Indomie + NewJeans? OMG JIWAKU TIDAK TENANG ;1,92E+18;;fryuputrii;in;;0;0;0;https://x.com/undefined/status/1923706095652176207;1,83E+18;
1,92E+18;Sat May 17 11:42:53 +0000 2025;0;@crushnyareece NewJeans + Indomie = COMBO TERBAIK ;1,92E+18;;crushnyareece;in;;0;0;0;https://x.com/undefined/status/1923705778881560655;1,60E+18;
1,92E+18;Sat May 17 11:37:09 +0000 2025;0;@dhelsadell Mau postcard NewJeans nya ka. Minta link nya dong gue mau co Indomie nya;1,92E+18;;dhelsadell;in;;0;0;0;https://x.com/undefined/status/1923704339639697574;1,91E+18;
1,92E+18;Sat May 17 09:56:12 +0000 2025;1;@luckyloeyli NewJeans bener-bener bikin Indomie naik level ;1,92E+18;;luckyloeyli;in;;0;0;0;https://x.com/undefined/status/1923678934241337647;1,82E+18;
1,92E+18;Sat May 17 09:51:10 +0000 2025;0;@luckyloeyli Indomie udah enak dapet bonus NewJeans pula... hidup makin indah ;1,92E+18;;luckyloeyli;in;;0;0;0;https://x.com/undefined/status/1923677664273104979;1,87E+18;
1,92E+18;Sat May 17 09:49:50 +0000 2025;0;@luckyloeyli NewJeans makan Indomie aja cakep banget ;1,92E+18;;luckyloeyli;in;;0;0;0;https://x.com/undefined/status/1923677329454399670;1,88E+18;
1,92E+18;Sat May 17 09:44:26 +0000 2025;0;@luckyloeyli Waduh makin ngiler beli Indomie demi postcard NewJeans ;1,92E+18;;luckyloeyli;in;;0;0;0;https://x.com/undefined/status/1923675971628232877;1,63E+18;
1,92E+18;Sat May 17 09:27:33 +0000 2025;0;@cerealcakes Newjeans bikin aku makin rajin makan Indomie nih ;1,92E+18;;cerealcakes;in;;0;1;0;https://x.com/undefined/status/1923671724845039667;1,83E+18;
1,92E+18;Sat May 17 09:27:15 +0000 2025;0;@cerealcakes Di Superindo Deket rumah tinggal dikit Indomie nya langsung kuborong biar dapet NewJeans;1,92E+18;;cerealcakes;in;;0;0;0;https://x.com/undefined/status/1923671647225249842;1,57E+18;
1,92E+18;Sat May 17 09:26:45 +0000 2025;0;@cerealcakes Aku juga baru beli gara gara ada postcardnya NewJeans jadi beli Indomie banyak deh hehe;1,92E+18;;cerealcakes;in;;0;0;0;https://x.com/undefined/status/1923671523325509820;1857547664;
1,92E+18;Sat May 17 09:26:19 +0000 2025;0;@cerealcakes Makin lahap deh makan Indomie nya gara gara diliatin sama NewJeans;1,92E+18;;cerealcakes;in;;0;1;0;https://x.com/undefined/status/1923671411018826224;2254394252;
1,92E+18;Sat May 17 09:25:59 +0000 2025;0;@cerealcakes Kapan lagi kan makan Indomie ditemenin sama NewJeans gini ;1,92E+18;;cerealcakes;in;;0;0;0;https://x.com/undefined/status/1923671327355138104;2428270723;
1,92E+18;Sat May 17 09:25:37 +0000 2025;0;@cerealcakes Lumayan nih beli Indomie banyak buat stok di kos eh malah dapet postcardnya NewJeans;1,92E+18;;cerealcakes;in;;0;0;0;https://x.com/undefined/status/1923671237303337231;3018658546;
1,92E+18;Sat May 17 09:25:08 +0000 2025;0;@cerealcakes Disini cantik bgt NewJeans nya jadi beli Indomie banyak deh aku;1,92E+18;;cerealcakes;in;;0;0;0;https://x.com/undefined/status/1923671112866726250;1,82E+18;
1,92E+18;Sat May 17 09:24:45 +0000 2025;0;@cerealcakes Ada aja gebrakan Indomie bikin gw pengen bawa pulang postcardnya NewJeans;1,92E+18;;cerealcakes;in;;0;0;0;https://x.com/undefined/status/1923671016590671894;1892839699;
1,92E+18;Sat May 17 09:22:25 +0000 2025;0;@luckyloeyli newjeans + indomie tuh combo paling nggak bisa ditolak ;1,92E+18;;luckyloeyli;in;;0;0;0;https://x.com/undefined/status/1923670432894550488;1,82E+18;
1,92E+18;Sat May 17 09:22:00 +0000 2025;0;@cerealcakes Pas tau dapet postcard NewJeans aku langsung checkout Indomie banyak banyak;1,92E+18;;cerealcakes;in;;0;1;0;https://x.com/undefined/status/1923670324710867203;2234792678;
1,92E+18;Sat May 17 09:20:49 +0000 2025;0;@cerealcakes Rak Indomie Superindo gw kosongin biar bisa bawa pulang NewJeans ;1,92E+18;;cerealcakes;in;;0;0;0;https://x.com/undefined/status/1923670030434304324;1590599798;
1,92E+18;Sat May 17 09:20:25 +0000 2025;0;@cerealcakes Indomie makanan favorit sama NewJeans grup favorit udah klop sih ini ️;1,92E+18;;cerealcakes;in;;0;0;0;https://x.com/undefined/status/1923669928642740421;2290570478;
1,92E+18;Sat May 17 09:20:21 +0000 2025;0;@fryuputrii nggak nyangka Indomie bisa collab sama NewJeans keren banget ih;1,92E+18;;fryuputrii;in;;0;0;0;https://x.com/undefined/status/1923669911144128906;1,82E+18;
1,92E+18;Sat May 17 09:19:52 +0000 2025;0;@cerealcakes Senengnya beli Indomie bisa dapet koleksi postcardnya NewJeans ;1,92E+18;;cerealcakes;in;;0;0;0;https://x.com/undefined/status/1923669789312156017;1,58E+18;
1,92E+18;Sat May 17 09:18:03 +0000 2025;0;@cerealcakes Indomie ngerti banget cara bikin fans NewJeans bahagia;1,92E+18;;cerealcakes;in;;0;0;0;https://x.com/undefined/status/1923669331566789116;1,77E+18;
1,92E+18;Sat May 17 09:16:32 +0000 2025;0;@luckyloeyli gemooyyy nya ya Ampun tolong. mau belii indomie yang banyak biar bisa ngumpulin postcard nya newjeans ️;1,92E+18;;luckyloeyli;in;;0;0;0;https://x.com/undefined/status/1923668949952233810;1,82E+18;
1,92E+18;Sat May 17 09:08:24 +0000 2025;0;@pramuhtialll Cuma di Superindo sama official Indomie aja ya kak yang bisa dapetin postcard NewJeans?;1,92E+18;;pramuhtialll;in;;0;0;0;https://x.com/undefined/status/1923666904251818473;1,82E+18;
1,92E+18;Sat May 17 09:06:37 +0000 2025;0;@pramuhtialll Pas bgt lagi hujan Indomie nya dimakan NewJeans nya nemenin makan ;1,92E+18;;pramuhtialll;in;;0;0;0;https://x.com/undefined/status/1923666456836976782;1,85E+18;
1,92E+18;Sat May 17 09:03:17 +0000 2025;0;@pramuhtialll Emang gemesin banget NewJeans tuh ngga rugi deh beli Indomie banyak banyak;1,92E+18;;pramuhtialll;in;;0;0;0;https://x.com/undefined/status/1923665617263178073;1,81E+18;
1,92E+18;Sat May 17 09:02:05 +0000 2025;0;@Nurafilah__ Indomie makanan fav gue tambah ada newjeans makin gue beli terus;1,92E+18;;Nurafilah__;in;;0;0;0;https://x.com/undefined/status/1923665312064602469;1,90E+18;
1,92E+18;Sat May 17 09:01:20 +0000 2025;0;@pramuhtialll Siap deh tiap hari makan Indomie demi punya postcardnya NewJeans ;1,92E+18;;pramuhtialll;in;;0;0;0;https://x.com/undefined/status/1923665126118523203;1,82E+18;
1,92E+18;Sat May 17 08:57:36 +0000 2025;0;@pramuhtialll akan aku usahain dapetin postcard newjeans via indomie ;1,92E+18;;pramuhtialll;in;;0;0;0;https://x.com/undefined/status/1923664185470443570;1,72E+18;
1,92E+18;Sat May 17 08:57:09 +0000 2025;0;@pramuhtialll Seriusan ini beli Indomie dapet postcard newjeans?? Mauu jugaa spill dong beli nya dimanaa;1,92E+18;;pramuhtialll;in;;0;0;0;https://x.com/undefined/status/1923664072505164183;1,73E+18;
1,92E+18;Sat May 17 08:54:51 +0000 2025;0;@pramuhtialll Demi dapet postcard NewJeans hujan² nekat beli indomie ;1,92E+18;;pramuhtialll;in;;0;0;0;https://x.com/undefined/status/1923663492856545414;1,83E+18;
1,92E+18;Sat May 17 08:40:04 +0000 2025;0;@luckyloeyli NewJeans aku datang mau borong indomie goreng dulu;1,92E+18;;luckyloeyli;in;;0;0;0;https://x.com/undefined/status/1923659774081777892;1,88E+18;
1,92E+18;Sat May 17 08:35:37 +0000 2025;0;@paracetamoods Postcard nya Newjeans ada di Indomie beneran?? Mauu;1,92E+18;;paracetamoods;in;;0;0;0;https://x.com/undefined/status/1923658654819156230;1,79E+18;
1,92E+18;Sat May 17 08:31:25 +0000 2025;0;@luckyloeyli Demi NewJeans gw langsung borong Indomie sepuluh bungkus! hahah;1,92E+18;;luckyloeyli;in;;0;0;0;https://x.com/undefined/status/1923657595635761249;1,90E+18;
1,92E+18;Sat May 17 08:31:09 +0000 2025;0;@luckyloeyli Kesukaan gue indomie dapet poscard newjeans lagi yakali ga borong ;1,92E+18;;luckyloeyli;in;;0;0;0;https://x.com/undefined/status/1923657531119018414;1,90E+18;
1,92E+18;Sat May 17 08:29:20 +0000 2025;0;@paracetamoods Borong Indomie suka banget sama postcard nya newjeans;1,92E+18;;paracetamoods;in;;0;0;0;https://x.com/undefined/status/1923657070529872243;1,81E+18;
1,92E+18;Sat May 17 08:27:37 +0000 2025;0;@Nurafilah__ Oke fix abis ini gue nyari Indomie rasa Korea demi NewJeans;1,92E+18;;Nurafilah__;in;;0;0;0;https://x.com/undefined/status/1923656641901363681;1,81E+18;
1,92E+18;Sat May 17 06:45:07 +0000 2025;0;@IndoPopBase @Indomielovers indomie jadi makin berkelas karena newjeans;1,92E+18;;IndoPopBase;in;;0;0;0;https://x.com/undefined/status/1923630843903541728;1,82E+18;
1,92E+18;Sat May 17 06:42:31 +0000 2025;0;@IndoPopBase @Indomielovers ini combo paling gila sih newjeans x indomie;1,92E+18;;IndoPopBase;in;;0;0;0;https://x.com/undefined/status/1923630192989438306;1,82E+18;
1,92E+18;Sat May 17 06:42:10 +0000 2025;0;@koreanindo gila sih ini fix bisa jadi koleksi newjeans x indomie;1,92E+18;;koreanindo;in;;0;0;0;https://x.com/undefined/status/1923630101373255815;1,67E+18;
1,92E+18;Sat May 17 06:38:56 +0000 2025;0;@IndoPopBase @Indomielovers newjeans bawa rejeki buat indomie sih ini;1,92E+18;;IndoPopBase;in;;0;0;0;https://x.com/undefined/status/1923629288676524395;1,71E+18;
1,92E+18;Sat May 17 06:19:59 +0000 2025;0;@officialkvibes @Indomielovers big thanks to Indomie udah bikin fans NewJeans bahagia bgt bgt bgttt ;1,92E+18;;officialkvibes;in;;0;0;0;https://x.com/undefined/status/1923624519132119120;1,87E+18;
1,92E+18;Sat May 17 06:12:32 +0000 2025;0;@coppamagz @Indomielovers newjeans di packaging indomie??? GILA MAU ;1,92E+18;;coppamagz;in;;0;0;0;https://x.com/undefined/status/1923622643410018702;1,91E+18;
1,92E+18;Sat May 17 06:11:02 +0000 2025;0;@officialkvibes @Indomielovers ngga nyangka beli Indomie bisa dapet postcard NewJeans combo terbaik tahun ini ;1,92E+18;;officialkvibes;in;;0;0;0;https://x.com/undefined/status/1923622267688452266;1,83E+18;
1,92E+18;Sat May 17 06:08:21 +0000 2025;0;@strootsys ni ngeborong Indomie buat dapet PC newjeans juga ga bkal rugi si;1,92E+18;;strootsys;in;;0;0;0;https://x.com/undefined/status/1923621591994466723;1,84E+18;
1,92E+18;Sat May 17 06:06:15 +0000 2025;0;@coppamagz @Indomielovers Wajib punya sih ini NewJeans + Indomie?? Gak kuat ;1,92E+18;;coppamagz;in;;0;0;0;https://x.com/undefined/status/1923621063755485451;1,73E+18;
1,92E+18;Sat May 17 06:02:27 +0000 2025;0;@officialkvibes @Indomielovers Makasih Indomie bikin fans NewJeans bahagia ;1,92E+18;;officialkvibes;in;;0;0;0;https://x.com/undefined/status/1923620105910616197;1,71E+18;
1,92E+18;Sat May 17 05:06:07 +0000 2025;0;@IndoPopBase @Indomielovers Dapet Indomie + NewJeans? Combo sempurna ;1,92E+18;;IndoPopBase;in;;0;0;0;https://x.com/undefined/status/1923605930245226556;2754491747;
1,92E+18;Sat May 17 05:03:37 +0000 2025;0;@IndoPopBase @Indomielovers Demi postcard NewJeans rela makan Indomie tiap hari ;1,92E+18;;IndoPopBase;in;;0;0;0;https://x.com/undefined/status/1923605301967933915;1,91E+18;
1,92E+18;Sat May 17 05:03:02 +0000 2025;0;@IndoPopBase @Indomielovers NewJeans x Indomie tuh definisi kolaborasi impian ;1,92E+18;;IndoPopBase;in;;0;0;0;https://x.com/undefined/status/1923605155867656287;1,50E+18;
1,92E+18;Sat May 17 04:59:13 +0000 2025;0;@koreanindo ini serius kalau beli Indomie dapet postcard nya newjeans y min;1,92E+18;;koreanindo;in;;0;0;0;https://x.com/undefined/status/1923604193706934546;1,70E+18;
1,92E+18;Sat May 17 04:59:12 +0000 2025;0;@IndoPopBase @Indomielovers gamau ketinggalan moment ini newjeans sama indomie;1,92E+18;;IndoPopBase;in;;0;0;0;https://x.com/undefined/status/1923604190200463606;1,90E+18;
1,92E+18;Sat May 17 04:57:45 +0000 2025;33;eneg Alpukat 20rb ku #OhMyGoodItsIndomie https://t.co/lbU9rwkpqw;1,92E+18;https://pbs.twimg.com/media/GrIDemhWYAAOMY8.jpg;;in;;1;3;3;https://x.com/undefined/status/1923603826713690495;1,74E+18;
1,92E+18;Sat May 17 04:51:13 +0000 2025;0;@officialkvibes @Indomielovers baru tahu Indomie collab sama NewJeans! Postcard-nya gemes banget ;1,92E+18;;officialkvibes;in;;0;0;0;https://x.com/undefined/status/1923602180474536354;1,82E+18;
1,92E+18;Sat May 17 04:50:46 +0000 2025;0;@panncafe Ini lucunya gak ada obat! NewJeans + Indomie = combo paling manis;1,92E+18;;panncafe;in;;0;0;0;https://x.com/undefined/status/1923602067375165860;1,86E+18;
1,92E+18;Fri May 16 00:33:33 +0000 2025;0;@burvbery menamatkan newjeans pepero ️ menamatkan postcard newjeans indomie ️ abis ini apalagi ayo ;1,92E+18;;burvbery;in;;0;1;0;https://x.com/undefined/status/1923174950443077691;1,59E+18;
1,92E+18;Thu May 15 12:30:45 +0000 2025;0;ponakan gue dapet ginian jir ini postcard newjeans x indomie kah? tp lucu sih bagus https://t.co/EQqbbBzhxy;1,92E+18;https://pbs.twimg.com/media/Gq_WvlNaAAESZDu.jpg;;in;;0;0;0;https://x.com/undefined/status/1922993049107349590;1,48E+18;
1,92E+18;Wed May 14 13:44:59 +0000 2025;7;@nineteenfreak Ini mah indomie korea ga sih? Yang sama newjeans itu;1,92E+18;;nineteenfreak;in;;0;0;0;https://x.com/undefined/status/1922649343338701000;1,82E+18;
1,92E+18;Wed May 14 09:46:17 +0000 2025;0;@taqibalqibul İni aku kmren beli Indomie 35rb lah totalnya dapet postcard newjeans dong aaaaa seneng bgt;1,92E+18;;taqibalqibul;in;;0;0;0;https://x.com/undefined/status/1922589271669477614;294528028;
1,92E+18;Wed May 14 09:31:32 +0000 2025;208;Dapet Indomie postcard NewJeans juga akhirnyaa gemes semua apalagi Minji duh! https://t.co/oKvz6AX43N;1,92E+18;https://pbs.twimg.com/media/Gq5lXjpWcAABPpR.jpg;;in;;1;292;84;https://x.com/undefined/status/1922585560507371855;294528028;
1,92E+18;Wed May 14 08:51:04 +0000 2025;217;Niat cuma beli Indomie yang rasa korea tapi pulangnya bawa mini postcard NewJeans https://t.co/4t6uESXdFH;1,92E+18;https://pbs.twimg.com/media/Gq5cHNHakAAwZVs.jpg;;in;;0;236;104;https://x.com/undefined/status/1922575379623010466;1,22E+18;
1,92E+18;Wed May 14 08:48:13 +0000 2025;76;Baru nyampe paket Indomie dari e-commerce dan isinya ada Indomie postcard NewJeans pengen pajang di kamar https://t.co/tkJLexN0hq;1,92E+18;https://pbs.twimg.com/media/Gq5bdF6WwAA8iUi.jpg;;in;;0;165;61;https://x.com/undefined/status/1922574662422106560;1,14E+18;
1,92E+18;Wed May 14 08:37:33 +0000 2025;111;Tadi beli Indomie karena laper terus pas buka dapet Indomie postcard NewJeans ya ampun seneng banget https://t.co/srCiFBVoVI;1,92E+18;https://pbs.twimg.com/media/Gq5Y_SKb0AAjjY-.jpg;;in;;0;157;63;https://x.com/undefined/status/1922571977455198477;1,27E+18;
1,92E+18;Tue May 13 14:22:27 +0000 2025;0;Siapa mau beli pc newjeans indomie edition #wts;1,92E+18;;;in;;0;0;0;https://x.com/undefined/status/1922296384507506894;1,54E+18;
1,92E+18;Tue May 13 12:49:54 +0000 2025;0;Muak gua dgn indomie goreng demi photocard newjeans ;1,92E+18;;;in;;0;0;0;https://x.com/undefined/status/1922273096058257412;1,50E+18;
1,92E+18;Tue May 13 12:45:06 +0000 2025;0;@puzzleaerim Intinya: sami mawon toksiknya wkwk.. Tp sekarang lebih suka benda pakai kayak hoodie Paling kalo postcard sejenisnya cuma nyari yg murah2 kayak bonus indomie kemaren. Sekedar punya-punyaan aja ujung2nya tergeletak di rak https://t.co/iNCv4jzu;1,92E+18;https://pbs.twimg.com/media/Gq1HlyCW8AAgY0B.jpg;Masmas_NewJeans;in;;0;0;0;https://x.com/undefined/status/1922271885909217774;273977169;
1,92E+18;Tue May 13 06:47:49 +0000 2025;0;@4tobimaru MAU HOI Indomie newjeans yah;1,92E+18;;4tobimaru;in;;0;1;0;https://x.com/undefined/status/1922181973872640045;1,77E+18;
1,92E+18;Tue May 13 05:38:42 +0000 2025;6560;NewJeans emg betulan idola! Nambah lagi koleksi gue Gue beli mini postcard set-nya Indomie ini di Super Indo Cilandak. Ada yang udh dapet? https://t.co/NrvmzvqbId;1,92E+18;https://pbs.twimg.com/media/GqzmfIEW0AA5jF7.jpg;;in;;64;245;262;https://x.com/undefined/status/1922164577464119344;1,32E+18;
1,92E+18;Tue May 13 05:11:40 +0000 2025;0; wts aab bts photocard jk v ina ୨୧ co ୨୧ include all ୨୧ dm for condition batam ୨୧ karna batam ada biaya cukai jadi kena pajak 18% yaa ୨୧ biaya pajak spay pas paket mau dikirim wts wtb photocard pc bts newjeans nj indomie postcard https://t.co/QoQw0Ma6ni;1,92E+18;https://pbs.twimg.com/media/GqzgTf5XMAAQfc8.jpg;;in;;1;0;0;https://x.com/undefined/status/1922157778174362042;402465149;
1,92E+18;Mon May 12 08:26:58 +0000 2025;0;Masa skrg beli indomie dapet pc NewJeans? ;1,92E+18;;;in;;0;0;0;https://x.com/undefined/status/1921844536893927907;1,46E+18;
1,92E+18;Sun May 11 16:13:37 +0000 2025;1;@orangitemm Indomie korean yg collab sama newjeans mas;1,92E+18;;orangitemm;in;;0;1;0;https://x.com/undefined/status/1921599585413214513;1,38E+18;
1,92E+18;Sun May 11 12:40:38 +0000 2025;0;GUSY JUJURLY MIE SEDAP&gt;;;;;;;;;;;
1,92E+18;Sun May 11 12:40:07 +0000 2025;0;wtf no one told me kalo mie sedap lebih gak micin dr indomie kayak WOYYY BISA BISANYA W SEUMUR IDUP MAKAN INDOMIE ok mksi. No offense y mff utk pecinta newjeans(aku);1,92E+18;;;in;;0;3;0;https://x.com/undefined/status/1921545856177651988;1,46E+18;
1,92E+18;Sun May 11 05:48:39 +0000 2025;1;OPEN JASTIP K-FUN FEST X Indomilk Chitato Indomie (edisi Seventeen &amp;;;;;;;;;;;
1,92E+18;Sun May 11 05:15:53 +0000 2025;77;Ayo siapa yang kemarin ketinggalan? Jangan sampai ketinggalan lagi yaa~ Beli Indomie min. 35K (varian apa aja) di Super Indo/ Official Store &amp;;;;;;;;;;;
1,92E+18;Sun May 11 04:57:27 +0000 2025;0;OPEN JASTIP K-FUN FEST X Indomilk Chitato Indomie (edisi Seventeen &amp;;;;;;;;;;;
1,92E+18;Sat May 10 06:22:56 +0000 2025;0;#everyvvonu_jastip secured 3 chitato + ls bag 2 indomilk 2 indomie yg masih mau jastip chitato (kecuali warna rqs) with ls bag indomie newjeans njz indomilk scoups wonwoo vernon cherry kucing bear bisa lgsng dm yah!! https://t.co/pB7K8ABDe6;1,92E+18;https://pbs.twimg.com/media/GqkTzrpbcAI2KQe.jpg;everyvvonu;in;;1;2;0;https://x.com/undefined/status/1921088546149928994;1,33E+18;
1,92E+18;Fri May 09 11:18:31 +0000 2025;0;up. jastip k-fun kvibes chitato cp indomie dan indomilk package fee jastip 10k (indomilk indomie) fee jastip 15k (chitato) bisa cod langsung sekitar jakbar bisa via oren atau gosend/grbxpress t. chitato rqs indomilk pvc bag vernon scoups wonwoo newjeans indomie;1,92E+18;;;in;;0;0;1;https://x.com/undefined/status/1920800546631348388;1,33E+18;
1,92E+18;Fri May 09 11:13:42 +0000 2025;1201; Ada yang baru dari Indomie! Beli varian apa aja min. 35K di Super Indo dan Indomie official store kamu bisa dapet Mini Postcard Set terbaru dari Indomie &amp;;;;;;;;;;;
1,92E+18;Fri May 09 09:29:53 +0000 2025;0;Newjeans tetiba indomie pulak dah;1,92E+18;;;in;;0;0;0;https://x.com/undefined/status/1920773206371082505;511887138;
1,92E+18;Fri May 09 09:24:06 +0000 2025;12;Hai Indomielovers mau seru-seruan + dapet hadiah? Jangan lupa datang dan ajak Bestie Crush atau Keluarga Hari Sabtu &amp;;;;;;;;;;;
1,92E+18;Thu May 08 11:14:11 +0000 2025;11;Indomielovers udah siap belum nyobain Authentic Taste yang Korea banget dan Playful Journey bareng Indomie Korean Ramyeon Series? Yuk datang ke K-FUN FEST Hari Sabtu &amp;;;;;;;;;;;
1,92E+18;Thu May 08 04:50:59 +0000 2025;2;Hari ini Minji dari NewJeans membuat kejutan manis dengan mengunjungi birthday cafe event yang diselenggarakan oleh para penggemarnya. Dalam momen tersebut gadis kelahiran 7 Mei 2004 itu tidak lupa mempromosikan mempromosikan produk Indomie menunjukkan dukungannya secara https://t.co/j7FK8X519J;1,92E+18;https://pbs.twimg.com/media/GqZrntWWoAAL-tX.jpg;;in;;0;0;0;https://x.com/undefined/status/1920340632834592986;430845087;
1,92E+18;Wed May 07 15:13:06 +0000 2025;11;Oh My Good! Indomie bareng Indomilk &amp;;;;;;;;;;;
1,92E+18;Wed May 07 10:32:33 +0000 2025;0;@holly111i @with_koma COY IYA LG ANJIR???? KURANG MECIN AJGGGG buat klen pecinta indomie mau yg mecin bgt indomie varian ayam geprek yg rasanya masih mecin bgt ges ayo cobain (dengan nada brand ambassador seperti newjeans);1,92E+18;;leitedeomca;in;;0;1;0;https://x.com/undefined/status/1920064200556310705;1,68E+18;
1,92E+18;Wed May 07 09:32:44 +0000 2025;0;gua beli indomie kuah 100 rebu kirain dapet postcard newjeans ternyata harus beli yg GORENG ;1,92E+18;;;in;;0;1;0;https://x.com/undefined/status/1920049146830213155;1,21E+18;
1,92E+18;Wed May 07 08:39:51 +0000 2025;1;@newjeans_loop indomie seleraku iyah ga minj?;1,92E+18;;newjeans_loop;in;;0;0;0;https://x.com/undefined/status/1920035842166489494;888704610;
1,92E+18;Wed May 07 05:31:36 +0000 2025;0;@newjeans_loop Ada Indomie coy;1,92E+18;;newjeans_loop;in;;0;0;0;https://x.com/undefined/status/1919988464885604539;1,04E+18;
1,92E+18;Wed May 07 04:07:19 +0000 2025;0;@newjeans_loop Ada indomie goreng cuy Minjiyaa sehat selalu yaaa;1,92E+18;;newjeans_loop;in;;0;0;0;https://x.com/undefined/status/1919967256504655908;67866459;
1,92E+18;Tue May 06 09:01:01 +0000 2025;0;Indomie x NewJeans dapet mini Postcard set Bisa cek disini https://t.co/swKqfBddXS https://t.co/Klng7R4POj;1,92E+18;https://pbs.twimg.com/media/GqQRqoZbAAADOEF.jpg;;in;;0;0;0;https://x.com/undefined/status/1919678778013323661;8,09E+17;
1,92E+18;Mon May 05 13:33:02 +0000 2025;0;@DeathRails iyaa tadi abis makan indomie newjeans;1,92E+18;;DeathRails;in;;0;1;0;https://x.com/undefined/status/1919384844653777024;2240729012;
1,92E+18;Mon May 05 11:51:10 +0000 2025;0;trying indomie x newjeans yang varian k rose oh god ternyata emang lidah gue gak bisa menyatu dengan yang bau bau carbonara atau rose gitu kecuali rose tokpokinya red dog :) indomie nomor satu masih aceh ;1,92E+18;;;in;;0;0;0;https://x.com/undefined/status/1919359212347691452;1,37E+18;
1,92E+18;Mon May 05 10:24:58 +0000 2025;13;Yeyyy akhirnya postcard Indomie x MHDHH aku sampai #OhMyGoodItsIndomie https://t.co/d8Xk0tPVxk;1,92E+18;https://pbs.twimg.com/media/GqLbS95asAAAVH8.jpg;;in;;0;0;0;https://x.com/undefined/status/1919337518345891949;1,70E+18;
1,92E+18;Mon May 05 10:22:44 +0000 2025;0;@skeloveska ada indomie collab newjeans itu;1,92E+18;;skeloveska;in;;0;0;0;https://x.com/undefined/status/1919336957739425989;1,42E+18;
1,92E+18;Sat May 03 13:11:11 +0000 2025;1;wts postcard newjeans | indomie x new jeans bisa co di oren #wts #NewJeans #photocard https://t.co/Axa2w4qn5o;1,92E+18;https://pbs.twimg.com/media/GqBuJ7baYAAXmve.jpg;;in;;0;0;0;https://x.com/undefined/status/1918654572823994384;1,20E+18;
1,92E+18;Sat May 03 11:07:28 +0000 2025;4;Ya lo bawa² logical fallacy Gw tanya skrng lo masih mempermasalahkan indomie X Newjeans itu kan ? Gw dritadi baca mana ada lo bawa2 ador. Touch some grass;1,92E+18;;;in;;0;0;0;https://x.com/undefined/status/1918623436328640526;1,88E+18;
1,92E+18;Fri May 02 13:47:24 +0000 2025;0;@minjisuroboyo Ga konsisten apa njir Ya emg jarang mention newjeans cuma nama member Plus yg gw suruh tuntut krn ngadain survey lewat third party Lagian akhirnya sempet ditakedown artinya indomie_kr aware sama pengumuman ador ttg masalah survei2 itu proba;1,92E+18;;minjisuroboyo;in;;0;0;0;https://x.com/undefined/status/1918301299449495920;1,85E+18;
1,92E+18;Fri May 02 13:27:02 +0000 2025;0;@dontbebIu @wndfJIHYE Ko kocak lu melenceng kemana2 KALAU-pun indomie ngerasa DIRUGIIN atas situasi sengketa hukum antara njz sama ador Indomie BISA nuntut ke ador atas tidak kondusif situasi promosi brand indomie dgn newjeans ;1,92E+18;;dontbebIu;in;;0;0;0;https://x.com/undefined/status/1918296174148374713;1,85E+18;
1,92E+18;Fri May 02 12:52:14 +0000 2025;0;@dontbebIu @wndfJIHYE Terus apa ngaruhnya indomie yg teken sm manajemen lama? Lu kira indomie kaya newjeans?? Ngebatalin kontrak/ga ngehormati ador AS company/agency;;;;;;;;;;;
1,92E+18;Fri May 02 12:31:31 +0000 2025;5;@722whp @Ayrien_Kim Lihat ig nya indomie wkwk. Udh jelas² Indomie | NewJeans https://t.co/cE7W6RB4aD;1,92E+18;https://pbs.twimg.com/media/Gp8bXeEboAAGTdF.jpg;722whp;in;;0;0;0;https://x.com/undefined/status/1918282202737185056;3038820883;
1,92E+18;Fri May 02 12:16:06 +0000 2025;0;@dontbebIu @wndfJIHYE Ador scr hukum pny copyright atas brand newjeans Tp setelah ador ngumumin kalo tindakan njz illegal mengganti nama sepihak sblm proses hukum indomie ttp nulis nama member doang 2) yg gw tulis itu tuntut krn pake pihak KETIGA utk surv;1,92E+18;;dontbebIu;in;;0;1;0;https://x.com/undefined/status/1918278323979075765;1,85E+18;
1,92E+18;Fri May 02 04:18:39 +0000 2025;0;pake tas mission no.9? entar aku bawa tas pvc indomie newjeans;1,92E+18;;;in;;0;0;0;https://x.com/undefined/status/1918158166715756681;8,20E+17;
1,92E+18;Thu May 01 18:32:03 +0000 2025;0;postcard newjeans yg indomie sedus bjir banyak banget niiii mo gua buka in sayang;1,92E+18;;;in;;0;1;0;https://x.com/undefined/status/1918010546697412804;9,30E+17;
1,92E+18;Thu May 01 14:38:19 +0000 2025;0;Bahkan u know.. Indomie... Dari akhir tahun lalu mereka hubungin beberapa fanbase NewJeans. Bahkan ajakin zoom meeting. Terus yg baru kemarin sama tim bunnies dan meskipun ada kendala dari ADOR dan bbrp komentar negatif dari haters acaranya tetap berjalan dengan lancar;1,92E+18;;onevzaa;in;;0;1;0;https://x.com/undefined/status/1917951724251480434;1,49E+18;
1,92E+18;Thu May 01 13:10:46 +0000 2025;590; Kasian CK putusin kontraknya sama NJ gara gara rebranding jadi NJZ *Gak lama langsung kolab official dan gak pake nama NewJeans tapi pake nama member Pop up Indomie batal dan ador bisa nuntut Indomie kalo maksa buat acaranya Acara tetep jadi dan iklan di mana mana ;1,92E+18;;;in;;4;4;100;https://x.com/undefined/status/1917929691744501874;1,89E+18;
1,92E+18;Thu May 01 12:18:16 +0000 2025;7;@maewishie tapi karna emg pop up indomie newjeans ini ada disleuruh dunia dan legal tetep di buka meskipun udah dibikin medplay sama diserang buzzer kuning segala macem maju terus indofood nih tweet ador dan team bunnies https://t.co/L6WN4pnZzM https://t.;1,92E+18;;gcrlhyein;in;;0;0;0;https://x.com/undefined/status/1917916477946306887;2795641115;
1,92E+18;Thu May 01 10:19:11 +0000 2025;0;#nwask cinta ada yang tau ga newjeans x indomie postcard yg ver 2 ini dimana dapetnya https://t.co/FbrSiQNBOg;1,92E+18;https://pbs.twimg.com/media/Gp2zndsbIAAAnum.jpg;;in;;0;0;0;https://x.com/undefined/status/1917886509568704981;1,88E+18;
1,92E+18;Thu May 01 09:50:10 +0000 2025;0;indomie keluarin postcard newjeans baru lagi ada di shopee atau tiktok shop https://t.co/X99cIceWoa https://t.co/iuY2HCoggv;1,92E+18;https://pbs.twimg.com/media/Gp2s-GCbUAAJklL.jpg;;in;;0;0;0;https://x.com/undefined/status/1917879208107454873;1,37E+18;
1,92E+18;Thu May 01 08:39:25 +0000 2025;0;BURUAN beli indomie bisa langsung dapet Mini Postcard Set Indomie x NewJeans NJZ https://t.co/0i9xoZHqe0 https://t.co/wHdUXtgF3n;1,92E+18;https://pbs.twimg.com/media/Gp2cxsMawAA29IC.jpg;;in;;0;0;0;https://x.com/undefined/status/1917861404193026170;8,09E+17;
1,92E+18;Thu May 01 06:08:05 +0000 2025;6;enak banget bjil fiery chikin dibikin nyemek #OhMyGoodItsIndomie https://t.co/gxfBlMDvnV;1,92E+18;https://pbs.twimg.com/media/Gp16HOpaYAAC4S0.jpg;;in;;0;0;0;https://x.com/undefined/status/1917823318599819659;1,50E+18;
1,92E+18;Wed Apr 30 16:27:48 +0000 2025;0;guys ada yang nyari postcard newjeans indomie atau pc itzy skz ultramilk gak?? gue punya banyak banget yang mau adopsi boleh bangett;1,92E+18;;;in;;0;2;0;https://x.com/undefined/status/1917616887019794786;1,53E+18;
1,92E+18;Tue Apr 29 07:28:26 +0000 2025;0;@Listalivia @Snper22 tanya karena ga ngikutin jadi indomie collab ma newjeans tu ga lewat ador???;1,92E+18;;Listalivia;in;;0;1;0;https://x.com/undefined/status/1917118764912677297;418276741;
1,92E+18;Tue Apr 29 04:12:02 +0000 2025;0;@ednmza rawon juga enak! indomie newjeans yang ramen itu? paling enak yang mana din?;1,92E+18;;ednmza;in;;0;1;0;https://x.com/undefined/status/1917069340643659987;1,54E+18;
1,92E+18;Tue Apr 29 04:10:10 +0000 2025;0;@dhirggi UDAH PERNAH. Itu enak bangeet yang rawon juga enaaak tapi aku lagi suka Indomie NEWJEANS WKWKWKWK.;1,92E+18;;dhirggi;in;;0;1;0;https://x.com/undefined/status/1917068870604685705;1,58E+18;
1,92E+18;Mon Apr 28 04:53:30 +0000 2025;1;@Danielkyugf @etaernalmin @daratatawarning @a1071364 @Indomielovers Kayaknya brand Indomie udah terlalu besar sih untuk sekedar hancur keseret NewJeans. Kecuali ADOR atau pengadilan Korea mau menegur Indomie karena lancang melangkahi keputusan hukum penga;1,92E+18;;weirdpastelrest;in;;0;1;0;https://x.com/undefined/status/1916717388583895323;1,47E+18;
1,85E+18;Sun Apr 27 20:46:42 +0000 2025;0;@Indomielovers Lagi rame nih di korea katanya Indomie batalin iklan bareng NewJeans ini hahaha.;1,92E+18;;Indomielovers;in;;0;0;0;https://x.com/undefined/status/1916594879809065437;538184084;
1,92E+18;Sun Apr 27 14:15:32 +0000 2025;0;@Melody_doremi3 nah form itu untuk data demografi konsumen yg ada di korea. karena ini pop up store indomie x newjeans pertama di korea jadi indomie butuh data perkiraan berapa banyak stok yg harus dijual disana. nah nanti yg po bisa beli lewat email yg d;1,92E+18;;onevzaa;in;;0;0;0;https://x.com/undefined/status/1916496437115789524;1,49E+18;
1,92E+18;Sun Apr 27 14:11:25 +0000 2025;0;@Melody_doremi3 fyi team bunnies ini akun fanbase newjeans kak yg ada di korea. nah acara indomie ini kan nggak cuma di korea aja tapi diluar korea juga ada. tahun lalu juga indomie vietnam hubungin fanbase newjeans fund dan diajak zoom bareng juga. jadi ;1,92E+18;;Melody_doremi3;in;;0;1;0;https://x.com/undefined/status/1916495405090767148;1,49E+18;
1,92E+18;Sun Apr 27 14:07:30 +0000 2025;0;@Listalivia @Melody_doremi3 ngurusin transaksi bisnis newjeans terus2an whenn? source please. yg indomie itu jg nggak cuma team bunnies tapi indomie hubungin akun fanbase newjeans lain diajak zoom bareng juga;1,92E+18;;Listalivia;in;;0;0;0;https://x.com/undefined/status/1916494418745721322;1,49E+18;
1,92E+18;Sun Apr 27 10:38:46 +0000 2025;0;@ChinguStars @Listalivia @Snper22 @Listalivia @Snper22 Ya bener. Pop-up store NewJeans x Indomie resmi di Seoul (1-13 Mei 2025) tapi ada akun fan tidak resmi seperti Team Bunnies yang coba kumpulin data pribadi lewat survei tanpa izin ADOR. Indomie hapus ;1,92E+18;;ChinguStars;in;;0;0;0;https://x.com/undefined/status/1916441887277453687;1,72E+18;
1,92E+18;Sun Apr 27 08:30:46 +0000 2025;1;@screwp0cket @Listalivia @emgmales @Snper22 Yaelah kalo mau bicara masalah hukum sekalian aja noh brand CK yg gaet mereka tanpa embel2 NewJeans itu kan pake pake nama PERSONAL MEMBER sekalian tuntut brand CK nya wkwkwkwk klo Indomie x NJ apakah mau dilapo;1,92E+18;;screwp0cket;in;;0;1;0;https://x.com/undefined/status/1916409673760096464;1,64E+18;
1,92E+18;Sun Apr 27 08:13:47 +0000 2025;6;@Snper22 Lalu berita penjualan ramen limited edition NewJeans sudah dihapus Indomie dan Indofood.;1,92E+18;;Listalivia;in;;0;0;0;https://x.com/undefined/status/1916405403073626522;1,47E+18;
1,92E+18;Sun Apr 27 06:32:03 +0000 2025;0;nggak salah kontak kok mereka juga hubungin newjeans fund vietnam + bbrp akun fanbase newjeans dan diajak zoom bareng buat diskusi terkait promosi indomie ini;1,92E+18;;;in;;0;2;0;https://x.com/undefined/status/1916379798881870218;1,49E+18;
1,92E+18;Sun Apr 27 05:02:39 +0000 2025;0;@emgmales @Snper22 Mereka kan mesti balik modal abis ngabisin duit buat Newjeans. Nah ini upaya mereka ngabisin stok. Indomie sendiri nggak majang ramen NJ di etalase di toko-toko berbagai kota besar di Indonesia malah diem-diem suruh toko Popmie di Korse;1,92E+18;;emgmales;in;;1;1;0;https://x.com/undefined/status/1916357299687592005;1,47E+18;
1,92E+18;Sun Apr 27 02:37:05 +0000 2025;0;Wkwk asli lu bisa banget NUNTUT indomie tau dor 1) almost never using newjeans 2) ngadain event tp ngontak pihak ketiga buat so called survei buat estimasi ketersediaan produk;1,92E+18;;;in;;0;0;0;https://x.com/undefined/status/1916320669740240957;1,85E+18;
1,92E+18;Sat Apr 26 23:42:35 +0000 2025;18;anying haters makin kesini makin ga nyambung beli indomie newjeans nanti data pembeli di pake ador teh apaaa coba;1,92E+18;;;in;;0;3;0;https://x.com/undefined/status/1916276755742232855;1,78E+18;
1,91E+18;Mon Apr 21 13:43:29 +0000 2025;0;cukub ngeongnya jawaban benarnya dia mau mie indomie newjeans dan pepero newjeans di rak makanan instan ya ^^ yang jawabnya ke rak makanan instan betul yang lain salah nyebut mie + pepero: + 50 nyebut salah satu mie/pepero: +25 ngeong: +30 like dan rt tambahin ky sblmnya https://t.co/0OOvx0Q6Zq;1,91E+18;https://pbs.twimg.com/media/GpECJbEbQAAq3Nf.png;RantauSelasa;in;;10;1;0;https://x.com/undefined/status/1914314045823570418;7,58E+17;
1,91E+18;Sat Apr 19 11:54:09 +0000 2025;0;1. Indomie goreng aceh 2. Indomie soto 3. Indomie ramyun newjeans;1,91E+18;;;in;;0;0;0;https://x.com/undefined/status/1913561754334089660;2654801917;
1,91E+18;Mon Apr 14 07:38:16 +0000 2025;1;1. TORI KARA 2. TORI MISO 3. SPICY LAKSA 4. POP MIE PANGSIT YG WARNA UNGU 5. HYPE ABIS AYAM GEPREK 6. SUKSES 2 AYAM GEPREK DAN RENDANG 7. MIE NEWJEANS YANG PINK 8. INDOMIE IJO 9. INDOMIE SAMBAL MATAH 10. INDOMIE RICA RICA 11. SPAGHETTI WOW ALL VARIAN 12. INDOMIE KARI 13. ACEH;1,91E+18;;;in;;0;0;0;https://x.com/undefined/status/1911685421832221181;1,82E+18;
1,91E+18;Mon Apr 14 03:10:55 +0000 2025;0;ternyata indomie yg BAnya newjeans ada kemasan yg cup yaa kupikir cuma ada buat kemasan mie pada umumnya aja (soalnya kebanyakan) https://t.co/sGGB4Mc7VK;1,91E+18;https://pbs.twimg.com/media/GodukVPWQAE9xpB.jpg;;in;;0;1;0;https://x.com/undefined/status/1911618141408641185;1,04E+18;
1,91E+18;Sat Apr 12 17:16:32 +0000 2025;0;@FOODFESS2 dah pernah nyobain hampir seluruh varian indomi ampe merk lain tapi bener2 nemu yg aseli enak nih ya INDOMIE NEWJEANS alias varian terbaru Indomie rasa korea (ada 3 varian 2 goreng 1 kuah HIGHLY RECOMMEND YG WARNA PINK demi apapun enak bgt ) ht;1,91E+18;https://pbs.twimg.com/tweet_video_thumb/GoWc7U6WcAA86ps.jpg;FOODFESS2;in;;0;0;0;https://x.com/undefined/status/1911106170372370789;1,82E+18;
1,91E+18;Sat Apr 12 05:57:10 +0000 2025;0;Mi goreng indomie newjeans enak gak;1,91E+18;;;in;;0;2;0;https://x.com/undefined/status/1910935201666281611;8,58E+17;
1,91E+18;Thu Apr 10 16:01:13 +0000 2025;0;@kirishibma @can_lialeyy @bemylight_____ @Hop3OnTheStage @archive4nad @latierravita Setauku photocards itu bisa untuk paket promosi bonusan album atau promo brand tertentu misalnya McD atau indomie. Seumpama indofood bayar 10 miliar ke ADOR untuk lisensin;1,91E+18;;kirishibma;in;;0;1;0;https://x.com/undefined/status/1910362440577294736;2934688181;
1,91E+18;Thu Apr 03 21:09:18 +0000 2025;0;ada yg mau postcard newjeans indomie ga? aku punya 2 tp mau jual 1 aja 18k udh incl. all co oren yaah;1,91E+18;;;in;;1;0;0;https://x.com/undefined/status/1907903259748233249;1,69E+18;
1,91E+18;Thu Apr 03 08:12:55 +0000 2025;0;ternyata iklan indomie newjeans beneran ada di tv wkwkwkkw;1,91E+18;;;in;;0;1;0;https://x.com/undefined/status/1907707874341695567;1,49E+18;
1,90E+18;Wed Apr 02 07:11:25 +0000 2025;1;@rinaaaq_ Anyway kalo cek perkembangan terbaru yang kasus MHJ ternyata pihak HYBE yang menang soal kontrak eksklusif member NewJeans (karena ini juga iklan Indomie x NewJeans sampai hari ini jalan terus di hampir semua TV nasional +62);1,91E+18;;rinaaaq_;in;;0;1;0;https://x.com/undefined/status/1907330011448889814;1127564263;
1,91E+18;Tue Apr 01 12:24:50 +0000 2025;0;@twelvejihoonie ka aku juga awalnya beli minum terus pas liat di display etalase kasir belakang dia naro bingkai kaya yang belakang terus aku tanya dulu ka stok post card indomie newjeans masih ada? pas dia bilang masih baru aku langsung beli jadi aku gam;1,91E+18;https://pbs.twimg.com/media/GncwopobQAAo4n9.jpg;twelvejihoonie;in;;0;1;0;https://x.com/undefined/status/1907046496966787213;1,62E+18;
1,91E+18;Tue Apr 01 11:39:55 +0000 2025;0;Kesel min ga terima padahal beli produk indomie x newjeans ga beli yg indomie biasaa tp ga dpt kesel;1,91E+18;;twelvejihoonie;in;;0;1;0;https://x.com/undefined/status/1907035191471972594;1,43E+18;
1,91E+18;Tue Apr 01 11:33:19 +0000 2025;0;Aku bilang Kak dapet photocard ga soalnya temenku beli dicabang lain dapet Ga kak gada muncul dimonitor Kan kalau beli min 35k dpt itu kak temenku prnah beli Disini ga ada yg dpt ini beli yang indomie putih Lah ini ga? Ini juga kan produk nya bareng newjeans -;1,91E+18;;twelvejihoonie;in;;1;1;0;https://x.com/undefined/status/1907033530925748603;1,43E+18;
1,91E+18;Tue Apr 01 11:31:56 +0000 2025;0;Wkwkwk kwesell pooolll sensi bgt bangke pegawai indomaret Berawal dari liat promo sosis fiezta dia bilang yg ada dikulkas yg ori yg ga ori aja yg promo tp habis oke aku jawab Lanjut beli mie indomie beli banyak pengen dpt photocard newjeans tapi udh belanja lebih 35k -;1,91E+18;;;in;;0;1;0;https://x.com/undefined/status/1907033183092342818;1,43E+18;
1,91E+18;Tue Apr 01 05:43:14 +0000 2025;0;@amandcee Tadi aku makan indomie newjeans;1,91E+18;;amandcee;in;;0;1;0;https://x.com/undefined/status/1906945430384185599;1,80E+18;
1,91E+18;Tue Apr 01 05:15:11 +0000 2025;0;Indomie x newjeans lebih menggoda daripada opor ayam ;1,91E+18;;;in;;0;0;0;https://x.com/undefined/status/1906938372083556590;2274219301;
1,91E+18;Sat Mar 29 14:47:43 +0000 2025;0;@fernandosbp Indomie newjeans terus numpang masak di tukang bakso. ;1,91E+18;;fernandosbp;in;;0;0;0;https://x.com/undefined/status/1905995289548456423;1,01E+18;
1,91E+18;Sat Mar 29 08:51:23 +0000 2025;0;wts exclusive postcard newjeans x indomie masih baru stok terbatas 35k dom samarinda wts wtb #zonauang #NewJeans #indomie https://t.co/3JhxvlhDYJ;1,91E+18;https://pbs.twimg.com/media/GnMjDZOaAAACihJ.jpg;;in;;0;0;0;https://x.com/undefined/status/1905905617187016817;1,44E+18;
1,91E+18;Fri Mar 28 06:50:53 +0000 2025;0;@cheshireith Makasih ya! Kalau idol 4th gen NewJeans populer banget di Indo apalagi buat Gen-Z soalnya media sosial mereka kuat &amp;;;;;;;;;;;
1,91E+18;Thu Mar 27 09:45:41 +0000 2025;0;indomie varian yang collab sama newjeans warna biru enakkkk! buat yang gak bisa makan pedes itu gak pedes ;1,91E+18;;;in;;0;4;0;https://x.com/undefined/status/1905194507131609186;1,44E+18;
1,90E+18;Tue Mar 25 18:28:34 +0000 2025;0;indomie newjeans yang pink rose ga enak anjir;1,90E+18;;;in;;0;0;0;https://x.com/undefined/status/1904601318494556609;1,76E+18;
1,90E+18;Tue Mar 25 17:21:56 +0000 2025;0;open jastip Postcard New Jeans special edition collab with Indomie (for serious buyer only) 46.000 (postcard + frame + Indomie goreng 12pcs) Karanganyar Jateng ️ melayani cod untuk Kra-Solo bisa co oren (blm termasuk ongkir) #postcard #newjeans #kpopsale #zonauang️ https://t.co/bDAixNfuNZ;1,90E+18;https://pbs.twimg.com/media/Gm5xi9_a8AAam7q.jpg;;in;;0;0;0;https://x.com/undefined/status/1904584548530479181;1044147115;
1,90E+18;Tue Mar 25 14:27:51 +0000 2025;0;ada yang cari postcard newjeans bonusan dari indomie gaa??? aku punya 2 set soalnya (krn bapakku dpt terus );1,90E+18;;;in;;0;1;0;https://x.com/undefined/status/1904540737875968252;9,54E+17;
1,90E+18;Mon Mar 24 05:36:54 +0000 2025;1;gais aku dikasih abangku postcard newjeans gini sampe 3 set mau diapain ya postcard indomie https://t.co/3QVhXrHW1f;1,90E+18;https://pbs.twimg.com/media/GmyGi7FbsAA2nN_.jpg;;in;;0;1;0;https://x.com/undefined/status/1904044733464523228;1,83E+18;
1,90E+18;Mon Mar 24 05:36:45 +0000 2025;0;#a guyss aku dikasih abangku postcard newjeans indomie ini sampe 3 set bingung mau diapainn https://t.co/mRG05plLcf;1,90E+18;https://pbs.twimg.com/media/GmyGhF0aAAA3mSb.jpg;;in;;0;1;0;https://x.com/undefined/status/1904044696500097144;1,83E+18;
1,90E+18;Mon Mar 24 04:33:34 +0000 2025;0;*direktur ke meja gw* ‍: ini siapa? : newjeans pak BA nya indomie ‍: cantik2 ya bisa kali ya kita pake BA korea? dalem ati gw ud mau teriak BOLEH PAK PAKE AESPA BOLEH BANGET SAYA BIKIN DECK NYA GPP https://t.co/Dfjbmno1J2;1,90E+18;https://pbs.twimg.com/media/Gmx4GHxbUAEkt_p.jpg;;in;;0;3;0;https://x.com/undefined/status/1904028795587445000;1,66E+18;
1,90E+18;Sun Mar 16 19:48:44 +0000 2025;0;postcard set indomie x newjeans (njz) udah hadir di batam rupanya https://t.co/LvWQPC24tb;1,90E+18;https://pbs.twimg.com/media/GmL814raQAAa_PI.jpg;;in;;0;0;0;https://x.com/undefined/status/1901360002830626918;503873317;
1,90E+18;Sun Mar 16 14:13:24 +0000 2025;0;kemarin pengennya indomie newjeans giliran udah beli malah pengen indomie soto;1,90E+18;;;in;;0;0;0;https://x.com/undefined/status/1901275611995218240;3285130260;
1,90E+18;Sun Mar 16 13:23:46 +0000 2025;4;LUCU BANGETT mamah pulang dari indomaret nenteng postcard newjeans × indomie : Kakk mama bawa ini~ kata mbak nya beli minimal 30an dapet ini : Ihh kirain gaada disini kok dapett beli berapa dah? : mama beli mie 20 bungkus ya dapet https://t.co/RJQyzfbeOe;1,90E+18;https://pbs.twimg.com/media/GmKku3aaoAAxWT0.jpg;;in;;0;1;0;https://x.com/undefined/status/1901263122125729842;1,50E+18;
1,90E+18;Sat Mar 15 11:54:39 +0000 2025;4;Aku open lg Indomie murah harganya 2.700 - 4.500 aja yaa limited stock jd cepet cepetan aja yaa buat postcard newjeans nya aku masih jual yaa udah free Indomie juga https://t.co/SXzxxUtkm3;1,90E+18;https://pbs.twimg.com/media/GmFGu0kbcAQ-GdD.jpg;;in;;0;2;0;https://x.com/undefined/status/1900878305303375991;1,52E+18;
1,90E+18;Sat Mar 15 11:29:31 +0000 2025;2;budak! Beli Indomie yang dapat postcard newjeans tu bise di semue toko ke budak? Atau cuma di indomar*t same Alf*mart? https://t.co/YvjNm1XRWi;1,90E+18;https://pbs.twimg.com/media/GmFA_fqaQAACcsO.jpg;;in;;0;3;0;https://x.com/undefined/status/1900871979756122572;1,21E+18;
1,90E+18;Fri Mar 14 22:04:55 +0000 2025;16;OMG Indomie Korean Series x NewJeans kalau beli bundle dapet postcard NewJeans! jadi bundle ini dapet 6pcs indomie Korean series 1 set postcard NewJeans https://t.co/rE6JdxlUkU #Minji #Hanni #Danielle #Haerin #hyein #Kpop #NJZ @Indomielovers https://t.co/vdsnaliwRR;1,90E+18;https://pbs.twimg.com/media/GmCI1BUaEAAAd1A.jpg;;in;;1;1;10;https://x.com/undefined/status/1900669496811286698;7,61E+17;
1,90E+18;Fri Mar 14 15:51:43 +0000 2025;0;Btw kemaren ke alfamart nanya soal pack indomie newjeans. Katanya udh gak adaadanya di online doang;1,90E+18;;;in;;0;0;0;https://x.com/undefined/status/1900575579113443756;1,29E+18;
1,90E+18;Fri Mar 14 14:12:43 +0000 2025;0;asikkk akhirnya dapet postcard newjeans x indomie trs di swalayan domku ada yg dapet gift kipas lipat mantep bener https://t.co/yScWcYb5NG;1,90E+18;https://pbs.twimg.com/media/GmAcvvgaoAAXE9m.jpg;;in;;0;0;0;https://x.com/undefined/status/1900550664486260964;1,50E+18;
1,90E+18;Fri Mar 14 13:27:46 +0000 2025;2;Udah sampe dari kemaren belum dianboksing isinya. Sekalian mau dibuat konten awikwok #OhMyGoodItsIndomie #Indomie https://t.co/kz7xkXHEAx;1,90E+18;https://pbs.twimg.com/media/GmASTB5WcAAqQep.jpg;;in;;0;0;0;https://x.com/undefined/status/1900539350796108050;4888625689;
1,90E+18;Fri Mar 14 12:17:51 +0000 2025;3;Dapet dari indomie yg NewJeans set itu https://t.co/CkHVO4cNwD;1,90E+18;https://pbs.twimg.com/media/GmACdkdbYAAVwL9.jpg;;in;;0;0;0;https://x.com/undefined/status/1900521757137662186;1,15E+18;
1,90E+18;Fri Mar 14 11:04:27 +0000 2025;0;terima kasih newjeans aku jadi beli varian indomie selain indomi goreng ;1,90E+18;;;in;;0;0;0;https://x.com/undefined/status/1900503283216601165;1,55E+18;
1,90E+18;Fri Mar 14 10:45:09 +0000 2025;1;Tadi di indomaret ada poca newjeans kayaknya. Pas gue tanya harus beli berapa indomie biar dapet. Katanya 35k indomie baru dapet. Murah sih tapi siapa yang mau makan indomie sebanyak itu anjeeer wkwkwk;1,90E+18;;;in;;0;1;0;https://x.com/undefined/status/1900498429014659544;1,41E+18;
1,90E+18;Thu Mar 13 19:33:04 +0000 2025;0;gue ga boleh terlalu sering makan mie instan tapi dengan sadar dan dengan semangatnya gue beli indomie x newjeans demi frame lucu adik2ku... sampe detik ini tu mie kaga habis2 pdhal gue beli 39rb dapat 9 dari awal puasa sampe skrg belum habis;1,90E+18;;;in;;0;2;0;https://x.com/undefined/status/1900268894004400329;1,81E+18;
1,90E+18;Thu Mar 13 13:16:02 +0000 2025;0;Harus beli berapa biji anjir itu mie sampe 35k buat dapetin foto newjeans masalahnya di rumah udah ada 2 kardus indomie;1,90E+18;;;in;;0;2;0;https://x.com/undefined/status/1900174013240140161;1,77E+18;
1,90E+18;Wed Mar 12 15:09:50 +0000 2025;0;Newjeans literally nyuruh kita untuk makan indomie sama minum cocacola banyak-banyak. Oke ;1,90E+18;;;in;;0;0;0;https://x.com/undefined/status/1899840262727459277;9,52E+17;
1,90E+18;Wed Mar 12 06:03:18 +0000 2025;3891;Yang ditunggu-tunggu akhirnya dateng jugaa! Indomie baru aja rilis postcard spesial featuring Minji Danielle Hanni Haerin sampe Hyein gemes parahhh! Bunnies udah siap koleksi belum nih? Jangan sampe ketinggalan yaa~ #OhMyGoodItsIndomie #Indomie #Minji #Hanni https://t.co/f3mkH7bNRZ;1,90E+18;https://pbs.twimg.com/media/Gl0ZjaBbkAAl7zo.jpg;;in;;46;31;115;https://x.com/undefined/status/1899702721722347779;1078999759;
1,90E+18;Tue Mar 11 03:54:08 +0000 2025;0;INDOMIE NEWJEANS KALO DI PYK CARI DIMANA WOI ....;1,90E+18;;;in;;0;1;0;https://x.com/undefined/status/1899307827233161511;1,27E+18;
1,90E+18;Mon Mar 10 17:44:14 +0000 2025;40;Makan bareng pacar dan adik ipar #OhMyGoodItsIndomie https://t.co/e8msLyvY0R;1,90E+18;https://pbs.twimg.com/media/GlsmzR_bsAANh1-.jpg;;in;;0;3;4;https://x.com/undefined/status/1899154344383299637;1,70E+18;
1,90E+18;Mon Mar 10 13:27:41 +0000 2025;0;Saya cinta indomie dan newjeans https://t.co/M7xjrrveje;1,90E+18;https://pbs.twimg.com/media/GlrrrHubUAADu73.jpg;;in;;0;1;0;https://x.com/undefined/status/1899089778420977749;1,47E+18;
1,90E+18;Mon Mar 10 13:19:25 +0000 2025;9115;NewJeans/NJZ jadi GBA Indomie antis sok boikot tapi gak ngaruh ke penjualan Indomie ada iklan NJZ di KRL boikot naik ke transum lain TAPI nyatanya gak ngaruh juga masih desek desekan. Lucu nih kalo NJZ jadi BA PLN kayanya mereka juga rela pake lilin / lampu semprong demi ego;1,90E+18;;;in;;155;93;974;https://x.com/undefined/status/1899087697458983366;9,54E+17;
1,90E+18;Mon Mar 10 12:35:06 +0000 2025;57;Ini bahkan indomie aja tetep mertahanin mereka dan yg lucunya direktur indofood langsung nyebut mereka udah bukan newjeans tapi nama member satu2;1,90E+18;;;in;;0;1;5;https://x.com/undefined/status/1899076545270120682;1,33E+18;
1,90E+18;Mon Mar 10 11:51:28 +0000 2025;0;@viachandesu indomie goreng NewJeans bareng sama Minji nya langsung;1,90E+18;;viachandesu;in;;0;1;0;https://x.com/undefined/status/1899065565668598131;1,25E+18;
1,90E+18;Sun Mar 09 17:48:44 +0000 2025;0;@aaloesungjae Ke indomaret beli indomie 35k ( tp tnya dlu ke kasir kek mas/mba bli indomie ada bonus poscard ga ) klo ada km beli deh udh psti dpt kok klo avail tp variasi indomienya setau ak hrus yg sm newjeans jg by;1,90E+18;;aaloesungjae;in;;0;1;0;https://x.com/undefined/status/1898793085821476935;1,49E+18;
1,90E+18;Sun Mar 09 15:39:55 +0000 2025;0;indomie yg collab sama newjeans enak enak jir kecuali yg ramyeon itu kurang suka;1,90E+18;;;in;;0;0;0;https://x.com/undefined/status/1898760667278319654;1,39E+18;
1,90E+18;Sun Mar 09 14:35:31 +0000 2025;0;Indomie newjeans yang ramyun pedes bgt gakuattt;1,90E+18;;;in;;0;0;0;https://x.com/undefined/status/1898744464015053100;1,67E+18;
1,90E+18;Sun Mar 09 10:59:30 +0000 2025;10;kasian mau main game favorit jadi susah mau makan indomie ga bisa mau ke korea takut disambut foto newjeans di airport ;1,90E+18;;;in;;0;0;1;https://x.com/undefined/status/1898690098113532260;1,70E+18;
1,90E+18;Sun Mar 09 05:00:47 +0000 2025;3;Yuk aku open lg Indomie X Newjeans yaa rasanya macem macem nih harganya masih sama yaa 2.700 - 4.000 aja buat yg mau beli postcard nya aja aku ada yaa https://t.co/aG28wnUKRN;1,90E+18;https://pbs.twimg.com/media/GlkudUJa0AAXRoO.jpg;;in;;0;2;3;https://x.com/undefined/status/1898599824485912870;1,52E+18;
1,90E+18;Sun Mar 09 03:14:51 +0000 2025;1;Ya Allah Indomie newjeans ;1,90E+18;;;in;;0;0;0;https://x.com/undefined/status/1898573165183525287;1,72E+18;
1,90E+18;Sat Mar 08 14:12:42 +0000 2025;7;tas indomie newjeans warna biru rem udah sampe https://t.co/UFBHmRj36M;1,90E+18;https://pbs.twimg.com/media/GlhjNewa4AAOORl.jpg;;in;;0;5;0;https://x.com/undefined/status/1898376333052514612;1,44E+18;
1,90E+18;Sat Mar 08 13:03:15 +0000 2025;0;@hellaplace ini beli indomie nya bisa bebas atau harus yg collab sama newjeans?;1,90E+18;;hellaplace;in;;0;1;0;https://x.com/undefined/status/1898358853718233141;1,88E+18;
1,90E+18;Sat Mar 08 11:22:56 +0000 2025;1;@skynieszmn Mau nyobain indomie × newjeans. Telat bgt ya aku;1,90E+18;;skynieszmn;in;;0;0;0;https://x.com/undefined/status/1898333608454009084;1,71E+18;
1,90E+18;Sat Mar 08 10:12:38 +0000 2025;0;sedih banget beli indomie newjeans tapi gak dibolehin ambil fotonya ;1,90E+18;;;in;;0;1;0;https://x.com/undefined/status/1898315918272602209;1,78E+18;
1,90E+18;Sat Mar 08 08:59:25 +0000 2025;2;seriusan yg udah dapet ini bagi pengalaman please #njz #NJZ_REDEBUT #indomie #newjeans https://t.co/L7Mnshwbr1;1,90E+18;https://pbs.twimg.com/media/GlgbX1kaMAA2JqF.jpg;;in;;0;0;0;https://x.com/undefined/status/1898297493391135020;581013467;
1,90E+18;Sat Mar 08 06:01:34 +0000 2025;0;nyari indomie x newjeans di alfamidi malah ketemu ini indomienya gak ada https://t.co/KSLxTlD45C;1,90E+18;https://pbs.twimg.com/media/Glfyy-obwAA4cbm.jpg;;in;;0;1;0;https://x.com/undefined/status/1898252735423955216;8,01E+17;
1,90E+18;Fri Mar 07 14:48:23 +0000 2025;1;buset berasa ngaca ini mah indomie x newjeans https://t.co/203W6Tl4IT;1,90E+18;https://pbs.twimg.com/media/Glchx5jbwAI0skH.jpg;;in;;0;0;0;https://x.com/undefined/status/1898022925451903190;1,09E+18;
1,90E+18;Fri Mar 07 13:24:08 +0000 2025;2;wah dapet postcard NJ ternyata... #ตลาดนัดนิวจีนส์ #NewJeans #NJZ #indomie https://t.co/uOQ2E9pnwF;1,90E+18;https://pbs.twimg.com/media/GlcOZwlbcAEh_4U.jpg;;in;;0;0;0;https://x.com/undefined/status/1898001720833429583;1,65E+18;
1,90E+18;Fri Mar 07 12:50:57 +0000 2025;21;LUCUUU BANGET! @indomielovers postcard featuring Minji Hanni Danielle Haerin dan Hyein tiap beli Indomie! Hunting di Indomaret akhirnya dapat minimal beli 35K Indomie apapun! sc images by x @priomada #OhMyGoodItsIndomie #Minji #Hanni #Danielle #Haerin #Hanni #Kpop https://t.co/0vRLiRUleL;1,90E+18;https://pbs.twimg.com/media/GlcGukWbwAAh_bS.jpg;;in;;0;5;4;https://x.com/undefined/status/1897993371576132056;972179486;
1,90E+18;Fri Mar 07 12:44:45 +0000 2025;0;#wts yukk jajan ada aab enhypen sunoo seventeen mingyu txt yeonjun aespa winter karina ive wonyoung newjeans x indomie https://t.co/y7HrlqtaUG;1,90E+18;;;in;;0;0;0;https://x.com/undefined/status/1897991810661994847;1,44E+18;
1,90E+18;Fri Mar 07 12:42:13 +0000 2025;0;#s yukk jajan ada aespa wonyoung ive newjeans x indomie https://t.co/y7HrlqtaUG;1,90E+18;;;in;;0;0;0;https://x.com/undefined/status/1897991174126027032;1,44E+18;
1,90E+18;Fri Mar 07 12:41:29 +0000 2025;0;#wts yukk jajan ada aespa wonyoung ive newjeans x indomie https://t.co/y7HrlqtaUG;1,90E+18;;;in;;0;0;0;https://x.com/undefined/status/1897990991103377569;1,44E+18;
1,90E+18;Fri Mar 07 12:40:52 +0000 2025;0;#gs yukk jajan ada aespa wonyoung sama newjeans x indomie https://t.co/y7HrlqtaUG;1,90E+18;;;in;;0;0;0;https://x.com/undefined/status/1897990835620430089;1,44E+18;
1,90E+18;Fri Mar 07 10:33:48 +0000 2025;485;Bahas bola cm sidejob dukung bias itu main job #njztillidie Sebagai bunnies sejati mari sempetin dulu hunting ke Indomaret buat dapetin postcard set Indomie featuring Minji Hanni Danielle Haerin dan Hyein. #OhMyGoodItsIndomie #njztillidie #Minji #Hanni #Danielle #Haerin https://t.co/YsqbYZPB8S;1,90E+18;https://pbs.twimg.com/media/GlbngpubwAE2D49.jpg;;in;;10;25;71;https://x.com/undefined/status/1897958855021412368;1,32E+18;
1,90E+18;Fri Mar 07 10:15:09 +0000 2025;3;@indomielovers baru aja release exclusive postcard set featuring Minji Hanni Danielle Haerin dan Hyein loh. Harus banget kalian dapetin cuman ada di Indomaret Alfamart Alfamidi dan official storenya Indomie. Buruan deh jangan sampe ketinggalan!!! #OhMyGoo;1,90E+18;https://pbs.twimg.com/media/GlbjQL0bwAMvgS7.jpg;Indomielovers;in;;0;0;0;https://x.com/undefined/status/1897954164636041637;31092279;
1,90E+18;Fri Mar 07 09:47:06 +0000 2025;32;Indomie Exclusive Postcard featured Minji Danielle Hanni Haerin Hyein ?! Gemes gemes bangetttttt ada yang udah dapetin belum ? #OhMyGoodItsIndomie #Minji #Hanni #Danielle #Haerin #Hyein #Kpop https://t.co/BHNK5FicWc;1,90E+18;https://pbs.twimg.com/media/Glbc05AbwAIKKo4.jpg;;in;;1;6;7;https://x.com/undefined/status/1897947106239033510;252997004;
1,90E+18;Fri Mar 07 09:18:46 +0000 2025;1370;POPO? Aniyo~~ Haengbokheyo!! Ekskuslif postcard set Minji Hanni Danielle Haerin dan Hyein spesial kolaborasi dengan Indomie udah rilis. Affiliator drop link nya !! Photo credit: @Indomielovers #OhMyGoodItsIndomie #Indomie #Minji #Hanni #Danielle #Haerin #Hanni #Kpop https://t.co/ebWfOW7DrV;1,90E+18;https://pbs.twimg.com/media/GlbWR8sbIAA-okG.jpg;;in;;20;15;36;https://x.com/undefined/status/1897939972357079296;92476849;
1,90E+18;Fri Mar 07 09:06:34 +0000 2025;1;kita rayakan kemenangan itu dengan indomie newjeans;1,90E+18;;;in;;0;0;0;https://x.com/undefined/status/1897936903242236381;1233069637;
1,90E+18;Fri Mar 07 04:46:43 +0000 2025;1;Kpoper jateng sama jatim udh nyikat indomie newjeans nih diliat-liat ‍↕️;1,90E+18;;;in;;1;1;0;https://x.com/undefined/status/1897871511656317131;1321907196;
1,90E+18;Thu Mar 06 15:20:51 +0000 2025;0;besok gw mau ke indomaret beli indomie+pc newjeans bodoamat #fomo;1,90E+18;;;in;;0;0;0;https://x.com/undefined/status/1897668708576948488;1,11E+18;
1,90E+18;Thu Mar 06 13:53:58 +0000 2025;0;Duh...mie apa ya yg odengnya juga 2 doang indomie newjeans kayanya ;1,90E+18;;;in;;0;2;0;https://x.com/undefined/status/1897646842109935753;1,75E+18;
1,90E+18;Thu Mar 06 13:44:06 +0000 2025;0;@Saturnern Esa pernah makan mie carbonara indomie X NewJeans enggak... They give us odeng.... A tiny piece of odeng... Seujung kuku.;1,90E+18;;Miidnightse;in;;0;1;0;https://x.com/undefined/status/1897644359505604737;7,81E+17;
1,90E+18;Thu Mar 06 10:37:43 +0000 2025;0;Adek-adek cantik sudah sampaiiii #OhMyGoodItsIndomie #NJZ Ada drama dikit sama kurir tapi gapapa yg penting barangnya selamat https://t.co/U0KPmhPRIj;1,90E+18;https://pbs.twimg.com/media/GlWe02AboAAiVuL.jpg;;in;;0;1;0;https://x.com/undefined/status/1897597453488332846;156529555;
1,90E+18;Thu Mar 06 09:36:22 +0000 2025;0;iseng² beli indomie ternyata beneran dpt postcard newjeans avv;1,90E+18;;;in;;0;1;0;https://x.com/undefined/status/1897582014989037904;1,11E+18;
1,90E+18;Thu Mar 06 07:47:56 +0000 2025;0;@HaveGoodDaay @menyalahhh ka maaf disini beli indomie minimal 35rb. Sudah dapet postcard with frame NewJeans nggak ya kalau kasirnya bilang dapet nah kaka langsung beli.;1,90E+18;;HaveGoodDaay;in;;0;1;0;https://x.com/undefined/status/1897554728336396713;1,27E+18;
1,90E+18;Thu Mar 06 05:16:35 +0000 2025;0;berburu indomie sama dedek haerin #OhMyGoodItsIndomie #NJZ #Minji #Hanni #Danielle #Haerin #Hyein https://t.co/lh9IYlB7Ev;1,90E+18;https://pbs.twimg.com/media/GlVVS8sa4AAIyVX.jpg;;in;;0;0;0;https://x.com/undefined/status/1897516636720222593;1,58E+18;
1,90E+18;Thu Mar 06 04:26:50 +0000 2025;1857;Udah seliweran banget nih di TL! Finally Indomie ngeluarin postcard bareng Minji Hanni Danielle Haerin dan Hyein Kalian udah punya? Thank you @Indomielovers yang udah ngeluarin yang udh kita tunggu2 Source: @panagene @/nyachanya #OhMyGoodItsIndomie #NJZ #Minji #Hanni https://t.co/fDBrmGUgPm;1,90E+18;https://pbs.twimg.com/media/GlVJ2x1WwAEBwB6.jpg;;in;;68;8;66;https://x.com/undefined/status/1897504117821714780;430845087;
1,90E+18;Thu Mar 06 03:55:20 +0000 2025;1;Pc indomie x newjeans cari dimana lagi aaaaa;1,90E+18;;;in;;0;0;0;https://x.com/undefined/status/1897496192390742258;9,83E+17;
1,90E+18;Wed Mar 05 23:00:59 +0000 2025;0;Apa gw buka jastip ni newjeans x indomie ye;1,90E+18;;;in;;0;0;0;https://x.com/undefined/status/1897422114573205514;1,23E+18;
1,90E+18;Wed Mar 05 19:35:51 +0000 2025;0;bundle indomie + bonus pp newjeans kayaknya lebih worth it dibandingkan pp jeketi imo;1,90E+18;;;in;;0;0;0;https://x.com/undefined/status/1897370494346911816;389335185;
1,90E+18;Wed Mar 05 16:28:28 +0000 2025;0;pengen beli indomie cuma mau dapet poto newjeans aja mwehehehe;1,90E+18;;;in;;0;2;0;https://x.com/undefined/status/1897323335211737324;1,87E+18;
1,90E+18;Wed Mar 05 16:00:48 +0000 2025;1;Open Jastip INDOMIE X NEWJEANS Dapat 6 pcs Indomie varian random Price : 40k Exc : adm + pack #indomie #NewJeans https://t.co/6mxU9MhkXX;1,90E+18;https://pbs.twimg.com/media/GlSfMAIbYAAvUjG.jpg;;in;;0;1;1;https://x.com/undefined/status/1897316373975719988;1,81E+18;
1,90E+18;Wed Mar 05 09:52:47 +0000 2025;1;ada yg cari postcard njz newjeans x indomie? https://t.co/ChoSdP2uRM;1,90E+18;https://pbs.twimg.com/media/GlRK8lkXQAAqRDS.jpg;;in;;0;1;0;https://x.com/undefined/status/1897223758047506533;1,47E+18;
1,90E+18;Wed Mar 05 06:47:56 +0000 2025;185;gais aku jual indomie karena aku cuma ambil postcard newjeans ajaah semua indomie harganya 2.500/pcs yaah. varian yg tersedia ayam bawang ayam spesial ayam geprek soto Indomie goreng (kalau mau rasa lain bisa request) https://t.co/A67v8D3RHt;1,90E+18;https://pbs.twimg.com/media/GlQgpY0WQAA57GR.jpg;;in;;7;41;26;https://x.com/undefined/status/1897177241542644000;1,54E+18;
1,90E+18;Wed Mar 05 06:03:22 +0000 2025;13;Ehh lucu banget dong #OhMyGoodItsIndomie https://t.co/F2avJDvfJX;1,90E+18;https://pbs.twimg.com/media/GlQWbv2aQAEiGIU.jpg;;in;;0;0;0;https://x.com/undefined/status/1897166023041978754;1,78E+18;
1,90E+18;Wed Mar 05 05:46:03 +0000 2025;0;belanja indomie 35 terus dapet postcard newjeans CAKEP BANGET DAN BANYAAKKK https://t.co/mdYGq6AEcZ;1,90E+18;https://pbs.twimg.com/media/GlQSeHobkAAN9-w.jpg;;in;;0;0;0;https://x.com/undefined/status/1897161668528103533;1,15E+18;
1,90E+18;Wed Mar 05 05:01:07 +0000 2025;492;Ada yg mau Indomie gak harga nya 2.700 - 4.000 an aja rasanya macem macem yaa aku beli cuman mau ambil fotonya newjeans aja tp kalau mau beli postcard aku juga jual yaa bisa via shopee yaa https://t.co/a11QVI8PKQ;1,90E+18;https://pbs.twimg.com/media/GlQILdca4AEWjs3.jpg;;in;;10;89;20;https://x.com/undefined/status/1897150359476502709;1,52E+18;
1,90E+18;Wed Mar 05 03:58:25 +0000 2025;1;Ada yang suka New Jeans kah ??? Aku abis beli indomie dapet postcard indomie x new jeans #IndomieXNEWJEANS #NewJeans https://t.co/AN9OhhyWH7;1,90E+18;https://pbs.twimg.com/media/GlP51JVaMAAKlGH.jpg;;in;;0;1;0;https://x.com/undefined/status/1897134577631756469;1,26E+18;
1,90E+18;Wed Mar 05 03:40:38 +0000 2025;0;rela makan indomie 1 minggu full #indomie #NewJeans #NJZ_REDEBUT #bunnies #Collaboration https://t.co/LHF01KZUkW;1,90E+18;https://pbs.twimg.com/media/GlP1xCJaIAA323b.jpg;;in;;0;0;0;https://x.com/undefined/status/1897130102250692659;1,28E+18;
1,90E+18;Tue Mar 04 20:58:28 +0000 2025;12;mau ikut puasa ternyata indomie newjeans udah ada di gerbang beneran sahur pake indomie https://t.co/zXGoAP9OKR;1,90E+18;https://pbs.twimg.com/media/GlOZty4bwAAY7bI.jpg;;in;;0;3;0;https://x.com/undefined/status/1897028897042260208;1,85E+18;
1,90E+18;Tue Mar 04 12:34:46 +0000 2025;0;@bucinrei Kalau mau tau tanya kasirnya dulu abang. Mba/mas ada postcard indomie newjeans gak;1,90E+18;;bucinrei;in;;0;0;0;https://x.com/undefined/status/1896902137424298151;2946746214;
1,90E+18;Tue Mar 04 12:00:37 +0000 2025;0;indomie x newjeans! balik ngampus keliling alfa &amp;;;;;;;;;;;
1,90E+18;Tue Mar 04 11:32:03 +0000 2025;1;Dapet juga ️️ @Indomielovers #OhMyGoodItsIndomie https://t.co/8CydaNaYki;1,90E+18;https://pbs.twimg.com/media/GlMYFcoXgAA6jx7.jpg;;in;;0;0;0;https://x.com/undefined/status/1896886353536888943;1,25E+18;
1,90E+18;Tue Mar 04 10:39:52 +0000 2025;0;Eh beneran ga sengaja lg nyetok indomie di indomaret trs pas mau bayar kata kasirnya nambah 1 indomie lg dapet 1 postcard newjeans dan ternyata lucu???!! https://t.co/yufI0bjOLr;1,90E+18;https://pbs.twimg.com/media/GlMMIPHWMAA8lwO.jpg;;in;;0;1;0;https://x.com/undefined/status/1896873218729996791;611426402;
1,90E+18;Tue Mar 04 02:19:39 +0000 2025;1;Indomie x NewJeans di NYC ada Indonesia cooooyyyyy 🇮🇩🇮🇩️🇮🇩 https://t.co/jvpSZJVmmr;1,90E+18;https://pbs.twimg.com/media/GlKZpRpbAAAkcIY.jpg;;in;;0;0;0;https://x.com/undefined/status/1896747336497520850;1,22E+18;
1,90E+18;Mon Mar 03 17:27:00 +0000 2025;1;@skinnyskebs @onlychiId mas atau mba maaf ini ada Indomie postcard with frame NewJeans nggak ya? Yang pembelian nya minimal 35rb Kalau si kasirnya bilang ada. Gas langsung beli kak. Kalau nggak paham tunjukkin aja video itu ka. Semoga membantu.;1,90E+18;;skinnyskebs;in;;0;1;0;https://x.com/undefined/status/1896613290719281307;1,27E+18;
1,90E+18;Mon Mar 03 17:23:46 +0000 2025;0;@puppyjiun @onlychiId bilang dulu ka ke kasir ada Indomie yang gitftnya postcard with frame NewJeans nggak? Kalau ada gas beli kak. Pembelian minimal 35rb ka;1,90E+18;;puppyjiun;in;;0;0;0;https://x.com/undefined/status/1896612478932725787;1,27E+18;
1,90E+18;Mon Mar 03 16:13:54 +0000 2025;0;@dontbebIu Gabut soalnya ka dan kalau nggak tau tentang kaya gini. Rasanya tau banget. nggak enak. Menghindari juga rasa kekecewaan beli indomie x NewJeans. Jadi aman. Nggak ada drama dramaan wkwkww;1,90E+18;;dontbebIu;in;;0;1;0;https://x.com/undefined/status/1896594895277809847;1,27E+18;
1,90E+18;Mon Mar 03 16:06:39 +0000 2025;0;infokan indomaret depok yang menyediakan postcard newjeans x indomie;1,90E+18;;;in;;0;0;0;https://x.com/undefined/status/1896593071158308920;1,62E+18;
1,90E+18;Mon Mar 03 15:19:25 +0000 2025;0;@stuenflower Pembelian minimal 35rb ka jadi sebelum beli tanya dulu ke kasir. Ada Indomie postcard with frame NewJeans nggak? Kalau ada gas langsung beli.;1,90E+18;;stuenflower;in;;0;0;0;https://x.com/undefined/status/1896581184710390007;1,27E+18;
1,90E+18;Mon Mar 03 13:59:20 +0000 2025;1;Kiw kiw~~ paket dari @KlikIndomaret udah dateng.. Cc @papahgaling wk wk #ohmygooditsindomie @Indomielovers https://t.co/nWBMM7WHyI;1,90E+18;https://pbs.twimg.com/media/GlHvzapb0AAJAD0.jpg;;in;;1;0;0;https://x.com/undefined/status/1896561028592517182;77942362;
1,90E+18;Mon Mar 03 13:50:05 +0000 2025;0;w baru sadar udah beli indomie newjeans telat bgt ada pcnya yahh heuhue;1,90E+18;;;in;;0;0;0;https://x.com/undefined/status/1896558703605899770;464412748;
1,90E+18;Mon Mar 03 12:28:49 +0000 2025;0;doain w bsk dpt foto newjeans indomie w akan cari di 5 or even more indo/alfamart ;1,90E+18;;;in;;0;1;0;https://x.com/undefined/status/1896538252267700642;3690997939;
1,90E+18;Mon Mar 03 10:48:20 +0000 2025;2;siapa yang udah beli Indomie x newjeans https://t.co/J0afZcyFjS;1,90E+18;https://pbs.twimg.com/media/GlHEeeHWkAAid_e.jpg;;in;;0;2;0;https://x.com/undefined/status/1896512962925670492;1,84E+18;
1,90E+18;Mon Mar 03 10:41:37 +0000 2025;0;@farilong indomie yang collab sama newjeans itu ;1,90E+18;;farilong;in;;0;0;0;https://x.com/undefined/status/1896511273346781572;1,44E+18;
1,90E+18;Mon Mar 03 03:54:25 +0000 2025;2;wtp postcard indomie x newjeans ++ sendok cantik kata mas indomaret https://t.co/ouBe1xE8ja;1,90E+18;https://pbs.twimg.com/media/GlFlrnHbIAA9yEo.jpg;;in;;0;3;0;https://x.com/undefined/status/1896408795473195228;1,05E+18;
1,90E+18;Mon Mar 03 02:32:29 +0000 2025;0;AAAA GEMASNYA OYY #OhMyGoodItsIndomie #KoreanRamyeonSeries https://t.co/mEp2ZAak0a;1,90E+18;https://pbs.twimg.com/media/GlFS-UUbgAAhlT7.jpg;;in;;1;0;0;https://x.com/undefined/status/1896388177189077348;1,53E+18;
1,90E+18;Sun Mar 02 18:02:05 +0000 2025;0;info alfa/indomaret yg sdh nyediain postcard newjeans guys aku siap borong indomie;1,90E+18;;;in;;0;0;0;https://x.com/undefined/status/1896259732815708238;1,50E+18;
1,90E+18;Sun Mar 02 15:44:49 +0000 2025;0;@adorearteu Semua varian indomie atau yg newjeans aja cey?;1,90E+18;;adorearteu;in;;0;1;0;https://x.com/undefined/status/1896225188205011379;1,68E+18;
1,90E+18;Sun Mar 02 13:36:51 +0000 2025;0;halooo ada yg cari ga ya??? wts postcard set + frame newjeans x indomie https://t.co/XEjP7LxxSN;1,90E+18;https://pbs.twimg.com/media/GlChdwKaQAALXX_.jpg;;in;;0;3;0;https://x.com/undefined/status/1896192983420244463;2900309981;
1,90E+18;Sun Mar 02 13:34:58 +0000 2025;0;baru tau Indomie x newjeans ada ginian https://t.co/zLYQit7FOK;1,90E+18;https://pbs.twimg.com/media/GlChB3PaYAAxuwE.jpg;;in;;0;4;0;https://x.com/undefined/status/1896192510642516119;1,28E+18;
1,90E+18;Sun Mar 02 11:52:47 +0000 2025;1;Ngabuburit bukannya hunting takjil malah hunting indomie x NewJeans https://t.co/i7Donj7DUf;1,90E+18;https://pbs.twimg.com/media/GlCJpoBaIAA3xNJ.jpg;;in;;0;0;0;https://x.com/undefined/status/1896166794492309846;1,20E+18;
1,90E+18;Sun Mar 02 10:48:54 +0000 2025;0;Akhirnya ada juga indomie newjeans postcard https://t.co/4YDGNOAkZX;1,90E+18;https://pbs.twimg.com/media/GlB7BTCaUAE56eA.jpg;;in;;0;1;0;https://x.com/undefined/status/1896150718509379964;1,54E+18;
1,90E+18;Sun Mar 02 06:35:07 +0000 2025;2;indomie yg newjeans itu enak ga sih? wkwkwk;1,90E+18;;;in;;0;5;0;https://x.com/undefined/status/1896086852022780407;1,89E+18;
1,90E+18;Sun Mar 02 06:33:54 +0000 2025;5;@pinkbunnylovey_ sebelum beli Kaka tanya dulu ke kasir nya kurang lebih seperti ini ka maaf beli Indomie minimal 35rb disini. Sudah dapet postcard with frame NewJeans nggak ya? Kalau kasirnya nggak paham. Kaka kasih tau foto ini. semoga membantu ka. https;1,90E+18;https://pbs.twimg.com/media/GlBAp4rbYAAmi2W.jpg;pinkbunnylovey_;in;;1;1;1;https://x.com/undefined/status/1896086543804371430;1,27E+18;
1,90E+18;Sun Mar 02 06:21:57 +0000 2025;1;Indomie x Newjeans Berhadiah Postcard dan Frame _ Korean Noodles Series ... https://t.co/Q7dc3KGAW1 via @YouTube Mau tau beli dimana? Yuk nonton sampe abis. Buruan keburu abis #indomiexnewjeans #newjeans #njz https://t.co/gir8O1ZVdV;1,90E+18;https://pbs.twimg.com/media/GlA97HtbQAA19KR.jpg;;in;;0;0;0;https://x.com/undefined/status/1896083537478205659;64603785;
1,90E+18;Sun Mar 02 05:59:18 +0000 2025;0;semoga haerin minji hanni @NewJeans_ADOR #OhMyGoodItsIndomie #OhMyGoodItsIndomie #OhMyGoodItsIndomie https://t.co/Fuk1TO8kIh;1,90E+18;https://pbs.twimg.com/media/GlA4vY5awAAMznM.jpg;rihadita;in;;0;0;0;https://x.com/undefined/status/1896077835296784431;389335185;
1,90E+18;Sun Mar 02 03:03:22 +0000 2025;0;di jogja udah ada merch indomie x newjeans belum yah;1,90E+18;;;in;;0;0;0;https://x.com/undefined/status/1896033560638996952;1,62E+18;
1,90E+18;Sun Mar 02 02:40:10 +0000 2025;216; udah adaa. cakep bngt packagingnya indomie x newjeans https://t.co/9hDjLKyh7h;1,90E+18;https://pbs.twimg.com/media/GlALKrSWEAAazb9.jpg;;in;;19;48;4;https://x.com/undefined/status/1896027723794878913;3543482659;
1,90E+18;Sun Mar 02 01:36:58 +0000 2025;0;cuss ke indomaret terdekat yg mau dapetin exclusive postcard newjeans!!!!^^ #NewJeans #OhMyGoodItsIndomie https://t.co/1azMsKtKWj;1,90E+18;https://pbs.twimg.com/media/Gk_8s6AbgAAOq0d.jpg;;in;;0;0;0;https://x.com/undefined/status/1896011819975909608;1,46E+18;
1,90E+18;Sat Mar 01 23:12:55 +0000 2025;3;eh ini sama gasi?? indomie x newjeans ada photocard?? https://t.co/sWFWc54S7Y;1,90E+18;https://pbs.twimg.com/media/Gk_buw9bQAY8giF.jpg;;in;;0;2;0;https://x.com/undefined/status/1895975568308601205;1,68E+18;
1,90E+18;Sat Mar 01 14:33:52 +0000 2025;11;lucu banget #indomie #NewJeans #OhMyGoodItsIndomie https://t.co/23oJx4Lq6W;1,90E+18;https://pbs.twimg.com/media/Gk9k7YkboAI2qGa.jpg;;in;;0;0;1;https://x.com/undefined/status/1895844943731835362;1,57E+18;
1,90E+18;Sat Mar 01 08:48:56 +0000 2025;2;Yang mau beli indomie korean series di tokped udah tersedia lagi https://t.co/LGg30KZCgA;1,90E+18;;;in;;0;0;0;https://x.com/undefined/status/1895758137803907083;1,76E+18;
1,90E+18;Sat Mar 01 06:09:24 +0000 2025;0;IH DI ALFA INDO BELUM ADA HADIAH YG INDOMIE NEWJEANS ITU. Hmmmm;1,90E+18;;;in;;0;0;0;https://x.com/undefined/status/1895717989963661617;1,01E+18;
1,90E+18;Sat Mar 01 06:08:36 +0000 2025;0;@Indomielovers Siap siap CO dan gas beli offline Love indomie love @NJZ_official #OhMyGoodItsIndomie;1,90E+18;;Indomielovers;in;;0;0;0;https://x.com/undefined/status/1895717791447334932;8,15E+17;
1,90E+18;Sat Mar 01 05:56:29 +0000 2025;3;Baru sadar ini Indomie nggak pake NewJeans lagi pakenya nama nama member makasii min;1,90E+18;;;in;;0;2;0;https://x.com/undefined/status/1895714740984557935;1,27E+18;
1,90E+18;Sat Mar 01 05:24:35 +0000 2025;3;#wts #NewJeans #indomie OPEN JASTIP INDOMIE X NEWJEANS MIE NYA RANDOM SEADANYA DAPAT 6 MIE HARGA :40.000 FEE GO PACK DOM KARAWANG https://t.co/tf5NmAMOuW;1,90E+18;https://pbs.twimg.com/media/Gk7nM4XbEAAaK2s.jpg;;in;;0;3;0;https://x.com/undefined/status/1895706714521157985;1,64E+18;
1,90E+18;Sat Mar 01 05:05:59 +0000 2025;2846;OH MY GOOD!! Siapa yang mau makan Indomie ditemenin Postcard Set + Frame with Minji Hanni Danielle Haerin dan Hyein? Cukup beli Indomie minimal RP35 000 bisa dapetin Postcard Set + Frame yang isinya 3 foto Minji Hanni Danielle Haerin and Hyein! #OhMyGoodItsIndomie https://t.co/8cc2EXAdXd;1,90E+18;https://pbs.twimg.com/amplify_video_thumb/1895701956821491712/img/i-6qMW99TeFEubHu.jpg;;in;;209;102;913;https://x.com/undefined/status/1895702032998416774;284428760;
1,90E+18;Sat Mar 01 04:49:55 +0000 2025;123;bunnies cepet co Indomie free PC set with frame NewJeans lagi di jual di Tiktok. Langsung join live Indomie sekarang https://t.co/Cp6pyFxdnu https://t.co/fmudiUDosB;1,90E+18;https://pbs.twimg.com/media/Gk7fRrKbQAE1Q-y.jpg;;in;;11;16;24;https://x.com/undefined/status/1895697990565966323;1,27E+18;
1,90E+18;Sat Mar 01 04:36:27 +0000 2025;399;GEMAS SEKALI BAYI UCULLL POSTCARD INDOMIE X NEWJEANS AKA NJZ #Indomie #NewJeans #NJZ_REDEBUT #njz #indomiexnjz https://t.co/y6ewb80B0M;1,90E+18;https://pbs.twimg.com/media/Gk7cMQMXgAAu2Sc.jpg;;in;;11;6;72;https://x.com/undefined/status/1895694601396359454;1,87E+18;
1,90E+18;Fri Feb 28 10:32:28 +0000 2025;0;LAH INDOMIE NEWJEANS GUE UDAH BELI TPI PC NYA BARU MAU NONGOL ;1,90E+18;;;in;;0;0;0;https://x.com/undefined/status/1895421804409438622;1,08E+18;
1,89E+18;Wed Feb 26 09:02:45 +0000 2025;0;INDOMIE NEWJEANS YANG BIRU ENAK BANGET ;1,89E+18;;;in;;0;1;0;https://x.com/undefined/status/1894674452912492677;1,20E+18;
1,89E+18;Wed Feb 26 04:01:35 +0000 2025;0;@bluesmiley_ Betuuull mau beli indomie yg newjeans kaga ada;1,89E+18;;bluesmiley_;in;;0;0;0;https://x.com/undefined/status/1894598661088448581;2493761792;
1,89E+18;Sat Feb 22 05:30:27 +0000 2025;7;Siapa yang keinginannya tergantung sama isi FYPnya? Tenang aja kalau kamu BM ramyeon yang pedas creamy pasti cocok dengan kenikmatan saus rose yang creamy dan otentik Korea di Indomie K-Rose lhooo~ #OhMyGoodItsIndomie https://t.co/k5oHQxFq8U;1,89E+18;https://pbs.twimg.com/amplify_video_thumb/1893171405975625730/img/9_XkzgQLPG6RHklg.jpg;;in;;0;0;0;https://x.com/undefined/status/1893171473197736053;284428760;
1,89E+18;Fri Feb 21 06:36:42 +0000 2025;6;Berarti udah gak main-main nih masalahnya untung ada Indomie Fiery Chikin yang rasanya otentik ala ayam goreng Korea bisa buat semangat kamu lagi deh #OhMyGoodItsIndomie https://t.co/WkYQ3oXT7J;1,89E+18;https://pbs.twimg.com/amplify_video_thumb/1892825678221103106/img/OsGhSrkaY52g1Gpu.jpg;;in;;1;0;0;https://x.com/undefined/status/1892825758982123675;284428760;
1,89E+18;Fri Feb 21 01:00:48 +0000 2025;0;Kalo newjeans jadi BA indomie kok gadapat PCnya pas beli indomie;1,89E+18;;;in;;0;0;0;https://x.com/undefined/status/1892741228418027693;1,15E+18;
1,89E+18;Thu Feb 20 03:45:41 +0000 2025;0;NEW FLAVORS ALERT! Indomie Lovers ready for a flavor explosion?! Yuk cobain Korea Ramyeon Series terbaru kami;;;;;;;;;;;
1,89E+18;Tue Feb 18 10:27:25 +0000 2025;3;Baru sampe rumah abis konseran Tapi udah kangen lagi sama Idol Untungnya ambil banyak fancam yang bisa diliatin lagi sambil makan Indomie Spicy Ramyeon yang pedas gurih segar buat nemenin kamu yang gagal move on dari konser Indomielovers! #OhMyGoodItsIndomie https://t.co/XDhFDgrADg;1,89E+18;https://pbs.twimg.com/amplify_video_thumb/1891796581986549760/img/xtFU_UDVNfFxU8Kn.jpg;;in;;0;0;0;https://x.com/undefined/status/1891796654925422598;284428760;
1,89E+18;Fri Feb 14 07:49:20 +0000 2025;1;Mafa : indomie korea biru yang newjeans Mifa : nipis jeruk;1,89E+18;;;in;;0;1;0;https://x.com/undefined/status/1890307322800394740;8,58E+17;
1,89E+18;Fri Feb 14 04:28:31 +0000 2025;0;@euphonioas Ada tau perawat yang ngeluh di tiktok tentang pasien yang udah diingetin dokternya buat pantang makan ini itu eh dia malah makan indomie spicy ramen yang diiklanin newjeans gblk banget dah. Terus biar apa minta dirawat? Biar nyusahin dokternya;1,89E+18;;euphonioas;in;;0;1;0;https://x.com/undefined/status/1890256783186546799;1,80E+18;
1,89E+18;Wed Feb 12 08:42:20 +0000 2025;0;tl gue isinya jake samyang tp iklannya indomie newjeans :);1,89E+18;;;in;;0;0;0;https://x.com/undefined/status/1889595886377861563;1,29E+18;
1,89E+18;Tue Feb 11 18:26:42 +0000 2025;0;LAH ANYING INDOMIE x NEWJEANS SAMPE KE UNSW COK;1,89E+18;;;in;;0;1;0;https://x.com/undefined/status/1889380558373114245;1,48E+18;
1,89E+18;Tue Feb 11 14:02:26 +0000 2025;0;@ihanssi Pls cobain indomie newjeaNs!! Yg biru;1,89E+18;;ihanssi;in;;0;1;0;https://x.com/undefined/status/1889314051190313419;7,32E+17;
1,89E+18;Tue Feb 11 11:57:45 +0000 2025;0;@Daska_Lt Ini fase di tl ku jugakk bahkan sampe ke youtube kayak 2 minggu lebih padahal gapernah ngesearch/beli produk itu di gugel/e-commerce Tp sekarang sudah engga sih iklan tlku sudah provider sama indomie newjeans;1,89E+18;;Daska_Lt;in;;0;1;0;https://x.com/undefined/status/1889282673614729608;1,54E+18;
1,89E+18;Tue Feb 11 01:45:16 +0000 2025;1;@TheZxcvbnm000 @_mardial_ bilang kek gini ke orang yg project music nya dipake buat iklan indomie newjeans;1,89E+18;;TheZxcvbnm000;in;;0;0;0;https://x.com/undefined/status/1889128537787121707;1,18E+18;
1,89E+18;Mon Feb 10 12:49:25 +0000 2025;0;ini keknya gw mw bgt makan indomie newjeans tp wkt itu blm punya meja dapur... gatau knp tweetnya kepotong wakkwkw;1,89E+18;;;in;;0;0;0;https://x.com/undefined/status/1888933291329499170;1,18E+18;
1,89E+18;Sat Feb 08 12:55:29 +0000 2025;0;indomie kapan ada pc newjeans/njz nya ;1,89E+18;;;in;;0;0;0;https://x.com/undefined/status/1888210040794018160;1,62E+18;
1,89E+18;Sat Feb 08 12:54:31 +0000 2025;0;indomie newjeans enak ga si?;1,89E+18;;;in;;0;3;0;https://x.com/undefined/status/1888209795330539760;1,51E+18;
1,89E+18;Sat Feb 08 02:19:38 +0000 2025;2;cobain rasa baru dari @Indomielovers bumbunya enak! tapi buat yg ga bisa tahan pedes (toleran pedesnya cupu pake bgt) kayak aku ini beneran pedesnext bumbu TRUS SEDIH BGT ODENG KU CUMA DAPAT SATUUU rasa odengnya se odeng itu TOP #KoreanRamyeonSeries #OhMyGoodItsIndomie https://t.co/4690BimtJ3;1,89E+18;https://pbs.twimg.com/media/GjOzd_naQAEoYHP.jpg;;in;;0;0;0;https://x.com/undefined/status/1888050024598401318;1,43E+18;
1,89E+18;Thu Feb 06 17:35:39 +0000 2025;0;gopud nasgor bejo atau buat indomie newjeans yh;1,89E+18;;lucngambek;in;;0;0;0;https://x.com/undefined/status/1887555771916845468;1,79E+18;
1,89E+18;Thu Feb 06 08:02:13 +0000 2025;0;@Boocarisweat udah mam indomie newjeans;1,89E+18;;Boocarisweat;in;;0;1;0;https://x.com/undefined/status/1887411462467166236;1,42E+18;
1,89E+18;Wed Feb 05 11:11:15 +0000 2025;1;jgnkan ini mereka collab indomie sama NewJeans aja waktu menang penghargaan dikasih ucapan selamat baik bgt kata aku teh sampe hal yg kaya gitu jg mereka perhatiin;1,89E+18;;;in;;0;0;0;https://x.com/undefined/status/1887096644338163879;1237183860;
1,89E+18;Tue Feb 04 10:15:25 +0000 2025;0;@chiizz13 Masalahnya susah nyarinya ya guis... Apalagi kayaknya ada beberapa yang udah discontinue. Kayaknyaaa... Eh itu Indomie x Newjeans dah coba?;1,89E+18;;chiizz13;in;;0;1;0;https://x.com/undefined/status/1886720208511099158;9,03E+17;
1,89E+18;Tue Feb 04 09:51:32 +0000 2025;0;soto banjar tori miso indomie newjeans yang pink;1,89E+18;;;in;;0;0;0;https://x.com/undefined/status/1886714195351396813;1,24E+18;
1,89E+18;Tue Feb 04 07:32:50 +0000 2025;1;@nyenyo_0 indomie yang bungkus biru apa tuh yang sama newjeans sama mie sedap laksa;1,89E+18;;nyenyo_0;in;;0;0;0;https://x.com/undefined/status/1886679293058855229;1,80E+18;
1,89E+18;Tue Feb 04 05:36:00 +0000 2025;0;kt aku lidah newborn ini gaush so so an makan indomie newjeans dh;1,89E+18;;;in;;0;0;0;https://x.com/undefined/status/1886649887552626739;1,64E+18;
1,89E+18;Mon Feb 03 16:01:26 +0000 2025;0;@clevernonie indomie newjeans yg gada minyak nya aja aku kasi minyak sendiri ;1,89E+18;;clevernonie;in;;0;1;0;https://x.com/undefined/status/1886444897647112452;1,31E+18;
1,89E+18;Mon Feb 03 12:28:09 +0000 2025;0;indomie newjeans yang enak yang mana ya?;1,89E+18;;;in;;0;1;0;https://x.com/undefined/status/1886391221389500507;1,55E+18;
1,88E+18;Wed Jan 29 23:01:45 +0000 2025;0;@tigavariabel Umsss aku pake tas pvc bekas beli indomie x newjeans wkwkw karena sayang aja gt beli tas baru:(;1,88E+18;;tigavariabel;in;;0;1;0;https://x.com/undefined/status/1884738735637659768;839377909;
1,88E+18;Wed Jan 29 01:12:51 +0000 2025;0;pgn cobak indomie newjeans;1,88E+18;;;in;;0;0;0;https://x.com/undefined/status/1884409336136622454;1,76E+18;
1,88E+18;Tue Jan 28 13:14:07 +0000 2025;0;Lama tak gi lotus's. Tadi pergi ternampak Indomie X NewJeans. https://t.co/xpAykTvO8x;1,88E+18;https://pbs.twimg.com/media/GiYfzRKa0AAu8VR.jpg;;in;;0;0;0;https://x.com/undefined/status/1884228462573150563;397226046;
1,88E+18;Mon Jan 27 04:05:50 +0000 2025;0;indomie yang collab sam newjeans itu yang enak rasa apa?;1,88E+18;;;in;;0;4;0;https://x.com/undefined/status/1883728096219803811;1,25E+18;
1,88E+18;Sun Jan 26 11:28:36 +0000 2025;0;Indomie nya newjeans itu yang friey chicken apasih tulisannya tadi lupa. Ngemil pottato chips nah ini lagi order sate. Mau makan sate.;1,88E+18;;;in;;0;0;0;https://x.com/undefined/status/1883477134808932682;2594509958;
1,88E+18;Sun Jan 26 08:49:27 +0000 2025;9;nongshim mie apaan mending indomie punya newjeans jago kagura;1,88E+18;;ziorno;in;;0;3;0;https://x.com/undefined/status/1883437080073953472;105740495;
1,88E+18;Sun Jan 26 01:59:39 +0000 2025;1;@ddanyielle Deymmm sfill yg mana tuh doinya?? Mending cobain indomie newjeans aja jg enak slrrpp jadi udah sampe mana prosesnya nih dd?;1,88E+18;;keonhoahh;in;;0;0;0;https://x.com/undefined/status/1883333954205634821;1,78E+18;
1,88E+18;Sat Jan 25 14:11:33 +0000 2025;0;Indomie spicy Ramyeon Kapan lagi makan mie doang bisa dapat goods NewJeans???? https://t.co/yQsuKgBzEf https://t.co/UQ2mGF6Dzd;1,88E+18;https://pbs.twimg.com/media/GiJONZbbUAA_2E_.jpg;YoursDaily_24;in;;0;0;0;https://x.com/undefined/status/1883155752409579934;1,59E+18;
1,88E+18;Sat Jan 25 13:06:09 +0000 2025;0;@ReiCurer Indomie goreng newjeans;1,88E+18;;jupyoung;in;;0;0;0;https://x.com/undefined/status/1883139294019383385;1,48E+18;
1,88E+18;Fri Jan 24 16:07:26 +0000 2025;0;@ddoingdoyi Yakann!! Tadinya mau di tas aja jd electric blue tp kebetulan kayanya gue jg mau pake tas yg dr indomie newjeans itu sih yg pink dia spacious tp pvc yg ga begitu bening bgt jd okelah mnurut gue tp ttp ga masuk ke dc wkwkwkwk iyaa ijo gitu cat ;1,88E+18;;ddoingdoyi;in;;0;1;0;https://x.com/undefined/status/1882822528865009837;3117606373;
1,88E+18;Fri Jan 24 12:20:40 +0000 2025;0;@imnotfyth Rasanya kayak gimana tuh indomie newjeans? Tadi habis mam indomie kari ayam. Saya cuma suka yang original rendang sama kari ayam wkwkw.;1,88E+18;;imnotfyth;in;;0;1;0;https://x.com/undefined/status/1882765462242800062;1,84E+18;
1,88E+18;Fri Jan 24 09:00:22 +0000 2025;9;Halo Warga Tangerang dan sekitarnyaa!! Oh My Good Mart kali ini mampir di Tangerang nih mulai Hari ini Tanggal 24 - 26 Januari 2025 di Atrium Circle Summarecon Mall Serpong Yuk datang &amp;;;;;;;;;;;
1,88E+18;Fri Jan 24 08:06:19 +0000 2025;0;Nampak seorang bro tersenyum senyum beli Indomie x Newjeans. Bro is cultured;1,88E+18;;;in;;0;0;0;https://x.com/undefined/status/1882701450742292498;136208582;
1,88E+18;Thu Jan 23 06:54:43 +0000 2025;2;@ngePopMie demi apapaun aku bukan buzer popmie tapi sumpa popmie ramyon x newjeans yng warna merah enak banget demi apapun ga boong. cuma kurang pedes aja. kmren aku baru nyoba itu kucampur saos itam yang pedas sumpa enak bet. yang warna biru mines si ena;1,88E+18;;ngePopMie;in;;0;0;0;https://x.com/undefined/status/1882321042481545528;1,83E+18;
1,88E+18;Wed Jan 22 13:12:11 +0000 2025;0;tolong info indomie newjeans rasa paling enakkk mo ke supermarket nii;1,88E+18;;;in;;0;0;0;https://x.com/undefined/status/1882053647716196823;1,85E+18;
1,88E+18;Wed Jan 22 05:03:02 +0000 2025;1;first time nyobain indomie newjeans mnurut gw ini cocok buat yg suka tekstur ramyeon krn mienya lebar &amp;;;;;;;;;;;
1,88E+18;Tue Jan 21 15:50:25 +0000 2025;0;btw indomie yang diiklanin newjeans pedes bgt bjir;1,88E+18;;;in;;0;1;0;https://x.com/undefined/status/1881731080555995194;1,72E+18;
1,88E+18;Tue Jan 21 05:10:17 +0000 2025;0;@stayracha03 Indomie kak yg sama newjeans/? Ga tau pokoknya yg bungkus nya pink hehehe;1,88E+18;;stayracha03;in;;0;1;0;https://x.com/undefined/status/1881569987732853180;1,36E+18;
1,88E+18;Tue Jan 21 03:09:05 +0000 2025;0;Halo @Indomielovers aku mau kasih feedback soal varian Indomie NewJeans. Tadi aku baru buka salah satu bungkusnya dan ada beberapa hal yang mengganggu. Semoga bisa jadi perhatian ya! https://t.co/7w5vPmWIBY;1,88E+18;https://pbs.twimg.com/media/GhySL0tawAAy6BG.jpg;;in;;0;1;0;https://x.com/undefined/status/1881539486741598671;7,07E+17;
1,88E+18;Mon Jan 20 12:49:10 +0000 2025;0;Indomie newjeans yg biru trus ditambah irisan cabe rawit beuuhh pedesnya sampe ke telinga tapi enaakk ;1,88E+18;;;in;;0;0;0;https://x.com/undefined/status/1881323079621919185;897197618;
1,88E+18;Sun Jan 19 06:02:44 +0000 2025;0;aduh ada newjeans indomie di paskal tp gua males;1,88E+18;;;in;;0;0;0;https://x.com/undefined/status/1880858412839583956;1,48E+18;
1,88E+18;Sun Jan 19 04:19:51 +0000 2025;0;tdinya hari ini pgn ke paskal:( ke booth indomie newjeans tapi malah sakitttt ke kampus tiap hari bgt smpe kmren pas sempro gaada suara:';1,88E+18;;;in;;0;0;0;https://x.com/undefined/status/1880832519400292488;1,55E+18;
1,88E+18;Sat Jan 18 15:21:40 +0000 2025;0;Noraebang Paskal Indomie x Newjeans tp aku ga videoin semua karena keseringan headbanging Sempet juga duduk di backstage saking capeknya maaf tapi aku ngevibe semua lagu KPOP grup BTS NCT Aespa Twice msh banyak lagi yg gilak dan aku nyesel ga rekam video amatir https://t.co/JykmEPB1Pb;1,88E+18;https://pbs.twimg.com/ext_tw_video_thumb/1880636256989990912/pu/img/jjL0tMVw0HFr6n3R.jpg;;in;;0;1;0;https://x.com/undefined/status/1880636684032991634;9,31E+17;
1,88E+18;Sat Jan 18 14:56:10 +0000 2025;0;@OmaoPoaoOalAoo @tanyarlfes Belum sampe situ kali ya? ini aja baru ada di warung dua minggu yg lalu keknya. Belum nyoba indomie newjeans aku ;1,88E+18;;;in;;0;0;0;https://x.com/undefined/status/1880630264038318502;1,53E+18;
1,88E+18;Sat Jan 18 12:36:00 +0000 2025;0;wah kalo ada gue di situ sih gue jalan di tengah permisi pak mau beli indomie newjeans ;1,88E+18;;;in;;0;0;0;https://x.com/undefined/status/1880594991925621044;337014787;
1,88E+18;Sat Jan 18 02:18:20 +0000 2025;13;Kamu gak cuma bisa nikmatin Indomie Korean Ramyeon Series tapi juga bisa buat photocard pakai foto kamu sendiri terus bisa dapetin exclusive freebies dan malam ini ada NORAEVIBES juga! Yuk cek info lebih lengkap di Instagram Indomie &amp;;;;;;;;;;;
1,88E+18;Sat Jan 18 02:10:38 +0000 2025;9;Keseruan Hari pertama Oh My Good Mart Bandung di Atrium 23 Paskal! Oh My Good Mart masih ada sampai Hari Minggu Indomielovers yuk datang dan ramaikan~ #OhMyGoodItsIndomie https://t.co/euX6WC6b34;1,88E+18;https://pbs.twimg.com/media/Ghin_ffboAAH0ya.jpg;;in;;0;0;1;https://x.com/undefined/status/1880437612575617421;284428760;
1,88E+18;Fri Jan 17 12:58:00 +0000 2025;0;sumpah indomie newjeans yang biru pedes banget anj gue sampe ngos2an;1,88E+18;;;in;;0;0;0;https://x.com/undefined/status/1880238140398661865;7,86E+17;
1,88E+18;Thu Jan 16 17:51:46 +0000 2025;1;Malam jumat pada ngapain (?) #OhMyGoodItsIndomie;1,88E+18;;;in;;0;0;0;https://x.com/undefined/status/1879949681914180041;1,62E+18;
1,88E+18;Thu Jan 16 12:29:29 +0000 2025;0;@newjeans_loop gambaran cwe yg suka Indomie ;1,88E+18;;newjeans_loop;in;;0;0;0;https://x.com/undefined/status/1879868577995694199;1,33E+18;
1,85E+18;Wed Jan 15 11:56:22 +0000 2025;0;@Indomielovers @NewJeans_ADOR Kayaknya uda harus ganti BA..mereka kan uda kluar dari ADOR..ntar malah indomie bermasalah dgn ADOR;1,88E+18;;Indomielovers;in;;0;0;0;https://x.com/undefined/status/1879497854324228212;410095495;
1,88E+18;Wed Jan 15 02:59:09 +0000 2025;0;@cilokmarebu Cobain indomie spicy ramyeon yang sama Newjeans Trisha.;1,88E+18;;cilokmarebu;in;;0;0;0;https://x.com/undefined/status/1879362660350960124;1,85E+18;
1,88E+18;Wed Jan 15 02:57:19 +0000 2025;0;@steafth Cobain indomie ramyeon yang sama Newjeans itu.;1,88E+18;;qctionq;in;;0;0;0;https://x.com/undefined/status/1879362198205874439;1,85E+18;
1,88E+18;Wed Jan 15 02:55:56 +0000 2025;0;@orenspaces Cobain indomie ramyeon yang sama Newjeans.;1,88E+18;;;in;;0;0;0;https://x.com/undefined/status/1879361850812563580;1,85E+18;
1,88E+18;Wed Jan 15 02:40:33 +0000 2025;0;@dollvest Cobain indomie ramyeon yang sama Newjeans itu.;1,88E+18;;dollvest;in;;0;0;0;https://x.com/undefined/status/1879357978459210162;1,85E+18;
1,88E+18;Wed Jan 15 02:39:53 +0000 2025;0;@loveablpe Cobain indomie ramyeon yang sama Newjeans.;1,88E+18;;loveablpe;in;;0;1;0;https://x.com/undefined/status/1879357812595417264;1,85E+18;
1,88E+18;Wed Jan 15 02:39:35 +0000 2025;0;@appeaur Cobain Mika. Indomie ramyeon yang sama Newjeans itu.;1,88E+18;;noctivictus;in;;0;1;0;https://x.com/undefined/status/1879357735713800308;1,85E+18;
1,88E+18;Tue Jan 14 23:35:27 +0000 2025;0;@2106KSY indomie newjeans kalau berantem sm mie sedap laksa mie sedap laksanya gepeng sesak nafas kesulitan utk bergerak koma;1,88E+18;;2106KSY;in;;0;1;0;https://x.com/undefined/status/1879311395340353710;1,74E+18;
1,87E+18;Mon Dec 30 06:18:56 +0000 2024;1;@Indomielovers @NewJeans_ADOR MAKASI INDOMIE!! ;1,87E+18;;Indomielovers;in;;0;0;0;https://x.com/undefined/status/1873614730553934312;1,84E+18;
1,87E+18;Sun Dec 29 12:23:28 +0000 2024;0;@home_all_one List belanja: - Indomie kari ayam - Indomie ayam bawang - Indomie goreng biasa - Indomie rendang - Indomie soto - Indomie ayam geprek - Indomie newjeans;1,87E+18;;home_all_one;in;;0;0;0;https://x.com/undefined/status/1873344079645553090;1,86E+18;
1,87E+18;Sat Dec 28 22:35:42 +0000 2024;1;@kuclink @starfess Samaaaaa Kwesel bgt pada pake artis korea sampe indomie skrng pake newjeans padahala bnyak bgt artis indo yg jauuuuh lebih ganteng and cantik dibanding orang korea.;1,87E+18;;kuclink;in;;0;0;0;https://x.com/undefined/status/1873135764466483505;7,60E+17;
1,87E+18;Sat Dec 28 15:38:20 +0000 2024;0;Gue: Indomie yang NewJeans warna biru itu enak nggak? Adek: Enak Gue: Rasanya gimana? Adek: Rasa Mie OASU;1,87E+18;;;in;;0;0;0;https://x.com/undefined/status/1873030732106641737;1,45E+18;
1,87E+18;Fri Dec 27 12:22:53 +0000 2024;0;MAKAN INDOMIE X NEWJEANS LAGI;1,87E+18;;;in;;0;0;0;https://x.com/undefined/status/1872619158892163430;1,57E+18;
1,87E+18;Thu Dec 26 18:13:21 +0000 2024;12;@newjeans_loop hanni dah demen indomie bjir;1,87E+18;;newjeans_loop;in;;0;0;0;https://x.com/undefined/status/1872344969257918766;1,10E+18;
1,87E+18;Thu Dec 26 18:03:00 +0000 2024;0;@newjeans_loop nagih bgt kayanya tuh indomie;1,87E+18;;newjeans_loop;in;;0;0;0;https://x.com/undefined/status/1872342362296573989;393885691;
1,87E+18;Thu Dec 26 17:37:45 +0000 2024;1;udah cobain indomie newjeans blom? #sandyourheart;1,87E+18;;;in;;0;0;0;https://x.com/undefined/status/1872336010144837689;1,84E+18;
1,87E+18;Thu Dec 26 17:05:59 +0000 2024;6;@newjeans_loop kak ci hanni gw bikinin indomie dah sini;1,87E+18;;newjeans_loop;in;;0;0;0;https://x.com/undefined/status/1872328015814017182;1,11E+18;
1,87E+18;Thu Dec 26 15:39:23 +0000 2024;0;Newjeans aja ketagihan indomie Apalagi kita? Wkkwkwk;1,87E+18;;;in;;0;0;0;https://x.com/undefined/status/1872306221941940588;1378908434;
1,87E+18;Thu Dec 26 00:19:10 +0000 2024;0;@curious_fingers Iya chitato sama indomilk. Kalo newjeans indomie;1,87E+18;;curious_fingers;in;;0;0;0;https://x.com/undefined/status/1872074640136482935;2900534460;
1,87E+18;Wed Dec 25 16:58:11 +0000 2024;0;@ignander kalau weekday cepet sih Kak paling jam 10 atau 11.. ini mungkin karena hari liburan shsjsj. ya ampun boleh aku nitip 1? indomie newjeans. :];1,87E+18;;jarethaus;in;;0;1;0;https://x.com/undefined/status/1871963663994958295;3275307210;
1,87E+18;Wed Dec 25 08:27:42 +0000 2024;0;Newjeans aja makan indomie.. https://t.co/XYtNUI4uPX;1,87E+18;https://pbs.twimg.com/ext_tw_video_thumb/1871835155452850176/pu/img/wfL8en75nYHlQf4X.jpg;;in;;0;0;0;https://x.com/undefined/status/1871835197324546355;1,38E+18;
1,87E+18;Tue Dec 24 07:18:41 +0000 2024;11;Aroma dan rasa Indomie Fiery Chikin emang pasti menggoda! Rasa ayam goreng ala Korea yang pedas manis asin dan gurih + aromanya bikin makin craving lho Indomie Lovers! Komen yang setuju ya! #OhMyGoodItsIndomie https://t.co/qS0CFCptpW;1,87E+18;https://pbs.twimg.com/ext_tw_video_thumb/1871455370222424064/pu/img/JX3TUHlzw4wFTORa.jpg;;in;;0;1;3;https://x.com/undefined/status/1871455441781399572;284428760;
1,87E+18;Tue Dec 24 04:11:53 +0000 2024;0;indomie newjeans yg k-rose enak deh tp odennya cm sebiji doang;1,87E+18;;;in;;0;0;0;https://x.com/undefined/status/1871408431795785987;55759874;
1,87E+18;Mon Dec 23 16:03:29 +0000 2024;2;@1 hello teman-teman uncha sekalian! Kenalin aku Ella &gt;;;;;;;;;;;
1,87E+18;Mon Dec 23 13:16:40 +0000 2024;0;@RoamerFranco netnot! indomie kuah yang collab sama newjeans itu abang!! yang warna biruu.;1,87E+18;;sumeilune;in;;0;0;0;https://x.com/undefined/status/1871183143602167937;1,81E+18;
1,87E+18;Mon Dec 23 06:52:39 +0000 2024;8;Date moment mana nih yang paling seru dan buat kamu ngerasa Oh My Good! Pssst Indomie Korean Ramyeon Series K-Rose dengan rasa saus Rose ala Korea yang gurih creamy dan pedas bakalan bikin nge-date Indomielovers semakin seru! #OhMyGoodItsIndomie https://t.co/qe9iZdtnMf;1,87E+18;https://pbs.twimg.com/ext_tw_video_thumb/1871086395256905728/pu/img/EchJAyk89cVOdaHB.jpg;;in;;0;1;1;https://x.com/undefined/status/1871086498579362155;284428760;
1,87E+18;Mon Dec 23 00:24:33 +0000 2024;1;@scaranauva Indomie - 3rb Tulisan hype abis - +1rb BA newjeans - +2rb Gitu kali itungan org org indomie wlwkwkwkwk Minimal kalo mau naikin harga ada photocardnya lah bang indomilk aja ngeluarin pc;1,87E+18;;scaranauva;in;;0;2;0;https://x.com/undefined/status/1870988833166389469;1,28E+18;
1,87E+18;Sun Dec 22 09:57:26 +0000 2024;9;Oh My Good! Gak kuat banget makan Indomie Spicy Ramyeon rasa sup jamur pedas ala Korea yang gurih pedas &amp;;;;;;;;;;;
1,87E+18;Sun Dec 22 03:53:33 +0000 2024;0;kita ushakan indomie lucu newjeans itu;1,87E+18;;;in;;0;0;0;https://x.com/undefined/status/1870679039121441080;1,72E+18;
1,87E+18;Sun Dec 22 02:26:30 +0000 2024;0;Guys newjeans beneran bubar? Terus nasib kontraknya sama indomie gimana?;1,87E+18;;;in;;0;0;0;https://x.com/undefined/status/1870657131852296684;1,66E+18;
1,87E+18;Sun Dec 22 00:44:14 +0000 2024;0;eh kocak indomie newjeans yang rose rasanya kek masakan RM padang;1,87E+18;;;in;;0;1;0;https://x.com/undefined/status/1870631395930059000;1,02E+18;
1,87E+18;Sat Dec 21 15:24:45 +0000 2024;0;@sosmedkeras Indomie goreng yang baru kolaborasi dengan newjeans enak banget coo;1,87E+18;;sosmedkeras;in;;0;0;0;https://x.com/undefined/status/1870490597611761687;1,42E+18;
1,87E+18;Sat Dec 21 13:04:15 +0000 2024;0;@strwbbyie aku mending makan mie wow apa indomie newjeans?;1,87E+18;;strwbbyie;in;;0;1;0;https://x.com/undefined/status/1870455242296570267;1,46E+18;
1,87E+18;Sat Dec 21 12:01:11 +0000 2024;0;Demi Indomie newjeans yang biru pedes gila;1,87E+18;;;in;;0;1;0;https://x.com/undefined/status/1870439367917121605;2833590194;
1,87E+18;Sat Dec 21 04:00:50 +0000 2024;0;@ferran_peak Bagi pendapat tentang Indomie X NewJeans;1,87E+18;;ferran_peak;in;;0;1;0;https://x.com/undefined/status/1870318487077585262;1,36E+18;
1,87E+18;Sat Dec 21 03:32:41 +0000 2024;0;Newjeans nge-review Indomie kah ini? https://t.co/C9ZX6AUiV7;1,87E+18;https://pbs.twimg.com/media/GfSuTURbUAAXlTz.jpg;;in;;0;0;0;https://x.com/undefined/status/1870311401228820824;8,60E+17;
1,87E+18;Sat Dec 21 02:35:00 +0000 2024;0;@Subhanallahkiky Ini klo ga salah pas bts newjeans x indomie ga sih?;1,87E+18;;SubhanallahKiky;in;;0;0;0;https://x.com/undefined/status/1870296884583247927;1,27E+18;
1,87E+18;Sat Dec 21 00:47:30 +0000 2024;1;newjeans aka jeanz yang udah pindah tempat kerja pindah kosan dan gara gara itu jadi makin rajin makin makan indomie udah beneran mirip average muda mudi indo yang lagi struggle dalam hidupnya https://t.co/5qMfubdFbD;1,87E+18;https://pbs.twimg.com/ext_tw_video_thumb/1870269815103123456/pu/img/1LtTwq4dlWqxQkVj.jpg;;in;;0;0;0;https://x.com/undefined/status/1870269833658675290;1,10E+18;
1,87E+18;Fri Dec 20 08:23:53 +0000 2024;0;baru nyobain indomie newjeans spicy ramyeon tapi versi popmie nya.. ternyata enak banget lebih enak daripada shin ramyeon atau anseongtangmyeon trus pedes banget dah https://t.co/NNJIz2DRUP;1,87E+18;https://pbs.twimg.com/media/GfOnWJEa0AA0CvR.jpg;;in;;0;0;0;https://x.com/undefined/status/1870022294934008183;2275390344;
1,87E+18;Thu Dec 19 06:10:32 +0000 2024;0;Ya betul Indomie versi newjeans bisa jadi opsi ransum pendemo hari Ini.;1,87E+18;;;in;;0;0;0;https://x.com/undefined/status/1869626350736470057;1,83E+18;
1,87E+18;Thu Dec 19 05:55:05 +0000 2024;15;PAKETTT! Etsss bukan dari Korea tapi Indomie Spicy Ramyeon yang kuahnya rasa sup jamur pedas ala Korea~ Sekarang kalau kangen cita rasa Korea gak perlu ke Korea soalnya bisa masak Indomie Spicy Ramyeon yang otentik gurih pedas dan segar! #OhMyGoodItsIndomie https://t.co/lq66OfZZDY;1,87E+18;https://pbs.twimg.com/ext_tw_video_thumb/1869622328780558336/pu/img/YcCUH3AUoBABGe15.jpg;;in;;0;1;2;https://x.com/undefined/status/1869622461203132669;284428760;
1,87E+18;Wed Dec 18 16:49:18 +0000 2024;1;real guys indomie x newjeans yang biru itu enak bangettt nget nget (tips: kuahnya dibikin kentel +10000 aura) https://t.co/JTZ3UInHsq;1,87E+18;https://pbs.twimg.com/media/GfGH3l2aYAAPDi1.jpg;;in;;0;1;0;https://x.com/undefined/status/1869424712742515067;1,50E+18;
1,87E+18;Wed Dec 18 09:31:12 +0000 2024;0;sebelumnya juga ada indomie x newjeans paket tas pvc. lumayan tasnya buat nonton konser ;1,87E+18;;;in;;0;0;0;https://x.com/undefined/status/1869314462785867925;1,30E+18;
1,87E+18;Wed Dec 18 07:54:12 +0000 2024;0;btw di tulisannya sih ini Indomie X newjeans tapi aku belinya gak di official store nya Indomie tapi di toko lain;1,87E+18;;huihuimoon96;in;;0;1;0;https://x.com/undefined/status/1869290052024697162;1,26E+18;
1,87E+18;Wed Dec 18 07:25:56 +0000 2024;9;Oh My Good! Siapa yang bisa nolak sih kalau ditawarin Indomie K-Rose dengan saus rose yang gurih pedas dan creamy! #OhMyGoodItsIndomie https://t.co/Ae2zrxneeH;1,87E+18;https://pbs.twimg.com/ext_tw_video_thumb/1869281329428475904/pu/img/N7-elU_d-07T1V5Y.jpg;;in;;0;0;2;https://x.com/undefined/status/1869282939223368176;284428760;
1,87E+18;Tue Dec 17 14:55:16 +0000 2024;0;Indomie tolong undang newjeans!!!!;1,87E+18;;;in;;0;0;0;https://x.com/undefined/status/1869033626895340000;329503019;
1,87E+18;Tue Dec 17 08:41:03 +0000 2024;9;Oh My Good! Ini dia yang bikin dar der dor pas masuk mulut tapi nagih terus Sensasi pedas Indomie Fiery Chikin ala ayam goreng Korea nikmatnya otentik Korea banget! Comment yang setuju! #OhMyGoodItsIndomie https://t.co/il5cZTb3Ey;1,87E+18;https://pbs.twimg.com/ext_tw_video_thumb/1868939300253188098/pu/img/U6MVwPt_PVWD_cRY.jpg;;in;;0;0;4;https://x.com/undefined/status/1868939451638202421;284428760;
1,87E+18;Tue Dec 17 05:49:25 +0000 2024;4;nyemil mie indomie newjeans aja ga sih #sandyourheart;1,87E+18;;;in;;0;0;0;https://x.com/undefined/status/1868896260608213067;1,84E+18;
1,87E+18;Mon Dec 16 11:55:05 +0000 2024;0;@mwontea @indomilkyourway @mychitato bukan byyy itu dari event newjeans sama indomie gt;1,87E+18;;mwontea;in;;0;0;0;https://x.com/undefined/status/1868625894161764412;1,75E+18;
1,87E+18;Mon Dec 16 09:57:10 +0000 2024;0;gua beli indomie x newjeans krena kepo lgsng beli semua varian ujungnya kemakan dikit doang karena ternyata pedes bgt semuanya cokk ;1,87E+18;;;in;;0;0;0;https://x.com/undefined/status/1868596219720909166;1,37E+18;
1,87E+18;Mon Dec 16 06:17:46 +0000 2024;1;punya tas pvc INDOMIE dari event newjeans terus punya tas pvc INDOMILK dr event seventeen..... Apakah harus punya tas pvc juga dr CHITATO jugaa AAAAKK bingung beli ga yaa...??️ https://t.co/yCAdcGhRVP;1,87E+18;https://pbs.twimg.com/media/Ge5kJIfbwAESxpY.jpg;;in;;0;1;1;https://x.com/undefined/status/1868541008297984086;1,26E+18;
1,87E+18;Sun Dec 15 14:50:12 +0000 2024;0;Ehh indomie x newjeans enak atau engga?;1,87E+18;;;in;;0;0;0;https://x.com/undefined/status/1868307577920164085;1,13E+18;
1,87E+18;Sun Dec 15 13:06:38 +0000 2024;0;indomie x newjeans yg k-rose enak ga by?? rasanya kaya apa???;1,87E+18;;;in;;0;3;0;https://x.com/undefined/status/1868281514460623035;1,30E+18;
1,87E+18;Sun Dec 15 09:55:20 +0000 2024;0;gara gara liat iklan indomie collab newjeans jadi pengen makan mi teruss woii;1,87E+18;;;in;;0;0;0;https://x.com/undefined/status/1868233369655595448;1,79E+18;
1,87E+18;Sun Dec 15 08:46:09 +0000 2024;0;Aku jadi penasaran gimana jadinya ini kerja sama indomie dan newjeans?;1,87E+18;;;in;;0;0;0;https://x.com/undefined/status/1868215960999727402;1,32E+18;
1,87E+18;Sun Dec 15 05:37:49 +0000 2024;0;info penting siang ini yg arul berikan adalah indomie newjeans yg pink udah avail di indomaret finally!;1,87E+18;;;in;;0;0;0;https://x.com/undefined/status/1868168564722868231;1,04E+18;
1,87E+18;Sun Dec 15 05:35:48 +0000 2024;0;kek emangnya ngapain brand-brand indo kolab sama kpop terus? indomie x newjeans contohnya. itu juga kolaborasi soft power kita tau segimana ikonik indomie itu plus rising star dari korea = promosi = profit. also dua kata lucu: nintendo umkm. bro didn't do his research.;1,87E+18;;tenkadaihiji;in;;0;0;0;https://x.com/undefined/status/1868168057698578657;1,58E+18;
1,87E+18;Sun Dec 15 03:56:48 +0000 2024;0;sbnrnya yg indomie x newjeans tuh kl beli dpt pc gak sih..;1,87E+18;;;in;;0;0;0;https://x.com/undefined/status/1868143145348919365;1,43E+18;
1,87E+18;Sat Dec 14 17:20:10 +0000 2024;0;Laper di jam 1 malam Di luar hujan Hasrat buat bikin indomie newjeans ini ;1,87E+18;;;in;;0;0;0;https://x.com/undefined/status/1867982929487704209;1,49E+18;
1,87E+18;Sat Dec 14 12:18:10 +0000 2024;0;menamatkan seluruh rasa indomie newjeans;1,87E+18;;;in;;0;1;0;https://x.com/undefined/status/1867906930569802171;1,58E+18;
1,87E+18;Sat Dec 14 12:01:41 +0000 2024;0;malem2 gini makan indomie newjeans yg rasa k-rose ;1,87E+18;;;in;;0;0;0;https://x.com/undefined/status/1867902782591922502;1,11E+18;
1,87E+18;Fri Dec 13 16:04:35 +0000 2024;0;@txtelur ih ndhog cobain itu indomie newjeans yang spicy ramyeon bungkus biru itu lebih pedes dari shim;1,87E+18;;txtelur;in;;0;1;0;https://x.com/undefined/status/1867601522395353506;1,45E+18;
1,87E+18;Fri Dec 13 15:43:05 +0000 2024;0;Indomie newjeans yg biru pedes bgt;1,87E+18;;;in;;0;0;0;https://x.com/undefined/status/1867596109998436715;1,77E+18;
1,87E+18;Fri Dec 13 09:59:06 +0000 2024;0;indomie x newjeans allahu akbr;1,87E+18;;;in;;0;0;0;https://x.com/undefined/status/1867509545053954436;1,56E+18;
1,87E+18;Fri Dec 13 03:42:51 +0000 2024;0;indomie newjeans yang pink surprisingly kayak gulai;1,87E+18;;;in;;0;0;0;https://x.com/undefined/status/1867414856510714291;1,64E+18;
1,87E+18;Thu Dec 12 13:52:03 +0000 2024;0;indomie newjeans biru enyak;1,87E+18;;;in;;0;0;0;https://x.com/undefined/status/1867205777490112838;1,66E+18;
1,87E+18;Thu Dec 12 12:57:02 +0000 2024;0;makan indomie newjeans agar cantik seperti minji https://t.co/MUMIsgI20l;1,87E+18;https://pbs.twimg.com/media/GemZK1faQAEe7xu.jpg;;in;;0;3;0;https://x.com/undefined/status/1867191935271944502;7,06E+17;
1,87E+18;Thu Dec 12 04:03:59 +0000 2024;0;Bisa ga iklan Yt gw newjeans indomie aja terus? Gw iklasss kokkk;1,87E+18;;;in;;0;1;0;https://x.com/undefined/status/1867057788540883345;1,30E+18;
1,87E+18;Sat Dec 07 15:18:17 +0000 2024;0;@lilfreaks1212 Indomie spicy ramyun ini yang varian BAnya newjeans bukan sih?;1,87E+18;;lilfreaks1212;in;;0;1;0;https://x.com/undefined/status/1865415542326383032;537990065;
1,87E+18;Sat Dec 07 14:36:36 +0000 2024;0;barusan nyoba indomie newjeans yg rose krn kata adekku ga pedes2 amat. tetap saja aku sentrap sentrup kepedesan.;1,87E+18;;;in;;0;0;0;https://x.com/undefined/status/1865405052858581249;479443734;
1,87E+18;Sat Dec 07 13:25:52 +0000 2024;1;Nyobain indomie Tori Kara pedesnya nampol bjir️‍ Sebenernya mau cobain yang collab mah newjeans tapi yang pink gak ada jadinya cobain ini deh karna yang Tori miso biasa enak https://t.co/wL4hnUN72o;1,87E+18;https://pbs.twimg.com/media/GeMv0UpakAAlH32.jpg;;in;;0;2;0;https://x.com/undefined/status/1865387250319859846;1,07E+18;
1,87E+18;Sat Dec 07 12:51:26 +0000 2024;0;Indomie yg sama newjeans enak woyy;1,87E+18;;;in;;0;0;0;https://x.com/undefined/status/1865378585168712006;1,41E+18;
1,87E+18;Sat Dec 07 09:47:08 +0000 2024;0;Hawanya cocok bgt untuk bikin Indomie newjeans yeahhh;1,87E+18;;;in;;0;0;0;https://x.com/undefined/status/1865332206081826993;1,86E+18;
1,87E+18;Sat Dec 07 05:24:16 +0000 2024;0;gua kena gocek alfa dkt rmh gua apa ya masa peppero 2+indomie fiery chicken 40rb sendiri si goblok gak nge cek struk lg grgr kegirangan sendiri liat newjeans;1,87E+18;;;in;;0;1;0;https://x.com/undefined/status/1865266053976330311;1,62E+18;
1,87E+18;Fri Dec 06 15:25:44 +0000 2024;0;absen indomie newjeans day 1 foto terakhir lagi #masakbanget https://t.co/csMR6UCyR8;1,87E+18;https://pbs.twimg.com/media/GeIBpPGboAAavQs.jpg;;in;;0;0;0;https://x.com/undefined/status/1865055030350614802;1,13E+18;
1,87E+18;Fri Dec 06 11:33:59 +0000 2024;1;Makasih Indomie san Newjeans berkat kolaborasi kalian aku bisa menikmati mie instan paling nikmat di dunia ini Gila sih tiap hari makan nih mie untung ga ketahuan mama https://t.co/pEGAb78gTK;1,87E+18;https://pbs.twimg.com/media/GeHMnuoakAABGog.jpg;;in;;0;0;0;https://x.com/undefined/status/1864996706812858737;1,22E+18;
1,86E+18;Fri Dec 06 08:19:05 +0000 2024;2;mbak yg dijual SUSU bukan tas tas beginian mah cm gimmick atau freebiesnya aja. nih contohnya tas indomie korean series yg BA nya newjeans ya emg begini doang kan yg dijual mie nya. itu yg punya indomilk udah yg paling bagus dr sekian banyak tas freebies indofood https://t.co/BGRwg3WxeO;1,86E+18;https://pbs.twimg.com/media/GeGgAFza8AAPCn6.jpg;;in;;0;3;0;https://x.com/undefined/status/1864947660572287014;1,44E+18;
1,86E+18;Fri Dec 06 06:31:18 +0000 2024;0;Open jastip indomie x newjeans 40k dapet tas pvc + indomie korean 5pcs 80k dapet tas pvc dan indomie korean 5pcs tas pvc dan indomie 3pcs pop mie 2 pcs dan merch random (nanti dapet dari claw machine) Yang mau dm juseyoo bisa co oren yess dom solo https://t.co/8EJuF028Kc;1,86E+18;https://pbs.twimg.com/media/GeGHVwQbkAAGRz_.jpg;;in;;0;1;0;https://x.com/undefined/status/1864920534078886159;1,51E+18;
1,86E+18;Thu Dec 05 23:29:13 +0000 2024;0;Kayak ngewar Indomie newjeans;1,86E+18;;;in;;0;0;0;https://x.com/undefined/status/1864814314491961624;1,77E+18;
1,86E+18;Thu Dec 05 12:20:18 +0000 2024;0;@cinderjaems indomie nya newjeans enak semua;1,86E+18;;cinderjaems;in;;0;0;0;https://x.com/undefined/status/1864645973626245443;70607178;
1,86E+18;Thu Dec 05 11:32:33 +0000 2024;0;indomie yg sama newjeans gak worth it poll rasanya kebanyakan lada anjir semua varian konsepnya LADA bjir;1,86E+18;;;in;;0;1;0;https://x.com/undefined/status/1864633959814189440;9,33E+17;
1,86E+18;Wed Dec 04 03:49:27 +0000 2024;0;ABIS BELI INDOMIE NEWJEANS (telat) ;1,86E+18;;;in;;0;3;0;https://x.com/undefined/status/1864155025276326214;1,53E+18;
1,86E+18;Tue Dec 03 15:57:28 +0000 2024;0;Efek NewJeans makan Indomie? *Jokes ya ini;1,86E+18;;;in;;0;0;0;https://x.com/undefined/status/1863975850343104574;80315336;
1,86E+18;Tue Dec 03 15:24:25 +0000 2024;0;@SNayla_JKT48 Malammm sama :( tapi ini lagi coba mie indomie x newjeans. Sudah coba nayraa?;1,86E+18;;SNayla_JKT48;in;;0;0;0;https://x.com/undefined/status/1863967531884765364;1,76E+18;
1,86E+18;Tue Dec 03 04:19:59 +0000 2024;0;@KobunDazai Name &amp;;;;;;;;;;;
1,86E+18;Mon Dec 02 19:43:30 +0000 2024;0;gua baru menemukan fakta kalo yg bikin soto ayam bu karti ternyata jg bikin lagu indomie x newjeans anjir???;1,86E+18;;;in;;0;5;0;https://x.com/undefined/status/1863670346177720632;1,78E+18;
1,86E+18;Mon Dec 02 11:40:21 +0000 2024;0;indomie newjeans pedes bgt yak ini aku masukin bumbu cuman setengah aja udah lebih pedes dari shin ramyun??? tapi enak sih kl lagi pengen kayanya bakal beli lagi ;1,86E+18;;;in;;0;2;0;https://x.com/undefined/status/1863548757197127803;7,95E+17;
1,86E+18;Mon Dec 02 06:39:29 +0000 2024;2;sekarang kalo kangen NewJeans bawaannya pengen makan indomie sambil dengerin Ditto.;1,86E+18;;;in;;0;0;0;https://x.com/undefined/status/1863473042376319363;1,70E+18;
1,86E+18;Mon Dec 02 01:44:56 +0000 2024;0;Kaka gue gatau indomie newjeans masa;1,86E+18;;;in;;0;0;0;https://x.com/undefined/status/1863398916705886226;1,55E+18;
1,86E+18;Sun Dec 01 16:09:47 +0000 2024;0;tahukah kamu newjeans digandeng indomie wkwkwkwwk https://t.co/luAM76uLQK;1,86E+18;https://pbs.twimg.com/media/GdubxGpagAAcqjV.jpg;;in;;0;0;0;https://x.com/undefined/status/1863254175360139639;1,13E+18;
1,86E+18;Sun Dec 01 15:16:05 +0000 2024;0;indomie yg newjeans enakk bgt;1,86E+18;;;in;;0;1;0;https://x.com/undefined/status/1863240658825482319;1,84E+18;
1,86E+18;Sun Dec 01 11:26:42 +0000 2024;0;@asahifiless Oh ini tuh indomie newjeans aku kemarin beli tapi gatau kalau ini indomie newjeans;1,86E+18;;heosahi;in;;0;1;0;https://x.com/undefined/status/1863182933605163455;1,40E+18;
1,86E+18;Sun Dec 01 08:38:14 +0000 2024;0;enak banget ni indomie newjeans;1,86E+18;;_audina_;in;;0;0;0;https://x.com/undefined/status/1863140538620502126;954851184;
1,86E+18;Sun Dec 01 06:12:58 +0000 2024;0;@wonpiricuties indomie x newjeans udh cobain blm jell;1,86E+18;;wonpiricuties;in;;0;1;0;https://x.com/undefined/status/1863103981054263783;275916613;
1,86E+18;Sun Dec 01 05:41:29 +0000 2024;0;tdi tuh di cfd bungkul ada mbk² indomie jualan indomie nya newjeans. tak keliling i bungkul tak kira bakal ada indomilk nya svt ternyata ora onok ;1,86E+18;;;in;;0;0;0;https://x.com/undefined/status/1863096058978644082;1,50E+18;
1,86E+18;Sat Nov 30 17:05:11 +0000 2024;0;Newjeans buyar.. Bubar? Padahal barusan iklanin indomie. Belum sempat coba pula. Nyari indomienya di indomaret atau alfamart ada gak yah?;1,86E+18;;;in;;0;0;0;https://x.com/undefined/status/1862905728450838587;63112751;
1,86E+18;Sat Nov 30 14:15:15 +0000 2024;0;pengen coba indomie x newjeans ;1,86E+18;;;in;;0;0;0;https://x.com/undefined/status/1862862962572288444;1,53E+18;
1,86E+18;Sat Nov 30 07:46:41 +0000 2024;16;nyobain indomie newjeans kak ros https://t.co/TKehbn277o;1,86E+18;https://pbs.twimg.com/media/GdnfC-QWAAA-U-D.jpg;;in;;0;5;0;https://x.com/undefined/status/1862765176455561602;1,72E+18;
1,86E+18;Fri Nov 29 17:16:33 +0000 2024;1;gila ya pengaruh indomie ke newjeans. gue nangis nonton press conferencenya buset keren bgt lu pada neng;1,86E+18;;;in;;0;0;0;https://x.com/undefined/status/1862546203231363122;1,37E+18;
1,86E+18;Fri Nov 29 15:14:27 +0000 2024;1;NewJeans: udah paling bener gw jualan indomie ajalah;1,86E+18;;;in;;0;0;0;https://x.com/undefined/status/1862515473910571447;1,49E+18;
1,86E+18;Fri Nov 29 12:52:22 +0000 2024;0;indomie rose topokki rasanya freak bgt knpsih gak enak cm krn udh beli ajeeeeee support idol pengangguranku (newjeans);1,86E+18;;;in;;0;0;0;https://x.com/undefined/status/1862479716969848994;1,66E+18;
1,86E+18;Fri Nov 29 11:34:55 +0000 2024;1;@pppuleee newjeans bar dadi BA indomie jiwa2 idealisme mahasiswane langsung metu;1,86E+18;;pppuleee;in;;0;1;0;https://x.com/undefined/status/1862460227796574682;8,45E+17;
1,86E+18;Fri Nov 29 11:19:38 +0000 2024;0;tapi newjeans masih jadi BA indomie kan?;1,86E+18;;;in;;0;0;0;https://x.com/undefined/status/1862456381737246803;1,75E+18;
1,86E+18;Fri Nov 29 06:21:12 +0000 2024;0;indomie beruntung bgt bisa koleb ama newjeans kemaren wkkwkw;1,86E+18;;;in;;0;0;0;https://x.com/undefined/status/1862381277145702707;2487483455;
1,86E+18;Fri Nov 29 05:43:07 +0000 2024;0;Indomie newjeans yang kuah enak bangett pedasnya berasa kuahnya juga kental aku suka lahh;1,86E+18;;;in;;0;0;0;https://x.com/undefined/status/1862371692926087347;1,20E+18;
1,86E+18;Fri Nov 29 03:12:23 +0000 2024;0;Eh padahal newjeans baru sama indomie ya.. kalo ga pake nama nj lg nnti berarti iklannya di take down atau gimana;1,86E+18;;;in;;0;0;0;https://x.com/undefined/status/1862333760903291203;1,83E+18;
1,86E+18;Fri Nov 29 02:40:08 +0000 2024;0;@EmployeeHiseung Itu Indomie Newjeans ya? Btw aku cinta banget sama gebetanku ;1,86E+18;;heeiseungie;in;;0;1;0;https://x.com/undefined/status/1862325643587068387;2488294495;
1,86E+18;Fri Nov 29 02:00:16 +0000 2024;3;PROMO Bundling juga bisa kamu dapetin supaya kamu berkesempatan bawa pulang DIY Charm &amp;;;;;;;;;;;
1,86E+18;Fri Nov 29 01:59:57 +0000 2024;4;Nikmatin Indomie Ramyeon Korean Series cuma Rp15.000 udah dapet topping dan air mineral terus bisa rasain eksperimen seru masak sendiri di Oh My Good Mart loh! Jadi varian mana yang jadi favorit kamu nih? #OhMyGoodItsIndomie https://t.co/jFqFvEPJlT;1,86E+18;https://pbs.twimg.com/media/GdhGEBqXMAAl05W.jpg;Indomielovers;in;;0;1;0;https://x.com/undefined/status/1862315530319011875;284428760;
1,86E+18;Thu Nov 28 15:59:11 +0000 2024;0;Menyimak sambil mam indomie newjeans https://t.co/EhFg3zQW29;1,86E+18;https://pbs.twimg.com/media/Gde8mdCWoAEUWIX.jpg;;in;;0;0;0;https://x.com/undefined/status/1862164343569465391;537990065;
1,86E+18;Thu Nov 28 15:23:49 +0000 2024;0;Seenggaknya NewJeans pernah jadi bintang iklan Indomie;1,86E+18;;;in;;0;0;0;https://x.com/undefined/status/1862155441884787021;356580881;
1,86E+18;Thu Nov 28 14:33:33 +0000 2024;0;@kdyisbae itu yang rasa mana kak? aku tuh nyari2 yang rose sedih banget ga nemu2 HAHA kata temenku yang di jkt nemunya di the ranch kek wow apakah indomie newjeans rose ekslusif di supermarket mahal HAHAHA;1,86E+18;;kdyisbae;in;;0;1;0;https://x.com/undefined/status/1862142794816749585;1,00E+18;
1,86E+18;Thu Nov 28 14:33:19 +0000 2024;0;on the side note aku abis ini mau borong indomie newjeans (BELOM KESAMPEAAANNN) sama mau beli lg pepero almondnya enak bgt;1,86E+18;;sevendouble2s;in;;0;0;0;https://x.com/undefined/status/1862142733156254053;1,55E+18;
1,86E+18;Thu Nov 28 14:29:57 +0000 2024;0;@kdyisbae (((indomie newjeans))) KAK WKWKWKWKW;1,86E+18;;kdyisbae;in;;0;1;0;https://x.com/undefined/status/1862141887395791026;1,00E+18;
1,86E+18;Thu Nov 28 14:16:46 +0000 2024;0;JIR GW SUKA BGT INDOMIE NEWJEANS;1,86E+18;;;in;;0;1;0;https://x.com/undefined/status/1862138570464772414;1,26E+18;
1,86E+18;Thu Nov 28 13:57:44 +0000 2024;0;pengen pukpuk newjeans terus bikinin indomie rebus pake telor kuah kental;1,86E+18;;;in;;0;0;0;https://x.com/undefined/status/1862133781546811415;1,78E+18;
1,86E+18;Thu Nov 28 13:40:37 +0000 2024;0;@starfess baru juga cobain indomie newjeans tp susah cari yg warna pink di domku ga ada jual ;1,86E+18;;starfess;in;;0;0;0;https://x.com/undefined/status/1862129473233240315;459228495;
1,86E+18;Thu Nov 28 13:24:05 +0000 2024;0;Bisa-bisanya di saat seperti ini malah mikirin collab mereka sama indomie NEWJEANS NEVER DIE;1,86E+18;;;in;;0;0;0;https://x.com/undefined/status/1862125311036654069;1,20E+18;
1,86E+18;Thu Nov 28 13:17:30 +0000 2024;0;tapi kita ga bakal dapet light jeans indomie x newjeans?! ;1,86E+18;;;in;;0;0;0;https://x.com/undefined/status/1862123652634059008;1,32E+18;
1,86E+18;Thu Nov 28 13:13:05 +0000 2024;0;@tanyarlfes lahh pertanyaanya adalah ini kontrak mereka sama indomie dengan nama newjeans gimana??? kok bisa udah bubaran sedangkan indomie aja baru rilis : ;1,86E+18;;tanyarlfes;in;;1;2;0;https://x.com/undefined/status/1862122544612126829;1,55E+18;
1,86E+18;Thu Nov 28 13:02:24 +0000 2024;0;Aku akan dukung kamu dengan beli Indomie NewJeans!!!;1,86E+18;;;in;;0;0;0;https://x.com/undefined/status/1862119854909825489;7,39E+17;
1,86E+18;Thu Nov 28 12:54:05 +0000 2024;0;wes lek bisnis indomie ae. FREE NEWJEANS!;1,86E+18;;;in;;0;0;0;https://x.com/undefined/status/1862117759787885051;1,22E+18;
1,86E+18;Thu Nov 28 12:01:36 +0000 2024;0;@banchingu Indomie newjeans yg biru demi apapun asin poool;1,86E+18;;banchingu;in;;0;1;0;https://x.com/undefined/status/1862104554856493472;1,15E+18;
1,86E+18;Thu Nov 28 11:43:42 +0000 2024;0;Ini indomie masih bisa pake newjeans ga sih buat promosi iklannya bjir;1,86E+18;;;in;;0;1;0;https://x.com/undefined/status/1862100050144637210;241003491;
1,86E+18;Thu Nov 28 08:54:21 +0000 2024;0;sp udh coba indomie x newjeans;1,86E+18;;;in;;0;0;0;https://x.com/undefined/status/1862057431460979101;1,42E+18;
1,86E+18;Thu Nov 28 02:51:42 +0000 2024;0;@Adriftumn Indomie x NewJeans yang fiery chicken ituuu! Sudah kenyang semalam jadi mengantuk. ‍️;1,86E+18;;Adriftumn;in;;0;0;0;https://x.com/undefined/status/1861966167478571139;3254456648;
1,86E+18;Wed Nov 27 15:13:44 +0000 2024;0;Pengen indomie newjeans tapi mager beliiiiii;1,86E+18;;uyahz;in;;0;0;0;https://x.com/undefined/status/1861790516960170030;1,51E+18;
1,86E+18;Wed Nov 27 13:45:23 +0000 2024;0;indomie spicy ramyeon yang newjeans itu enak banget plzzz masuk top 3 indomie fav aku;1,86E+18;;;in;;0;0;0;https://x.com/undefined/status/1861768283516817568;1,77E+18;
1,86E+18;Wed Nov 27 11:41:41 +0000 2024;0;abis makan indomie bisa jd member newjeans ga;1,86E+18;;;in;;0;0;0;https://x.com/undefined/status/1861737154633933119;9,56E+17;
1,86E+18;Wed Nov 27 10:22:09 +0000 2024;2;INDOMIE × NEWJEANS Oh My Oh My Good! Siapa sih yang gak bisa hidup tanpa mie? Angkat tangannya! ️ Kita udah siapin spesial buat para pecinta Indomie biar makannya sambil bayangin ditemenin NewJeans. https://t.co/Ms7hz02IGv;1,86E+18;https://pbs.twimg.com/media/GdYl3nraEAAI7Im.jpg;greoasy;in;;6;1;1;https://x.com/undefined/status/1861717139239084484;3225560598;
1,86E+18;Wed Nov 27 10:13:31 +0000 2024;0;INDOMIE × NEWJEANS Oh My Oh My Good! Siapa sih yang gak bisa hidup tanpa mie? Angkat tangannya! ️ Kita udah siapin spesial buat para pecinta Indomie biar makannya sambil bayangin ditemenin NewJeans. https://t.co/iUDxjycG9M;1,86E+18;https://pbs.twimg.com/media/GdYj4gvaQAABAGk.jpg;sorevamp;in;;0;1;0;https://x.com/undefined/status/1861714966371618894;9,04E+17;
1,86E+18;Wed Nov 27 09:50:57 +0000 2024;1;gw bagi bagi indomie kl newjeans masuk @oddatelier;1,86E+18;;;in;;0;0;0;https://x.com/undefined/status/1861709285610467543;1,38E+18;
1,86E+18;Wed Nov 27 03:20:04 +0000 2024;0;for context abis nyoblos ke a* niatnya mau nyari indomie yg newjeans tp gaada adanya malah ini. kmrn cmn liat di tl ada yg share yg putih item (rasa cookies?) and bcs i dont vibe with those hari ini baru liat ada yg ijo2 rasa almond dan ternyata wenyaakk;1,86E+18;;sevendouble2s;in;;0;0;0;https://x.com/undefined/status/1861610918226075729;1,55E+18;
1,86E+18;Tue Nov 26 16:07:44 +0000 2024;0;nasi daun jeruk ayam tulang lunak sore mam indomie x newjeans yang merah :&gt;;;;;;;;;;;
1,86E+18;Tue Nov 26 13:01:53 +0000 2024;0;mau makan Indomie newjeans oi;1,86E+18;;;in;;0;0;0;https://x.com/undefined/status/1861394947284553822;1,84E+18;
1,86E+18;Tue Nov 26 12:59:09 +0000 2024;0;mau makan Indomie newjeans malah kehalang by u error kocak;1,86E+18;;;in;;0;0;0;https://x.com/undefined/status/1861394259980755449;1,84E+18;
1,86E+18;Mon Nov 25 15:48:08 +0000 2024;0;@philoshophia7 yaudah kasih Indomie newjeans aja;1,86E+18;;philoshophia7;in;;0;1;0;https://x.com/undefined/status/1861074397546831965;1,61E+18;
1,86E+18;Mon Nov 25 14:28:22 +0000 2024;0;@hourlywintol @roscentsea Makanya gw diem aja biar dia godok dulu indomie newjeans dia itu;1,86E+18;;hourlywintol;in;;0;1;0;https://x.com/undefined/status/1861054323364675821;1,69E+18;
1,86E+18;Mon Nov 25 14:27:35 +0000 2024;2;first time nyoba indomie spicy ramyeon newjeans TIDAK EXPECT SUAPAN PERTAMA PEDES BANGET ;1,86E+18;;;in;;1;4;0;https://x.com/undefined/status/1861054126513344939;2644886024;
1,86E+18;Mon Nov 25 11:45:32 +0000 2024;0;@songmfin indomie yg collab sm newjeans. https://t.co/hrxW6QpFne;1,86E+18;;songmfin;in;;0;1;0;https://x.com/undefined/status/1861013346482590179;1,20E+18;
1,86E+18;Mon Nov 25 11:36:16 +0000 2024;0;Indomie newjeans yg merah ga enak;1,86E+18;;;in;;0;0;0;https://x.com/undefined/status/1861011015498162513;1,35E+18;
1,86E+18;Sun Nov 24 23:27:42 +0000 2024;0;btw mau review deh aku indomie ramyun yang collab bareng newjeans yang warna birunya itu hampir sama kaya shin ramyun enak bgt jir cuman bedanya shin ramyun lebih berasa ajhhh;1,86E+18;;;in;;1;5;0;https://x.com/undefined/status/1860827663017140699;1,51E+18;
1,86E+18;Sun Nov 24 15:04:17 +0000 2024;3;Ketagihan indomie newjeans help minggu ini aja udah 3 kali makan;1,86E+18;;;in;;0;8;0;https://x.com/undefined/status/1860700976090607986;1,37E+18;
1,86E+18;Sun Nov 24 14:28:49 +0000 2024;0;@jonghowhiskers IH INI INDOMIE YG NEWJEANS KAN.?;1,86E+18;;jonghowhiskers;in;;0;1;0;https://x.com/undefined/status/1860692051802894386;1,44E+18;
1,86E+18;Sun Nov 24 13:01:36 +0000 2024;0;ngakak bgt td ada iklan indomie trs si mami blg dek itu blackpink de trs si papi blg newjeans bener bener si papi chronically online;1,86E+18;;;in;;0;0;0;https://x.com/undefined/status/1860670103324602853;1,44E+18;
1,86E+18;Sun Nov 24 11:22:59 +0000 2024;0;@Indomielovers @NewJeans_ADOR min saya cari indomie rasa newjeans di indomart dan alfamart kok ga ketemu ya?;1,86E+18;;Indomielovers;in;;0;0;0;https://x.com/undefined/status/1860645283895603640;1,14E+18;
1,86E+18;Sun Nov 24 05:44:34 +0000 2024;0;kondisiku setelah indomie x newjeans https://t.co/kedOoxqyhp;1,86E+18;https://pbs.twimg.com/ext_tw_video_thumb/1860560055768412160/pu/img/GrnzGntxiVUkosT-.jpg;;in;;0;0;0;https://x.com/undefined/status/1860560117001048334;185960191;
1,85E+18;Sun Nov 24 03:21:22 +0000 2024;0;@hhvriee @BeaconCream kayaknya sih dapet keychain nya yg dari newjeans indomie sama bungkusannya itu loh yg ada kantongnya (gatau jg). soalnya aku beli ga dapet.... tapi skrg ada photocard gitu cmn bukan selca;1,86E+18;;Wishprlie;in;;0;1;0;https://x.com/undefined/status/1860524082187632981;1,41E+18;
1,86E+18;Sun Nov 24 00:13:17 +0000 2024;0;@yunahrunext bjir mirip banget sama lagu indomie newjeans;1,86E+18;;yunahrunext;in;;0;0;0;https://x.com/undefined/status/1860476747088814340;1,83E+18;
1,86E+18;Sat Nov 23 22:02:38 +0000 2024;0;wkwk jujur mirip sm lagu indomie newjeans tapi agak dispeed up;1,86E+18;;;in;;0;0;0;https://x.com/undefined/status/1860443868212367831;548060849;
1,86E+18;Sat Nov 23 16:45:21 +0000 2024;0;kocak bat dah illit udah perform dari 2 hari yang lalu tapi baru di hate sekarang gara² inst breakdance nya mirip kek indomie x newjeans. riil kesel bat.;1,86E+18;;;in;;0;0;0;https://x.com/undefined/status/1860364024141218232;1,39E+18;
1,86E+18;Sat Nov 23 15:10:48 +0000 2024;0;Btw yang bikin backsound ini tuh dari pihak indomie apa Newjeans sih?;1,86E+18;;;in;;0;0;0;https://x.com/undefined/status/1860340227770057028;1,22E+18;
1,86E+18;Sat Nov 23 15:08:53 +0000 2024;0;gemes banget sih.... indomie tuh kayak punya anak perempuan. semua newjeans dirayakan ;1,86E+18;;;in;;0;0;0;https://x.com/undefined/status/1860339745966166489;1,44E+18;
1,86E+18;Sat Nov 23 15:03:57 +0000 2024;0;@_riiverre @prodjhn @vampireholyy @yunahrunext Ini musiknya Illit duluan trs indomie newjeans baru bulan ini. Yg buat musiknya sengaja keknya (emot batu);1,86E+18;;Ianrissee;in;;0;1;0;https://x.com/undefined/status/1860338504166953306;1,78E+18;
1,86E+18;Sat Nov 23 14:16:52 +0000 2024;0;Setidaknya saat klip ini lewat kita akan teringat dengan collab Indomie x newjeans... Chukkae Indomie iklan mu memang membekas... Penggunaan kata Kita ditujukan buat yang qrt and komen teringat iklan Indomie ya~~~ yang gak teringat gak masuk kategori Kita ;1,86E+18;;;in;;0;0;0;https://x.com/undefined/status/1860326653660135691;1,45E+18;
1,86E+18;Sat Nov 23 13:44:06 +0000 2024;0;Perdana mencoba Indomie x Newjeans.... Tapi K-rose tidak ada https://t.co/q8o8wy7hvW;1,86E+18;https://pbs.twimg.com/media/GdEtuZHaYAECQmV.jpg;;in;;0;0;0;https://x.com/undefined/status/1860318409877258735;1,62E+18;
1,86E+18;Sat Nov 23 12:14:17 +0000 2024;1;illit lu bener2 ya lagu iklan indomie newjeans aja lu copy;1,86E+18;;;in;;0;1;0;https://x.com/undefined/status/1860295804520661200;3690997939;
1,86E+18;Sat Nov 23 11:37:27 +0000 2024;0;newjeans x indomie pun lagunya ditiru alamaaakkk;1,86E+18;;;in;;0;0;0;https://x.com/undefined/status/1860286535364673798;1,51E+18;
1,86E+18;Sat Nov 23 11:21:57 +0000 2024;2322;Oke banyak bgt yang mention gw katanya mirip beat iklan Indomie x NewJeans yg gw buat. Menurut gw cuma mirip dikit di satu dua notasi aja kok. Dan yg gw buat juga pretty common note progression kok. Technically ini ngga plagiat kok. Gw harap ga usah ribut-ribut yaaa.;1,86E+18;;;in;;206;78;367;https://x.com/undefined/status/1860282637212090766;95369720;
1,86E+18;Sat Nov 23 10:20:58 +0000 2024;15;makan ini dapat minji ga kira2?? Saturday 23rd of November 2024 18.00 WIB https://t.co/9jhwe28NGN #arpinahelios #vtuber #vtuberid #newjeans #newjeansxindomie #indomie https://t.co/o7jqVyM9DI;1,86E+18;https://pbs.twimg.com/media/GdD_OZoagAMGyxH.jpg;;in;;0;2;3;https://x.com/undefined/status/1860267289851101407;1,54E+18;
1,86E+18;Sat Nov 23 09:36:36 +0000 2024;4318;Mirip song nya NewJeans × Indomie ;1,86E+18;;;in;;59;56;330;https://x.com/undefined/status/1860256125381411319;2833491746;
1,86E+18;Sat Nov 23 09:11:19 +0000 2024;0;Mau pamer ak 1 kereta sm bias AK DPT MINJI DEPAN BLKNG AVVV #OhMyGoodItsIndomie https://t.co/aQZopWcEAf;1,86E+18;https://pbs.twimg.com/media/GdDvR0lbYAAPs82.jpg;;in;;0;2;0;https://x.com/undefined/status/1860249761473003657;1,49E+18;
1,86E+18;Sat Nov 23 08:49:15 +0000 2024;0;Indomie newjeans yg warna biru enaaakkk;1,86E+18;;;in;;0;0;0;https://x.com/undefined/status/1860244207744745667;1,63E+18;
1,86E+18;Sat Nov 23 07:32:32 +0000 2024;0;@Indomielovers @NewJeans_ADOR kalau newjeans redebut apa tetap jadi BA Indomie kak?;1,86E+18;;Indomielovers;in;;0;0;0;https://x.com/undefined/status/1860224902248436133;8,91E+17;
1,86E+18;Sat Nov 23 07:31:08 +0000 2024;0;Indomie x newjeans MOG. Cuma sampai minggu aja. 15ribu dapet mie toping oden dan telor serta condiment dan air mineral. Tas isi 5 mie 30rb. Beli 2 paket bisa free main claw machine kemaren dapet kipas haha. https://t.co/NilH9YB6fN;1,86E+18;https://pbs.twimg.com/media/GdDYU8JaEAAkJ8D.jpg;;in;;0;1;0;https://x.com/undefined/status/1860224549868175526;1,03E+18;
1,86E+18;Sat Nov 23 07:05:07 +0000 2024;0;ADA EVENT INDOMIE NEWJEANS DI MOG KOK AKU GK TAUUUUUU;1,86E+18;;;in;;0;0;0;https://x.com/undefined/status/1860218002962251939;1,45E+18;
1,86E+18;Sat Nov 23 07:02:21 +0000 2024;0;Yang korean menu collab sama newjeans atau premium udah 6rb-an btw Masih make sense lah harganya daripada samyang sebetulnya ya bun wkwk tapi asli.. indomie mie sedap dll udah nyentuh harga 3rb di supermarket tu kek hah? ;1,86E+18;;;in;;0;0;0;https://x.com/undefined/status/1860217305961246950;1,03E+18;
1,86E+18;Sat Nov 23 01:26:05 +0000 2024;0;indomie ni totalitas banget jir dukung new jeans kata gue indofood lo bikin agensi/label aja buat newjeans di indonesia;1,86E+18;;;in;;0;0;0;https://x.com/undefined/status/1860132682665202115;1,09E+18;
1,86E+18;Fri Nov 22 16:44:12 +0000 2024;0;@Indomielovers @NewJeans_ADOR Makasih indomie ;1,86E+18;;Indomielovers;in;;0;0;0;https://x.com/undefined/status/1860001344586977725;1,55E+18;
1,86E+18;Fri Nov 22 16:32:31 +0000 2024;3;@Indomielovers thankyou ya sudah full support newjeans ntar aku borong indomie https://t.co/9wHEa93BaD;1,86E+18;https://pbs.twimg.com/media/GdAKrgzaUAAuoR3.jpg;Indomielovers;in;;0;0;0;https://x.com/undefined/status/1859998403343851990;1,78E+18;
1,86E+18;Fri Nov 22 16:28:38 +0000 2024;59;@Indomielovers @NewJeans_ADOR Emang bener nih sayang bngt Indomie Ama Newjeanskuhh bisa kali bawa ke indo️;1,86E+18;;Indomielovers;in;;0;1;0;https://x.com/undefined/status/1859997428667306482;1,37E+18;
1,86E+18;Fri Nov 22 15:26:38 +0000 2024;0;mau nitip newjeans x indomie yang tas warna biru. et mentang2 persib warnanya biru semua anjir ;1,86E+18;;;in;;0;0;0;https://x.com/undefined/status/1859981824216494282;1,30E+18;
1,86E+18;Fri Nov 22 15:12:16 +0000 2024;1;merayakan kemenangan newjeans di fan choice dengan dateng ke event indomie di mog malang https://t.co/UyagMN8iV5;1,86E+18;https://pbs.twimg.com/media/Gc_4PmZaEAAjiUY.jpg;;in;;0;0;0;https://x.com/undefined/status/1859978208608989309;1,55E+18;
1,86E+18;Fri Nov 22 09:47:25 +0000 2024;0;@burvbery ydh ubi rebus smpe indomie newjeans;1,86E+18;;burvbery;in;;0;1;0;https://x.com/undefined/status/1859896459803701674;1,42E+18;
1,86E+18;Fri Nov 22 05:09:02 +0000 2024;0;went to Oh My Good Mart Malang by @indomielovers today super FUN! beli mie dapet tas pvc terus masih dapet tas denim jugaaa #OhMyGoodItsIndomie #NewJeans @NewJeans_ADOR https://t.co/OSycMnC4QX;1,86E+18;https://pbs.twimg.com/media/Gc9uQMkaAAE9Ekl.jpg;;in;;0;1;0;https://x.com/undefined/status/1859826402570498494;1,27E+18;
1,86E+18;Thu Nov 21 12:18:38 +0000 2024;0;Sehat² lambung ku. Nyobain indomie yg di iklan newjeans yg warna biru. ga pedas anjir. Ini ku tambahin saos. Soalnya cabe rawit ga ada di rumah https://t.co/3ILaGVziX6;1,86E+18;https://pbs.twimg.com/media/Gc6G_nuaAAQUh4i.jpg;;in;;0;3;0;https://x.com/undefined/status/1859572126522782150;1,43E+18;
1,86E+18;Wed Nov 20 18:25:37 +0000 2024;0;pangsit gacoan udang keju gacoan indomie newjeans;1,86E+18;;;in;;0;0;0;https://x.com/undefined/status/1859302091669532824;1,41E+18;
1,86E+18;Wed Nov 20 13:58:08 +0000 2024;0;@jetaimezoe_ Ya kannn kyk goib bgt Malah duluan indomie x newjeans yg muncul di indo alfa ;1,86E+18;;jtaimezoe;in;;0;0;0;https://x.com/undefined/status/1859234778089963641;1,16E+18;
1,86E+18;Wed Nov 20 12:18:39 +0000 2024;0;indomie newjeans g dpt photocard kah;1,86E+18;;;in;;0;0;0;https://x.com/undefined/status/1859209741299523708;1,13E+18;
1,86E+18;Wed Nov 20 03:35:38 +0000 2024;1;cobain indomie @Indomielovers newjeans yang katanya premium ith dengan sebiji odeng https://t.co/gOWlWiTMLk;1,86E+18;https://pbs.twimg.com/media/GczFskEaIAAHYuM.jpg;;in;;0;1;0;https://x.com/undefined/status/1859078118423884109;1,41E+18;
1,86E+18;Wed Nov 20 01:53:59 +0000 2024;0;Akhirnya liat newjeans indomie di krl https://t.co/hayMovzteZ;1,86E+18;https://pbs.twimg.com/media/GcyubU9a0AAEtHu.jpg;;in;;0;0;0;https://x.com/undefined/status/1859052538252980587;1,45E+18;
1,86E+18;Tue Nov 19 15:50:57 +0000 2024;0;Nolak makan malem karena pengen cobain indomie newjeans tapi ujung2nya makan pisang doang karena tidak yakin bisa menghabiskan 1 porsi mie ;1,86E+18;;;in;;0;0;0;https://x.com/undefined/status/1858900781241692370;77705538;
1,86E+18;Tue Nov 19 14:17:12 +0000 2024;0;Aku ada indomie newjeans kk mau liat egk Mau dong mana indominya? https://t.co/lkG7kYHmbA;1,86E+18;;;in;;0;0;0;https://x.com/undefined/status/1858877187585147122;1,49E+18;
1,86E+18;Tue Nov 19 09:32:13 +0000 2024;0;ini caranya biar dapet newjeans di indomie gimana si?? aku ga dapet mulu anjir dari tadi ;1,86E+18;;;in;;0;1;0;https://x.com/undefined/status/1858805470972326258;1,40E+18;
1,86E+18;Tue Nov 19 09:17:27 +0000 2024;0;@catzkang APAKAH mimpiku kini menjadi KENYATAAN...? AKU memenangkan GIVEAWAY dan akhirnya KEBERUNTUNGANKU terpakai karena aku TIDAK TAHU cara memakainya... ternyata INILAH JAWABAN TUHAN atas segala kesedihanku.. akhirnya aku bisa makan INDOMIE X NEWJEANS ;1,86E+18;;catzkang;in;;0;0;0;https://x.com/undefined/status/1858801754902790560;3269921683;
1,86E+18;Tue Nov 19 03:02:24 +0000 2024;0;lain macam newjeans collab dengan indomie;1,86E+18;;;in;;0;0;0;https://x.com/undefined/status/1858707369829822945;1684943689;
1,86E+18;Mon Nov 18 14:55:59 +0000 2024;0;@kangtypooo @ newjeans liat ini banis sampe ngestan indomie demi kalian;1,86E+18;;kangtypooo;in;;0;1;0;https://x.com/undefined/status/1858524559122866217;1,36E+18;
1,86E+18;Mon Nov 18 14:16:49 +0000 2024;4;Happy banget ketemu Newjeans x Indomie di Stasiun UI pas mau nonton JGTC @NewJeans_ADOR @Indomielovers #OhMyGoodItsIndomie #IndomiexNewJeans #IndomieKoreanSeries https://t.co/4cMbThX6IZ;1,86E+18;https://pbs.twimg.com/media/GcrFRLBbYAAPsdA.jpg;;in;;0;1;2;https://x.com/undefined/status/1858514704471351758;1,30E+18;
1,86E+18;Mon Nov 18 13:42:25 +0000 2024;0;Random browsing Indomie NewJeans terus nemu artikel yg isinya ternyata collab ini dipermasalahkan. Kesel banget pas baca artikelnya kita diremehin ini jatuhnya. Merasa superior banget mereka. https://t.co/A2a01EMLoo;1,86E+18;https://pbs.twimg.com/media/Gcq9ZhpbgAABQZf.jpg;;in;;0;1;0;https://x.com/undefined/status/1858506047495000345;1,14E+18;
1,86E+18;Mon Nov 18 11:56:02 +0000 2024;1;@DaniManchild24 Indomie newjeans apaan lagi siihh ;1,86E+18;;DaniManchild24;in;;0;1;0;https://x.com/undefined/status/1858479272798953513;107093212;
1,86E+18;Mon Nov 18 05:54:43 +0000 2024;0;@dagang_rendang indomie newjeans lg promo kak di aeon tanjung barat;1,86E+18;;dagang_rendang;in;;0;1;0;https://x.com/undefined/status/1858388347238178896;1,80E+18;
1,86E+18;Mon Nov 18 03:32:15 +0000 2024;0;[!!!] Nyanya mau indomie newjeans.;1,86E+18;;;in;;0;0;0;https://x.com/undefined/status/1858352492679135402;8,89E+17;
1,86E+18;Mon Nov 18 00:38:14 +0000 2024;0;@what_isnormal_ @borabuchanesu @uyyuii_ Berita diredam Tokkis ya? Soal tokki sampai telpon LV/Dior kenapa kok idol mereka ditarik dari deal? Dijawab lho karena buat luxury brand Newjeans's itu Extended Ver. of 5050. Lagian kalau masih jadi luxury BA meman;1,86E+18;;haerinjamet;in;;0;0;0;https://x.com/undefined/status/1858308699204530545;1,47E+18;
1,86E+18;Sun Nov 17 14:48:29 +0000 2024;0;habis makan indomie x newjeans enak by. aku suka yang spicy ramyeon ;1,86E+18;;;in;;0;1;0;https://x.com/undefined/status/1858160286878122118;1,75E+18;
1,86E+18;Sun Nov 17 12:19:54 +0000 2024;0;Indomie yang rose newjeans lumayan enak;1,86E+18;;;in;;0;0;0;https://x.com/undefined/status/1858122892267135307;2173878643;
1,86E+18;Sun Nov 17 11:17:51 +0000 2024;0;@umvureon aku mau beli cimol bojot indomie baru yang ba-nya newjeans???;1,86E+18;;;in;;0;0;0;https://x.com/undefined/status/1858107278857298362;1,68E+18;
1,86E+18;Sun Nov 17 04:24:13 +0000 2024;0;@Indomielovers @NewJeans_ADOR Tolong dong indomie yg varian K-Rose di stock lagi di indomart/alfamart saya udh cari dimana2 gak tersedia lg;1,86E+18;;Indomielovers;in;;0;0;0;https://x.com/undefined/status/1858003182892494962;239731541;
1,86E+18;Sun Nov 17 03:39:37 +0000 2024;4;@newjeans_loop Kerja indomie lebih bagus dri hybe anj;1,86E+18;;newjeans_loop;in;;0;0;0;https://x.com/undefined/status/1857991958347551006;1,16E+18;
1,86E+18;Sun Nov 17 03:32:30 +0000 2024;0;@Indomielovers @NewJeans_ADOR omgg indomie supporting NJ tysm️ lgsg borong mie ny nih NEWJEANS NEVER DIE #NEWJEANS #NewJeans10thDaesang;1,86E+18;;Indomielovers;in;;0;0;0;https://x.com/undefined/status/1857990168554385472;1,66E+18;
1,86E+18;Sun Nov 17 03:15:49 +0000 2024;0;@Indomielovers @NewJeans_ADOR Masa di indomaret deket rumah gue belum ada yang bener aja di jkt pun gak rata lu naro indomie;1,86E+18;;Indomielovers;in;;0;0;0;https://x.com/undefined/status/1857985971289235666;7,67E+17;
1,86E+18;Sun Nov 17 02:27:11 +0000 2024;0;Lebih sayang indomie ke newjeans drpd labelnya sendiri bjir;1,86E+18;;;in;;0;0;0;https://x.com/undefined/status/1857973730691133733;1584738721;
1,86E+18;Sun Nov 17 02:14:02 +0000 2024;0;@Indomielovers @NewJeans_ADOR Love ya Indomie;1,86E+18;;Indomielovers;en;;0;0;0;https://x.com/undefined/status/1857970420286394481;242803443;
1,86E+18;Sun Nov 17 01:18:53 +0000 2024;1;indomie aja ngucapin selamat. semua newjeans dirayakan;1,86E+18;;;in;;0;0;0;https://x.com/undefined/status/1857956544169775212;1,48E+18;
1,86E+18;Sun Nov 17 00:37:47 +0000 2024;1;Indomie x newjeans. Mayan dpt tas pvc tp tinggal sisa warna oren:( masa 30k doang segini. Di sopi w liat 30k mienya doang 3 biji https://t.co/TtXntlBjXG;1,86E+18;https://pbs.twimg.com/media/GcjAN4zbAAA9EqP.jpg;;in;;0;1;0;https://x.com/undefined/status/1857946200944828801;1,30E+18;
1,86E+18;Sat Nov 16 23:59:02 +0000 2024;0;@Indomielovers @NewJeans_ADOR Wih sampe indomie ngucapin BAnya;1,86E+18;;Indomielovers;in;;0;0;0;https://x.com/undefined/status/1857936447149584474;1,43E+18;
1,86E+18;Sat Nov 16 22:41:15 +0000 2024;0;@Indomielovers @NewJeans_ADOR Min aku masi berharap fanmeet NJ as GB Indomie lohh;1,86E+18;;Indomielovers;in;;0;0;0;https://x.com/undefined/status/1857916871926063172;1,28E+18;
1,86E+18;Sat Nov 16 18:01:16 +0000 2024;1;@Indomielovers @NewJeans_ADOR RESPECT MIN.. saatnya mkan indomie stiap hari untuk dpetin Haerin https://t.co/o2wT6n0thp;1,86E+18;https://pbs.twimg.com/tweet_video_thumb/GchldOjaMAIsIus.jpg;Indomielovers;in;;0;0;0;https://x.com/undefined/status/1857846413956362703;2221162662;
1,86E+18;Sat Nov 16 17:51:54 +0000 2024;7;@Indomielovers @NewJeans_ADOR INDOMIE SELERAKU~~~ https://t.co/TveLSMPyHb;1,86E+18;https://pbs.twimg.com/tweet_video_thumb/GchjUgKbwAAvJRq.jpg;Indomielovers;in;;0;0;0;https://x.com/undefined/status/1857844056753320359;1,60E+18;
1,86E+18;Sat Nov 16 17:50:57 +0000 2024;2;Ekhem Indomie bisa kali bawa newjeans ke indo;1,86E+18;;;in;;0;0;0;https://x.com/undefined/status/1857843816444895348;1,37E+18;
1,86E+18;Sat Nov 16 17:50:26 +0000 2024;10;@Indomielovers @NewJeans_ADOR AWWWW thank u Indomie MANG GA SALAH JADI MIE FAVORITKU;1,86E+18;;Indomielovers;in;;0;0;0;https://x.com/undefined/status/1857843687935586539;1,37E+18;
1,86E+18;Sat Nov 16 17:42:50 +0000 2024;0;@briskhues @rivereigns @nonlejons @cerishekiss @miseamores @moonstoke Gak ada indomie newjeans adanya indomie fromis;1,86E+18;;briskhues;in;;0;0;0;https://x.com/undefined/status/1857841771700695424;864588768;
1,86E+18;Sat Nov 16 17:38:40 +0000 2024;1;@Indomielovers @NewJeans_ADOR MENYALA BANGET GA INDOMIE KITA INI;1,86E+18;;Indomielovers;in;;0;0;0;https://x.com/undefined/status/1857840722889810249;1,64E+18;
1,86E+18;Sat Nov 16 17:38:31 +0000 2024;1;@Indomielovers @NewJeans_ADOR Thank you Indomie seleraku;1,86E+18;;Indomielovers;in;;0;0;0;https://x.com/undefined/status/1857840687322157201;9,05E+17;
1,86E+18;Sat Nov 16 17:37:05 +0000 2024;0;@Indomielovers @NewJeans_ADOR YEYYYYY MAKASIII APREASIASI POSTNYA INDOMIE;1,86E+18;;Indomielovers;in;;0;0;0;https://x.com/undefined/status/1857840324741398569;1,43E+18;
1,86E+18;Sat Nov 16 14:09:39 +0000 2024;0;abis makan indomie newjeans yang biru rasanya kayak ramyeon umumnya kayak gekikara shin ramyeon ansungtangmyun ya rasa-rasa pedes jamur gitu lah setipe rasanya;1,86E+18;;;in;;0;0;0;https://x.com/undefined/status/1857788125357265382;2263890763;
1,86E+18;Sat Nov 16 12:42:10 +0000 2024;0;ayo kita coba indomie newjeans yg ini https://t.co/ZlFL4WpsZs;1,86E+18;https://pbs.twimg.com/media/GcgcbYfaEAAzQaT.jpg;;in;;1;6;0;https://x.com/undefined/status/1857766107907780794;51617330;
1,86E+18;Sat Nov 16 11:33:15 +0000 2024;0;akhirnya ketemu indomie newjeans newjeans itu https://t.co/kGB6n4FKCA;1,86E+18;https://pbs.twimg.com/media/GcgMpgGb0AA34TP.jpg;;in;;0;0;0;https://x.com/undefined/status/1857748766566264945;1,55E+18;
1,86E+18;Sat Nov 16 07:23:38 +0000 2024;1;mw cuba indomie newjeans yg pink nya gada bjir:( https://t.co/R2bRFYL4F2;1,86E+18;https://pbs.twimg.com/media/GcfTfktaMAQOppx.jpg;;in;;0;0;0;https://x.com/undefined/status/1857685946969501735;1,67E+18;
1,86E+18;Sat Nov 16 06:39:14 +0000 2024;0;semua series indomie korea yg baru ya ada yg enak.. mff newjeans;1,86E+18;;;in;;0;0;0;https://x.com/undefined/status/1857674775017173203;936394520;
1,86E+18;Sat Nov 16 02:00:26 +0000 2024;0;@hafnni Udah sarapan dong tapi ga pakai indomie newjeans. Kamu udah belum?;1,86E+18;;hhannipam;in;;0;1;0;https://x.com/undefined/status/1857604611147719022;7,66E+17;
1,86E+18;Fri Nov 15 20:18:46 +0000 2024;0;harusnya w beli indomie newjeans sedus kali ya;1,86E+18;;;in;;0;0;0;https://x.com/undefined/status/1857518628272496910;1,40E+18;
1,86E+18;Fri Nov 15 18:45:23 +0000 2024;13;@convomf the infamous indomie INDOmie brand nasionalis itu aja collab sama newjeans. knp seri jepang kmrn gak collab sama idol jepang juga sekalian wkwk bukannya drpd kobo sama ollie. menjual fandom itu namanya. padahal dah bagus brandingnya mie daerah yg;1,86E+18;;convomf;in;;0;0;0;https://x.com/undefined/status/1857495125418717546;1,27E+18;
1,86E+18;Fri Nov 15 18:32:19 +0000 2024;1;Akhirnya dapet juga tas Indomie x Newjeans gratis pula. Cuma beli mie 20 pcs pake voucher 50k jadi cuma bayar 48k. Tapi dikasih warna oren gonjreng. Btw k-rosé &amp;;;;;;;;;;;
1,86E+18;Fri Nov 15 16:03:24 +0000 2024;0;terpantau produk indonesia belum ada yang mendapuk dia jadi BA produk apa kira-kira ya? Indomie sekarang ada NewJeans Roma sama Azarine ada Lee Minho Mie Sedap ada (lupa namanya) susu ultra pasti dapuk idol apalagi ya? rata2 ngegaet idol sih Iklan tolak angin ok lah wooseok;1,86E+18;;;in;;0;0;0;https://x.com/undefined/status/1857454360843960683;137984084;
1,86E+18;Fri Nov 15 08:48:13 +0000 2024;1;*iklan Indomie NewJeans lewat* me : mau yg tengah.... bawain yg tengah adek : emang yg tengah cantik? *mta mlotot n mnatapmu tjam* me : cantik banget lah ganteng juga. adek : kok ganteng kan cewek. gtw aj lukh bocil org ganteng bgt bgini https://t.co/ZzTFahOtGM;1,86E+18;https://pbs.twimg.com/media/GcadRFTb0AAIqKh.jpg;;in;;0;0;0;https://x.com/undefined/status/1857344844198477842;1,46E+18;
1,86E+18;Fri Nov 15 07:53:56 +0000 2024;0;Kasi liat yg terbaru aja deh brand sekelas indomie yg ga pernah pake BA karena udah laku keras aja ngegaet newjeans jadi GBA https://t.co/mr1BnTE6L5;1,86E+18;;;in;;0;0;0;https://x.com/undefined/status/1857331185200042458;1,43E+18;
1,85E+18;Fri Nov 15 06:38:16 +0000 2024;0;@Indomielovers @NewJeans_ADOR @royyana1304971 mau indomie ngga ?;1,86E+18;;Indomielovers;in;;0;0;0;https://x.com/undefined/status/1857312140928929908;1,86E+18;
1,86E+18;Fri Nov 15 05:40:49 +0000 2024;0;Sebenarnya gw bingung ini NewJeans ada di di bawah ADOR dan mereka lagi berkonflik Nah yang bikin bingung tuh kalau ada proyek kontrak kerja sama kayak Indomie kemarin tuh lewat perantara atau gimana dah;1,86E+18;;;in;;0;0;0;https://x.com/undefined/status/1857297684446511553;1,15E+18;
1,86E+18;Fri Nov 15 04:17:38 +0000 2024;0;iklan indomie newjeans tuh membernya gak makan indomienya ya;1,86E+18;;;in;;0;0;0;https://x.com/undefined/status/1857276751698862452;582431369;
1,86E+18;Fri Nov 15 02:57:32 +0000 2024;0;Iklan indomie nye newjeans ni dimakan jak endak mie nye. Entah niat ke endak die iklan tu;1,86E+18;;;in;;0;0;0;https://x.com/undefined/status/1857256593928441999;1,07E+18;
1,86E+18;Thu Nov 14 20:17:59 +0000 2024;0;jujur indomie x newjeans enak wkwk tapi next keknya bumbunya aku pake cuman 1/2 ati ga 3/4 soalnya terlalu NAMPOL n agak asin n GUE KEPEDESAN (emang anak nya ga seberapa tahan pedes) https://t.co/30GUrQCBtY;1,86E+18;https://pbs.twimg.com/media/GcXxkOXawAAfCDm.jpg;;in;;0;0;0;https://x.com/undefined/status/1857156042414846312;1,84E+18;
1,86E+18;Thu Nov 14 19:17:57 +0000 2024;1;Army gausah diajak makan Indomie. Kan Indomie pakek BA NewJeans. Hehe;1,86E+18;;;in;;0;1;0;https://x.com/undefined/status/1857140935794344178;1,19E+18;
1,86E+18;Thu Nov 14 15:17:56 +0000 2024;0;Plz aku mau indomie x newjeans dah sampe kalimantan belom sihhh;1,86E+18;;;in;;0;1;0;https://x.com/undefined/status/1857080533051752712;1,31E+18;
1,86E+18;Thu Nov 14 14:54:54 +0000 2024;0;Kenapa gak ada yg kasih tau kalo indomie newjeans yang biru pedes banget...;1,86E+18;;;in;;0;0;0;https://x.com/undefined/status/1857074736955523172;1,81E+18;
1,86E+18;Thu Nov 14 14:54:31 +0000 2024;0;Baru sadar naik krl yang gerbongnya indomie newjeans https://t.co/pR9hZsHDl1;1,86E+18;https://pbs.twimg.com/media/GcWnip0WUAAhYCs.jpg;;in;;0;0;0;https://x.com/undefined/status/1857074640436244768;69581816;
1,86E+18;Thu Nov 14 14:47:02 +0000 2024;0;Nyari indomie x newjeans di minimarket variannya jarang lengkap ya udah beli bundle aja sekalian https://t.co/GUFNQdCJfv;1,86E+18;https://pbs.twimg.com/media/GcWl07hWsAAS7ue.jpg;;in;;0;3;0;https://x.com/undefined/status/1857072755419554274;2458878492;
1,86E+18;Thu Nov 14 14:04:52 +0000 2024;1;nyoba indomie yg collab ma newjeans enak tpi gk yg wow bgt cuman awal makan ga sepedes itu pas ampe akhir huha huha wkwkw https://t.co/I5OTUq4oT3;1,86E+18;https://pbs.twimg.com/media/GcWcK1yWoAAgL0K.jpg;;in;;0;0;0;https://x.com/undefined/status/1857062142781907182;1,43E+18;
1,86E+18;Thu Nov 14 13:04:39 +0000 2024;0;hehehe makan indomie x newjeans spicy ramyeon (lagi) ;1,86E+18;;;in;;0;0;0;https://x.com/undefined/status/1857046990489628887;1,57E+18;
1,86E+18;Thu Nov 14 10:31:53 +0000 2024;0;tiap iklan NewJeans Indomie lewat gweh : kim minji seleraku~~ mau yg tengah cil (manggil adek w) mau orangnya.... bawain yg tengah cil mau yg biru mau yg pink. ;1,86E+18;;;in;;0;0;0;https://x.com/undefined/status/1857008545230737408;1,46E+18;
1,86E+18;Thu Nov 14 07:13:45 +0000 2024;1;Hihi habis beli ini sayangnya yg varian K-Rose gak ada versi pop mie-nya ya? Cuma satu yg versi biasa itu pun tadi gak ada juga pas aku lihat kayaknya habis Penasaran banget semoga cocok di lidah @Indomielovers #OhMyGoodItsIndomie https://t.co/sEhRIvT5ah;1,86E+18;https://pbs.twimg.com/media/GcU-EwebkAIkX6k.jpg;;in;;2;3;1;https://x.com/undefined/status/1856958684276105244;1,39E+18;
1,86E+18;Thu Nov 14 06:18:10 +0000 2024;1;Kolab dengan NewJeans Indomie Picu Kontroversi di Korea Selatan https://t.co/QZIzw3mCB5;1,86E+18;;;in;;0;0;0;https://x.com/undefined/status/1856944693915127934;8,47E+17;
1,86E+18;Thu Nov 14 05:56:23 +0000 2024;0;Enakkkkkk indomie newjeans yg rose;1,86E+18;;;in;;0;1;0;https://x.com/undefined/status/1856939213872316505;8,84E+17;
1,86E+18;Thu Nov 14 05:21:17 +0000 2024;0;mau nyoba indomie newjeans;1,86E+18;;;in;;1;4;0;https://x.com/undefined/status/1856930382060687364;1,35E+18;
1,85E+18;Thu Nov 14 04:31:24 +0000 2024;0;@hanwnni @hi HHAHAHA tapi ini halodeknya udah jadi inceran idol sekecamatan. Tapi bener juga mie nggak ada boomnya kok aman banget apalagi Indomie. Paling enak kalau lagi santai nggak ada yang bisa ngalahin rasa mi instan favorit. Btw indomie yg NewJeans ;1,86E+18;;haocurn;in;;0;1;0;https://x.com/undefined/status/1856917828634578953;620735951;
1,86E+18;Thu Nov 14 00:34:13 +0000 2024;1;@joshualeonheart Bayangkan saja indomie sebagai entitas tunggal saja sudah jadi fenomena global dipadukan dengan Newjeans niscaya APBN kita pasti berdaulat makan siang gratis tak perlu bantuan xi jinping;1,86E+18;;joshualeonheart;in;;0;1;0;https://x.com/undefined/status/1856858136386441429;374390808;
1,86E+18;Wed Nov 13 15:41:04 +0000 2024;0;@chilldulugaksie Udah liat blm yg mereka gedeg newjeans jadi BA glogal indomie? Wkwkwkw mana di KRL iklannya lg indomie eds newjeans;1,86E+18;;chilldulugaksie;in;;0;0;0;https://x.com/undefined/status/1856723966355996922;1,61E+18;
1,86E+18;Wed Nov 13 15:15:18 +0000 2024;0;akuuu pgn coba mam indomie collab newjeans;1,86E+18;;;in;;0;0;0;https://x.com/undefined/status/1856717483824312469;1,26E+18;
1,86E+18;Wed Nov 13 13:23:40 +0000 2024;0;protes soal hak2 pekerja &amp;;;;;;;;;;;
1,86E+18;Wed Nov 13 12:24:45 +0000 2024;0;indomie x newjeans yg rose pedes bgt ajg;1,86E+18;;;in;;0;0;0;https://x.com/undefined/status/1856674562722922823;1,45E+18;
1,86E+18;Wed Nov 13 11:55:07 +0000 2024;0;@blueakebia @thalissuffering gue kalo jualan omelet pake indomie newjeans laku gak ya;1,86E+18;;monomarv;in;;0;1;0;https://x.com/undefined/status/1856667103589474778;1057404380;
1,86E+18;Wed Nov 13 11:39:50 +0000 2024;0;@idkwheretowrite :00 dirimu ada kh indomie newjeans;1,86E+18;;idkwheretowrite;in;;0;0;0;https://x.com/undefined/status/1856663257324605642;1,17E+18;
1,86E+18;Wed Nov 13 11:37:52 +0000 2024;0;Indomie yang koleb sama newjeans udah ada di indomart/alfamaft blom ??;1,86E+18;;;in;;1;1;0;https://x.com/undefined/status/1856662763806023963;1,41E+18;
1,86E+18;Wed Nov 13 11:28:21 +0000 2024;0;Akhirnya ketemu juga gerbong kereta indomie x newjeans https://t.co/HCztuJ6MqH;1,86E+18;https://pbs.twimg.com/media/GcQuwdNbYAAA6oq.jpg;;in;;0;0;0;https://x.com/undefined/status/1856660369889968146;534286445;
1,86E+18;Wed Nov 13 10:18:33 +0000 2024;0;indomie yg collab sama newjeans ga ada yg enak anjir fail semua rasanya;1,86E+18;;;in;;0;1;0;https://x.com/undefined/status/1856642803084022115;1,24E+18;
1,86E+18;Wed Nov 13 07:14:11 +0000 2024;0;Baru nyoba indomie newjeans yang warna oren gak nyangka rasanya enak. Sampe bokem di rumah jg pada suka. https://t.co/DQo2P190zM;1,86E+18;https://pbs.twimg.com/tweet_video_thumb/GcP0lc7asAI8QHJ.jpg;;in;;0;1;0;https://x.com/undefined/status/1856596404057321761;1,29E+18;
1,86E+18;Wed Nov 13 02:43:26 +0000 2024;0;indofood gokil juga dalam waktu dekat udah collab 2 kali sama idol kpop Seventeen (chitato) sama NewJeans (indomie);1,86E+18;;;in;;0;0;0;https://x.com/undefined/status/1856528266565431336;154120151;
1,85E+18;Tue Nov 12 16:16:04 +0000 2024;0;@Indomielovers @NewJeans_ADOR Indomie Lovers pada heboh nih! Tapi tenang buat kamu yang lagi bosen sama mie instan kami punya solusi. Dengerin aja sekuel pertama album baru kami Erotomania : Obsessed and Relinquished ! Dijamin bikin kamu lupa sama lapar! ;1,86E+18;;Indomielovers;in;;0;0;0;https://x.com/undefined/status/1856370386126156214;7,72E+17;
1,86E+18;Tue Nov 12 15:50:53 +0000 2024;0;@adorearteu Tutup jam berapa? Kalau sampai malem nanti aku mampir mau nyobain Indomie newjeans biru dimasakin sama minjinya langsung. ;1,86E+18;;adorearteu;in;;0;1;0;https://x.com/undefined/status/1856364047710740813;1,68E+18;
1,86E+18;Tue Nov 12 12:49:38 +0000 2024;0;Maafin aku ya Allah dan mutuals.. aku penasaran indomie newjeans.. ;1,86E+18;;;in;;0;1;0;https://x.com/undefined/status/1856318435866882501;1,61E+18;
1,86E+18;Tue Nov 12 10:07:39 +0000 2024;0;Kolaborasi Indomie dan NewJeans Tuai Kontroversi di Korea Selatan. #NewJeans #Indomie #IndomiexNewJeans #NewJeansxIndomie https://t.co/kp6Nt09ZEt;1,86E+18;;;in;;0;0;0;https://x.com/undefined/status/1856277672802038126;1,69E+18;
1,86E+18;Tue Nov 12 09:08:43 +0000 2024;0;indomie newjeans free pc hanni gak;1,86E+18;;;in;;0;1;0;https://x.com/undefined/status/1856262841638236467;1,12E+18;
1,86E+18;Tue Nov 12 05:19:10 +0000 2024;3;Campaign ini menunjukkan gimana dua brand lokal besar berusaha mengubah persepsi konsumen lewat pendekatan yang kreatif dan tersegmentasi. Jadi menurut kalian campaign siapa yang lebih berhasil menarik perhatian? #MieSedaap #AhnHyoSeop #Indomie #TheUltimateTaste #NewJeans;1,86E+18;;jeppiindonesia;in;;0;0;4;https://x.com/undefined/status/1856205072033821135;1,74E+18;
1,86E+18;Tue Nov 12 05:19:08 +0000 2024;0;Indomie x NewJeans Di sisi lain Indomie memilih NewJeans yang dikenal fresh youthful dan memiliki daya tarik global. Dengan gaya enerjik dan catchy: - Indomie ingin memperkuat posisinya sebagai brand yang kreatif &amp;;;;;;;;;;;
1,86E+18;Tue Nov 12 05:19:03 +0000 2024;0;Akhir-akhir ini kita disuguhi persaingan seru antara dua brand mie instan terbesar di Indonesia. Mie Sedaap menggandeng aktor Korea favorit banyak perempuan Ahn Hyo Seop. Indomie menghadirkan girl group super populer NewJeans. Kedua brand ini sama-sama pakai artis Korea;1,86E+18;;jeppiindonesia;in;;0;1;1;https://x.com/undefined/status/1856205040874336488;1,74E+18;
1,86E+18;Tue Nov 12 03:32:50 +0000 2024;0;Indomie yang dipayungi oleh PT. Indofood CBP Sukses Makmur Tbk (ICBP) menggandeng NewJeans untuk dijadian Global Brand Ambassador untuk produk terbarunya Indomie Korean Ramyeon Series . https://t.co/hhQ9lggW33;1,86E+18;;;in;;0;0;0;https://x.com/undefined/status/1856178311170535837;106745550;
1,86E+18;Tue Nov 12 00:58:43 +0000 2024;0;poster newjeans x indomie di krl kalo ilang 1 itu bkn gue yg ambil meski gue mau bgt;1,86E+18;;;in;;0;0;0;https://x.com/undefined/status/1856139526592442745;577900881;
1,86E+18;Tue Nov 12 00:55:22 +0000 2024;0;Itu yang submit gak pernah permasalahin mie sedap yang gaet siwon kah? Cuma newjeans doang nih yang dipermasalahin? Ribet banget indomie juga waktu keluarin series jepang orang jepang juga biasa aja ;1,86E+18;;;in;;0;0;0;https://x.com/undefined/status/1856138682807529675;1,54E+18;
1,85E+18;Tue Nov 12 00:05:12 +0000 2024;0;@Haqniy @Haknipham kayanya aku bakalan coba jajan indomie yang banyak karena newjeans;1,86E+18;;Haqniy;in;;0;0;0;https://x.com/undefined/status/1856126058854318213;8,62E+17;
1,86E+18;Mon Nov 11 18:32:21 +0000 2024;0;@catzkang @NewJeans_ADOR @Indomielovers yang biru! sebagai bunnies dan penonton konten kuliner aku udah nonton beberapa review soal #OhMyGoodItsIndomie series inj dan aku denger yang biru alias spicy ramyeon itu yang paling pedas. kebetulan aku pecinta pe;1,86E+18;;catzkang;in;;0;0;0;https://x.com/undefined/status/1856042293897371704;1,82E+18;
1,86E+18;Mon Nov 11 16:00:44 +0000 2024;1;hanni aslinya cenayang tau difoto ini dikasih liat kalo hanni kaget sampe nutup mulut tapi aslinya ga kaget soalnya moto sendiri artinya dia tau kalo bakal ada berita jelek bakal terjadi terus captionnya indomie seleraku berarti berita buruk tentang indomie newjeans https://t.co/yyqmkxCKuJ;1,86E+18;https://pbs.twimg.com/media/GcHZ7I3asAA5twk.jpg;;in;;1;1;1;https://x.com/undefined/status/1856004139257676092;1,11E+18;
1,86E+18;Mon Nov 11 15:49:02 +0000 2024;8;namanya loh udah jelas indomie jadi ya dari indonesia wkwk ada-ada aja ini kalo urusan newjeans pasti salty;1,86E+18;;;in;;0;0;0;https://x.com/undefined/status/1856001194889724385;1,27E+18;
1,86E+18;Mon Nov 11 15:00:50 +0000 2024;0;Duh kok malah mencret anyingg padahal besok maw coba indomie newjeans ;1,86E+18;;;in;;0;0;0;https://x.com/undefined/status/1855989066430648581;1,40E+18;
1,85E+18;Mon Nov 11 14:20:00 +0000 2024;0;@Haqniy @Haknipham Jadi pengen mam indomie sambil disuapin newjeans ;1,86E+18;;Haqniy;in;;0;0;0;https://x.com/undefined/status/1855978791547638137;360620208;
1,86E+18;Mon Nov 11 14:08:17 +0000 2024;0;@cilukbambi Tadi Indomie spicy ramyeon kepo rasa baru yg collab ama newjeans wkwk;1,86E+18;;cilukbambi;in;;0;1;0;https://x.com/undefined/status/1855975839906877610;1,25E+18;
1,86E+18;Mon Nov 11 14:02:09 +0000 2024;0;indomie yg newjeans enak yg spicy ramenn mirip shin ramyeon versi jauh lebih murah;1,86E+18;;;in;;0;0;0;https://x.com/undefined/status/1855974299007643667;1,57E+18;
1,86E+18;Mon Nov 11 11:43:27 +0000 2024;1;@catzkang @NewJeans_ADOR @Indomielovers K-ROSE bungkusnya lucu &amp;;;;;;;;;;;
1,85E+18;Mon Nov 11 10:38:41 +0000 2024;0;@seungmtin @hi wahh nanti harus cobain Indomie newjeans yang baru yah kak! nanti aku kirim lewat kargo yaa;1,86E+18;;seungmtin;in;;0;1;0;https://x.com/undefined/status/1855923092742426663;1555546770;
1,86E+18;Mon Nov 11 06:34:11 +0000 2024;0;@NINGIExWAR cobain indomie newjeans : v;1,86E+18;;JOCELlNE;in;;0;0;0;https://x.com/undefined/status/1855861564034945482;1,83E+18;
1,86E+18;Mon Nov 11 05:55:50 +0000 2024;0;aku baru nyobain indomie spicy ramyeon yg newjeans itu tapi ga spicy (soalnya bumbunya ga dimasukin smua) :V;1,86E+18;;;in;;0;0;0;https://x.com/undefined/status/1855851911091765692;1,33E+18;
1,86E+18;Mon Nov 11 05:21:01 +0000 2024;1;Nyobain Indomie x NewJeans finally https://t.co/MF0cUjP2mh;1,86E+18;https://pbs.twimg.com/media/GcFHf9YbgAAAx8i.jpg;;in;;0;0;0;https://x.com/undefined/status/1855843151619236190;1,49E+18;
1,86E+18;Mon Nov 11 04:50:51 +0000 2024;0;newwiee and his newjeans pepero. jadi penasaran dia tau gak ya newjeans jadi BA indomie https://t.co/hzeOu43kuM;1,86E+18;https://pbs.twimg.com/media/GcFAmUobMAAKoXS.jpg;;in;;0;0;0;https://x.com/undefined/status/1855835558896877981;9,21E+17;
1,85E+18;Mon Nov 11 04:28:25 +0000 2024;0;@hanmnipham Gue ultahnya 20 Oktober ih lu gak catet ya? Tapi sukses banget tuh gue liat liat dagangannya. Beli indomie bisa dapet tanda tangan Newjeans gak?;1,86E+18;;kundx11;in;;0;1;0;https://x.com/undefined/status/1855829911505916131;1,05E+18;
1,86E+18;Mon Nov 11 04:07:30 +0000 2024;0;sumpah w tuh kek gamau ikut campur perkara army sama ngemtot itu tapi udah keterlaluan anjir perkara boycott newjeans sama boycott BA kayak........ emgnya yang dilist entuh beneran judge dan mocking kh ada juga yang enggak.... terus boycott NJ buat apa boycott indomie buat apa;1,86E+18;;;in;;1;2;0;https://x.com/undefined/status/1855824649353142457;1,78E+18;
1,86E+18;Sun Nov 10 15:39:34 +0000 2024;0;Clue aktivitas newjeans kedepannya dr minji: - akhir taun bakal sibuk - kalo ketemu sapa2 lah bre Fix bakal ada Meet n Greet Indomie ini! ;1,86E+18;;;in;;0;0;0;https://x.com/undefined/status/1855636424336523421;7,95E+17;
1,86E+18;Sun Nov 10 14:08:30 +0000 2024;0;Sisa 1 warna putih Indomie x newjeans Kalau besok mau cod boleh di aeon tanjung barat/gondangdia (jam set.5 sore) Co shopee : https://t.co/UiGbtubKa6 https://t.co/cOy4Z9NDTe;1,86E+18;https://pbs.twimg.com/media/GcB2pFeaIAAGp4g.jpg;;in;;0;0;0;https://x.com/undefined/status/1855613508290793698;1,77E+18;
1,86E+18;Sun Nov 10 13:53:50 +0000 2024;0;indomie x newjeans yg spicy ramyeon gw bener2 ketagihan plsssss!! bahkan sampe ga pengen nyoba yg fiery apalah itu ;1,86E+18;;;in;;0;0;0;https://x.com/undefined/status/1855609817043546514;1,57E+18;
1,86E+18;Sun Nov 10 13:52:26 +0000 2024;28;indomie seleraku! Danielle ya pacarku lah️ #OhMyGoodItsIndomie https://t.co/HNYGMF9txx;1,86E+18;https://pbs.twimg.com/media/GcBy92UbkAAPw17.jpg;;in;;0;0;4;https://x.com/undefined/status/1855609464172552366;1,85E+18;
1,86E+18;Sun Nov 10 13:28:58 +0000 2024;1;Dan ternyata indomie yg collab sama Newjeans enak ya merasa telat baru nyobain dah;1,86E+18;;;in;;0;6;0;https://x.com/undefined/status/1855603557086667090;51617330;
1,86E+18;Sun Nov 10 12:49:02 +0000 2024;0;BARU KEPIKIRAN KALAU AKU BJSA BELI INDOMIE NEWJEANS LEWAT KLIKIDM sekarang aku gasabarrrrrrrr menunggu mie ku datang BURUAN DONGGG PLIS;1,86E+18;;;in;;1;0;0;https://x.com/undefined/status/1855593510680092675;2776607898;
1,86E+18;Sun Nov 10 09:53:18 +0000 2024;0;mauuu review indomie korean ramyeon yg collab sm newjeans iniii;1,86E+18;;;in;;1;1;0;https://x.com/undefined/status/1855549282528481614;1,72E+18;
1,86E+18;Sun Nov 10 09:29:31 +0000 2024;2;w kira indomie newjeans tuh bakal ada foto membernya di bungkusnya.;1,86E+18;;;in;;0;1;0;https://x.com/undefined/status/1855543299416915993;1,68E+18;
1,86E+18;Sun Nov 10 08:17:23 +0000 2024;0;indomie newjeans udh ada dimana aja ya pgn nyobain;1,86E+18;;;in;;0;0;0;https://x.com/undefined/status/1855525148054741168;1,45E+18;
1,86E+18;Sun Nov 10 07:28:35 +0000 2024;1;hayoloh nj di pemberhentian stasiun krl #OhMyGoodItsIndomie https://t.co/x1qIVaLQk3;1,86E+18;https://pbs.twimg.com/media/GcAbHbCaIAACN6h.jpg;;in;;0;0;0;https://x.com/undefined/status/1855512864091484315;9,80E+17;
1,86E+18;Sun Nov 10 06:02:04 +0000 2024;0;@imnotnayel makan indomie collab newjeans!!! udah nyobain beluumm?;1,86E+18;;imnotnayel;in;;0;1;0;https://x.com/undefined/status/1855491094349562229;1,16E+18;
1,86E+18;Sun Nov 10 04:32:41 +0000 2024;0;penasaran bgt sm indomie newjeans yg rose tapi dimana-mana abiis;1,86E+18;;;in;;0;1;0;https://x.com/undefined/status/1855468599311483258;203574709;
1,86E+18;Sun Nov 10 03:38:50 +0000 2024;0;Finally tried indomie x newjeans yg k-rose okelah rasanya masih bisa masuk di lidah gua keluarga gua jg doyan cm odengnya pelit bgt cm 1 rate dr gua 7/10 https://t.co/FDEN0uZ7jg;1,86E+18;https://pbs.twimg.com/media/Gb_miEpaIAAbWSp.jpg;;in;;0;0;0;https://x.com/undefined/status/1855455048169668821;1,85E+18;
1,86E+18;Sun Nov 10 02:10:25 +0000 2024;0;mau mam indomie newjeans .;1,86E+18;;;in;;0;0;0;https://x.com/undefined/status/1855432793989509453;1,81E+18;
1,85E+18;Sun Nov 10 01:16:37 +0000 2024;0;@devilruse Indomie x newjeans newjeansnya ikut dimakan?;1,86E+18;;devilruse;in;;0;1;0;https://x.com/undefined/status/1855419258874057092;2758834679;
1,85E+18;Sun Nov 10 00:34:36 +0000 2024;0;@haesrin ga sia - sia guys indomie jadiin newjeans BA keren banget dd. nanti gua cobain ya. :D;1,86E+18;;haesrin;in;;0;0;0;https://x.com/undefined/status/1855408682382843916;7,59E+17;
1,86E+18;Sat Nov 09 14:21:05 +0000 2024;0;indomie x newjeans kenapa nggak ada photocardnya ya;1,86E+18;;;in;;0;0;0;https://x.com/undefined/status/1855254287175356725;1,29E+18;
1,85E+18;Sat Nov 09 13:35:23 +0000 2024;0;@Haqniy Lengah dikit jadi BA-nya Indomie! Boleh nggak beli satu dus gratis tandatangan NewJeans? ;1,86E+18;;Haqniy;in;;0;0;0;https://x.com/undefined/status/1855242786758664226;475621993;
1,86E+18;Sat Nov 09 13:26:02 +0000 2024;1;kenapa si newjeans ga ke indo yaa buat event kek apa gitu padahal pasarnya ada banget temen ku yang buta kipop aja kemarin heboh sama newjeans x indomie;1,86E+18;;;in;;0;1;0;https://x.com/undefined/status/1855240431749177793;1,32E+18;
1,86E+18;Sat Nov 09 10:01:26 +0000 2024;0;baru nyobain indomie x newjeans yang bungkusnya biru. untuk aku yang emang gatahan pedas mie ini pedas banget sih jujur. yang pink belum dapeeet. susah banget;1,86E+18;;;in;;1;0;0;https://x.com/undefined/status/1855188943891005473;1,11E+18;
1,86E+18;Sat Nov 09 09:52:46 +0000 2024;0;Masih belum nemu indomie yang collab sama newjeans ntuh.. ;1,86E+18;;;in;;0;0;0;https://x.com/undefined/status/1855186761149980945;1,85E+18;
1,86E+18;Sat Nov 09 08:49:52 +0000 2024;0;Makanan enak gini kok bisa²nya mau di boikot sama kremy indomie x newjeans https://t.co/CCmeqd6mhs;1,86E+18;https://pbs.twimg.com/media/Gb7kICebYAAL1d0.jpg;;in;;0;0;0;https://x.com/undefined/status/1855170933256044961;122681236;
1,86E+18;Sat Nov 09 08:19:19 +0000 2024;0;@anantooo Indomie newjeans bukan;1,86E+18;;anantooo;in;;0;1;0;https://x.com/undefined/status/1855163242785784122;1,49E+18;
1,86E+18;Sat Nov 09 08:09:52 +0000 2024;0;newjeans fanmeet ga ya ke indo kan collab sama indomie wkwk;1,86E+18;;;in;;0;0;0;https://x.com/undefined/status/1855160867350020336;1,39E+18;
1,86E+18;Sat Nov 09 08:00:57 +0000 2024;0;@indofood @Indomielovers newjeans juga gamau makan indomie kalo gada bumbu min....;1,86E+18;;junjunieseu;in;;0;0;0;https://x.com/undefined/status/1855158622701207763;1,44E+18;
1,86E+18;Sat Nov 09 07:16:18 +0000 2024;0;Berawal beli karena random nemu di tiptop. Beginilah reviewku as indomie stan ANJAAYYYY. At least coba sekali aja. Karena gue tetep stuck rasa original (goreng ayam special soto kari) #OhMyGoodItsIndomie #KoreanRamyeonSeries;1,86E+18;;;in;;0;0;0;https://x.com/undefined/status/1855147387079344184;99141360;
1,85E+18;Sat Nov 09 07:14:53 +0000 2024;0;UDAH COBA YANG K-ROSE!! Menurut gue ini sih yang best dan gong. Spicy creamynya oke ga bikin enek. Pas pas aja. Ga pedes bgt juga. Jadi makannya masih bisa enjoy #OhMyGoodItsIndomie #KoreanRamyeonSeries https://t.co/1EW7wbOIx7;1,86E+18;https://pbs.twimg.com/media/Gb7OYcAbwAQ72So.jpg;murkleechan;in;;0;0;0;https://x.com/undefined/status/1855147028390850751;99141360;
1,85E+18;Fri Nov 08 20:42:21 +0000 2024;0;3 AM and we can't sleep saatnya nyobain indomie newjeans. https://t.co/vXxhrFMzfU;1,85E+18;https://pbs.twimg.com/media/Gb49m_MbwAAkaQx.jpg;;in;;0;1;0;https://x.com/undefined/status/1854987846085697857;1,37E+18;
1,85E+18;Fri Nov 08 15:55:25 +0000 2024;0;@eimminji Boleh feromon seblak ya kalau noona? Soalnya gue feromon indomie NewJeans warna biru. Sekaligus nih paket spesial dapat vaksin.;1,85E+18;;lieesoI;in;;0;1;0;https://x.com/undefined/status/1854915638835466666;1,65E+18;
1,85E+18;Fri Nov 08 15:18:27 +0000 2024;3;ada yg blm kedapetan? Indomie X NewJeans https://t.co/HVf5EgE2aV;1,85E+18;https://pbs.twimg.com/media/Gb3zeofbUAAVYww.jpg;;in;;1;6;0;https://x.com/undefined/status/1854906334174756903;1,80E+18;
1,85E+18;Fri Nov 08 14:04:07 +0000 2024;0;gue tdi mau beli indomie x newjeans tpi ga jdi karena mienya pada diremukin semua bjir kerjaan haters apa gmn dah;1,85E+18;;;in;;0;0;0;https://x.com/undefined/status/1854887630078722256;2415174678;
1,85E+18;Fri Nov 08 12:36:52 +0000 2024;7;ada kemungkinan Newjeans meet &amp;;;;;;;;;;;
1,85E+18;Fri Nov 08 11:48:51 +0000 2024;0;Bjir.. takut klo chitato aja bisa buat mng svt di jkt berarti.. indomie sama newjeans bisa juga ya tuhan... aku siap sebulan bahkan sethun makan indomie kalau iya ;1,85E+18;;;in;;0;0;0;https://x.com/undefined/status/1854853585718460855;8,95E+17;
1,85E+18;Fri Nov 08 11:16:30 +0000 2024;0;emg target marketing indomie dari dulu anak kos ditambah sekarang gba nya newjeans;1,85E+18;;;in;;0;0;0;https://x.com/undefined/status/1854845447354900674;1,11E+18;
1,85E+18;Fri Nov 08 08:21:33 +0000 2024;0;Ada banget orang tiba tiba beli indomie x newjeans cuma karena ngincer keychain ;1,85E+18;;pinkballey;in;;0;0;0;https://x.com/undefined/status/1854801417275687362;1,46E+18;
1,85E+18;Fri Nov 08 07:46:53 +0000 2024;0;Kapan lagi beli 3 mie indomie premium collection × newjeans cuman 1175 sudah termasuk admin Thank you @tokopedia untuk vouchernya ya Kalau bisa banyakin voucher lagi biar sering belanja https://t.co/eJ7fC1Rqce;1,85E+18;https://pbs.twimg.com/media/Gb2LN_kbUAA_g-r.jpg;;in;;0;0;0;https://x.com/undefined/status/1854792693815427339;9,68E+17;
1,85E+18;Fri Nov 08 07:13:16 +0000 2024;0;Indomie newjeans bikin nagih;1,85E+18;;;in;;0;1;0;https://x.com/undefined/status/1854784236852858975;75603965;
1,85E+18;Fri Nov 08 07:01:08 +0000 2024;0;nyari indomie newjeans di supermarket belum ada taunya malah di minimarket ada :);1,85E+18;;;in;;0;0;0;https://x.com/undefined/status/1854781180656099603;2306281604;
1,85E+18;Fri Nov 08 02:51:41 +0000 2024;0;@minjwiz BENER BANGET indomie yang collab sama NewJeans itu yaa. Boleh kalo beli indomie varian itu langsung dapet album NewJeans? ;;;;;;;;;;;
1,85E+18;Fri Nov 08 02:36:45 +0000 2024;0;Nyobain indomie baru yg BA nya newjeans https://t.co/3a0Ktj41VB;1,85E+18;https://pbs.twimg.com/media/Gb1FJDQbwAEcZgv.jpg;;in;;0;0;0;https://x.com/undefined/status/1854714646571499612;1,41E+18;
1,85E+18;Fri Nov 08 02:28:58 +0000 2024;0;nah ya tadi pagi ketemu new jeans x indomie. keretanya juga dingin lagi #OhMyGoodItsIndomie https://t.co/hdG9cpDymP;1,85E+18;https://pbs.twimg.com/media/Gb1DW8dacAAy2UI.jpg;;in;;1;1;0;https://x.com/undefined/status/1854712686598381600;370094403;
1,85E+18;Fri Nov 08 01:39:29 +0000 2024;0;@Indomielovers jangan mau kalah yok bawa newjeans sm jkt48 ( kan jeketi pernah collabs sm indomie thn lalu jg) di 1 event ;1,85E+18;;Indomielovers;in;;0;0;0;https://x.com/undefined/status/1854700236578701420;1,34E+18;
1,85E+18;Thu Nov 07 13:47:34 +0000 2024;0;repurchase indomie newjeans soalnya enyak https://t.co/G18TszOTpx;1,85E+18;https://pbs.twimg.com/media/GbyVEwdbwAApP9R.jpg;;in;;0;0;0;https://x.com/undefined/status/1854521076220637298;1,62E+18;
1,85E+18;Thu Nov 07 13:19:23 +0000 2024;0;@Indomielovers @NewJeans_ADOR Mending gratis Indomie 1 kardus xixixixi;1,85E+18;;Indomielovers;in;;0;0;0;https://x.com/undefined/status/1854513984994677152;457585659;
1,85E+18;Thu Nov 07 12:24:39 +0000 2024;0;Belum nyobain indomie x newjeans itu.;1,85E+18;;;in;;0;7;0;https://x.com/undefined/status/1854500209625358389;1,56E+18;
1,85E+18;Thu Nov 07 12:24:09 +0000 2024;25;@Indomielovers Japota x JKT48 aja ada PC nya masa Indomie x NewJeans gak ada ;1,85E+18;;Indomielovers;in;;0;0;0;https://x.com/undefined/status/1854500082437275735;317033290;
1,85E+18;Thu Nov 07 12:20:59 +0000 2024;0;WTS Indomie korean ramyeon series X NewJeans 40k dapet 1 bundle (isi 5 mie + pvc bag) Pvc bag avail warna pink https://t.co/Nerg8qfBWD Jakarta Utara https://t.co/eQS3Gm3z8s;1,85E+18;https://pbs.twimg.com/media/GbyBQwCaEAAU50-.jpg;;in;;0;1;0;https://x.com/undefined/status/1854499286396121366;1,16E+18;
1,85E+18;Thu Nov 07 11:12:41 +0000 2024;0;Bunnies besok aku mau dateng ke event newjeans x indomie ini ada yang mau nitip kah? Ada biaya tambahan jastip 5k ya https://t.co/uRSXNopl5f;1,85E+18;https://pbs.twimg.com/media/Gbxxn7xa4AA8V0v.jpg;;in;;0;0;0;https://x.com/undefined/status/1854482096326398047;9,86E+17;
1,85E+18;Thu Nov 07 09:58:35 +0000 2024;0;Indomie x newjeans kok blom ada di Indomaret sih.....;1,85E+18;;;in;;0;1;0;https://x.com/undefined/status/1854463448970858775;1,73E+18;
1,85E+18;Thu Nov 07 08:27:11 +0000 2024;0;1 indomie 1 like untuk newjeans https://t.co/QPpSxTaddT;1,85E+18;https://pbs.twimg.com/media/GbxLwrfbAAA-rWZ.jpg;;in;;0;3;0;https://x.com/undefined/status/1854440449953644760;1,08E+18;
1,85E+18;Thu Nov 07 07:54:05 +0000 2024;0;Indomie x NewJeans ini ternyata enak rasanya paling gua suka yg merah yg Fiery Chikin https://t.co/JwdZ8VJHmv;1,85E+18;https://pbs.twimg.com/media/GbxEL4tbIAAVqch.jpg;;in;;0;0;0;https://x.com/undefined/status/1854432120351097281;1,44E+18;
1,85E+18;Thu Nov 07 07:06:24 +0000 2024;1;liat kelakuan bude bude kremy yg benci newjeans collab sama indomie kenapa sih?? pdhl kan udh banyak spill kebusukan hybe dimana mana terus benci nj atas dasar apa??;1,85E+18;;;in;;0;0;0;https://x.com/undefined/status/1854420120594153556;217360535;
1,85E+18;Thu Nov 07 06:47:24 +0000 2024;1;mau ke indomie x newjeans;1,85E+18;;;in;;0;0;0;https://x.com/undefined/status/1854415335967141934;1,55E+18;
1,85E+18;Thu Nov 07 06:38:05 +0000 2024;0;@Indomielovers @NewJeans_ADOR Indomie bonus Hanni ;1,85E+18;;Indomielovers;in;;0;0;0;https://x.com/undefined/status/1854412990919147767;1,58E+18;
1,85E+18;Thu Nov 07 06:30:44 +0000 2024;1;Udh pedes dikasih boncabe lv50 #OhMyGoodItsIndomie https://t.co/RPyEOqFvGG;1,85E+18;https://pbs.twimg.com/media/GbwxGUWagAEYARl.jpg;;in;;1;6;0;https://x.com/undefined/status/1854411144078979528;1,41E+18;
1,85E+18;Thu Nov 07 05:02:45 +0000 2024;0;masak Indomie Korea karena.. #NewJeans https://t.co/utqYH3PBrK;1,85E+18;https://pbs.twimg.com/media/Gbwc-LAa0AAueXS.jpg;;in;;0;0;0;https://x.com/undefined/status/1854389003489001519;175400404;
1,85E+18;Thu Nov 07 02:44:14 +0000 2024;0;Btw indomie x newjeans yang biru enak banget weh. Ntar mau beli lagi sekalian nyari yang varian k-rose.;1,85E+18;;;in;;0;0;0;https://x.com/undefined/status/1854354141805691216;9,98E+17;
1,85E+18;Thu Nov 07 02:14:31 +0000 2024;0;yang gw kesel dari Indomie x Newjeans adalah MASA BRAND SEBESAR INDOMIE GAK ADA KASIH RANDOM PHOTOCARD EDITION INDOMIE X NEWJEANS?????!!!! HELLO INDOMIE!? brand brand lain aja bisa bikin event photocard lohhh!! ;1,85E+18;;;in;;0;0;0;https://x.com/undefined/status/1854346665656017028;1,30E+18;
1,85E+18;Thu Nov 07 02:08:49 +0000 2024;1;Newjeans with Indomie ini ga ketebak tp ultraman sama ultrajaya ini juga ngagetin wk https://t.co/I1NQu4rRT8;1,85E+18;;;in;;0;1;0;https://x.com/undefined/status/1854345228398002366;312099919;
1,85E+18;Thu Nov 07 01:26:40 +0000 2024;0;sebenarnya agak kecewa sih collab yang satu ini : 1. No photocard hanya photobooth which is dissapointing. 2. Gak ada nama newjeans bahkan foto mereka dipackingannya how can other people know indomie collabing with nwjns?? 3. Nama Rasanya setidakny relevan ke nwjns dikitla...;1,85E+18;;;in;;0;0;0;https://x.com/undefined/status/1854334623897297089;1,01E+18;
1,85E+18;Wed Nov 06 15:50:53 +0000 2024;0;mana ni gaada iklan indomie newjeans malah nemu mi sedap yang gw gatau modelnya siapa https://t.co/f1dgayS4gN;1,85E+18;https://pbs.twimg.com/media/GbtnuS5aMAAmohJ.jpg;;in;;0;0;0;https://x.com/undefined/status/1854189720412279014;1,13E+18;
1,85E+18;Wed Nov 06 15:46:13 +0000 2024;0;@jaehyiuno @hi kakak pasti mau bagiin ke para member ya? nanti aku kirimin satu truck Indomie varian newjeans ya xixixixi;1,85E+18;;jsehyuno;in;;0;1;0;https://x.com/undefined/status/1854188547928175034;1555546770;
1,85E+18;Wed Nov 06 15:45:22 +0000 2024;1;@Indomielovers @NewJeans_ADOR Nah kan https://t.co/qeJNZGtYwD;1,85E+18;;Indomielovers;in;;0;0;0;https://x.com/undefined/status/1854188332735148155;1,64E+18;
1,85E+18;Wed Nov 06 14:10:06 +0000 2024;0;@unsoedfess_ dimana yg jual indomie newjeans?;1,85E+18;;unsoedfess_;in;;0;0;0;https://x.com/undefined/status/1854164357904736573;1,74E+18;
1,85E+18;Wed Nov 06 14:01:02 +0000 2024;1;gua menamatkan beli indomie newjeans ;1,85E+18;;;in;;0;1;0;https://x.com/undefined/status/1854162075809087554;1,54E+18;
1,85E+18;Wed Nov 06 13:23:44 +0000 2024;0;kalian udah ada yg nyoba indomie x newjeans belum?? yg ramyeon/korean series itu? ak pengen nyoba tp mau baca review dari kalian dlu. thank u^^;1,85E+18;;;in;;0;2;0;https://x.com/undefined/status/1854152689116152219;1,36E+18;
1,85E+18;Wed Nov 06 12:49:46 +0000 2024;0;Nyobain Indomie X NewJeans yang varian spicy ramyeon https://t.co/mk3VnNrbby;1,85E+18;https://pbs.twimg.com/media/Gbs-Q69a8AAmWAC.jpg;;in;;0;1;0;https://x.com/undefined/status/1854144142714249657;1036699261;
1,85E+18;Wed Nov 06 12:35:51 +0000 2024;0;mari kita hunting indomie newjeans yang viral itu;1,85E+18;;;in;;0;1;0;https://x.com/undefined/status/1854140638792757443;1,66E+18;
1,85E+18;Wed Nov 06 11:58:55 +0000 2024;0;@Winorey Indomie newjeans cobain tuh baru;1,85E+18;;Winorey;in;;0;0;0;https://x.com/undefined/status/1854131347331408235;1,68E+18;
1,85E+18;Wed Nov 06 11:31:54 +0000 2024;0;@heeseunglykish Emang selasa s nya sngantuk. INDOMIE NEWJEANS YANG PIIINKK atau kalau di luar itu aku suka soto spesial sih;1,85E+18;;manifesdto;in;;0;0;0;https://x.com/undefined/status/1854124545256608224;7,93E+17;
1,85E+18;Wed Nov 06 09:53:31 +0000 2024;0;sampe juga paketnya bun INDOMIE x NEWJEANS #NewJeans #뉴진스 https://t.co/ZsGmrDzAvV;1,85E+18;https://pbs.twimg.com/media/GbsV7LRbEAAZPv7.jpg;;in;;0;0;0;https://x.com/undefined/status/1854099788545102208;1,27E+18;
1,85E+18;Wed Nov 06 09:25:45 +0000 2024;4;Wts buddle indomie x newjeans 70k / dapat 2 buddle Beli 1 : 35k Bisa cod besok di gondangdia/bogor https://t.co/9U695T1E3u;1,85E+18;https://pbs.twimg.com/media/GbsPknTbsAAxeo0.jpg;;in;;1;4;2;https://x.com/undefined/status/1854092801342161374;1,77E+18;
1,85E+18;Wed Nov 06 09:22:20 +0000 2024;0;lagi nyobain indomie × newjeans yang warna biru (berkuah). yaiya sih tulisan nya spicy aku tadinya mikir gapakal sepedes ini plss??;1,85E+18;;rubeeyis;in;;0;0;0;https://x.com/undefined/status/1854091938062070012;1,82E+18;
1,85E+18;Wed Nov 06 09:00:18 +0000 2024;0;@salahpraktikan Indomie newjeans vs mie sedap farhan kebabc nih;1,85E+18;;salahpraktikan;in;;0;1;0;https://x.com/undefined/status/1854086395511574930;1,79E+18;
1,85E+18;Wed Nov 06 07:04:31 +0000 2024;0;indomie newjeans yg fiery chickin enaqqq;1,85E+18;;;in;;0;1;0;https://x.com/undefined/status/1854057258910679214;1,20E+18;
1,85E+18;Wed Nov 06 06:33:36 +0000 2024;0;pengen indomie newjeans. dari kemaren belom nemu2;1,85E+18;;;in;;0;0;0;https://x.com/undefined/status/1854049475578470530;196011433;
1,85E+18;Wed Nov 06 04:39:42 +0000 2024;0;nyobain Indomie x Newjeans https://t.co/RBiQvKuEWt;1,85E+18;https://pbs.twimg.com/media/GbrOGlgbkAA8kFx.jpg;;in;;0;0;0;https://x.com/undefined/status/1854020811591676306;1,44E+18;
1,85E+18;Wed Nov 06 02:46:19 +0000 2024;13; | Hyein para a Indomie. #뉴진스 #NewJeans #혜인 #Hyein @NewJeans_ADOR https://t.co/KJgq009uaa;1,85E+18;https://pbs.twimg.com/media/Gbq0JmKWMA8xrT9.jpg;;in;;0;0;2;https://x.com/undefined/status/1853992277070270535;1,54E+18;
1,85E+18;Wed Nov 06 00:32:58 +0000 2024;0;Sarapan pake Indomie × Newjeans with daniii https://t.co/2XGFmPca9b;1,85E+18;https://pbs.twimg.com/media/GbqVoNbaYAAAxLb.jpg;;in;;0;1;0;https://x.com/undefined/status/1853958719832502709;1,23E+18;
1,85E+18;Tue Nov 05 21:53:37 +0000 2024;79;NewJeans x Indomie Ramyun #민지 #Minji #하니 #Hanni #다니엘 #Danielle #해린 #Haerin #혜인 #Hyein #뉴진스 #NewJeans @NewJeans_twt https://t.co/THs1nsgbM0;1,85E+18;https://pbs.twimg.com/media/GbpxKDKXoAAittG.jpg;;in;;0;1;13;https://x.com/undefined/status/1853918620423946331;1,83E+18;
1,85E+18;Tue Nov 05 18:18:41 +0000 2024;0;suka lah kan newjeans collab dengan indomie SEBAB INDOMIE &gt;;;;;;;;;;;
1,83E+18;Tue Nov 05 17:35:03 +0000 2024;0;@jlleonghan Ada tau katanya aku nangis mulu jadi dilempar tisu deh! Yang manis juga kayanya enak deh.. sambil nonton film. Nah kalo yang NewJeans aku belum cobain! Tapi kayanya sih enak yaa soalnya dari Indomie. Pengen coba yang belum pernah aku cobain si;1,85E+18;;kimsuncwoo;in;;0;0;0;https://x.com/undefined/status/1853853547898790213;1,50E+18;
1,85E+18;Tue Nov 05 16:10:33 +0000 2024;0;@kawiairuka Asiknyaa semoga baik terus sampai ketemu weekend nanti ia! Indomie rasa baru yang koleb bareng NewJeans! https://t.co/oklPNuM5HZ;1,85E+18;https://pbs.twimg.com/media/GboiooIbwAAVYUs.png;aerichaon;in;;0;1;0;https://x.com/undefined/status/1853832284019085446;8,63E+17;
1,85E+18;Tue Nov 05 16:09:21 +0000 2024;0;@haunwook Betuul NewJeans jadi ba indomie! :D Aku satu aja udah kenyang sih kakak.. Kakak biasa makan ramyeon berapa bungkus emang?;1,85E+18;;haunwook;in;;0;0;0;https://x.com/undefined/status/1853831982956089608;8,63E+17;
1,85E+18;Tue Nov 05 16:00:05 +0000 2024;0;indomie newjeans yg biru itu rasa popmie banget..;1,85E+18;;;in;;0;0;0;https://x.com/undefined/status/1853829648385548728;391139216;
1,85E+18;Tue Nov 05 15:06:13 +0000 2024;0;@angkotsalto PAAM SIH INDOMIE NEWJEANS;1,85E+18;;;in;;0;0;0;https://x.com/undefined/status/1853816093900783865;1,46E+18;
1,85E+18;Tue Nov 05 13:59:24 +0000 2024;0;@newjeans_loop Sayang ayo mam indomie bareng;1,85E+18;;newjeans_loop;in;;0;0;0;https://x.com/undefined/status/1853799277895770324;1,37E+18;
1,85E+18;Tue Nov 05 13:50:33 +0000 2024;0;besok coba cari indomie newjeans kali ya;1,85E+18;;;in;;0;0;0;https://x.com/undefined/status/1853797052423250350;546435935;
1,85E+18;Tue Nov 05 13:41:58 +0000 2024;0;@_annisia harus ada yg neliti pengaruh BA NewJeans terhadap penjualan Indomie;1,85E+18;;_annisia;in;;0;0;0;https://x.com/undefined/status/1853794892503515364;1951230721;
1,85E+18;Tue Nov 05 12:56:19 +0000 2024;0;@purpleramencup INDOMIE NEWJEANS YANG BIRUUUU FIX ITU WAJIB KRN ITU VERSI EKONOMISNYA SHIN RAMYEON;1,85E+18;;purpleramencup;in;;0;1;0;https://x.com/undefined/status/1853783401595273494;1108633658;
1,85E+18;Tue Nov 05 12:39:17 +0000 2024;0;gw nanya mba mba alfa ada indomie newjeans apa engga malah dianya ngangong ngangong;1,85E+18;;;in;;0;0;0;https://x.com/undefined/status/1853779115083751434;1,80E+18;
1,85E+18;Tue Nov 05 12:39:00 +0000 2024;0;Terkadang momen paling sederhana bisa menjadi yang paling indah. New Flavor New feelings #OhMyGoodItsIndomie https://t.co/KcUH2L6fVH;1,85E+18;https://pbs.twimg.com/media/GbnyN4haUAATChm.jpg;;in;;0;0;0;https://x.com/undefined/status/1853779044996947996;1,79E+18;
1,85E+18;Tue Nov 05 11:52:02 +0000 2024;0;WTS Indomie korean ramyeon series X NewJeans 40k dapet 1 bundle (isi 5 mie + pvc bag) Pvc bag avail warna pink https://t.co/1rAK9XuI7Z Jakarta Utara https://t.co/7OJhF7GBEt;1,85E+18;https://pbs.twimg.com/media/GbnndXqbQAAqRaP.jpg;;in;;0;0;0;https://x.com/undefined/status/1853767227201462598;1,16E+18;
1,85E+18;Tue Nov 05 11:46:33 +0000 2024;2;fujan malem enaknya makan indomie newjeans;1,85E+18;;;in;;1;4;0;https://x.com/undefined/status/1853765845861962134;1,68E+18;
1,85E+18;Tue Nov 05 11:19:02 +0000 2024;0;KENAPA INDOMIE NEWJEANS YG RASA ROSE SELALU ABIS STOKNYA????????;1,85E+18;;;in;;1;1;0;https://x.com/undefined/status/1853758922097934457;1,74E+18;
1,85E+18;Tue Nov 05 11:04:45 +0000 2024;0;makan malem hari ini indomie k-rose #NewJeansxIndomie #OhMyGoodItsIndomie;1,85E+18;;;in;;0;2;0;https://x.com/undefined/status/1853755326568562846;1,56E+18;
1,85E+18;Tue Nov 05 10:10:21 +0000 2024;0;guys newjeans x Indomie itu sampe tanggal berapa deh....?;1,85E+18;;;in;;0;1;0;https://x.com/undefined/status/1853741637668909509;1,48E+18;
1,85E+18;Tue Nov 05 09:45:48 +0000 2024;0;kalau beli indomie ada chance ke nak dapat pc newjeans? ‍↔️;1,85E+18;;;in;;0;0;0;https://x.com/undefined/status/1853735457944928685;1649395172;
1,85E+18;Tue Nov 05 09:25:39 +0000 2024;0;Shindong tau ga ya kalo indomie collab sama newjeans;1,85E+18;;;in;;0;1;0;https://x.com/undefined/status/1853730387308294147;1,26E+18;
1,85E+18;Tue Nov 05 07:59:37 +0000 2024;0;@Indomielovers @NewJeans_ADOR Sebelum liat iklanya udah liat produknya di minimarket dalam hati berkata ooh produk baru Indomie Besokanya tiba2 liat iklanya kaget bareng NewJeans wooww;1,85E+18;;Indomielovers;in;;0;0;0;https://x.com/undefined/status/1853708733895061607;1,10E+18;
1,85E+18;Tue Nov 05 06:49:56 +0000 2024;1;@newjeans_loop ️ INDOMIE SELEREKU;1,85E+18;;newjeans_loop;in;;0;0;0;https://x.com/undefined/status/1853691198059548896;4847315193;
1,85E+18;Tue Nov 05 06:43:31 +0000 2024;0;flying kiss jungkook jaehyun wamil naura txt yeonjun christina aguilera arknights seungchan toronto siang demokrasi sejuk ronald fufufafa gibran mulyono tom kpop bts riize newjeans indomie preloved shopee enhypen baemon yg hybe mhj anies svt seunghan nct kejagung bando;1,85E+18;;;in;;0;0;0;https://x.com/undefined/status/1853689585072742454;1,47E+18;
1,85E+18;Tue Nov 05 06:17:51 +0000 2024;2;Kenapa ya gua punya twibbon ini #OhMyGoodItsIndomie https://t.co/y17prBC8Rj;1,85E+18;https://pbs.twimg.com/media/Gbma-DlbIAAVDeB.jpg;;in;;0;0;0;https://x.com/undefined/status/1853683125186154563;4849356450;
1,85E+18;Tue Nov 05 05:18:25 +0000 2024;0;minimal indomie newjeans nya masakin dlu gpp deh;1,85E+18;;;in;;0;0;0;https://x.com/undefined/status/1853668169707397536;1,35E+18;
1,85E+18;Tue Nov 05 04:37:54 +0000 2024;0;Salah satu efek mukbang Indomie setelah newjeans jd BA nya wkwkwkwk;1,85E+18;;;in;;0;0;0;https://x.com/undefined/status/1853657972528074773;143720737;
1,85E+18;Tue Nov 05 03:13:07 +0000 2024;844;241105 Minji for Indomie #민지 #Minji #ミンジ #뉴진스 #NewJeans https://t.co/LOHKILVieL;1,85E+18;https://pbs.twimg.com/media/GblwslQaAAATwmj.jpg;;in;;3;0;83;https://x.com/undefined/status/1853636635453534570;1,55E+18;
1,85E+18;Tue Nov 05 03:04:10 +0000 2024;1;Gandeng NewJeans Jadi Global Brand Ambassador Indomie Luncurkan Korean Ramyeon Series https://t.co/4pVThYrzPI;1,85E+18;;;in;;0;0;0;https://x.com/undefined/status/1853634382793470337;1,03E+18;
1,85E+18;Tue Nov 05 02:49:52 +0000 2024;60;241105 | @Newjeans_ADOR s Hanni for Indomie Selera kita sama yaa #뉴진스 #NewJeans #하니 #Hanni https://t.co/oESxteuoel;1,85E+18;https://pbs.twimg.com/media/GblrX_BbsAAvuZy.jpg;;in;;0;0;12;https://x.com/undefined/status/1853630783841611805;7,68E+17;
1,85E+18;Tue Nov 05 02:00:01 +0000 2024;0;Ingat kesuksesan tidak datang pada mereka yang menunggu. Jadi jadilah proaktif hari ini! Dapatkan kelas ini secara full disini: https://t.co/ElyfCwv5Ze #BerperilakuProaktif #LakukanSekarang #Sukses #Halloween #NewJeans #INDOMIE https://t.co/RBorRxTMCi;1,85E+18;https://pbs.twimg.com/ext_tw_video_thumb/1852189211971190784/pu/img/IYiQmczz1DO6mM8G.jpg;;in;;0;0;0;https://x.com/undefined/status/1853618239861121069;1312755619;
1,85E+18;Tue Nov 05 01:00:03 +0000 2024;0;@Indomielovers @NewJeans_ADOR boljug nih buat tempat naruh Indomie belinya disini https://t.co/AuVcjWty9V https://t.co/akFjyOl8QX;1,85E+18;https://pbs.twimg.com/ext_tw_video_thumb/1853603112461975552/pu/img/_AO69jyaZwJ1s--n.jpg;Indomielovers;in;;0;0;0;https://x.com/undefined/status/1853603150395232299;1,83E+18;
1,85E+18;Tue Nov 05 00:22:14 +0000 2024;0;WTS JASTIP INDOMIE NEWJEANS KOREAN EDITION DI GEDUNG INDOFOOD SUDIRMAN bisa custom bag strap charm juga dm for order Yg mau beli mie aja lgsg co https://t.co/EgsecazxTN;1,85E+18;;;in;;0;0;0;https://x.com/undefined/status/1853593629669097551;1,27E+18;
1,85E+18;Mon Nov 04 23:35:45 +0000 2024;0;@hanwnni @hi HHHAHAHA NewJeans BA Indomie baru yaaa? Coba kirimin aku setruk nanti buat aku bagi-bagiin juga.;1,85E+18;;haocurn;in;;0;1;0;https://x.com/undefined/status/1853581933713993837;620735951;
1,85E+18;Mon Nov 04 23:14:27 +0000 2024;1;Open jastip bundle mie indomie newjeans lagi yukkk Yg cari merch strap with charm juga bisa dm for order #ohmygooditsindomie https://t.co/ZLhNOlMEyD;1,85E+18;https://pbs.twimg.com/media/Gbk6EY0a8AAQS9N.jpg;;in;;0;0;0;https://x.com/undefined/status/1853576572269387849;1,27E+18;
1,85E+18;Mon Nov 04 18:52:18 +0000 2024;0;@Indomielovers @NewJeans_ADOR Gua tuh pecinta nomor satu indomie ;1,85E+18;;Indomielovers;in;;0;0;0;https://x.com/undefined/status/1853510599264854065;1,33E+18;
1,85E+18;Mon Nov 04 18:43:15 +0000 2024;0;Jadi pengen nonton tv juga biar bisa liat iklan newjeans indomie;1,85E+18;;;in;;0;0;0;https://x.com/undefined/status/1853508323536166992;1,81E+18;
1,85E+18;Mon Nov 04 18:09:52 +0000 2024;0;ABANG UDAH NYOBAIN INDOMIE × NEWJEANS BELUM? :3;1,85E+18;;;in;;0;1;0;https://x.com/undefined/status/1853499920738848834;1,60E+18;
1,85E+18;Mon Nov 04 16:46:18 +0000 2024;0;Aku mau open jastip lagi guyss!! Indomie x newjeans Visit: 7 &amp;;;;;;;;;;;
1,85E+18;Mon Nov 04 16:45:32 +0000 2024;0;ada yang punya lebihan tas indomie x newjeans gak. kemarin mau ngantri tapi aku udah capek banget mau pingsan ;1,85E+18;;;in;;0;1;0;https://x.com/undefined/status/1853478697824862669;1,44E+18;
1,85E+18;Mon Nov 04 16:36:05 +0000 2024;0;udah nyobain dua rasa indomie x newjeans ts slaps;1,85E+18;;;in;;0;0;0;https://x.com/undefined/status/1853476322858914296;302904335;
1,85E+18;Mon Nov 04 16:35:29 +0000 2024;0;@hanniphvam terima kasih banyak cantikku! ︎ btw kemarin aku sudah memborong semua varian indomie x NewJeans loh. kaya nya sebulan kedepan aku bakalan makan indomie terus;1,85E+18;;hanniphvam;in;;0;1;0;https://x.com/undefined/status/1853476172065390923;1,31E+18;
1,85E+18;Mon Nov 04 15:57:33 +0000 2024;0;Sudah mencoba indomie newjeans sangat enakkk will definitely buy it again.;1,85E+18;;;in;;0;0;0;https://x.com/undefined/status/1853466625154195960;1,81E+18;
1,85E+18;Mon Nov 04 15:31:16 +0000 2024;0;Gokil juga ini promosinya Indomie collab sama newjeans abis berapa ya.... pasang billboard masang di MRT/LRT juga;1,85E+18;;;in;;0;0;0;https://x.com/undefined/status/1853460007494512881;329503019;
1,85E+18;Mon Nov 04 15:19:44 +0000 2024;0;eh indomie newjeans yg biru enaak;1,85E+18;;;in;;0;0;0;https://x.com/undefined/status/1853457108513251335;1,26E+18;
1,85E+18;Mon Nov 04 15:16:29 +0000 2024;0;@mirji Bisnis terbaru sekalian bahas newjeans jadi BA indomie.;1,85E+18;;seeup;in;;0;0;0;https://x.com/undefined/status/1853456288191287355;1,61E+18;
1,85E+18;Mon Nov 04 14:54:55 +0000 2024;1;@sheldon24james Kaga anjir akal akal bude bude kabupaten alias army yg mau boycott indomie gegara collab sama newjeans wkwkwkw;1,85E+18;;sheldon24james;in;;0;1;0;https://x.com/undefined/status/1853450860250149158;1,24E+18;
1,85E+18;Mon Nov 04 14:24:25 +0000 2024;0;Parah indomie Newjeans yang rose sama kuah enak banget dah tapi kurang suka yang spicy cikin itu...;1,85E+18;;;in;;0;1;0;https://x.com/undefined/status/1853443185508593916;1,67E+18;
1,85E+18;Mon Nov 04 13:09:24 +0000 2024;0;indomie newjeans udh dijual di pasaran blm sih gue pgn coba;1,85E+18;;;in;;0;0;0;https://x.com/undefined/status/1853424308170928337;1273811971;
1,85E+18;Mon Nov 04 13:05:07 +0000 2024;0;JD KEPENGEN BELI INDOMIE NEWJEANS &amp;;;;;;;;;;;
1,85E+18;Mon Nov 04 12:40:57 +0000 2024;2;Dalam keterangan resminya di Jakarta Senin NewJeans dipilih sebagai duta produk global karena gaya musik dan estetika visual yang modern energik dan fresh yang relevan bagi Gen-Z. #newjeans #kpop #indomie #musik https://t.co/Hbma0a3yPv;1,85E+18;;;in;;0;0;0;https://x.com/undefined/status/1853417149660111289;18071520;
1,85E+18;Mon Nov 04 11:55:51 +0000 2024;0;loh hit twitt ini bunnies gk ada yg mau mutualan kah sama aku? aku ngg gigit lohh *btw kalian semua harus liat part ini pas reza nengok k blkng trs ekspresi hanni nya lucu kek berasa collab beneran secara virtual #OhMyGoodItsIndomie https://t.co/kuCaoMY4PG;1,85E+18;https://pbs.twimg.com/ext_tw_video_thumb/1853405652825378817/pu/img/q_jU_x7QaHjX-AfG.jpg;;in;;0;0;0;https://x.com/undefined/status/1853405796304134296;1,29E+18;
1,85E+18;Mon Nov 04 11:55:30 +0000 2024;46;WKWKWKWK KOCAK BET TEMEN GW NAKSIR NEWJEANS JALUR BELI INDOMIE mana kepincut Hanni yang naksir Hanni gegara Indomie kata gw jadi nambah sejuta sehari https://t.co/BtjmtGZVEx;1,85E+18;https://pbs.twimg.com/media/GbieqiDasAAZxCl.jpg;;in;;1;11;0;https://x.com/undefined/status/1853405708622127536;3269921683;
1,85E+18;Mon Nov 04 11:20:16 +0000 2024;0;GUA NEMUIN INDOMIE NEWJEANS DAN MALEM INI GUA MAU MASAK YANG FIERY CHIKIN;1,85E+18;;;in;;0;3;0;https://x.com/undefined/status/1853396843373400506;1,37E+18;
1,85E+18;Mon Nov 04 11:06:07 +0000 2024;0;indomie x newjeans yg biru rasanya plek ketiplek kek shin ramyun;1,85E+18;;;in;;0;1;0;https://x.com/undefined/status/1853393283139223950;1,26E+18;
1,85E+18;Mon Nov 04 11:01:16 +0000 2024;0;indomie newjeans yg rose beli di mana siiiiii;1,85E+18;;;in;;0;0;0;https://x.com/undefined/status/1853392061208383731;1,42E+18;
1,85E+18;Mon Nov 04 10:26:12 +0000 2024;0;WTS Indomie korean ramyeon series X NewJeans 40k dapet 1 bundle (isi 5 mie + pvc bag) Pvc bag avail warna pink sama putih Bisa co oren excl adm yaa Jakarta Utara https://t.co/ZutrbzEyU3;1,85E+18;https://pbs.twimg.com/media/GbiKOC1b0AAxWqA.jpg;;in;;0;1;0;https://x.com/undefined/status/1853383235444887955;1,16E+18;
1,85E+18;Mon Nov 04 10:22:02 +0000 2024;2;Review indomie x newjeans: Enak sih tp msih lebih enak indomie goreng ori. Katanya ini rasa spicy chikin tp ini ga ada spicy nya sama sekali tp enak sih cuman msih kureng aja gt krn ga pedes. Jd aku msih tambahin cabe rawit 3 biji biar pedes mantep gitu. 8/10 https://t.co/Bze09iGrD1;1,85E+18;https://pbs.twimg.com/media/GbiJRjNaYAAgAXo.jpg;;in;;0;0;0;https://x.com/undefined/status/1853382190064939516;2419792260;
1,85E+18;Mon Nov 04 10:00:30 +0000 2024;1;@yeerimc ak baru liat jg iklan indomie ngegandeng NewJeans huhu;1,85E+18;;yeerimc;in;;0;0;0;https://x.com/undefined/status/1853376769837134004;1,36E+18;
1,85E+18;Mon Nov 04 09:45:37 +0000 2024;0;@Indomielovers @NewJeans_ADOR Ini Indomie varian apa ?;1,85E+18;;Indomielovers;in;;0;0;0;https://x.com/undefined/status/1853373022960484762;1001341248;
1,85E+18;Mon Nov 04 08:23:52 +0000 2024;0;@Indomielovers @NewJeans_ADOR pasti Indomie dibayar sama hybe biar nj jadi BA - ucap kpopers;1,85E+18;;Indomielovers;in;;0;0;0;https://x.com/undefined/status/1853352452025905543;9,91E+17;
1,85E+18;Mon Nov 04 07:08:51 +0000 2024;0;Beli crocs gr newjeans beli indomie gr newjeans hidup ini isinya haerin haerin haerin terus ;1,85E+18;;;in;;0;0;0;https://x.com/undefined/status/1853333571194515748;1,32E+18;
1,85E+18;Mon Nov 04 05:31:37 +0000 2024;0;IH TADI NEMU INDOMIE COLAB SAMA NEWJEANS HIKS AHELAH KENAPA TADI RAGU BELI;1,85E+18;;;in;;0;0;0;https://x.com/undefined/status/1853309103961182276;1,48E+18;
1,85E+18;Mon Nov 04 05:21:58 +0000 2024;0;Akhirnya kefomoan ini terpenuhi nyobain Indomie x NewJeans yg varian spicy ramyeon (ini buat yg mau2 aja). Surprisingly enaaak! https://t.co/meJcG0cI82;1,85E+18;https://pbs.twimg.com/media/GbhElgubEAAyRX2.jpg;;in;;0;1;0;https://x.com/undefined/status/1853306673122951264;1,79E+18;
1,85E+18;Mon Nov 04 04:46:17 +0000 2024;0;Gak kaget kalau pemboikotan Indomie ini ramai. Soalnya temanku sendiri jadi haters Newjeans karena mereka berani speakup dan memperjuangkan keadilan wkwkwk;1,85E+18;;;in;;0;0;0;https://x.com/undefined/status/1853297694468420012;400153248;
1,85E+18;Mon Nov 04 04:41:02 +0000 2024;0;Indomie x NewJeans di Indomaret dah ada kh? males bgt klo sampe sana gk ada;1,85E+18;;;in;;0;0;0;https://x.com/undefined/status/1853296372184912025;1,22E+18;
1,85E+18;Mon Nov 04 03:37:55 +0000 2024;0;NANGIS KECIL PAGI2 #OhMyGoodItsIndomie;1,85E+18;;;in;;0;0;0;https://x.com/undefined/status/1853280486933872644;35354122;
1,85E+18;Mon Nov 04 03:20:36 +0000 2024;0;Thankyou juga buat @Indomielovers seru banget event kemaren rame bgtt #OhMyGoodItsIndomie https://t.co/WqsJNhjDju;1,85E+18;https://pbs.twimg.com/media/GbgoyVxagAATqR1.jpg;;in;;0;1;0;https://x.com/undefined/status/1853276132722004235;1,26E+18;
1,85E+18;Mon Nov 04 03:18:39 +0000 2024;0;Kalo ga disukain balik izinin hamba-Mu ini naik KRL Indomie X Newjeans Ya Allah ;1,85E+18;;;in;;0;1;0;https://x.com/undefined/status/1853275640633688380;1,45E+18;
1,85E+18;Mon Nov 04 03:07:19 +0000 2024;0;lucu banget pliss #OhMyGoodItsIndomie #NewJeans #IndomieKoreanSeries #indomie https://t.co/LrzOQKujTB;1,85E+18;https://pbs.twimg.com/media/GbglxsHbcAAoa2t.jpg;;in;;0;0;0;https://x.com/undefined/status/1853272788284719116;1,54E+18;
1,85E+18;Mon Nov 04 02:57:54 +0000 2024;0;gemasnya indomie newjeans https://t.co/7JX3gLnoCL;1,85E+18;https://pbs.twimg.com/media/Gbgjnb7awAA1eBU.jpg;;in;;0;0;0;https://x.com/undefined/status/1853270417315958981;1,31E+18;
1,85E+18;Mon Nov 04 02:48:32 +0000 2024;0;@haeribn Huft gagal dimasakin indomie sama Haerin NewJeans &lt;;;;;;;;;;;
1,85E+18;Mon Nov 04 02:34:32 +0000 2024;1;Sarapan pagi ini. Sate dan lontong lalu kita tambahkan indomie goreng sebagai bentuk dukungan kepada para pekerja yang juga dilakukan oleh sang Brand Ambassador NewJeans. Hidangan ini juga dilengkapi oleh sedikit koping mekanisem untuk dinikmati setelah santapan habis . https://t.co/HSTQxoBbhM;1,85E+18;https://pbs.twimg.com/media/GbgeRdlbIAA8NYO.jpg;;in;;2;0;0;https://x.com/undefined/status/1853264537111421006;1,37E+18;
1,85E+18;Mon Nov 04 01:08:18 +0000 2024;0;mari kita coba indomie x newjeans ini;1,85E+18;;;in;;0;1;0;https://x.com/undefined/status/1853242835551899888;7,23E+17;
1,85E+18;Mon Nov 04 00:27:17 +0000 2024;0;Lengah dikit newjeans jadi ba indomie;1,85E+18;;;in;;0;0;0;https://x.com/undefined/status/1853232513612972240;1,64E+18;
1,85E+18;Sun Nov 03 23:32:58 +0000 2024;9;pada asbun kalo indomie bakalan tetep laris tana gaet newjeans YA BENER makanya itu merek gede top indomie gaet nya idol yang top juga masa artis kabupaten cik;1,85E+18;;;in;;1;0;2;https://x.com/undefined/status/1853218844636250509;1,59E+18;
1,85E+18;Sun Nov 03 23:11:05 +0000 2024;0;Alhamdulillah cape banget tapi seneng. Makasih dedek2 #OhMyGoodItsIndomie ;1,85E+18;;;in;;0;0;1;https://x.com/undefined/status/1853213338328842663;80211019;
1,85E+18;Sun Nov 03 19:23:47 +0000 2024;0;eh newjeans x Indomie booth nya dimana deh?;1,85E+18;;;in;;0;0;0;https://x.com/undefined/status/1853156137031590293;1,48E+18;
1,85E+18;Sun Nov 03 18:02:08 +0000 2024;0;anying indomie newjeans prasaan baru announce 4 harian hari ini dah trakhir aja di gancit;1,85E+18;;;in;;0;1;0;https://x.com/undefined/status/1853135590176497666;1,49E+18;
1,85E+18;Sun Nov 03 17:46:08 +0000 2024;0;indomie newjeans yang spicy ramyeon enaaaak bgt tapi msh blm bs ngegeser tori miso si ;1,85E+18;;;in;;0;0;0;https://x.com/undefined/status/1853131563770450178;1,84E+18;
1,85E+18;Sun Nov 03 15:57:42 +0000 2024;1;mari kita coba indomie x newjeans https://t.co/tVoLp4ZKzl;1,85E+18;https://pbs.twimg.com/media/GbeMgska0AEIfK5.jpg;;in;;0;1;0;https://x.com/undefined/status/1853104275091775606;1,69E+18;
1,85E+18;Sun Nov 03 14:39:09 +0000 2024;0;@AdorishEloise aku hari ini baru makan sekali yaitu makan indomie newjeans;1,85E+18;;saintbelli;in;;0;1;0;https://x.com/undefined/status/1853084506116530352;1,78E+18;
1,85E+18;Sun Nov 03 14:20:41 +0000 2024;0;ternyata krn ada event indomie newjeans anjir kalo gitu harusny gue mampir gasiii gue udh tau eventnya dr awal keluar tp gatau kalo itu di gancit bngst;1,85E+18;;kim__kaibear;in;;0;0;0;https://x.com/undefined/status/1853079859519709535;1,27E+18;
1,85E+18;Sun Nov 03 14:13:58 +0000 2024;1;alhamdulillah berhasil menamatkan gim mencari k-rose special thanks buat papa sudah effort ngantar saya!!! padahal di luar udaranya dingin bgt i love my dad #OhMyGoodItsIndomie https://t.co/lBLhXEnx59;1,85E+18;https://pbs.twimg.com/media/Gbd0wqZbAAAJjVz.jpg;;in;;0;0;0;https://x.com/undefined/status/1853078167931756722;1,76E+18;
1,85E+18;Sun Nov 03 14:09:52 +0000 2024;1;Huaaa tbtb bgt ada Hanni(?) Yukk bisa yuk newjeans Dateng ke indo #ohmygooditsindomie #hanni #NewJeans https://t.co/PgHWDydNq9;1,85E+18;https://pbs.twimg.com/ext_tw_video_thumb/1853076988443111424/pu/img/pLaSSCJOTNVmLNJf.jpg;;in;;0;0;0;https://x.com/undefined/status/1853077137512952224;1,45E+18;
1,85E+18;Sun Nov 03 13:41:00 +0000 2024;0;Mari kita coba indomie newjeans ini (penasaran) https://t.co/ZNLYzLbEwU;1,85E+18;https://pbs.twimg.com/media/GbdtOpFawAA4sW9.jpg;;in;;0;4;0;https://x.com/undefined/status/1853069873766928802;1,78E+18;
1,85E+18;Sun Nov 03 13:34:49 +0000 2024;0;Papaku minta dibuatin indomie NewJeans yg fiery chikin katanya enak tapi pedes jadi gak dihabisin karena beliau gak suka pedasss wkwk;1,85E+18;;;in;;0;1;0;https://x.com/undefined/status/1853068315926884852;1,62E+18;
1,85E+18;Sun Nov 03 13:22:14 +0000 2024;0;nyobain indomie newjeans tapi ga pedes sama sekali. https://t.co/4PnMTqbqGn;1,85E+18;https://pbs.twimg.com/media/Gbdo7WiaEAA-YG0.jpg;;in;;0;3;0;https://x.com/undefined/status/1853065150238179610;7,44E+17;
1,85E+18;Sun Nov 03 13:10:38 +0000 2024;2;Akhirnyaaaaaa wkwkw #OhMyGoodItsIndomie #IndomieKoreanSeries #NewJeansxIndomie https://t.co/OICPVOWxX2;1,85E+18;https://pbs.twimg.com/media/GbdmNsJaoAA82zL.jpg;;in;;0;0;0;https://x.com/undefined/status/1853062231229132814;1,12E+18;
1,85E+18;Sun Nov 03 13:02:51 +0000 2024;0;kmrn gua lg nonton iklan mie ahn hyeonsop terus keinget newjeans collab indomie terus nyeletuk gua tentang newjeans ke temen gua yang suka bts itu terus kata dia ngapain ngomongin newjeans ke gue kan newjeans bikin hybe ribut LAH WKWKWKWKWKKW GUA KEK ??? HAH WKWKWKWK;1,85E+18;;;in;;0;1;0;https://x.com/undefined/status/1853060269573816558;1,16E+18;
1,85E+18;Sun Nov 03 12:58:47 +0000 2024;0;Indomie newjeans tu udh bisa di beli di indomaret blm sieeee;1,85E+18;;;in;;0;0;0;https://x.com/undefined/status/1853059245706756569;1,37E+18;
1,85E+18;Sun Nov 03 12:49:07 +0000 2024;0;@shiogeo Krn newjeans jd brand ambassadornya indomie. Dan army tidak suka fakta itu.;1,85E+18;;shiogeo;in;;0;0;0;https://x.com/undefined/status/1853056814939849059;1,48E+18;
1,85E+18;Sun Nov 03 12:46:48 +0000 2024;0;WTS Indomie korean ramyeon series X NewJeans 40k dapet 1 bundle (isi 5 mie + pvc bag) Pvc bag avail warna pink sama putih Bisa co oren excl adm yaa Jakarta Utara https://t.co/fQptdm7eUZ;1,85E+18;https://pbs.twimg.com/media/Gbdgz-eaYAA6qrK.jpg;;in;;0;2;0;https://x.com/undefined/status/1853056232372011082;1,16E+18;
1,85E+18;Sun Nov 03 12:39:22 +0000 2024;0;@budakfiller gapapa by makan indomie jg termasuk ngelarisin dagangan newjeans wkwkwk sehat sehat bunnies~ amit amit usus buntu;1,85E+18;;aussiepink12;in;;0;1;0;https://x.com/undefined/status/1853054360114311487;172728073;
1,85E+18;Sun Nov 03 12:13:21 +0000 2024;0;Newjeans x Indomie dapat photocard gak? @Indomielovers;1,85E+18;;;in;;0;0;0;https://x.com/undefined/status/1853047812898050414;1,42E+18;
1,85E+18;Sun Nov 03 12:10:39 +0000 2024;0;@macravenjean ini gara2 indomie x newjeans kah?;1,85E+18;;macravenjean;in;;0;1;0;https://x.com/undefined/status/1853047135639404618;1,45E+18;
1,85E+18;Sun Nov 03 11:58:54 +0000 2024;0;Indomie yg newjeans itu ada varian yg kuah gk ya? ntar mau coba deh;1,85E+18;;;in;;0;1;0;https://x.com/undefined/status/1853044177908772895;1,75E+18;
1,85E+18;Sun Nov 03 11:53:04 +0000 2024;1;@dhn_by @crysanths @luvleytan1306 Kremy itu ARMY ga boleh naik KRL karna sekarang di KRL lagi rame advertisement Indomie X Newjeans karna banyak kremy mendukung label koneng ga suka Newjeans sekian terima kasih;1,85E+18;;dhn_by;in;;0;0;0;https://x.com/undefined/status/1853042710976012544;535245270;
1,85E+18;Sun Nov 03 11:50:17 +0000 2024;0;newjeans jadi BA indomie tiap hari lah gua makan indomie ;1,85E+18;;;in;;0;0;0;https://x.com/undefined/status/1853042008140693955;7,46E+17;
1,85E+18;Sun Nov 03 11:46:10 +0000 2024;4;paket indomie x newjeans free sling bag pvc. harga cuma 30k ajaaa! lokasi: mall gandaria city. https://t.co/kKogKQVKH0;1,85E+18;https://pbs.twimg.com/media/GbdS4ziaIAAbwve.jpg;;in;;2;5;1;https://x.com/undefined/status/1853040973460439299;1,30E+18;
1,85E+18;Sun Nov 03 11:39:55 +0000 2024;0;@dhn_by @crysanths @luvleytan1306 mjb kremy tuh sebutan buat army (fandom bts) yang annoying newjeans kan jadi ba indomie trs mereka ini kek gasuka bgt gt dan bilang mau boikot indomie. trs baru2 ini di krl tuh dipasang fto2(?) newjeans yg iklan indomie i;1,85E+18;;dhn_by;in;;1;1;0;https://x.com/undefined/status/1853039401993142400;1,48E+18;
1,85E+18;Sun Nov 03 11:28:35 +0000 2024;1;Bisa bisanya tmnku dpt pc Danielle indomie x newjeans malah dia jadiin pegangan panci krn gatau itu pc kpop;1,85E+18;;;in;;0;0;0;https://x.com/undefined/status/1853036547458891877;1,46E+18;
1,85E+18;Sun Nov 03 11:22:36 +0000 2024;0;@teokjinni @tanyarlfes @CPtanyarl yg mancing war tuh komenan army di vt indomie x newjeans goblok semua komennya;1,85E+18;;;in;;0;0;0;https://x.com/undefined/status/1853035041175281837;1,74E+18;
1,85E+18;Sun Nov 03 11:21:21 +0000 2024;0;fujan gini masak indomie x newjeans sambil mendengarkan tembang2 hits dari newjeans;1,85E+18;;;in;;0;0;0;https://x.com/undefined/status/1853034728766734730;1,36E+18;
1,85E+18;Sun Nov 03 11:19:03 +0000 2024;0;@hopeulicious ga bisa bukan ga boleh itu dia bales hiprokitnya army toxic yg boikot indomie newjeans tapi koar koar. Sebenernya mah naik naik aja gpp gaada yg ngelarang juga;1,85E+18;;hopeulicious;in;;0;0;0;https://x.com/undefined/status/1853034148082155939;1,84E+18;
1,85E+18;Sun Nov 03 10:45:49 +0000 2024;1;ANYING TERNYATA INDOMIE KOLEB MA NEWJEANS???? ANJIR GUA IDUP DI ZAMAN PURBA BGT GUA BENERAN GATAU APA APA COKK SELAMA KULIAH DISINI YG GUA TAU CUMA TUGAS GUA NUMPUK;1,85E+18;;;in;;0;0;0;https://x.com/undefined/status/1853025786447720755;1,77E+18;
1,85E+18;Sun Nov 03 09:57:58 +0000 2024;6;Gak ekspek beneran enak no gimmick 10/10 will buy again. #indomie #newjeans https://t.co/PyHVGtk0fS;1,85E+18;https://pbs.twimg.com/ext_tw_video_thumb/1853013673352302592/pu/img/eezXwwcFFt2Kq6gO.jpg;;in;;0;0;1;https://x.com/undefined/status/1853013742868738206;34545814;
1,85E+18;Sun Nov 03 09:05:28 +0000 2024;0;baru tau acipa ada di indomie x newjeans tahu gitu meluncur dari siang;1,85E+18;;;in;;0;0;0;https://x.com/undefined/status/1853000532924985524;107687838;
1,85E+18;Sun Nov 03 08:56:14 +0000 2024;0;@bananasugarplum Selalu sedia omz selama indomie x NewJeans era;1,85E+18;;bananasugarplum;in;;0;0;0;https://x.com/undefined/status/1852998210144637409;460034912;
1,85E+18;Sun Nov 03 08:51:51 +0000 2024;1;gak ngaruh bestie. emak bapak lu tetep beli indomie tanpa ada newjeans pun.;1,85E+18;;;in;;0;0;0;https://x.com/undefined/status/1852997106841289124;9,87E+17;
1,85E+18;Sun Nov 03 08:51:17 +0000 2024;0;Pen nyoba indomie x newjeans;1,85E+18;;;in;;0;0;0;https://x.com/undefined/status/1852996964276900185;1,08E+18;
1,85E+18;Sun Nov 03 08:33:33 +0000 2024;0;@sineztra JIR APALAH KOK DULUAN ELUH YANG BELI INDOMIE NEWJEANS;1,85E+18;;sineztra;in;;0;0;0;https://x.com/undefined/status/1852992498769207498;1,37E+18;
1,85E+18;Sun Nov 03 08:17:55 +0000 2024;1;ijbol indomie newjeans enak bgt...;1,85E+18;;;in;;0;3;0;https://x.com/undefined/status/1852988565891740094;1,38E+18;
1,85E+18;Sun Nov 03 08:16:31 +0000 2024;0;Walaupun aku tim mie sedap tapi akan ku beli indomie x newjeans ini;1,85E+18;;;in;;0;1;0;https://x.com/undefined/status/1852988214526812274;61414783;
1,85E+18;Sun Nov 03 08:07:08 +0000 2024;0;hari ini ke gancit lagi hari terakhir event indomie x newjeans banyak influencer kpop lucu lucuuu;1,85E+18;;;in;;0;0;0;https://x.com/undefined/status/1852985850428019074;2602639954;
1,85E+18;Sun Nov 03 07:44:00 +0000 2024;4;Wkwkw apasi lucu amat fans bts ga mau beli indomie karna newjeans jadi BA Global;1,85E+18;;;in;;0;0;0;https://x.com/undefined/status/1852980029728207207;1,61E+18;
1,85E+18;Sun Nov 03 07:33:46 +0000 2024;0;Indomie x newjeans Sisa Orange kalau mau nanti ku bikin co shopee/cod gondangdia/bogor https://t.co/FWx8bEeC3W;1,85E+18;https://pbs.twimg.com/ext_tw_video_thumb/1852977438030266369/pu/img/31whDKj8uR7CAAjD.jpg;keyboardwon94;in;;0;0;0;https://x.com/undefined/status/1852977454438343133;1,77E+18;
1,85E+18;Sun Nov 03 07:23:26 +0000 2024;0;@heeseunglykish yuk kita indomie date abg aku lagi makan yg collab sama newjeans itu;1,85E+18;;manifesdto;in;;0;1;0;https://x.com/undefined/status/1852974854599012860;1,78E+18;
1,85E+18;Sun Nov 03 07:12:02 +0000 2024;0;Open jastip Indomie korean ramyeon series X NewJeans 40k dapet 1 bundle (isi 5 mie + pvc bag) Bisa co oren excl adm yaa Jakarta Utara https://t.co/dMDtZYVi5h;1,85E+18;https://pbs.twimg.com/media/GbcUI5VbQAAqXT-.jpg;;in;;0;0;0;https://x.com/undefined/status/1852971985678340186;1,16E+18;
1,85E+18;Sun Nov 03 07:10:53 +0000 2024;1;Open jastip Indomie korean ramyeon series X NewJeans 40k dapet 1 bundle (isi 5 mie + pvc bag) Bisa co oren excl adm yaa Jakarta Utara https://t.co/wFT7AO5WS6;1,85E+18;https://pbs.twimg.com/media/GbcTy8qb0AAcoqW.jpg;;in;;0;1;0;https://x.com/undefined/status/1852971697437290584;1,16E+18;
1,85E+18;Sun Nov 03 07:07:06 +0000 2024;0;Gk ada yang open jastip indomie x newjeans di gancit apa;1,85E+18;;;in;;0;1;0;https://x.com/undefined/status/1852970745074512113;1,14E+18;
1,85E+18;Sun Nov 03 06:59:39 +0000 2024;1;habis beli indomie yg sama newjeans itu kok gua ga dapet pc nya;1,85E+18;;;in;;0;1;0;https://x.com/undefined/status/1852968868375101628;1,74E+18;
1,85E+18;Sun Nov 03 06:26:42 +0000 2024;5;eh sumpah kataku sih kalian harus coba varian terbaru indomie yang collab sama newjeans KARNA BENERAN ENAKBGT!!! :((( https://t.co/Zo5ZAO9dO1;1,85E+18;https://pbs.twimg.com/media/GbcJz6CbYAA9W0b.jpg;;in;;0;4;0;https://x.com/undefined/status/1852960578517844443;9,90E+17;
1,85E+18;Sun Nov 03 05:13:05 +0000 2024;0;ak suka indomie ak suka newjeans ;1,85E+18;;;in;;0;0;0;https://x.com/undefined/status/1852942049458426258;1,05E+18;
1,85E+18;Sun Nov 03 04:53:08 +0000 2024;0;Siapa jastip indomie x newjeans oh my god;1,85E+18;;;in;;0;0;0;https://x.com/undefined/status/1852937029140783282;503873317;
1,85E+18;Sun Nov 03 04:52:18 +0000 2024;22;Ngga di beli army pun ngga rugi. Warung2 banyak yg beli penjual mi nyemek mie bangladesh dan sejenis nya pakai indomie. Newjeans digaet jadi BA bukan buat naikin penjualan tapi buat branding indomie dimata inter. Mau semua army di dunia ngga makan indomie pun ngga ngaruh ;1,85E+18;;;in;;0;0;2;https://x.com/undefined/status/1852936819257868517;1,51E+18;
1,85E+18;Sun Nov 03 04:46:36 +0000 2024;0;rodok kaget newjeans captione indomie lha ternyata BA.;1,85E+18;;;in;;0;0;0;https://x.com/undefined/status/1852935386466812051;797430872;
1,85E+18;Sun Nov 03 04:42:17 +0000 2024;0;km gk mau bikin indomie + pc newjeans di dalemnya ta? @indofood;1,85E+18;;;in;;0;1;0;https://x.com/undefined/status/1852934300913823772;1,03E+18;
1,85E+18;Sun Nov 03 04:33:07 +0000 2024;0;ehh ini indomie rasa newjeans kok ga ada yaa di daerah mu habiss kahh???;1,85E+18;;;in;;0;1;0;https://x.com/undefined/status/1852931992624709721;1,32E+18;
1,85E+18;Sun Nov 03 04:24:10 +0000 2024;0;penasaran sama indomie newjeans itu;1,85E+18;;;in;;0;0;0;https://x.com/undefined/status/1852929739540877667;1,15E+18;
1,85E+18;Sun Nov 03 04:07:30 +0000 2024;0;Iklan tv indomie x newjeans lewat mulu Jadi betah nonton TV ny;1,85E+18;;;in;;0;0;0;https://x.com/undefined/status/1852925547514634731;1,51E+18;
1,85E+18;Sun Nov 03 04:00:52 +0000 2024;0;@indomie x @NewJeans_ADOR ku udah sampai can't wait to try besok https://t.co/de1yLwh311;1,85E+18;https://pbs.twimg.com/media/GbbocNVacAAL5iq.jpg;IndoMie;in;;0;0;0;https://x.com/undefined/status/1852923876294242530;121988280;
1,85E+18;Sun Nov 03 03:27:56 +0000 2024;3;@damuselette Ini kan kontennya newjeans x indomie kak ya pasti fyp ke bunnies tapi fans-nya BT5 ini malah salpak dan salty;1,85E+18;;damuselette;in;;0;1;0;https://x.com/undefined/status/1852915588349538754;1,24E+18;
1,85E+18;Sun Nov 03 03:09:42 +0000 2024;0;Indomie di korea KERENN @Indomielovers #ohmygooditsindomie;1,85E+18;;;in;;0;0;0;https://x.com/undefined/status/1852910998589673838;1,55E+18;
1,85E+18;Sun Nov 03 02:48:30 +0000 2024;2;Gua yg udh nyobain varian Indomie yg baru sebelum tau si celana jadi BA rasanya pengen gua muntahin lagi gara2 kelakuan fans dan kpopers yg sok2an begini Kek lebayy bgt anjir.. Bukan si newjeans BA nya juga emg lu pada makan Indomie tiap hari..;1,85E+18;;;in;;0;1;0;https://x.com/undefined/status/1852905663346954476;3278977044;
1,85E+18;Sun Nov 03 02:44:25 +0000 2024;0;INFOKAN INDOMIE X NEWJEANS;1,85E+18;;;in;;0;1;0;https://x.com/undefined/status/1852904637395091882;1,25E+18;
1,85E+18;Sun Nov 03 02:36:40 +0000 2024;0;@euppy @ballebtic kalo beli indomie gratis newjeans gk;1,85E+18;;euppy;in;;0;1;0;https://x.com/undefined/status/1852902685571449229;1,10E+18;
1,85E+18;Sun Nov 03 01:53:47 +0000 2024;0;@kYizhuoNing @tanyarlfes Ya gimana army indo gedeg banget sama new jeans eh tapi army indo kan sebut diri mereka indomy tuh apa mereka akan ganti nama panggilan krn newjeans collab bareng indomie atau malah akan ada bocil army (yg gak tau sejarah yg penti;1,85E+18;;_cningning;in;;0;0;0;https://x.com/undefined/status/1852891895296557173;1,44E+18;
1,85E+18;Sun Nov 03 01:48:37 +0000 2024;0;Antusias Pelajar Kepulauan Seribu pada Uji Coba Program Makan Bergizi Gratis #PresidenPrabowo #PercepatanPembangunan Indomie x NewJeans | Coblos Botaknya https://t.co/wIGHG3737w;1,85E+18;https://pbs.twimg.com/media/GbbKK-tbIAAUOXK.jpg;;in;;0;0;0;https://x.com/undefined/status/1852890595909628230;1,49E+18;
1,85E+18;Sun Nov 03 01:45:17 +0000 2024;0;@pipis iya baru tau juga. semalem di Gancit kok lagunya NewJeans ga ganti2. eh ternyata di atriumnya emang ada event Indomie X NewJeans yg dateng beli sampe berkantong2;1,85E+18;;pipis;in;;0;1;0;https://x.com/undefined/status/1852889755459231864;75062017;
1,85E+18;Sun Nov 03 01:40:01 +0000 2024;0;jastip paket indomie x new jeans murah klik link shopee ini https://t.co/Z85vAb6iKt #ohmygooditsindomie #indomiexnewjeans #indomie;1,85E+18;;KelvinIrawan19;in;;0;0;0;https://x.com/undefined/status/1852888431770411167;1,57E+18;
1,85E+18;Sun Nov 03 01:24:21 +0000 2024;7;Minggu lalu pas beli produknya sempat mikir Udah lama Indomie nggak bikin varian baru yg launchingnya gede2an nih. Apakah ini saatnya? Eh ternyata malah gandeng NewJeans! https://t.co/ytAXaRJpZq;1,85E+18;;;in;;0;3;1;https://x.com/undefined/status/1852884489795699185;8102722;
1,85E+18;Sun Nov 03 01:23:42 +0000 2024;0;@tanyarlfes Itu kalo sampe indomie beneran di boikot (semisal kan) Dan akhirnya penjualan indomie menurun grgr itu apakah indomie bisa nuntut label newjeans karena talent nya 'dianggap bermasalah' ?;1,85E+18;;tanyarlfes;in;;0;0;0;https://x.com/undefined/status/1852884326289232014;1,29E+18;
1,85E+18;Sun Nov 03 01:20:44 +0000 2024;0;Apasi kmrin video foto2 newjeans indomie di kreta trs dia blng kmy gabakal mau naik lucu bgt ajg;1,85E+18;;;in;;0;0;0;https://x.com/undefined/status/1852883578201493952;1,30E+18;
1,85E+18;Sun Nov 03 00:56:57 +0000 2024;2;aaaahh tai boikot starbuck sama mcd aja lu pada belum bisa. indomie cuman gara gara newjeans doang ktol lu pada koar koar banget;1,85E+18;;;in;;0;0;0;https://x.com/undefined/status/1852877594057990558;1,20E+18;
1,85E+18;Sun Nov 03 00:46:23 +0000 2024;0;@tanyarlfes Aku fans nya jimin tetap makan indomie og. Malah kemaren beli 1 kresek gede macem2 indomie. Gk benci siapapun emang kalau benci newjeans untungnya apaan? ;1,85E+18;;tanyarlfes;in;;0;0;0;https://x.com/undefined/status/1852874934919545109;936532656;
1,85E+18;Sat Nov 02 23:32:28 +0000 2024;0;Mari kita coba indomie x newjeans;1,85E+18;;;in;;0;0;0;https://x.com/undefined/status/1852856331327422490;1,20E+18;
1,85E+18;Sat Nov 02 23:13:25 +0000 2024;0;indomie x newjeans lucu bgt &lt;;;;;;;;;;;
1,85E+18;Sat Nov 02 20:32:06 +0000 2024;0;@banyakduid99x Mereka gak tau betapa enaknya semua varian indomie x newjeans itu.;1,85E+18;;banyakduid99x;in;;0;0;0;https://x.com/undefined/status/1852810939546083507;1,74E+18;
1,85E+18;Sat Nov 02 20:30:02 +0000 2024;0;Meleng dikit tetiba adik² cantik gue digaet jadi BA nya Indomie takut banget abis ini beli indomie dapet hadiah PC nya newjeans kayak lemonilo x nct Dream kemaren ;1,85E+18;;;in;;0;0;0;https://x.com/undefined/status/1852810418789736803;1,72E+18;
1,85E+18;Sat Nov 02 18:06:35 +0000 2024;1;Yaudah sih newjeans gak bakal disband indomie gak bakal bangkrut cuma gegara berkurang satu konsumen seperti anda selamat menikmati kehidupan tanpa indomie ;1,85E+18;;;in;;0;0;0;https://x.com/undefined/status/1852774318822015052;1,81E+18;
1,85E+18;Sat Nov 02 15:57:01 +0000 2024;2;@Piyuuuuu21_ @tanyarlfes NewJeans (NJ) jadi global brand ambasaddor indomie Terus berhubung (NJ lg berjuang ngelawan kasus bully yg mereka alami di label mereka skarang banyak kbusukan label itu terkuak smua Nah yg brusaha boikot ini para pembela label it;1,85E+18;;Piyuuuuu21_;in;;2;0;0;https://x.com/undefined/status/1852741714269950092;7,95E+17;
1,85E+18;Sat Nov 02 15:22:38 +0000 2024;0;Btw gue fomo bgt liat Indomie baru yang kerja sama Ama newjeans katanya enak akhirnya w beli tadi di Aeon tapi Lum di makan soon lakh mau pake Enoki keknya enakeun;1,85E+18;;;in;;0;1;0;https://x.com/undefined/status/1852733062775447747;1,25E+18;
1,85E+18;Sat Nov 02 15:18:14 +0000 2024;27;liat standee newjeans udah degdeg'an beras nyata #OhMyGoodItsIndomie https://t.co/vvdY4H9RAb;1,85E+18;https://pbs.twimg.com/media/GbY54QXaEAAjHYY.jpg;;in;;0;1;2;https://x.com/undefined/status/1852731954523001281;1,27E+18;
1,85E+18;Sat Nov 02 14:05:20 +0000 2024;1;@whyggto @tanyarlfes newjeans abis di umumin jd ba indomie kayanya ni yg komen yg benci nj wkwkkw gajelas bgt;1,85E+18;;whyggto;in;;0;0;0;https://x.com/undefined/status/1852713606699470907;1,34E+18;
1,85E+18;Sat Nov 02 13:43:35 +0000 2024;1;@PutriAdinda1718 @NewJeans_ADOR @Indomielovers Berharap Indomie ada pc nya juga hihiw;1,85E+18;;Jake_shinyu_42;in;;0;0;0;https://x.com/undefined/status/1852708134013526441;63616336;
1,85E+18;Sat Nov 02 13:34:42 +0000 2024;0;mau makan indomie sampe kliyengan sebagai bentuk support kpd newjeans;1,85E+18;;;in;;0;0;0;https://x.com/undefined/status/1852705896704664041;1,58E+18;
1,85E+18;Sat Nov 02 13:31:32 +0000 2024;0;Indomie juga gak akan bangkrut kalau lo kaga makan bjir Newjeans coba next iklanin mama lemon biar makin tantrum para budhe;1,85E+18;;;in;;0;0;0;https://x.com/undefined/status/1852705101049467160;1,29E+18;
1,85E+18;Sat Nov 02 13:31:08 +0000 2024;33;@Piyuuuuu21_ @tanyarlfes Sebagian immature Army yg menjadi stan Hybe ga terima saat Newjeans speak up ttg mistreatment Hybe ke mereka trus mereka jd nge hate Newjeans. Lucunya lg Army Indo itu sering menyebut diri mereka sbg Indomy trus skrg Nj malah jd B;1,85E+18;;Piyuuuuu21_;in;;2;1;2;https://x.com/undefined/status/1852705002751746481;1,48E+18;
1,85E+18;Sat Nov 02 13:27:11 +0000 2024;0;@abcdestri88 @tanyarlfes mereka ni bude2 army aka fans bts mereka kan ga seneng sm newjeans. nah nj jd BA nya indomie yauda deh mreka mau boikot indomie wkwk;1,85E+18;;abcdestri88;in;;0;0;0;https://x.com/undefined/status/1852704006617108497;1,64E+18;
1,85E+18;Sat Nov 02 13:23:00 +0000 2024;0;Indomie x NewJeans udah ada di minimarket belum ya? W paling gak bisa nih kalau masalah mie instant pasti fomo;1,85E+18;;;in;;0;1;0;https://x.com/undefined/status/1852702952387150023;1,79E+18;
1,85E+18;Sat Nov 02 13:21:27 +0000 2024;42;@tanyarlfes Konteks: Girl group dari korsel (newjeans) jadi BA indomie terus hater grup mereka (ada yang penggemar grup lain) pd bikin narasi seolah2 gak makan indomie lagi ah karena BA nya newjeans beralih ke merk lain aja deh duh kecewa pdahal rasa (sal;1,85E+18;;tanyarlfes;in;;0;2;0;https://x.com/undefined/status/1852702566221758542;1,71E+18;
1,85E+18;Sat Nov 02 13:19:18 +0000 2024;0;@skiesduzt beneerr nah karena collab sm newjeans jadi makin cuan cuan kan tuh indomie. indomie ga sm nj aja cuan gimana sm nj sekarang;1,85E+18;;;in;;0;1;0;https://x.com/undefined/status/1852702024972005580;1,79E+18;
1,85E+18;Sat Nov 02 13:12:12 +0000 2024;0;Indomie yang collab sama newjeans rasanya enak anjirrr kaya perpaduan shin ramyun sama indomie so delish woy cuma tadi gak tau kalau mienya bakalan pedes jadi gue kasih cabe rawit jadinya pedes banget;1,85E+18;;;in;;0;1;0;https://x.com/undefined/status/1852700236868960626;1,53E+18;
1,85E+18;Sat Nov 02 13:10:46 +0000 2024;1;I just trying new Indomie fried noodles New Jeans enak sih tp mirip dikit ke Samyang... Rasanya kurang pedes dan kurang gurih sih menurut w pencita pedas gurih tp so far lumayan lah 60% by me... #gyoza #indomienewejans #newjeans #taste #friedchicken #noodles #indomie #foodie https://t.co/qxGuBQphVH;1,85E+18;https://pbs.twimg.com/media/GbYcsTiacAAGy1B.jpg;;in;;0;0;0;https://x.com/undefined/status/1852699874619424785;3401559432;
1,85E+18;Sat Nov 02 13:06:32 +0000 2024;0;indomie x newjeans mam yang di pegang hyein tapi sorry @Indomielovers aku kira ini ada pc pc an nya gitu https://t.co/svplwC16Ae;1,85E+18;https://pbs.twimg.com/media/GbYbutXaMAAA0ov.jpg;;in;;0;0;0;https://x.com/undefined/status/1852698809022984651;1,77E+18;
1,85E+18;Sat Nov 02 12:54:57 +0000 2024;0;kira kira kalo gw beli indomie newjeans bisa jadi pacar minji ga?;1,85E+18;;;in;;0;0;0;https://x.com/undefined/status/1852695896837767194;1,58E+18;
1,85E+18;Sat Nov 02 12:53:25 +0000 2024;70;malam mingguan noraebang #OhMyGoodItsIndomie https://t.co/zpbymEryQc;1,85E+18;https://pbs.twimg.com/media/GbYYpizaUAAW6ei.jpg;;in;;1;1;2;https://x.com/undefined/status/1852695510978810354;1,27E+18;
1,85E+18;Sat Nov 02 12:53:00 +0000 2024;0;puasa gacoan dulu soalnya mau beli indomie newjeans siapa tau abis makan itu jadi mirip minji;1,85E+18;;;in;;0;0;0;https://x.com/undefined/status/1852695403109765187;1,45E+18;
1,85E+18;Sat Nov 02 12:50:54 +0000 2024;0;‍tadi katanya mau beli Astro ingyah ini mo beli Astro ‍bener beli pembersih kan iya. Sama indomie newjeans ;1,85E+18;;;in;;0;1;0;https://x.com/undefined/status/1852694876699443347;67906601;
1,85E+18;Sat Nov 02 12:38:50 +0000 2024;0;gue tadi ngeliat indomie newjeans kepo banget sama yang rose itu jir... tapi malaz x ngantrinya anjenk;1,85E+18;;;in;;0;0;0;https://x.com/undefined/status/1852691840950325468;1,39E+18;
1,85E+18;Sat Nov 02 12:36:19 +0000 2024;0;indomie bakalan tau produk terbarunya ndak jelas rasanya berakhir membayar kontan untuk mendaratkan newjeans di iklannya.;1,85E+18;;;in;;0;0;0;https://x.com/undefined/status/1852691207929131403;1,79E+18;
1,85E+18;Sat Nov 02 12:30:20 +0000 2024;0;@yourprtnr soale BA indomie newjeans terus aword tidak mau makan indomie;1,85E+18;;yourprtnr;in;;0;1;0;https://x.com/undefined/status/1852689701494575352;1,62E+18;
1,85E+18;Sat Nov 02 12:24:49 +0000 2024;0;INDOMIE NYA HARUS ADA GAMBAR NEWJEANS POKOKNYAAA;1,85E+18;;;in;;0;0;0;https://x.com/undefined/status/1852688313993609474;1,52E+18;
1,85E+18;Sat Nov 02 12:13:12 +0000 2024;0;3 kata lucu indomie rasa NewJeans ;1,85E+18;;;in;;0;1;0;https://x.com/undefined/status/1852685387480830446;1,75E+18;
1,85E+18;Sat Nov 02 12:10:04 +0000 2024;4;Lagi mau ke supermarket ketemu NewJeans lagi promosiin indomie https://t.co/UvttvqvqUt;1,85E+18;https://pbs.twimg.com/media/GbYOzE5boAAIRHJ.jpg;;in;;0;0;0;https://x.com/undefined/status/1852684600553992345;3251878454;
1,85E+18;Sat Nov 02 12:09:51 +0000 2024;0;kaloo kita buka jastip indomie x newjeans kiraa kira banyak yang mau ga yaaa buat pesennya lewat wa tapii bisa co lewat oren #NewJeans https://t.co/PwtrL0Mybw;1,85E+18;https://pbs.twimg.com/media/GbYOxUIbcAAgY0b.jpg;;in;;0;1;0;https://x.com/undefined/status/1852684545738645865;1,36E+18;
1,85E+18;Sat Nov 02 12:02:31 +0000 2024;0;lahh newjeans jadi BA indomie???;1,85E+18;;;in;;0;2;0;https://x.com/undefined/status/1852682700215476371;1,68E+18;
1,85E+18;Sat Nov 02 11:41:59 +0000 2024;0;@banyakduid99x kalian ga beli pun indomie sm newjeans ttp lebih kaya dr kalian ;1,85E+18;;banyakduid99x;in;;0;0;0;https://x.com/undefined/status/1852677533688586503;1,52E+18;
1,85E+18;Sat Nov 02 11:36:08 +0000 2024;22;@bekburneur ini dari oknum fandom mana yg gamau beli Indomie? haters newjeans kah?;1,85E+18;;bekburneur;in;;0;4;0;https://x.com/undefined/status/1852676058585432377;1,26E+18;
1,85E+18;Sat Nov 02 11:35:51 +0000 2024;0;mau masak indomie newjeans. ga dpt yg rose. jd buat spicy ramyeon dlu;1,85E+18;;;in;;0;3;0;https://x.com/undefined/status/1852675990469886048;1,48E+18;
1,85E+18;Sat Nov 02 11:31:54 +0000 2024;0;Huhu fomo pgn indomie newjeans tp lambung masih selemah tissu kena air..;1,85E+18;;;in;;0;0;0;https://x.com/undefined/status/1852674993777512936;129068143;
1,85E+18;Sat Nov 02 11:31:42 +0000 2024;0;ealah kremy kocak banget anjir gara2 newjeans jadi BA indomie yaudah baguslah buat health kurang-kurangin dah makan mie;1,85E+18;;;in;;0;0;0;https://x.com/undefined/status/1852674943412244773;1,36E+18;
1,85E+18;Sat Nov 02 11:18:29 +0000 2024;0;@fpoemsh Maksud gw tiba tiba jadi gak suka Indomie karena collab sama newjeans tuh apaan anjir gak jelas banget;1,85E+18;;fbunagi;in;;0;1;0;https://x.com/undefined/status/1852671618465869844;1,48E+18;
1,85E+18;Sat Nov 02 11:14:19 +0000 2024;37;@vanilamacaroon @crysanths Padahal indomie yang collab sama newjeans tuh variannya enak semua masa ga pengen nyoba ;1,85E+18;;vanilamacaroon;in;;0;1;0;https://x.com/undefined/status/1852670570942611621;1,74E+18;
1,85E+18;Sat Nov 02 11:02:02 +0000 2024;0;@Indomielovers #OhMyGoodItsIndomie Untuk kalian yang ingin penghasilan tambahan lewat Telegram bisa langsung klik link di bawah ini https://t.co/PtePXqxrlx;1,85E+18;;Indomielovers;in;;0;0;0;https://x.com/undefined/status/1852667476720418965;1,75E+18;
1,85E+18;Sat Nov 02 10:59:56 +0000 2024;0;@minjilykish gapapa deh 7/10 juga udah lewat kkm... NYUSUN MASA DEPAN SAMA TEMEN TEMEN GRUP AKU KAK MINJI aku mau juga sukses dan jadi ba indomie kaya newjeans ;1,85E+18;;craishey;in;;1;0;0;https://x.com/undefined/status/1852666949588939020;4338662478;
1,85E+18;Sat Nov 02 10:49:21 +0000 2024;3;Mohon info apakah Indomie NewJeans sudah tersedia di supermarket dan minimarket kabupaten? ;1,85E+18;;;in;;0;2;0;https://x.com/undefined/status/1852664287103451605;99528955;
1,85E+18;Sat Nov 02 10:31:40 +0000 2024;7;Ketemu Axton Salim di Gancit udah salaman...bilang makasih udah jadiin newjeans GA indomie ehhhh batre hp gue lgsg drop pas mau idupin kamera buat foto bareng anjjj ;1,85E+18;;;in;;1;0;0;https://x.com/undefined/status/1852659837479555303;1,18E+18;
1,85E+18;Sat Nov 02 10:31:08 +0000 2024;1;ujan-ujan mam indomie newjeans sambil dengerin ditto nikmat mana lagi yang kau dustakan bunnies;1,85E+18;;;in;;0;0;0;https://x.com/undefined/status/1852659701177372705;1,11E+18;
1,85E+18;Sat Nov 02 10:01:03 +0000 2024;0;@Indomielovers @NewJeans_ADOR Jauh chingu Minta indomie 1 truk yg bawain Minji @NewJeans_ADOR;1,85E+18;;Indomielovers;in;;0;0;0;https://x.com/undefined/status/1852652131389780075;273977169;
1,85E+18;Sat Nov 02 09:53:56 +0000 2024;0;malem ini kita coba indomie x newjeans varian spicy ramyeon ;1,85E+18;;;in;;0;0;0;https://x.com/undefined/status/1852650341067829326;1,10E+18;
1,85E+18;Sat Nov 02 09:42:56 +0000 2024;1;@typikeul Terus harus dinormalisasi gitu para budhe2 kremik? Kontradiktif ya perkataan apa kelakuan lo Terus harusnya bunnies respon gimana para kremik yg cancel collab newjeans x indomie? Harusnya gimana? GIMANAAAAA?!!!!!!;1,85E+18;;dailyjeyun;in;;0;0;0;https://x.com/undefined/status/1852647572957180052;2586684583;
1,85E+18;Sat Nov 02 09:36:08 +0000 2024;0;Indomie newjeans yang biru enak bgt cok;1,85E+18;;;in;;1;4;0;https://x.com/undefined/status/1852645859626029252;1945182439;
1,85E+18;Sat Nov 02 08:47:52 +0000 2024;0;Inimah beneran bagus banget loh Billboard Indomie NewJeans Takeover Jakarta jadi makin penasaran beli indomie https://t.co/kzJGY0cxPg;1,85E+18;https://pbs.twimg.com/media/GbXgi23akAA4Pfz.jpg;;in;;0;0;0;https://x.com/undefined/status/1852633713999327281;1,82E+18;
1,85E+18;Sat Nov 02 08:44:16 +0000 2024;0;Global Ambassador Indomie kali ini gak main-main NewJeans dong! Billboard nya udah nyebar di Jakarta juga https://t.co/FbhCjgkIe9;1,85E+18;https://pbs.twimg.com/media/GbXftX-aYAAdbYI.jpg;;in;;0;0;0;https://x.com/undefined/status/1852632809141305521;1,53E+18;
1,85E+18;Sat Nov 02 08:43:47 +0000 2024;2;Nyoba indomie nya minji cs @NewJeans_ADOR Biasa aja yg ini sedikit pedes manis.. masih lbh enak yg pedes rawit dan tak ada bonusnya. Kasih bonus gak!!! @Indomielovers https://t.co/0FIrsxkgO1;1,85E+18;https://pbs.twimg.com/media/GbXfDXgbYAAcgVT.jpg;;in;;0;1;1;https://x.com/undefined/status/1852632685107449949;273977169;
1,85E+18;Sat Nov 02 08:42:59 +0000 2024;0;Gokil lihat nih Billboard Indomie NewJeans Takeover Jakarta benar-benar keren wei Indomie semakin terkenal di seluruh dunia! Gawat inih mi kesayangan aku bakal banyak fans baru hehehe https://t.co/8OPCdDkMLZ;1,85E+18;https://pbs.twimg.com/media/GbXfavsbkAAct-l.jpg;;in;;0;0;0;https://x.com/undefined/status/1852632486225801651;1,82E+18;
1,85E+18;Sat Nov 02 08:42:49 +0000 2024;0;wow Billboard Indomie NewJeans Takeover Jakarta udah dimana mana keren bgt billboardnya jadi ga sabar pengen nyoba rasa dari collabnya https://t.co/GBc0746JY0;1,85E+18;https://pbs.twimg.com/media/GbXfY44bkAEsEOM.jpg;;in;;0;0;0;https://x.com/undefined/status/1852632444656357834;1,85E+18;
1,85E+18;Sat Nov 02 08:41:26 +0000 2024;0;ah lihat member NewJeans lg makan Indomie seru bgt deh apalagi BillBoard nya udah ada di Jakarta https://t.co/n5LhIA95U3;1,85E+18;https://pbs.twimg.com/media/GbXfD8taAAAvvbh.jpg;;in;;0;0;0;https://x.com/undefined/status/1852632095509856511;1,83E+18;
1,85E+18;Sat Nov 02 08:41:24 +0000 2024;1;Gilaa Billboard Indomie NewJeans Takeover Jakarta bener ga expect bgtt. Enih mh udh termasuk global ambassador ter wah sie menurut gua https://t.co/QgXIoxtO7N;1,85E+18;https://pbs.twimg.com/media/GbXfDCuaIAAwFG_.jpg;;in;;0;0;0;https://x.com/undefined/status/1852632085481288019;1,79E+18;
1,85E+18;Sat Nov 02 08:40:59 +0000 2024;0;Keren sangat bombastis banget nih kolaborasi Indomie x NewJeans sampai bilboardnya ada dimana-mana. https://t.co/ikVMvhKekC;1,85E+18;https://pbs.twimg.com/media/GbXe-AbbMAA5g2n.jpg;;in;;0;0;0;https://x.com/undefined/status/1852631981877862466;1,82E+18;
1,85E+18;Sat Nov 02 08:40:47 +0000 2024;0;brand Indonesia semakin terdepan! Indomie collab sama NewJeans well harus cobain sih next di Jakarta billboard nya udah kesebar dimana-mana https://t.co/C6GefNy2C5;1,85E+18;https://pbs.twimg.com/media/GbXe633aoAAeqoI.jpg;;in;;0;0;0;https://x.com/undefined/status/1852631930761838861;1,59E+18;
1,85E+18;Sat Nov 02 08:40:14 +0000 2024;0;Wow keren banget Billboard Indomie NewJeans Takeover Jakarta bikin penasaran pingin beli indomie nya https://t.co/gLkaTeX8Ze;1,85E+18;https://pbs.twimg.com/media/GbXey72bIAAIsD5.jpg;;in;;0;0;0;https://x.com/undefined/status/1852631791850635665;1,80E+18;
1,85E+18;Sat Nov 02 08:39:55 +0000 2024;0;makin semangat tiap hari lewatin depan Billboard Indomie x Newjeans https://t.co/XVFL7no3Vo;1,85E+18;https://pbs.twimg.com/media/GbXeuIGaUAAXHwx.jpg;;in;;0;0;0;https://x.com/undefined/status/1852631712947462358;1,72E+18;
1,85E+18;Sat Nov 02 08:39:36 +0000 2024;0;Gak pernah terbayang kalau Indomie bakal kolaborasi sama NewJeans asli bikin ayokk gemezzz https://t.co/WVqmIbB6jd;1,85E+18;https://pbs.twimg.com/media/GbXepTXbMAAp-h8.jpg;;in;;0;0;0;https://x.com/undefined/status/1852631632642994423;1,82E+18;
1,85E+18;Sat Nov 02 08:39:01 +0000 2024;0;woiiii sumpah dmn2 ada Billboard Indomie x Newjeans https://t.co/f9wjusPvrW;1,85E+18;https://pbs.twimg.com/media/GbXehKHaIAE8K2u.jpg;;in;;0;0;0;https://x.com/undefined/status/1852631487276839410;1,72E+18;
1,85E+18;Sat Nov 02 08:38:04 +0000 2024;0;cantik bangettt buset mo pingsan abis loat Billboard Indomie x Newjeans https://t.co/525Weif47X;1,85E+18;https://pbs.twimg.com/media/GbXeTVvbsAAYfBh.jpg;;in;;0;0;0;https://x.com/undefined/status/1852631249287790619;1,72E+18;
1,85E+18;Sat Nov 02 08:38:01 +0000 2024;0;Bangga banget Indomie x NewJeans ada di seluruh sudut Jakarta! Global ambassador keren abis collab yang harus banget dicobain! https://t.co/ZXnK82UVkd;1,85E+18;https://pbs.twimg.com/media/GbXeSHKboAA89rE.jpg;;in;;0;0;0;https://x.com/undefined/status/1852631237137203231;1,81E+18;
1,85E+18;Sat Nov 02 08:37:47 +0000 2024;0;Lagi jalan di Sudirman eh ada Billboard Indomie NewJeans Takeover Jakarta Gila sih everywhere banget si dedek NewJeans sama Indomie bikin betah liatin billboard sepanjang jalan! https://t.co/Fa0AedGwBA;1,85E+18;https://pbs.twimg.com/media/GbXePNXa8AEjhz6.jpg;;in;;0;0;0;https://x.com/undefined/status/1852631177598812554;8,79E+17;
1,85E+18;Sat Nov 02 08:37:40 +0000 2024;1;FYI aja nih ada banyak billboard baru Indomie x NewJeans di sekitaran Jakarta! https://t.co/82FYAW0zao;1,85E+18;https://pbs.twimg.com/media/GbXeM6ibIAAVhC6.jpg;;in;;0;0;0;https://x.com/undefined/status/1852631149501399389;1,45E+18;
1,85E+18;Sat Nov 02 08:37:40 +0000 2024;0;wahh ada gebrakan baru nih dari Indomie x NewJeans penasaran bgt abis liat Billboard Indomie NewJeans Takeover Jakarta https://t.co/n1Y9tud2TY;1,85E+18;https://pbs.twimg.com/media/GbXeNXOaAAA4eYy.jpg;;in;;0;0;0;https://x.com/undefined/status/1852631146355667315;1,82E+18;
1,85E+18;Sat Nov 02 08:37:39 +0000 2024;0;NewJeans X Indomie keren bgt nih Billboard nya udah ada di sepanjang jalan Jakarta guys https://t.co/82LNFn1EU2;1,85E+18;https://pbs.twimg.com/media/GbXeMnzbgAAVEUL.jpg;;in;;0;0;0;https://x.com/undefined/status/1852631143054819580;1,82E+18;
1,85E+18;Sat Nov 02 08:37:36 +0000 2024;0;Billboard Indomie NewJeans Takeover Jakarta omg aku seneng banget liat mie kesukaanku apalagi collaboration sama idola aku https://t.co/UnAnY8bR2h;1,85E+18;https://pbs.twimg.com/media/GbXeMRkbUAAZjaM.jpg;;in;;0;0;0;https://x.com/undefined/status/1852631129159045298;1,79E+18;
1,85E+18;Sat Nov 02 08:37:35 +0000 2024;20;kalian semua yang komen gak mau makan indomie gara gara newjeans jadi BA tuh asli gak bakal ngerugiin indomie kok. orang indomie udah terkenal di seluruh dunia ditinggal haters nj ya gak ngaruh ;1,85E+18;;;in;;0;1;0;https://x.com/undefined/status/1852631128441774266;2644886024;
1,85E+18;Sat Nov 02 08:37:25 +0000 2024;0;wehh billboard Indomie NewJeans Takeover Jakarta suka banget sama kolaborasi ini mana ada disetiap sudut lagi! Bangga deh produk lokal sampe mendunia kaya gini https://t.co/lGn692CWwu;1,85E+18;https://pbs.twimg.com/media/GbXeI31a4AAsigk.jpg;;in;;0;0;0;https://x.com/undefined/status/1852631085483753704;1,79E+18;
1,85E+18;Sat Nov 02 08:37:08 +0000 2024;0;pulang ngantor capek2. tp semangat lagiiii krn dimana² ada Billboard Indomie x Newjeans https://t.co/IJyXPnSeNF;1,85E+18;https://pbs.twimg.com/media/GbXeFdqbwAAcOM0.jpg;;in;;0;0;0;https://x.com/undefined/status/1852631012070834633;1,72E+18;
1,85E+18;Sat Nov 02 08:37:02 +0000 2024;0;OMG Billboard Indomie NewJeans Takeover Jakarta literally ada di setiap sudut kota gemes parah! Baru tadi liat di SCBD terus di Bundaran HI juga ada bikin Jakarta makin rame dan seru aja vibes-nya! https://t.co/OUYi0ThRZR;1,85E+18;https://pbs.twimg.com/media/GbXeENnbIAACl39.jpg;;in;;0;0;0;https://x.com/undefined/status/1852630988859543881;8,79E+17;
1,85E+18;Sat Nov 02 08:36:55 +0000 2024;0;Nahh ini bakal meledak banget ada hot info Newjeans berkolaborasi dengan Indomie bakal ditunggu tunggu produk barunya https://t.co/FNzXITb31r;1,85E+18;https://pbs.twimg.com/media/GbXeCfRbYAAJldm.jpg;;in;;0;0;0;https://x.com/undefined/status/1852630958706680235;1,83E+18;
1,85E+18;Sat Nov 02 08:36:27 +0000 2024;0;Aduh kebayang tiap hari liat Billboard Indomie NewJeans Takeover Jakarta hype banget! Makin pengen cobain varian baru Indomie siapa tau bisa seikonik mereka https://t.co/wu64vv1zh6;1,85E+18;https://pbs.twimg.com/media/GbXd7q-bIAA1qKw.jpg;;in;;0;0;0;https://x.com/undefined/status/1852630843598278978;7,72E+17;
1,85E+18;Sat Nov 02 08:36:24 +0000 2024;0;Aaah toloong indomie x newjeans ada di mana lucu banget billboard nya https://t.co/xspbTFwGPp;1,85E+18;https://pbs.twimg.com/media/GbXd6sDakAAM6dt.jpg;;in;;0;0;0;https://x.com/undefined/status/1852630828754559197;1,83E+18;
1,85E+18;Sat Nov 02 08:36:07 +0000 2024;0;Billboard Indomie NewJeans Takeover Jakarta loh! tadi aku liat di mrt dan sekarang liat di jalan jugaa https://t.co/XuD187A8JN;1,85E+18;https://pbs.twimg.com/media/GbXd2vAaoAAajYK.jpg;;in;;0;0;0;https://x.com/undefined/status/1852630756449026128;1,79E+18;
1,85E+18;Sat Nov 02 08:36:01 +0000 2024;1;Indomie x NewJeans dimana-mana ada sampai di MRT ada juga keren banget dah. https://t.co/L12nqsWdcw;1,85E+18;https://pbs.twimg.com/media/GbXd1Rab0AAm1xq.jpg;;in;;0;0;0;https://x.com/undefined/status/1852630732545671593;1,83E+18;
1,85E+18;Sat Nov 02 08:36:00 +0000 2024;2;jalan jalan sore kali ini nemuin billboardnya Indomie x NewJeans dong! Global Ambassadornya beneran the best https://t.co/O7Mc8sDVy2;1,85E+18;https://pbs.twimg.com/media/GbXd0ykbEAApa1n.jpg;;in;;0;0;0;https://x.com/undefined/status/1852630729978757141;1,53E+18;
1,85E+18;Sat Nov 02 08:35:56 +0000 2024;0;Di Bundaran HI rame billboard kayak gini Kayaknya brand Indonesia udh makin mendunia Indomie x Newjeans https://t.co/Ah44IEtrHr;1,85E+18;https://pbs.twimg.com/media/GbXdzNOaEAEC_bF.jpg;;in;;0;0;0;https://x.com/undefined/status/1852630713482481761;1,74E+18;
1,85E+18;Sat Nov 02 08:35:45 +0000 2024;0;jujur penasaran bgt setelah liat Billboard Indomie NewJeans Takeover Jakarta jadi pengen cobain yg baru dari collabnya Indomie x NewJeans https://t.co/kKPjkabkWE;1,85E+18;https://pbs.twimg.com/media/GbXdxTSasAA-1Mq.jpg;;in;;0;0;0;https://x.com/undefined/status/1852630666439168238;1,82E+18;
1,85E+18;Sat Nov 02 08:35:36 +0000 2024;0;woww Billboard Indomie X NewJeans udah ada di Jakarta loh pulang kerja yg tadinya loyo jd langsung semangat nih https://t.co/746sFxtsK6;1,85E+18;https://pbs.twimg.com/media/GbXdvBMbQAAGOz9.jpg;;in;;0;0;0;https://x.com/undefined/status/1852630626752696688;1,82E+18;
1,85E+18;Sat Nov 02 08:35:29 +0000 2024;0;pulang kerja salfok bangett banyak billboard Indomie x Newjeans https://t.co/NjhD9vjtWt;1,85E+18;https://pbs.twimg.com/media/GbXdti7aoAA1KnI.jpg;;in;;0;0;0;https://x.com/undefined/status/1852630599741415560;1,72E+18;
1,85E+18;Sat Nov 02 08:34:43 +0000 2024;0;Liat Billboard Indomie NewJeans takeover Jakarta jadi pengen nyobain gak sih cocok banget nih sama cuaca mendung makan indomie yang baru https://t.co/M7Q1Gx58Dr;1,85E+18;https://pbs.twimg.com/media/GbXdiIhbwAAYX1h.jpg;;in;;0;0;0;https://x.com/undefined/status/1852630403372433784;1,77E+18;
1,85E+18;Sat Nov 02 08:34:21 +0000 2024;0;jadi pengen cobain semua varian indomie dehh apalagi udah disponsori Billboard Indomie NewJeans Takeover Jakarta https://t.co/zsabwmcA4l;1,85E+18;https://pbs.twimg.com/media/GbXdc0faoAENsmQ.jpg;;in;;0;0;0;https://x.com/undefined/status/1852630312653889765;1,73E+18;
1,85E+18;Sat Nov 02 08:34:13 +0000 2024;0;lucuuunya ada banyak billboard Indomie x NewJeans di sekitaran Jakarta ini. yakali gak dicobain️ https://t.co/JZ0VA9jla2;1,85E+18;https://pbs.twimg.com/media/GbXdagpbcAAlwE1.jpg;;in;;0;0;0;https://x.com/undefined/status/1852630280689086742;1,59E+18;
1,85E+18;Sat Nov 02 08:34:03 +0000 2024;0;Gileee pas naik MRT juga ketemu. Billboard Indomie NewJeans Takeover Jakarta Rasanya kayak Jakarta lagi party global keren banget lihat brand lokal selevel internasional ini! https://t.co/pIGLZUPclz;1,85E+18;https://pbs.twimg.com/media/GbXdYapbkAAiF1B.jpg;;in;;0;0;0;https://x.com/undefined/status/1852630236787286160;8,58E+17;
1,85E+18;Sat Nov 02 08:33:48 +0000 2024;0;Keren dan ikut seneng brand Indonesia meroket sampai level dunia jadi makin suka sama Indomie yang collab sama NewJeans.. https://t.co/0qcCjGtFJg;1,85E+18;https://pbs.twimg.com/media/GbXdU1EawAAHjd-.jpg;;in;;0;0;0;https://x.com/undefined/status/1852630176452256209;1,83E+18;
1,85E+18;Sat Nov 02 08:33:47 +0000 2024;0;Kaget banget gua hari ini dimana2 ngeliat billboard isinya Indomie X NewJeans semua https://t.co/yOS6tDot59;1,85E+18;https://pbs.twimg.com/media/GbXdUifbIAASevG.jpg;;in;;0;0;0;https://x.com/undefined/status/1852630169833594991;1,79E+18;
1,85E+18;Sat Nov 02 08:33:23 +0000 2024;0;Pas lagi jalan pulang salfok sama Billboard Indomie NewJeans Takeover Jakarta ada gebrakan apa ya dari Indomie x NewJeans penasaran bgt https://t.co/bXxhZbqx4s;1,85E+18;https://pbs.twimg.com/media/GbXdOp5aoAEafap.jpg;;in;;0;0;0;https://x.com/undefined/status/1852630069119975542;1,85E+18;
1,85E+18;Sat Nov 02 08:32:47 +0000 2024;0;Global ambassador terdabes dah bener2 ada di semua billboard Indomie x Newjeans aaak gemes https://t.co/BRaQaiG02D;1,85E+18;https://pbs.twimg.com/media/GbXdF-naEAAmWPh.jpg;;in;;0;0;0;https://x.com/undefined/status/1852629920067023018;1,69E+18;
1,85E+18;Sat Nov 02 08:32:45 +0000 2024;0;Keren abis dah Billboard Indomie NewJeans Takeover Jakarta jadi bagus liatnya https://t.co/jRVD19wR1v;1,85E+18;https://pbs.twimg.com/media/GbXdFERawAASK9J.jpg;;in;;0;0;0;https://x.com/undefined/status/1852629910663422424;1,82E+18;
1,85E+18;Sat Nov 02 08:32:41 +0000 2024;0;setelah liet billboard Indomie x NewJeans di PI makinnn penasaran banget sih mau coba.. apalagi di Jakarta ini udah ada dimana2 https://t.co/UqYwdvsSEG;1,85E+18;https://pbs.twimg.com/media/GbXdEAgakAAS3n8.jpg;;in;;0;0;0;https://x.com/undefined/status/1852629894435586430;1,46E+18;
1,85E+18;Sat Nov 02 08:32:22 +0000 2024;0;mimpi apa gw bisa lihat NewJeans kolab bareng Indomie seneng bngt apalagi di Jakarta Billboard nya ada dimana2 https://t.co/3N7lpL4Yw4;1,85E+18;https://pbs.twimg.com/media/GbXc_E7bYAAeBle.jpg;;in;;0;0;0;https://x.com/undefined/status/1852629815876284796;1,82E+18;
1,85E+18;Sat Nov 02 08:32:19 +0000 2024;0;Kiyowooo liat Billboard Indomie NewJeans Takeover Jakarta udah dimana mana keren sih https://t.co/14RODtDBqq;1,85E+18;https://pbs.twimg.com/media/GbXc_CbaYAAo-pt.jpg;;in;;0;0;0;https://x.com/undefined/status/1852629800697139498;1,77E+18;
1,85E+18;Sat Nov 02 08:32:12 +0000 2024;0;Billboard Indomie NewJeans Takeover Jakarta bikin kaget banget woww tiba-tiba ada idolku di layar segede ituu https://t.co/QdYkFjM4Hf;1,85E+18;https://pbs.twimg.com/media/GbXc9Uza0AA1zPL.jpg;;in;;0;0;0;https://x.com/undefined/status/1852629770795885011;1,73E+18;
1,85E+18;Sat Nov 02 08:31:47 +0000 2024;0;Kiyowooo indomie x newjeans ada di mana ini https://t.co/3rkYtYiuJm;1,85E+18;https://pbs.twimg.com/media/GbXc22UakAArodi.jpg;;in;;0;0;0;https://x.com/undefined/status/1852629666429116440;1,74E+18;
1,85E+18;Sat Nov 02 08:31:43 +0000 2024;0;Sepanjang HI bnyk bgt Billboard Indomie x NewJeans bikin gue salfok mantap nih Indomie jd pengen coba rasa yang baru nya https://t.co/JoR8PddBFb;1,85E+18;https://pbs.twimg.com/media/GbXc2RDbUAA5TvK.jpg;;in;;0;0;0;https://x.com/undefined/status/1852629649060446547;1,65E+18;
1,85E+18;Sat Nov 02 08:31:34 +0000 2024;0;Liatin foto Billboard Indomie NewJeans Takeover Jakarta di sosmed jadi makin ga sabar nyobain produk barunya! https://t.co/6BtEIVK4He;1,85E+18;https://pbs.twimg.com/media/GbXcy3ubUAAfbLK.jpg;;in;;0;0;0;https://x.com/undefined/status/1852629614222569761;1,79E+18;
1,85E+18;Sat Nov 02 08:31:31 +0000 2024;0;Bener2 seharian ini ngeliat billboard nya Indomie X NewJeans dimana2 https://t.co/y72MPT14mQ;1,85E+18;https://pbs.twimg.com/media/GbXczTjbwAACwSC.jpg;;in;;0;0;0;https://x.com/undefined/status/1852629600729506195;1,80E+18;
1,85E+18;Sat Nov 02 08:31:20 +0000 2024;0;Pas lagi di KRL gue salfok dah billboard Indomie x Newjeans gede banget dan ada di jalan2 utama https://t.co/lnGpHIdtwD;1,85E+18;https://pbs.twimg.com/media/GbXcw1obMAEddUR.jpg;;in;;0;0;0;https://x.com/undefined/status/1852629555846283501;1,73E+18;
1,85E+18;Sat Nov 02 08:31:12 +0000 2024;0;Main ke PI malah liat indomie x Newjeans gue jadi penasaran rasa indomie yang baru https://t.co/AKkopUStNU;1,85E+18;https://pbs.twimg.com/media/GbXcuS8aEAApnVP.jpg;;in;;0;0;0;https://x.com/undefined/status/1852629519858909480;2226550238;
1,85E+18;Sat Nov 02 08:31:00 +0000 2024;0;keren bgt dah Billboard Indomie NewJeans Takeover Jakarta kolaborasi terkeren Indomie x NewJeans sih ini https://t.co/SpbJecXz74;1,85E+18;https://pbs.twimg.com/media/GbXcr4qbEAAnloG.jpg;;in;;0;0;0;https://x.com/undefined/status/1852629471632978048;1,84E+18;
1,85E+18;Sat Nov 02 08:30:45 +0000 2024;0;Asli ini gokil banget Indomie x Newjeans ini bukan kaleng-kaleng marketingnya everywhere https://t.co/WkPpFm0VkU;1,85E+18;https://pbs.twimg.com/media/GbXcoJvbAAArpij.jpg;;in;;0;0;0;https://x.com/undefined/status/1852629408223531127;1,74E+18;
1,85E+18;Sat Nov 02 08:30:39 +0000 2024;0;Billboard Indomie NewJeans Takeover Jakarta nih hari ini aku udah liat 1 kali loh keren banget produk kita mendunia https://t.co/nhf9MAakSq;1,85E+18;https://pbs.twimg.com/media/GbXcmoYbkAAW2g-.jpg;;in;;0;0;0;https://x.com/undefined/status/1852629381203837429;1,73E+18;
1,85E+18;Sat Nov 02 08:30:17 +0000 2024;0;Gak sengaja liat Billboard Indomie NewJeans Takeover Jakarta Ini keren banget sih brand Indonesia Collab sama NewJeans https://t.co/GRlstiOnUg;1,85E+18;https://pbs.twimg.com/media/GbXchUZbEAAmGKW.jpg;;in;;0;0;0;https://x.com/undefined/status/1852629289956688276;1,76E+18;
1,85E+18;Sat Nov 02 08:30:17 +0000 2024;0;Cung yang udah nemuin iklannya Indomie x Newjeans?? Aku sih dari tadi udah ya jadi ngiler indomie saking sering liat iklannya https://t.co/QyhVfNsv0W;1,85E+18;https://pbs.twimg.com/media/GbXchNmbMAAzUtF.jpg;;in;;0;0;0;https://x.com/undefined/status/1852629287826039196;1,80E+18;
1,85E+18;Sat Nov 02 08:29:57 +0000 2024;0;Lagi jalan penasaran sama billboard nya indomie x newjeans emang keren banget udh meroket aja nih brand indonesia https://t.co/NFuHCZZJyl;1,85E+18;https://pbs.twimg.com/media/GbXcbSDaIAA4-WP.jpg;;in;;0;0;0;https://x.com/undefined/status/1852629204598497521;1,82E+18;
1,85E+18;Sat Nov 02 08:29:42 +0000 2024;0;Gebrakan baru kaget Indomie kolaborasi sama NewJeans pengen buru buru beli produk barunya https://t.co/1nveAfkDAx;1,85E+18;https://pbs.twimg.com/media/GbXcYytbQAAjly_.jpg;;in;;0;0;0;https://x.com/undefined/status/1852629143231647802;1,82E+18;
1,85E+18;Sat Nov 02 08:29:33 +0000 2024;0;awwwww gw sampe ngitungin Billboard Indomie X Newjeans ada dimana mana emang layak meroket mendunia si https://t.co/Y8I9s0Q5EZ;1,85E+18;https://pbs.twimg.com/media/GbXcWqybwAAZjTW.jpg;;in;;0;0;0;https://x.com/undefined/status/1852629106711794029;1,82E+18;
1,85E+18;Sat Nov 02 08:29:28 +0000 2024;0;@hrnewji @Indomielovers @NewJeans_twt @NewJeans_ADOR bolehhhh tapi beliin aku indomie 1 truk;1,85E+18;;haerinif;in;;0;0;0;https://x.com/undefined/status/1852629083542495306;1,70E+18;
1,85E+18;Sat Nov 02 08:29:11 +0000 2024;0;Makin keren aja ih collabsnya Indomie X NewJeans billboard nya banyak bgt ada dimana-mana. https://t.co/fsIyHrehc9;1,85E+18;https://pbs.twimg.com/media/GbXcRRBaUAESQYZ.jpg;;in;;0;0;0;https://x.com/undefined/status/1852629013774148082;1,64E+18;
1,85E+18;Sat Nov 02 08:29:06 +0000 2024;0;Collab ter gokil sih emang Indomie x Newjeans kira-kira dibungkus indomie bakalan ada nj nya gak yaa.. Wkwk https://t.co/Jhm8w2NI7h;1,85E+18;https://pbs.twimg.com/media/GbXcP9maIAAy5vs.jpg;;in;;0;0;0;https://x.com/undefined/status/1852628993192927674;1,72E+18;
1,85E+18;Sat Nov 02 08:29:01 +0000 2024;0;Guys udah pada lihat Billboard Indomie X NewJeans Takeover Jakarta blm? gak nyangka deh klo indomie bakal kolaborasi bareng new jeans https://t.co/MSGUG2ppjK;1,85E+18;https://pbs.twimg.com/media/GbXcOnRbEAATvkN.jpg;;in;;0;0;0;https://x.com/undefined/status/1852628970887643377;1,81E+18;
1,85E+18;Sat Nov 02 08:28:58 +0000 2024;0;Global ambassador terkeren deh pokoknya bener2 Billboard Indomie NewJeans Takeover Jakarta jadi gemes https://t.co/ZlYntUxaH7;1,85E+18;https://pbs.twimg.com/media/GbXcNrDaEAAcCiY.jpg;;in;;0;0;0;https://x.com/undefined/status/1852628959676223889;1,82E+18;
1,85E+18;Sat Nov 02 08:28:53 +0000 2024;0;Wah dimana2 ngeliat iklannya Indomie X NewJeans keren banget https://t.co/Shj9PCvkGg;1,85E+18;https://pbs.twimg.com/media/GbXcM3_bcAAMRkl.jpg;;in;;0;0;0;https://x.com/undefined/status/1852628937807196270;1,79E+18;
1,85E+18;Sat Nov 02 08:28:26 +0000 2024;0;Aslii beneran Nggak nyangka brand Indo bisa collab sama Newjeans Indomie beneran meroket sih ini ️ https://t.co/s6ch1Mhqoi;1,85E+18;https://pbs.twimg.com/media/GbXcGOIboAA_vJL.jpg;;in;;0;0;0;https://x.com/undefined/status/1852628825378852943;1,80E+18;
1,85E+18;Sat Nov 02 08:28:20 +0000 2024;1;Lagi jalan² tiba-tiba liat Billboard Indomie NewJeans Takeover Jakarta bikin ngiler gak sih jadi pengen cobain kan https://t.co/BgUHbNPTq7;1,85E+18;https://pbs.twimg.com/media/GbXcEzmbwAAkz44.jpg;;in;;0;1;0;https://x.com/undefined/status/1852628799961301303;1,76E+18;
1,85E+18;Sat Nov 02 08:28:18 +0000 2024;0;Makin seneng aja sama Indomie selain mie nya enak collab nya juga ga main2 Billboard Indomie NewJeans Takeover Jakarta keren bangett woyyy https://t.co/1RFnhRh5aJ;1,85E+18;https://pbs.twimg.com/media/GbXcEP0bcAANYWX.jpg;;in;;0;0;0;https://x.com/undefined/status/1852628790494793984;1,85E+18;
1,85E+18;Sat Nov 02 08:28:07 +0000 2024;1;pengen nyobain deh Indomie varian terbaru karna liat billboard NewJeans dimana-mana https://t.co/1oON9q2Or7;1,85E+18;https://pbs.twimg.com/media/GbXcBB1bAAAbwXG.jpg;;in;;0;0;0;https://x.com/undefined/status/1852628742914666943;2527770396;
1,85E+18;Sat Nov 02 08:28:03 +0000 2024;0;penasaran pengen nyobain nih indomie baru lihat billboard nya ada Newjeans bkin gemes https://t.co/6QRTfQStm1;1,85E+18;https://pbs.twimg.com/media/GbXcAdgaUAA4QdH.jpg;;in;;0;0;0;https://x.com/undefined/status/1852628729165648374;1,75E+18;
1,85E+18;Sat Nov 02 08:27:59 +0000 2024;0;Kaget banget semalem baru tau kalo Indomie collabs bareng NewJeans ihhh seneng banget https://t.co/zKdWYJtJRX;1,85E+18;https://pbs.twimg.com/media/GbXb7IVa0AAnTPZ.jpg;;in;;0;0;0;https://x.com/undefined/status/1852628711482524126;1,77E+18;
1,85E+18;Sat Nov 02 08:27:38 +0000 2024;0;Keren banget nih brand Indonesia meroket duniaa luv Indomie yang collab sama NewJeans https://t.co/I5uWuJoH2H;1,85E+18;https://pbs.twimg.com/media/GbXb6UybAAAUVwo.jpg;;in;;0;0;0;https://x.com/undefined/status/1852628621216858222;1,73E+18;
1,85E+18;Sat Nov 02 08:27:28 +0000 2024;0;Seger banget mendung-mendung liat personil Newjeans makan indomie.. Iklan Billboard nya bener-bener nih yaa https://t.co/94bJiuu0Ec;1,85E+18;https://pbs.twimg.com/media/GbXb3l_aEAAxDJK.jpg;;in;;0;0;0;https://x.com/undefined/status/1852628580460797971;1,80E+18;
1,85E+18;Sat Nov 02 08:27:19 +0000 2024;0;Pliis salpok gua sama billboard indomie x newjeans ada di mana jadi penasaran pngen coba https://t.co/SYxK552fn8;1,85E+18;https://pbs.twimg.com/media/GbXb1m_bAAAeddl.jpg;;in;;0;0;0;https://x.com/undefined/status/1852628542884127089;1,82E+18;
1,85E+18;Sat Nov 02 08:27:01 +0000 2024;0;Sumpah gak sengaja liat Billboard Indomie NewJeans Takeover Jakarta bikin ngiler jadi pengen beli https://t.co/BRF0rru6OK;1,85E+18;https://pbs.twimg.com/media/GbXbxdVaEAABZhO.jpg;;in;;0;0;0;https://x.com/undefined/status/1852628468552675724;1,76E+18;
1,85E+18;Sat Nov 02 08:26:59 +0000 2024;0;Liat Billboardnya Indomie X NewJeans ada dimana jd gak sabar mau nyobain rasa terbaru nya Indomie https://t.co/bda04wz0x8;1,85E+18;https://pbs.twimg.com/media/GbXbxBmbEAA6n7K.jpg;;in;;0;0;0;https://x.com/undefined/status/1852628459564191764;1,64E+18;
1,85E+18;Sat Nov 02 08:26:45 +0000 2024;0;CUTE BANGET DARI TADI NGELIATIN IKLANNYA Indomie x Newjeans https://t.co/9DcXY4EqiQ;1,85E+18;https://pbs.twimg.com/media/GbXbtjJa4AAPSUF.jpg;;in;;0;0;0;https://x.com/undefined/status/1852628399430517131;1,80E+18;
1,85E+18;Sat Nov 02 08:26:41 +0000 2024;0;Gokil parah sih ini Indomie x Newjeans tiap jalanan kayaknya mereka nguasain deh. bener2 mantappp https://t.co/E1rmYmIglF;1,85E+18;https://pbs.twimg.com/media/GbXbsmWaAAApUNk.jpg;;in;;0;0;0;https://x.com/undefined/status/1852628384125509998;1,81E+18;
1,85E+18;Sat Nov 02 08:21:07 +0000 2024;5;Parah banget aslii.. tiap jalan pasti ketemu Indomie x Newjeans brandingnya bener-bener mantep banget https://t.co/uPpzxV7rSS;1,85E+18;https://pbs.twimg.com/media/GbXaa_vaoAAOm52.jpg;;in;;0;0;0;https://x.com/undefined/status/1852626982850146618;1,74E+18;
1,85E+18;Sat Nov 02 08:20:42 +0000 2024;0;Wahhh keren banget nih Billboard Indomie NewJeans Takeover Jakarta ada disetiap jalan pas pulang kerja https://t.co/9lg8AJJrcI;1,85E+18;https://pbs.twimg.com/media/GbXaVHGakAAKGev.jpg;;in;;0;0;0;https://x.com/undefined/status/1852626879997739364;7,62E+17;
1,85E+18;Sat Nov 02 08:20:34 +0000 2024;2;Pulang kerja udah capek eh liat billboard Indomie x NewJeans di Sudirman jadi semangat lagi. Gemes parah! https://t.co/Hp20dYob6V;1,85E+18;https://pbs.twimg.com/media/GbXaS9KbsAEeuJb.jpg;;in;;0;0;0;https://x.com/undefined/status/1852626844727574672;1,75E+18;
1,85E+18;Sat Nov 02 08:20:10 +0000 2024;0;Proud banget sih Jakarta jadi meriah gara-gara billboard Indomie x NewJeans makin cinta Indomie️ https://t.co/J0YwgLuxEs;1,85E+18;https://pbs.twimg.com/media/GbXaF7TbMAAbnBi.jpg;;in;;0;0;0;https://x.com/undefined/status/1852626745629061132;1,82E+18;
1,85E+18;Sat Nov 02 08:19:56 +0000 2024;0;bjirr ternyata Indomie collab sama NewJeans cuyy kaget liat Billboard Indomie NewJeans Takeover Jakarta nihh https://t.co/F8Tn5GzXny;1,85E+18;https://pbs.twimg.com/media/GbXaJMybkAAg_yZ.jpg;;in;;0;0;0;https://x.com/undefined/status/1852626685935616105;1,81E+18;
1,85E+18;Sat Nov 02 08:19:56 +0000 2024;0;Ampuuun dimana mana loh ini Billboard Indomie NewJeans Takeover Jakarta bikin gak sabar aja deh buat nyobain https://t.co/m2L5PnAmOp;1,85E+18;https://pbs.twimg.com/media/GbXaJlAbkAAM376.jpg;;in;;0;0;0;https://x.com/undefined/status/1852626683834318852;1,70E+18;
1,85E+18;Sat Nov 02 08:19:53 +0000 2024;0;Di mrt di KRL semua ada newjeans x indomie. Emang bener keren bgt ini kolaborasi sampe mendunia https://t.co/czjZgyAIxz;1,85E+18;https://pbs.twimg.com/media/GbXaI-UaYAAOTej.jpg;;in;;0;0;0;https://x.com/undefined/status/1852626672065069513;1,81E+18;
1,85E+18;Sat Nov 02 08:19:37 +0000 2024;3;WOI Ketemu neng minji agajakslnsh cakep banget lo neng indomie x newjeans gilaa sih ada pc nya ga sihhh https://t.co/acq9OS9gXT;1,85E+18;https://pbs.twimg.com/media/GbXaEGMagAAB0Bh.jpg;;in;;0;0;0;https://x.com/undefined/status/1852626606034165767;1,81E+18;
1,85E+18;Sat Nov 02 08:19:25 +0000 2024;0;pulang gawe lihat Billboard Indomie x NewJeans lagi takeover Jakarta excited bgt gw lihatnya https://t.co/zrrXQOvf2h;1,85E+18;https://pbs.twimg.com/media/GbXaBnBbwAAjLUt.jpg;;in;;0;0;0;https://x.com/undefined/status/1852626553597042780;1,80E+18;
1,85E+18;Sat Nov 02 08:19:18 +0000 2024;0;Lagi naek gojek gue sempet2in moto Billboard Indomie X Newjeans karna gemesss banget woy elah mana warnanya eyecatching banget https://t.co/j2uJbBLMAo;1,85E+18;https://pbs.twimg.com/media/GbXaAVsaQAAm4a4.jpg;;in;;0;0;0;https://x.com/undefined/status/1852626523855147134;9,96E+17;
1,85E+18;Sat Nov 02 08:19:05 +0000 2024;0;Wahhh kaget banget dehh liat Billboard Indomie NewJeans Takeover Jakarta di setiap jalan https://t.co/JW9XsjrNDb;1,85E+18;https://pbs.twimg.com/media/GbXZ9PSakAAWYNp.jpg;;in;;0;0;0;https://x.com/undefined/status/1852626469840965944;7,62E+17;
1,85E+18;Sat Nov 02 08:19:02 +0000 2024;0;Makin penasaran sama indomie NewJeans karna kemana mana ketemu ginian terus kalian juga gasih Ini sih real Billboard Indomie NewJeans Takeover Jakarta ya https://t.co/oFcHZ1bI4Q;1,85E+18;https://pbs.twimg.com/media/GbXZ8ftaAAAtCDx.jpg;;in;;0;0;0;https://x.com/undefined/status/1852626457362911702;1,69E+18;
1,85E+18;Sat Nov 02 08:18:53 +0000 2024;0;Wahh.. Pas gue lagi jalan-jalan ngeliat Billboard Indomie x NewJeans. Gokil nih bakal collab mendunia https://t.co/tDicl12uw8;1,85E+18;https://pbs.twimg.com/media/GbXZ6IuawAAbQ7b.jpg;;in;;0;0;0;https://x.com/undefined/status/1852626421270945802;1,16E+18;
1,85E+18;Sat Nov 02 08:18:48 +0000 2024;0;Bangga banget jadi warga Indonesia karena Indomie bisa kolaborasi sama NewJeans https://t.co/oSNidcyXcr;1,85E+18;https://pbs.twimg.com/media/GbXZ5PbaIAAKykp.jpg;;in;;0;0;0;https://x.com/undefined/status/1852626401100521593;1,83E+18;
1,85E+18;Sat Nov 02 08:18:34 +0000 2024;0;Mantulll Bener-bener global banget nih Indomie x Newjeans bangga brand Indo bisa collab gini https://t.co/q52ugMkPCJ;1,85E+18;https://pbs.twimg.com/media/GbXZ1sdbkAAsBTF.jpg;;in;;0;1;0;https://x.com/undefined/status/1852626341734318580;1,74E+18;
1,85E+18;Sat Nov 02 08:18:20 +0000 2024;0;Udah kayak petualangan nemu billboard NewJeans x Indomie di tiap sudut kota Jakarta proud of this collab https://t.co/JHTivXCta7;1,85E+18;https://pbs.twimg.com/media/GbXZofhakAAIpHT.jpg;;in;;0;0;0;https://x.com/undefined/status/1852626282216821022;1,82E+18;
1,85E+18;Sat Nov 02 08:17:41 +0000 2024;0;Liat deh ini aku tadi gak sengaja nemu ini Billboard Indomie NewJeans Takeover Jakarta banyak banget weee. Kapan sih launchnya mau nyobain juga https://t.co/VrI9ulRdwf;1,85E+18;https://pbs.twimg.com/media/GbXZovnakAA5VQt.jpg;;in;;0;0;0;https://x.com/undefined/status/1852626118358307181;1,43E+18;
1,85E+18;Sat Nov 02 08:17:26 +0000 2024;0;Kiyowooo Billboard Indomie X NewJeans dimana mana iniiii https://t.co/UxGMy6lBil;1,85E+18;https://pbs.twimg.com/media/GbXZk-6akAAXk95.jpg;;in;;0;0;0;https://x.com/undefined/status/1852626053854003518;1,84E+18;
1,85E+18;Sat Nov 02 08:14:00 +0000 2024;0;Gokill Keren abis Indomie x Newjeans nguasain semua billboard Jakarta gila totalitas https://t.co/w9Au2kfT2O;1,85E+18;https://pbs.twimg.com/media/GbXYy6maEAANga8.jpg;;in;;0;0;0;https://x.com/undefined/status/1852625193547534536;1,80E+18;
1,85E+18;Sat Nov 02 08:13:18 +0000 2024;0;Wahh bagus banget nih billboard Indomie x NewJeans mencuri perhatian banget dengan mencoloknya warna dan yang paling penting mah Indomie mendunia https://t.co/XRSy0WD8uq;1,85E+18;https://pbs.twimg.com/media/GbXYokIa0AAogWC.jpg;;in;;0;0;0;https://x.com/undefined/status/1852625016070041627;1,63E+18;
1,85E+18;Sat Nov 02 08:13:04 +0000 2024;0;Billboard Indomie NewJeans Takeover Jakarta wahhh keren banget nih aku suka koleb ini https://t.co/54yNGpx5K9;1,85E+18;https://pbs.twimg.com/media/GbXYaZzaEAEkOqV.jpg;;in;;0;0;0;https://x.com/undefined/status/1852624955688775906;1,45E+18;
1,85E+18;Sat Nov 02 08:12:59 +0000 2024;0;Pas lagi naik gojek gue salfok dah billboard bundaran HI Indomie x Newjeans gede banget https://t.co/xiRKohYMCc;1,85E+18;https://pbs.twimg.com/media/GbXYj2xaIAAKHYg.jpg;;in;;0;0;0;https://x.com/undefined/status/1852624935757521210;1,73E+18;
1,85E+18;Sat Nov 02 08:12:47 +0000 2024;0;Heran bgt ada aja gebrakan Indomie lengah dikit gaet Newjeans jd Ambbasador https://t.co/BG2xxI1tfa;1,85E+18;https://pbs.twimg.com/media/GbXYhFBaIAA2Ko5.jpg;;in;;0;0;0;https://x.com/undefined/status/1852624886696644799;1,67E+18;
1,85E+18;Sat Nov 02 08:12:32 +0000 2024;0;jadi penasaran banget ini liat Billboard Indomie NewJeans Takeover Jakarta jdi pengen cepet nyobain https://t.co/LenHGb6Uq7;1,85E+18;https://pbs.twimg.com/media/GbXYc2ragAEs4BY.jpg;;in;;0;0;0;https://x.com/undefined/status/1852624821122916785;1,79E+18;
1,85E+18;Sat Nov 02 08:11:52 +0000 2024;0;Di mana2 ada Indomie x NewJeans nih di billboard Bundaran HI juga adaa https://t.co/PLoxxXBadv;1,85E+18;https://pbs.twimg.com/media/GbXYQ-HbMAAhw_p.jpg;;in;;0;0;0;https://x.com/undefined/status/1852624656127467638;1,82E+18;
1,85E+18;Sat Nov 02 08:11:37 +0000 2024;0;ada ape nih dijalan banyak bgt nemu Billboard Indomie NewJeans Takeover Jakarta beneran kah ini mereka koleb? omg gasabar deh kalo beneran ️‍ https://t.co/mvRkZuwOGR;1,85E+18;https://pbs.twimg.com/media/GbXYG6JbMAAqEOg.jpg;;in;;0;0;0;https://x.com/undefined/status/1852624590377525280;1,45E+18;
1,85E+18;Sat Nov 02 08:11:05 +0000 2024;0;Pas di plaza ada billboard NewJeans X Indomie lagi! Kolaborasi yang buat Jakarta makin hidup https://t.co/LFevhdyQZ4;1,85E+18;https://pbs.twimg.com/media/GbXYEhfbkAAO9oZ.jpg;;in;;0;0;0;https://x.com/undefined/status/1852624457904394518;1,82E+18;
1,85E+18;Sat Nov 02 08:11:01 +0000 2024;0;Keren banget deh brand Indonesia meroket dunia nih Billboard Indomie NewJeans Takeover Jakarta https://t.co/4KhmLA79Mz;1,85E+18;https://pbs.twimg.com/media/GbXYHN0aEAAwjd8.jpg;;in;;0;0;0;https://x.com/undefined/status/1852624443035774991;1,42E+18;
1,85E+18;Sat Nov 02 08:10:53 +0000 2024;0;Holl kaget bgt lihat Billboard Indomie x NewJeans di sepanjang Jakarta jadi pingin cepet2 nyobain varian baru nya nih https://t.co/Jv8Fo0Rlk8;1,85E+18;https://pbs.twimg.com/media/GbXYFGJaMAAmg8D.jpg;;in;;0;0;0;https://x.com/undefined/status/1852624406213759339;1,85E+18;
1,85E+18;Sat Nov 02 08:10:51 +0000 2024;0;Malam-malam di Jakarta billboard Indomie x NewJeans bikin hari-hari jadi lebih seru! https://t.co/Ra2TpURqQC;1,85E+18;https://pbs.twimg.com/media/GbXYEk9asAAiklW.jpg;;in;;0;0;0;https://x.com/undefined/status/1852624397846343915;1,73E+18;
1,85E+18;Sat Nov 02 08:10:47 +0000 2024;0;Kaget banget pas mau erangkat kerja di sekitar HI ada billboard Indomie x NewJeans https://t.co/nBsaYwwXWc;1,85E+18;https://pbs.twimg.com/media/GbXYDila0AAvabv.jpg;;in;;0;0;0;https://x.com/undefined/status/1852624380419063828;1,60E+18;
1,85E+18;Sat Nov 02 08:10:45 +0000 2024;0;Jadi kaget pas pulang kerja banyak banget bilboard NEWJEANS x INDOMIE dimana-mana. https://t.co/tArGItPCLB;1,85E+18;https://pbs.twimg.com/media/GbXYDIZbEAAHGl-.jpg;;in;;0;0;0;https://x.com/undefined/status/1852624374123417659;1,85E+18;
1,85E+18;Sat Nov 02 08:10:16 +0000 2024;2;Dari kejauhan udah mencolok banget sih nyuri perhatian banget sih ini billboard Indomie x NewJeans emang BA paling best deh ini https://t.co/YtIYE8hyPL;1,85E+18;https://pbs.twimg.com/media/GbXX8MNbMAAkJj6.jpg;;in;;0;0;0;https://x.com/undefined/status/1852624254329593878;1,61E+18;
1,85E+18;Sat Nov 02 08:10:12 +0000 2024;1;wih kolaborasinya keren ini Billboard Indomie NewJeans Takeover Jakarta nya ajh udh tersebar dimna mna https://t.co/qokZMjfkTy;1,85E+18;https://pbs.twimg.com/media/GbXX68XbAAAH62o.jpg;;in;;0;0;0;https://x.com/undefined/status/1852624235770048994;1,75E+18;
1,85E+18;Sat Nov 02 08:10:02 +0000 2024;0;Jalan di sekitar kota eh lihat Indomie x NewJeans! Menjadi bagian dari iklan ini bikin bangga! https://t.co/eGjzNXaA04;1,85E+18;https://pbs.twimg.com/media/GbXX4pkbwAEkAG4.jpg;;in;;0;0;0;https://x.com/undefined/status/1852624192698802632;1,74E+18;
1,85E+18;Sat Nov 02 08:09:59 +0000 2024;0;Lagi mau jalan ngemall malah salfok liat Billboard ni Indomie x Newjeans gemesssss! Mana cantik2 banget lg :( https://t.co/lHQ6o22QK5;1,85E+18;https://pbs.twimg.com/media/GbXX32ibUAAnTuD.jpg;;in;;0;0;0;https://x.com/undefined/status/1852624179130216801;1,67E+18;
1,85E+18;Sat Nov 02 08:09:46 +0000 2024;0;Indome x NewJeans?? Gilaa keren banget Indomie makin dikenal sm dunia nih https://t.co/NlPw9ywfLi;1,85E+18;https://pbs.twimg.com/media/GbXXzcQaYAALrFX.jpg;;in;;0;0;0;https://x.com/undefined/status/1852624126353318123;1,82E+18;
1,85E+18;Sat Nov 02 08:09:34 +0000 2024;0;Bangga banget ngeliat Billboard Indomie NewJeans Takeover Jakarta bener bener happy Indomie collab sama NewJeans https://t.co/IVDvipjcCa;1,85E+18;https://pbs.twimg.com/media/GbXXxU7a8AAEK4P.jpg;;in;;0;0;0;https://x.com/undefined/status/1852624076822790574;1,79E+18;
1,85E+18;Sat Nov 02 08:09:30 +0000 2024;0;epic sih ini kedua fav aku disatuin udah pada liat Billboard Indomie NewJeans blm bnih? Takeover Jakarta https://t.co/H0fAT90lZ3;1,85E+18;https://pbs.twimg.com/media/GbXXhkebcAA4zAc.jpg;;in;;0;0;0;https://x.com/undefined/status/1852624058833412290;1,45E+18;
1,85E+18;Sat Nov 02 08:09:28 +0000 2024;0;pastinya bakalan makin banyak yang tau Indomie deh berkat Billboard Indomie NewJeans Takeover Jakarta bangga sama Indomie dan NewJeans https://t.co/rRxHEK7jFT;1,85E+18;https://pbs.twimg.com/media/GbXXwcRbEAAvhmb.jpg;;in;;0;0;0;https://x.com/undefined/status/1852624051807953084;3160910682;
1,85E+18;Sat Nov 02 08:09:17 +0000 2024;0;Billboard Indomie x NewJeans bikin suasana Jakarta makin hidup! Keren! https://t.co/TvozDDz0Io;1,85E+18;https://pbs.twimg.com/media/GbXXtxeaMAAkH0P.jpg;;in;;0;0;0;https://x.com/undefined/status/1852624006731661668;1,74E+18;
1,85E+18;Sat Nov 02 08:09:01 +0000 2024;0;Wahh lagi dijalan terus tadi salfok aja gitu ada Indomie x NewJeans ihhh dimana-mana nih iklannya... Emang enak banget sih mie nya https://t.co/wzwBamQV8k;1,85E+18;https://pbs.twimg.com/media/GbXXpuIbUAAJfaR.jpg;;in;;0;0;0;https://x.com/undefined/status/1852623935709540787;1,70E+18;
1,85E+18;Sat Nov 02 08:08:42 +0000 2024;0;yang belum liat kalian semua mesti pada liat dong Billboard Indomie NewJeans Takeover Jakarta ini pada cantik cantik bgt deh NewJeans nya https://t.co/y3hHlQtcHm;1,85E+18;https://pbs.twimg.com/media/GbXXlL7aAAArdWd.jpg;;in;;0;0;0;https://x.com/undefined/status/1852623858664411533;1954104481;
1,85E+18;Sat Nov 02 08:08:40 +0000 2024;0;Ngeliat billboard Indomie x NewJeans di jalan raya bikin pengen buru-buru pulang dan makan! https://t.co/DCYoMSYyiR;1,85E+18;https://pbs.twimg.com/media/GbXXku-bEAA6WZh.jpg;;in;;0;0;0;https://x.com/undefined/status/1852623850548408825;1,74E+18;
1,85E+18;Sat Nov 02 08:08:26 +0000 2024;0;Lagi di kemacetan Jakarta pun tetep seneng karena ketemu billboard NewJeans x Indomie. Jakartaaaa semakin rameee https://t.co/GmX5KCR6M9;1,85E+18;https://pbs.twimg.com/media/GbXXbMaaMAAyTxn.jpg;;in;;0;0;0;https://x.com/undefined/status/1852623789164531913;1,82E+18;
1,85E+18;Sat Nov 02 08:08:24 +0000 2024;0;jadi kepengen nyoba Indomie dehh penasaran sama rasanyaa tadi abis liat Billboard Indomie NewJeans Takeover Jakarta soalnya wkwkw https://t.co/8zTXwzwqFx;1,85E+18;https://pbs.twimg.com/media/GbXXgEaaQAAiJOJ.jpg;;in;;0;0;0;https://x.com/undefined/status/1852623781354954991;1,85E+18;
1,85E+18;Sat Nov 02 08:08:17 +0000 2024;0;wahh keren banget brand Indonesia meroket duniaa luv Indomie yang collab sama NewJeans https://t.co/MOsfbGVto2;1,85E+18;https://pbs.twimg.com/media/GbXXVGMawAAE72q.jpg;;in;;0;0;0;https://x.com/undefined/status/1852623754884481345;1,73E+18;
1,85E+18;Sat Nov 02 08:08:10 +0000 2024;0;Makin terkenal aja nih brand Indonesia. Keren bgt newjeans x indomie https://t.co/1k370pWhKW;1,85E+18;https://pbs.twimg.com/media/GbXXdXpbUAAWeik.jpg;;in;;0;0;0;https://x.com/undefined/status/1852623723834294750;1,82E+18;
1,85E+18;Sat Nov 02 08:07:58 +0000 2024;1;Bener-bener seru Indomie x NewJeans ada di mana-mana! Siapa yang udah coba? https://t.co/gAMjy7V5Mu;1,85E+18;https://pbs.twimg.com/media/GbXXaYobwAAxsYP.jpg;;in;;0;0;0;https://x.com/undefined/status/1852623673250693600;1,73E+18;
1,85E+18;Sat Nov 02 08:07:46 +0000 2024;0;Jakarta dimalam hari terang banget ya iya lah soalnya ada BillBoard Indomie NewJeans TakeOver Jakarta penasaran banget sm Indomie baru nanti https://t.co/6zjscGPNZ3;1,85E+18;https://pbs.twimg.com/media/GbXXXiOb0AAJea3.jpg;;in;;0;0;0;https://x.com/undefined/status/1852623623439430028;1,83E+18;
1,85E+18;Sat Nov 02 08:07:40 +0000 2024;0;keren abis nih brand indonesia bisa meroket dunia liat Billboard Indomie NewJeans Takeover Jakarta ada dimna mana juga https://t.co/Zq7BXOHIvC;1,85E+18;https://pbs.twimg.com/media/GbXXVmHbwAAIUoW.jpg;;in;;0;0;0;https://x.com/undefined/status/1852623597547995180;1,82E+18;
1,85E+18;Sat Nov 02 08:07:35 +0000 2024;1;Pas pulang kerja gue salfok sama billboard Billboard Indomie NewJeans Takeover Jakarta https://t.co/dS1fPJM8Lm;1,85E+18;https://pbs.twimg.com/media/GbXXUUlaEAA6GYj.jpg;;in;;0;0;0;https://x.com/undefined/status/1852623576039555155;1,82E+18;
1,85E+18;Sat Nov 02 08:07:34 +0000 2024;0;Ihh ada kembaran akuuhh di billboard bundaran HI nih jadi penasaran pen nyobain rasa Indomie yg collabs bareng NewJeans https://t.co/p5nadKiugF;1,85E+18;https://pbs.twimg.com/media/GbXXTHLbQAAkxFM.jpg;;in;;0;0;0;https://x.com/undefined/status/1852623571488797173;1,82E+18;
1,85E+18;Sat Nov 02 08:07:30 +0000 2024;0;capek gw langsung ilang pas pulang kerja malah liat Billboard Indomie NewJeans Takeover Jakarta jadi penasaran sama rasa barunya tuh https://t.co/jfa2TuggW8;1,85E+18;https://pbs.twimg.com/media/GbXXTlwbsAAsnGN.jpg;;in;;0;0;0;https://x.com/undefined/status/1852623556162781295;1347655610;
1,85E+18;Sat Nov 02 08:07:25 +0000 2024;1;Di setiap sudut Jakarta Indomie x NewJeans bikin hari-hari saya lebih ceria! https://t.co/RfcjkdNeos;1,85E+18;https://pbs.twimg.com/media/GbXXSSea8AAvl0d.jpg;;in;;0;0;0;https://x.com/undefined/status/1852623536290156695;1,74E+18;
1,85E+18;Sat Nov 02 08:07:09 +0000 2024;0;Gue gak bisa gak hype ini!! This is too cute too handle! Gemes bgt ini lg naik TJ liat Billboard Indomie x Newjeans https://t.co/viVmJiqSp7;1,85E+18;https://pbs.twimg.com/media/GbXXOYiaEAALG9y.jpg;;in;;0;0;0;https://x.com/undefined/status/1852623469265207731;1,62E+18;
1,85E+18;Sat Nov 02 08:07:00 +0000 2024;0;Tadi pulang kerja kan dijalan aku salfok nih sama billboard indomie x NewJeans apalagi ada foto Minji... Ahhh jadi pengen beli deh https://t.co/knsjjuuLtO;1,85E+18;https://pbs.twimg.com/media/GbXXMOkbEAAew7Y.jpg;;in;;0;0;0;https://x.com/undefined/status/1852623429461283220;1,82E+18;
1,85E+18;Sat Nov 02 08:07:00 +0000 2024;0;Iseng fotoin jalan eh malah salfok sama Billboard Indomie NewJeans Takeover Jakarta nya hehehe gemesss &gt;;;;;;;;;;;
1,85E+18;Sat Nov 02 08:06:48 +0000 2024;0;Pagi-pagi liat billboard Indomie x NewJeans di Sudirman. Rasanya pengen selfie di depan sana! https://t.co/AV9vWs77tJ;1,85E+18;https://pbs.twimg.com/media/GbXXJRwawAAu0LU.jpg;;in;;0;0;0;https://x.com/undefined/status/1852623379041538149;1,74E+18;
1,85E+18;Sat Nov 02 08:06:20 +0000 2024;0;Ini tiap lewat jalan utama billboard NewJeans X Indomie kayak menyapa gue terus. Pas banget sama suasana Jakarta https://t.co/zt1Md0Irzq;1,85E+18;https://pbs.twimg.com/media/GbXW0t4a8AA4v7s.jpg;;in;;0;0;0;https://x.com/undefined/status/1852623261961515139;1,82E+18;
1,85E+18;Sat Nov 02 08:06:14 +0000 2024;0;dari kejauhan liat ada yang menyilaukan mata ternyata Billboard Indomie NewJeans Takeover Jakarta bangga banget deh https://t.co/UtgiSHlJ8D;1,85E+18;https://pbs.twimg.com/media/GbXXA91acAAXoIr.jpg;;in;;0;0;0;https://x.com/undefined/status/1852623236145787080;868062012;
1,85E+18;Sat Nov 02 08:06:11 +0000 2024;0;makan indomie 2 bungkus sebagai bentuk solidaritas terhadap sesama kelompok buruh @NewJeans_ADOR;1,85E+18;;;in;;0;0;0;https://x.com/undefined/status/1852623222833107320;1,81E+18;
1,85E+18;Sat Nov 02 08:06:02 +0000 2024;1;Banyak banget semua billboard Indomie x Newjeans bener2 global ambassador ya. https://t.co/3fYJzNAXvB;1,85E+18;https://pbs.twimg.com/media/GbXW-AGboAAZ5-b.jpg;;in;;0;0;0;https://x.com/undefined/status/1852623185537290633;1,84E+18;
1,85E+18;Sat Nov 02 08:05:58 +0000 2024;1;Billboard Indomie x NewJeans di depan kantor! Gak bisa berhenti senyum hype ini bener-bener kerasa! https://t.co/ewCLBlpAZ9;1,85E+18;https://pbs.twimg.com/media/GbXW9Ifb0AAQb4b.jpg;;in;;0;0;0;https://x.com/undefined/status/1852623169708077264;1,76E+18;
1,85E+18;Sat Nov 02 08:05:45 +0000 2024;0;Keren banget deh Billboard Indomie NewJeans Takeover Jakarta ada disetiap jalan yang dilewatin https://t.co/kWtD8xOyn7;1,85E+18;https://pbs.twimg.com/media/GbXW6CjaIAAl2mj.jpg;;in;;0;0;0;https://x.com/undefined/status/1852623116695920848;7,54E+17;
1,85E+18;Sat Nov 02 08:05:32 +0000 2024;0;Ini billboard indomie x NewJeans kok ada dimana mana wahh ini mah BA ter the best sih menurut aku https://t.co/udXCxwWFwn;1,85E+18;https://pbs.twimg.com/media/GbXW2xYbIAAUBsY.jpg;;in;;0;0;0;https://x.com/undefined/status/1852623061109149847;1,71E+18;
1,85E+18;Sat Nov 02 08:05:27 +0000 2024;0;wah keren banget nih kolaborasinya jadi seneng juga kalo jalan liat nih Billboard Indomie x NewJeans Takeover Jakarta https://t.co/d6quhOMsqn;1,85E+18;https://pbs.twimg.com/media/GbXW0_GbEAAX6-o.jpg;;in;;0;0;0;https://x.com/undefined/status/1852623040216990115;1,49E+18;
1,85E+18;Sat Nov 02 08:05:10 +0000 2024;1;Baru pulang dari kantor dan di sepanjang jalan ada Indomie x NewJeans. Ayo siapa yang udah cobain? https://t.co/FwcnPPIL9i;1,85E+18;https://pbs.twimg.com/media/GbXWxczbIAAE1hM.jpg;;in;;0;0;0;https://x.com/undefined/status/1852622970260279448;1,74E+18;
1,85E+18;Sat Nov 02 08:05:10 +0000 2024;0;Aaaak bunnies loookkkk!! Our favorite girls jadi Global Ambbasadornya our favorite noodles Indomie x Newjeans Takeover Jakarta ini namanyaa https://t.co/PeZqv2pNCn;1,85E+18;https://pbs.twimg.com/media/GbXWxNEa4AAoWJK.jpg;;in;;0;0;0;https://x.com/undefined/status/1852622967374762430;1,67E+18;
1,85E+18;Sat Nov 02 08:05:01 +0000 2024;0;Waw ada newjeans x indomie dimana2. Kolaborasi yg bombastis banget deh https://t.co/1tzyjveoKJ;1,85E+18;https://pbs.twimg.com/media/GbXWvT8aMAAysIl.jpg;;in;;0;0;0;https://x.com/undefined/status/1852622932750815696;1,80E+18;
1,85E+18;Sat Nov 02 08:04:53 +0000 2024;0;Jadi pengen nyobain indomie yg baru karena collabs sama NewJeans hihihi billboardnya dimana2 euyy https://t.co/bSMiQo7QF4;1,85E+18;https://pbs.twimg.com/media/GbXWo0dasAAho5S.jpg;;in;;0;0;0;https://x.com/undefined/status/1852622899154461089;1,81E+18;
1,85E+18;Sat Nov 02 08:04:51 +0000 2024;0;pulang kerha eh Billboard Indomie NewJeans Takeover Jakarta ada d sudut mna² nih keren nih kolaborasinya https://t.co/f9ad69bjjO;1,85E+18;https://pbs.twimg.com/media/GbXWssKbAAAYAfm.jpg;;in;;0;0;0;https://x.com/undefined/status/1852622887708234150;1,82E+18;
1,85E+18;Sat Nov 02 08:04:31 +0000 2024;0;pacar gw pada cakep cakep banget deh bikin makin semangat menjalani hari gara gara liat Billboard Indomie NewJeans Takeover Jakarta https://t.co/X9CAkni0T5;1,85E+18;https://pbs.twimg.com/media/GbXWnxAbQAAJqB9.jpg;;in;;0;0;0;https://x.com/undefined/status/1852622803331416345;1277303076;
1,85E+18;Sat Nov 02 08:04:22 +0000 2024;0;Akhirnya yg dinanti datang juga BillBoard Indomie NewJeans TakeOver Jakarta jd gk sabar nunggu Indomie yg baru https://t.co/IwT5f9djpC;1,85E+18;https://pbs.twimg.com/media/GbXWlv9aQAA1PcB.jpg;;in;;0;0;0;https://x.com/undefined/status/1852622768468357559;1,84E+18;
1,85E+18;Sat Nov 02 08:04:12 +0000 2024;0;Gak expect liat Billboard Indomie NewJeans Takeover Jakarta di jalan ihh tadii keren bangettt https://t.co/feqNL4mKy7;1,85E+18;https://pbs.twimg.com/media/GbXWinnaUAAmTa0.jpg;;in;;0;0;0;https://x.com/undefined/status/1852622727020163470;1,79E+18;
1,85E+18;Sat Nov 02 08:04:08 +0000 2024;0;Tadi niatnya mau ke mall ehh disetiap titik ada billboard nya indomie x NewJeans behhh jadi penasaran mau coba https://t.co/zk7EooR28Q;1,85E+18;https://pbs.twimg.com/media/GbXWiQ1boAA8sO5.jpg;;in;;0;0;0;https://x.com/undefined/status/1852622708858900534;1,82E+18;
1,85E+18;Sat Nov 02 08:04:07 +0000 2024;0;ada apa jih ada cewe2 cantiknya aku dijalan ternyata oh ternyata Billboard Indomie NewJeans Takeover Jakarta keren nih kolaborasinya https://t.co/c4ZVEDMZ04;1,85E+18;https://pbs.twimg.com/media/GbXWhqTbQAEBkIF.jpg;;in;;0;0;0;https://x.com/undefined/status/1852622705021096132;1,46E+18;
1,85E+18;Sat Nov 02 08:03:44 +0000 2024;0;Gue kira cuma ada satu dua billboard NewJeans x Indomie eh ternyata bener-bener di setiap sudut kota Jakarta https://t.co/gOjmfVKWkQ;1,85E+18;https://pbs.twimg.com/media/GbXWW-8aQAAAGRU.jpg;;in;;0;0;0;https://x.com/undefined/status/1852622608606625860;1,71E+18;
1,85E+18;Sat Nov 02 08:03:38 +0000 2024;0;Aku salfok liat Billboard Indomie NewJeans Takeover Jakarta ada dimana mana nihh keren banget dehh https://t.co/RwnplTTCaD;1,85E+18;https://pbs.twimg.com/media/GbXWbF2aEAAFRNK.jpg;;in;;0;0;0;https://x.com/undefined/status/1852622584812036287;1,67E+18;
1,85E+18;Sat Nov 02 08:03:06 +0000 2024;0;Wowww gebrakan apalagi ini pulang gawe banyak berseliweran Indomie x Newjeans dimana2 ini gue motoin Billboard yg di Menteng https://t.co/8rKS1vts4U;1,85E+18;https://pbs.twimg.com/media/GbXWS98acAAKBjq.jpg;;in;;0;0;0;https://x.com/undefined/status/1852622447360856520;1,67E+18;
1,85E+18;Sat Nov 02 08:02:31 +0000 2024;0;lagi jalan malah ada yg bikin salfok ternyata itu Billboard Indomie NewJeans Takeover Jakarta wah keren banget nih https://t.co/YMaPnDYZon;1,85E+18;https://pbs.twimg.com/media/GbXWKgbbgAEqojX.jpg;;in;;0;0;0;https://x.com/undefined/status/1852622303865065677;1,46E+18;
1,85E+18;Sat Nov 02 08:02:13 +0000 2024;0;Keren gk tuh BillBoard Indomie NewJeans TakeOver Jakarta gk sabar banget nunggu gebrakan selanjutnya https://t.co/3SKAS9yKD8;1,85E+18;https://pbs.twimg.com/media/GbXWGETbwAAkccy.jpg;;in;;0;0;0;https://x.com/undefined/status/1852622224529793096;1,82E+18;
1,85E+18;Sat Nov 02 08:02:03 +0000 2024;0;Salfok liat billboard di Bundaran HI ada Indomie X NewJeans https://t.co/GTpmNb2F87;1,85E+18;https://pbs.twimg.com/media/GbXVyPFbMAAGwCS.jpg;;in;;0;0;0;https://x.com/undefined/status/1852622183379652901;1,81E+18;
1,85E+18;Sat Nov 02 08:02:03 +0000 2024;0;liat minji ga cakep banget bikin mata jadi seger deh liat Billboard Indomie NewJeans Takeover Jakarta https://t.co/iClENiQyAw;1,85E+18;https://pbs.twimg.com/media/GbXWDmsbQAAwcij.jpg;;in;;0;0;0;https://x.com/undefined/status/1852622182679200174;1689233754;
1,85E+18;Sat Nov 02 08:01:53 +0000 2024;0;Pas lagi keluar lewat HI ada billboard di bundaran HI Indomie x Newjeans semua. https://t.co/swiTFs0qPY;1,85E+18;https://pbs.twimg.com/media/GbXWBQRbsAACNzv.jpg;;in;;0;0;0;https://x.com/undefined/status/1852622142753648786;1,84E+18;
1,85E+18;Sat Nov 02 08:01:48 +0000 2024;0;Pas lagi jalan gak nyangka billboard NewJeans x Indomie segede itu! Bangga banget sama brand lokal https://t.co/Q4TMVurLnn;1,85E+18;https://pbs.twimg.com/media/GbXVrG8acAAnIlg.jpg;;in;;0;0;0;https://x.com/undefined/status/1852622123069800912;1,81E+18;
1,85E+18;Sat Nov 02 08:01:20 +0000 2024;0;bangga banget deh sekarang liat Billboard Indomie NewJeans Takeover Jakarta makin dikenal banyak orang nih Indomie https://t.co/LE5JkkTVLm;1,85E+18;https://pbs.twimg.com/media/GbXV5MTa4AElOwY.jpg;;in;;0;0;0;https://x.com/undefined/status/1852622004689818002;1619669102;
1,85E+18;Sat Nov 02 08:01:01 +0000 2024;0;Jalan-jalan di Jakarta semua sudut ada billboard Indomie x NewJeans Bikin bangga banget! https://t.co/sVpROBBYbY;1,85E+18;https://pbs.twimg.com/media/GbXV0s3boAAFYpi.jpg;;in;;0;0;0;https://x.com/undefined/status/1852621926172340530;1,74E+18;
1,85E+18;Sat Nov 02 08:00:54 +0000 2024;0;ini Billboard Indomie NewJeans Takeover Jakarta ada dimna mna jdi makin penasan nih pengen nyobain https://t.co/IUBGBMuvdk;1,85E+18;https://pbs.twimg.com/media/GbXVyqbawAA2EET.jpg;;in;;0;0;0;https://x.com/undefined/status/1852621896233504819;1,82E+18;
1,85E+18;Sat Nov 02 08:00:03 +0000 2024;0;weh udah pada liat belum sih Billboard Indomie NewJeans Takeover Jakarta jadi penasaran sama rasa mi nya https://t.co/hR8qjmh59G;1,85E+18;https://pbs.twimg.com/media/GbXVmdzbYAANskI.jpg;;in;;0;0;0;https://x.com/undefined/status/1852621681833259091;1467245515;
1,85E+18;Sat Nov 02 07:59:42 +0000 2024;0;wah Indomie ada yg baru fixs harus cobain penasaran sama rasanya ... Liat iklannya di Billboard Indomie Newjeans Take Over Jakarta keren sih kolaborasinya https://t.co/PfI0zPXcdt;1,85E+18;https://pbs.twimg.com/media/GbXVgl9bwAABoFt.jpg;;in;;0;0;0;https://x.com/undefined/status/1852621594792702199;1,79E+18;
1,85E+18;Sat Nov 02 07:59:41 +0000 2024;1;Shik shak shok dikit ga ngaruh liat adek2 Newjeans jadi Global Ambbasadornya Indomie ampe billboardnya nyebar seantero Jakarta https://t.co/XC5vXZVtwq;1,85E+18;https://pbs.twimg.com/media/GbXVg-3aQAAc6TK.jpg;;in;;0;0;0;https://x.com/undefined/status/1852621587008422297;1,67E+18;
1,85E+18;Sat Nov 02 07:59:09 +0000 2024;0;Gk nyangka banget bakal sekeren ini BillBoard Indomie NewJeans Takeover Jakarta akhirnya terlaksana jga https://t.co/5IBwQxxyov;1,85E+18;https://pbs.twimg.com/media/GbXVZZ4b0AAPm8G.jpg;;in;;0;0;0;https://x.com/undefined/status/1852621456402006125;1,82E+18;
1,85E+18;Sat Nov 02 07:58:05 +0000 2024;0;kaget bner liat Billboard Indomie NewJeans Takeover Jakarta ada d mna mana ahh gemess deh https://t.co/AGAI1tvnMQ;1,85E+18;https://pbs.twimg.com/media/GbXVJNObYAATy8t.jpg;;in;;0;0;0;https://x.com/undefined/status/1852621185013764486;1,74E+18;
1,85E+18;Sat Nov 02 07:58:02 +0000 2024;0;Gak sangka Indomie x NewJeans ngehype banget billboardnya literally ada di mana-mana https://t.co/4PNiA6Ly3R;1,85E+18;https://pbs.twimg.com/media/GbXUvmOaEAA-tRK.jpg;;in;;0;0;0;https://x.com/undefined/status/1852621172342407494;1,80E+18;
1,85E+18;Sat Nov 02 07:57:51 +0000 2024;0;pulang kerja lagi mendung malah liat Billboard Indomie NewJeans Takeover Jakarta jadi cerah lagi deh idup gw https://t.co/bNIUnnRNeu;1,85E+18;https://pbs.twimg.com/media/GbXVGAja0AAkBjA.jpg;;in;;0;0;0;https://x.com/undefined/status/1852621125496279477;2150087088;
1,85E+18;Sat Nov 02 07:57:45 +0000 2024;0;Salfok pas lagi keliling jakarta ngeliat newjeans x indomie https://t.co/4AdbeCjgLu;1,85E+18;https://pbs.twimg.com/media/GbXVE0wacAAl4J9.jpg;;in;;0;0;0;https://x.com/undefined/status/1852621102901518383;1,81E+18;
1,85E+18;Sat Nov 02 07:57:19 +0000 2024;0;dimana mana liat NewJeans emang Brand Ambassador paling mantep sih ini Billboard Indomie NewJeans Takeover Jakarta https://t.co/fvnEknoBn3;1,85E+18;https://pbs.twimg.com/media/GbXU-amaQAAKegz.jpg;;in;;0;0;0;https://x.com/undefined/status/1852620994046763412;1,43E+18;
1,85E+18;Sat Nov 02 07:57:13 +0000 2024;0;Wahhh keren banget nihh brand Indonesia meroket dunia. Indomie emang the best dehh bisa collab sama NewJeans https://t.co/1XJjOTWMGb;1,85E+18;https://pbs.twimg.com/media/GbXU84XbkAA8msF.jpg;;in;;0;0;0;https://x.com/undefined/status/1852620967656497560;7,62E+17;
1,85E+18;Sat Nov 02 07:57:01 +0000 2024;0;Iiii sumpah gemes banget liat yang terpampang nyata Billboard Indomie Newjeans Takeover Jakarta https://t.co/xZl6WS1Wyy;1,85E+18;https://pbs.twimg.com/media/GbXU6Daa8AAe1hS.jpg;;in;;0;0;0;https://x.com/undefined/status/1852620918096593000;1,85E+18;
1,85E+18;Sat Nov 02 07:55:21 +0000 2024;9;yay finally ketemu krl yang ada newjeansnya #OhMyGoodItsIndomie https://t.co/22hpvDNf4T;1,85E+18;https://pbs.twimg.com/media/GbXUgNHbMAAMuHh.jpg;;in;;0;0;0;https://x.com/undefined/status/1852620499387658640;1,43E+18;
1,85E+18;Sat Nov 02 07:54:00 +0000 2024;0;wah Billboard Indomie NewJeans Takeover Jakarta ada dimna mana ini keren https://t.co/kDQDGJsIRg;1,85E+18;https://pbs.twimg.com/media/GbXUNt4aEAAzJgB.jpg;;in;;0;0;0;https://x.com/undefined/status/1852620160487846204;1,75E+18;
1,85E+18;Sat Nov 02 07:53:40 +0000 2024;0;Baru sadar tiap lewat ada billboard Indomie x NewJeans bangga banget liat kolaborasi lokal segede ini https://t.co/fjqPLOsNnF;1,85E+18;https://pbs.twimg.com/media/GbXUEjFaoAA2mKv.jpg;;in;;0;0;0;https://x.com/undefined/status/1852620074495906168;1,80E+18;
1,85E+18;Sat Nov 02 07:45:53 +0000 2024;0;@Mignji mauu dong makan indomie bareng newjeans aku otw yaa;1,85E+18;;Kinju;in;;0;1;0;https://x.com/undefined/status/1852618117152952418;2606934565;
1,85E+18;Sat Nov 02 07:08:00 +0000 2024;0;Tidak menyesal menjadi casual listenernya NewJeans Indomie berjasa besar untukku dan keluargaku tauk ️;1,85E+18;;;in;;0;0;0;https://x.com/undefined/status/1852608582862463341;2835582397;
1,85E+18;Sat Nov 02 07:04:48 +0000 2024;0;@fallforseungmin Wrwrwrwr ku kepo Indomie newjeans please wrwrwrwr;1,85E+18;;fallforseungmin;in;;0;1;0;https://x.com/undefined/status/1852607777363169293;1,48E+18;
1,85E+18;Sat Nov 02 06:38:00 +0000 2024;0;@dimzyyyyyyy @newjeans_loop Makan Indomie dlu;1,85E+18;;dimzyyyyyyy;in;;0;1;0;https://x.com/undefined/status/1852601034679681383;1,43E+18;
1,85E+18;Sat Nov 02 06:29:23 +0000 2024;9;yeah saatnya pulang ke bogor #OhMyGoodItsIndomie https://t.co/Tkn5Hnz0UP;1,85E+18;https://pbs.twimg.com/media/GbXA1e6aEAA9Bm1.jpg;;in;;1;0;0;https://x.com/undefined/status/1852598863074656559;1,43E+18;
1,85E+18;Sat Nov 02 06:16:52 +0000 2024;0;pengen nyobain Indomie newjeans;1,85E+18;;;in;;0;0;0;https://x.com/undefined/status/1852595715253625295;1,55E+18;
1,85E+18;Sat Nov 02 06:07:19 +0000 2024;0;Pas banget turun dari busway di sambut New Jeans #OhMyGoodItsIndomie https://t.co/vPKk1CkBjV;1,85E+18;https://pbs.twimg.com/media/GbW7yiJbkAA2LKl.jpg;;in;;0;0;0;https://x.com/undefined/status/1852593311678181847;2313029310;
1,85E+18;Sat Nov 02 05:44:07 +0000 2024;0;pen indomie newjeans sumpah;1,85E+18;;;in;;0;0;0;https://x.com/undefined/status/1852587472485753279;1,69E+18;
1,85E+18;Sat Nov 02 05:31:40 +0000 2024;0;@matthwnk kmrin ini beli di bazaar indomie x newjeans;1,85E+18;;matthwnk;in;;0;0;0;https://x.com/undefined/status/1852584339315572885;2602639954;
1,85E+18;Sat Nov 02 05:26:28 +0000 2024;2;NewJeans jadi Global Ambassador Indomie! Sekaligus Indomie baru aja launching 3 varian baru Korean Ramyeon Series. Yuk ke Oh My Good World Indomie di Main Atrium Gandaria City dari tanggal 31 Oktober sampai 3 November! #OhMyGoodItsIndomie #IndomieKoreanSeries #Indomie #NewJeans https://t.co/RPGQ01yP2A;1,85E+18;https://pbs.twimg.com/ext_tw_video_thumb/1852582887138414592/pu/img/ukJKqj0KBlsL4wEg.jpg;;in;;0;0;1;https://x.com/undefined/status/1852583028968603664;1644286464;
1,85E+18;Sat Nov 02 05:25:52 +0000 2024;0;mau nyoba indomie x newjeans tapi gw mau puasa makan mie... ;1,85E+18;;;in;;0;0;0;https://x.com/undefined/status/1852582880045576455;1,66E+18;
1,85E+18;Sat Nov 02 05:12:36 +0000 2024;0;oaaaalah sebelum ngeliat iklan newjeans indomie gue ke warung terus di tawarin indomie rasa korea varian baru sama Oma pemilik warungnya terus nanti aja oma aku masih banyak stock indomie otw beli‍↕️;1,85E+18;;;in;;0;0;0;https://x.com/undefined/status/1852579540327133499;1,53E+18;
1,85E+18;Sat Nov 02 05:08:11 +0000 2024;0;rekomendasi tas wanita paling dicari cocok buat kondangan ngedate bareng calon mertua OOTD depan kaca hm apalagi ya harganya ga sampe 100ribu beli disini aja https://t.co/2p4y4PRjAl #SekaliLagi Prilly Latuconsina Indomie newjeans CULT #enhypen #jungkook Tom Lembong LPDP https://t.co/12HkG1IAyb;1,85E+18;https://pbs.twimg.com/media/GbWtv6CbMAAqsqB.png;;in;;0;0;0;https://x.com/undefined/status/1852578430027698199;1,71E+18;
1,85E+18;Sat Nov 02 05:04:41 +0000 2024;1;Hi aku open jastip indomie x new jeans Indomie korean ramyeon series. Jastip paket bag pvc 10k aja ya feenya jadi total 40k bisa dicariin mau yang warna biru pink putih atau oren #zonauang #zonajajan #indomiekoreanramyeon #indomienewjeans #newjeans https://t.co/MoIbywP04B;1,85E+18;https://pbs.twimg.com/media/GbWtdBxbkAAQq0Q.jpg;;in;;0;2;0;https://x.com/undefined/status/1852577548552774111;1,29E+18;
1,85E+18;Sat Nov 02 04:57:23 +0000 2024;0;Knezt #SekaliLagi #jhope Asnawi Halloween Prilly Latuconsina JOONGDUNK x iQIYITH #2024MAMAAWARDS indomie newjeans Coblos Botaknya #2024MAMAVOTE #GalaxyZLeaders #enhypen #treasure #benkurabu Liverpool https://t.co/oOfWqSX99l;1,85E+18;;;in;;0;0;0;https://x.com/undefined/status/1852575712315854934;1,56E+18;
1,85E+18;Sat Nov 02 04:50:43 +0000 2024;0;Bunuh diri adalah orang yang makan Indomie Ramyeon x NewJeans yang biru ditambah irisan cabai 5 biji.;1,85E+18;;;in;;0;0;0;https://x.com/undefined/status/1852574035517055206;1,80E+18;
1,85E+18;Sat Nov 02 04:33:43 +0000 2024;57;Kremy di jalan setiap lewatin iklan indomie x newjeans https://t.co/v1Hrxr5v9e;1,85E+18;https://pbs.twimg.com/tweet_video_thumb/GbWmXo1bAAAbuW9.jpg;;in;;0;0;9;https://x.com/undefined/status/1852569756135772374;2877997154;
1,85E+18;Sat Nov 02 04:25:18 +0000 2024;0;Event newjeans x indomie yang di gandaria city sampe tanggal berapa deh?;1,85E+18;;;in;;0;0;0;https://x.com/undefined/status/1852567639056593308;1,78E+18;
1,85E+18;Sat Nov 02 04:23:47 +0000 2024;1;Udah cobain enak semuaaaaaa #OhMyGoodItsIndomie https://t.co/be7K1NN09Z;1,85E+18;https://pbs.twimg.com/media/GbWkGIzawAAzzHp.jpg;;in;;0;0;0;https://x.com/undefined/status/1852567256569614583;2209816669;
1,85E+18;Sat Nov 02 04:18:28 +0000 2024;28;MIN MAU PHOTOCARD LAGU INDOMIE X NEWJEANS &amp;;;;;;;;;;;
1,85E+18;Sat Nov 02 04:12:54 +0000 2024;0;@NewJeans_ADOR @Indomielovers Kalo newjeans konser di indo berarti ada stand food indomie lah ya gpp bagus spy kenyang;1,85E+18;;NewJeans_ADOR;in;;0;0;0;https://x.com/undefined/status/1852564517785628751;362622232;
1,85E+18;Sat Nov 02 04:06:55 +0000 2024;0;Knezt #SekaliLagi #jhope Asnawi Halloween Prilly Latuconsina JOONGDUNK x iQIYITH #2024MAMAAWARDS indomie newjeans Coblos Botaknya #2024MAMAVOTE #GalaxyZLeaders #enhypen #treasure #benkurabu Liverpool https://t.co/y4Mu3EgCFB;1,85E+18;;;in;;0;0;0;https://x.com/undefined/status/1852563013125189915;1,56E+18;
1,85E+18;Sat Nov 02 04:01:52 +0000 2024;1;Eks Dubes Indonesia Yakin Tom Lembong Tidak Korupsi - - - - - - - TAG: Prilly Latuconsina | Tom Lembong | Garuda Calling | Cipondoh | #SekaliLagi | GET WELL SOON KAI | LPDP | indomie newjeans | Polri | Prabowo https://t.co/IB872WvvjA;1,85E+18;https://pbs.twimg.com/ext_tw_video_thumb/1852555632559431680/pu/img/UUsVpoeaoVBVil_U.jpg;;in;;0;0;0;https://x.com/undefined/status/1852561739050786933;1,56E+18;
1,85E+18;Sat Nov 02 03:51:27 +0000 2024;0;kemarin mogu mogu x svt ada di krl skrng newjeans x indomie LUCUUU SEKALIIIII ini mah gue betah di krl;1,85E+18;;;in;;0;0;0;https://x.com/undefined/status/1852559118294556759;1,58E+18;
1,85E+18;Sat Nov 02 03:39:31 +0000 2024;0;Hah? Kaget liat newjeans di tv iklan indomie wkwkwkwk;1,85E+18;;;in;;0;0;0;https://x.com/undefined/status/1852556117538484415;137984084;
1,85E+18;Sat Nov 02 03:21:23 +0000 2024;0;indomie x newjeans yg varian spicy ramyeon enak bgt mampus!!!! apalagi kalo makannya pas lagi flu beuhhhh sedep ;1,85E+18;;;in;;0;1;0;https://x.com/undefined/status/1852551550427619375;1,57E+18;
1,85E+18;Sat Nov 02 02:45:35 +0000 2024;0;buset woi kmrn newjeans tbtb jd BA indomie skrg jaejoong masak telur gulung besok apa lagi? ;1,85E+18;;;in;;0;0;0;https://x.com/undefined/status/1852542544468652081;1,73E+18;
1,85E+18;Sat Nov 02 02:45:30 +0000 2024;0;Buat temen2 pppk nih yang bentar lagi mau tes CAT BELAJAR SOAL KOMPETENSI MANAJERIAL PPPK 2024 (Part. 1) https://t.co/lbUFDNdYPD Tags #GalaxyZLeaders #2024MAMAVote THANK YOU LEE HAECHAN #ENHYPEN Halloween LPDP Prilly Latuconsina indomie newjeans prabowo wujudkan nkri maju;1,85E+18;;;in;;0;0;0;https://x.com/undefined/status/1852542520561164715;1,11E+18;
1,85E+18;Sat Nov 02 02:33:38 +0000 2024;220;Indomie SeleeEeraAaku~ Kim Minji calon istriku #OhMyGoodItsIndomie https://t.co/U7fXG5l5YH;1,85E+18;https://pbs.twimg.com/media/GbWK3xhaoAANjHI.jpg;;in;;2;4;25;https://x.com/undefined/status/1852539534359347627;1,70E+18;
1,85E+18;Sat Nov 02 02:32:21 +0000 2024;0;Oke gua jadi tau nama member newjeans yg di posisi tengah di video iklan indomie;1,85E+18;;;in;;0;0;0;https://x.com/undefined/status/1852539214635966705;343830225;
1,85E+18;Sat Nov 02 02:30:48 +0000 2024;0;Eh penasaran sama indomie yg newjeans itu tapi kayanya masuk sini masih lama;1,85E+18;;;in;;0;0;0;https://x.com/undefined/status/1852538823764513168;1,13E+18;
1,85E+18;Sat Nov 02 02:16:38 +0000 2024;0;gusy yg mau cobain INDOMIE NEWJEANS beli di aku aja yuk banyak bgt stoknya dirumah dan org rumah gaada yg suka pedes woe wts indomie newjeans UNDERPRICE dialfa 6.000 - 6.500 gw jual goceng ajaa malah beli 5 jd cuma 4ribuan yuk CO #ohmygooditsindomie https://t.co/AbXig9y4Y0;1,85E+18;;;in;;0;0;0;https://x.com/undefined/status/1852535255615615022;1,34E+18;
1,85E+18;Sat Nov 02 02:03:23 +0000 2024;0;HARI INI PAKE KRL jadi ak mungkin bisa liat ads newjeans indomie ^__^;1,85E+18;;;in;;0;0;0;https://x.com/undefined/status/1852531924503560614;1,75E+18;
1,85E+18;Sat Nov 02 01:29:58 +0000 2024;0;@dentyra @NewJeans_ADOR @Indomielovers Zayyan kapan yak indomie dan yupi;1,85E+18;;dentyra;in;;0;1;0;https://x.com/undefined/status/1852523514978541906;1,74E+18;
1,85E+18;Sat Nov 02 01:26:09 +0000 2024;0;beli indomie yang edisi newjeans bisa dapet danielle ngga?;1,85E+18;;;in;;0;1;0;https://x.com/undefined/status/1852522553153306909;1,79E+18;
1,85E+18;Sat Nov 02 01:21:09 +0000 2024;0;bjir lah enak bgt masakan acu ahayy #OhMyGoodItsIndomie https://t.co/EPvJg4nQHd;1,85E+18;https://pbs.twimg.com/media/GbV6QleboAA3WnJ.jpg;;in;;0;0;0;https://x.com/undefined/status/1852521293993976220;1,80E+18;
1,85E+18;Sat Nov 02 01:20:33 +0000 2024;0;Indomie newjeans ga enak wkwkwkw;1,85E+18;;;in;;0;0;0;https://x.com/undefined/status/1852521143984627833;79994154;
1,85E+18;Sat Nov 02 01:18:14 +0000 2024;402;@pretzeldiaries kasian kepanasan sendiri blm aja itu bungkus indomie ada muka newjeans;1,85E+18;;pretzeldiaries;in;;0;2;3;https://x.com/undefined/status/1852520562792481268;1,46E+18;
1,85E+18;Sat Nov 02 01:15:00 +0000 2024;0;Indomie produsen mi instan asal Indonesia bekerja sama dengan NewJeans grup musik pop Korea. #Nusantara #AdadiKompas https://t.co/t53DfLxF4l;1,85E+18;;;in;;0;0;0;https://x.com/undefined/status/1852519746564231513;255866913;
1,85E+18;Sat Nov 02 01:13:13 +0000 2024;0;Meskipun banyak teori Aristoteles dikemudian hari ternyata keliru [1] namun pendapatnya bertahan hingga 2000 tahun kemudian https://t.co/grLnRAaC9B Trending: Garuda Calling Asnawi dendi marzuki LPDP Sayuri Ernando Malik indomie newjeans My MAMA Padang Erik I STAND with Palestine;1,85E+18;;;in;;0;0;0;https://x.com/undefined/status/1852519300051149128;9,14E+17;
1,85E+18;Sat Nov 02 01:11:02 +0000 2024;48;Akhirnyaaaaa.... Demi anak-anak gemes @NewJeans_ADOR Btw min @Indomielovers K-Rose nya bisa di edarin lagi ga? Daripada aku ngeces pengen nyobain juga #OhMyGoodItsIndomie https://t.co/vncaF2G8xu;1,85E+18;https://pbs.twimg.com/media/GbV33EVa4AAdFKX.jpg;;in;;0;5;4;https://x.com/undefined/status/1852518746717565034;63616336;
1,85E+18;Fri Nov 01 15:54:20 +0000 2024;0;@matapancingwink @bananachuchu13 belom gua nunggu indomie varian korea ngeluarin photocard member newjeans dulu. biar win win;1,85E+18;;matapancingwink;in;;0;1;0;https://x.com/undefined/status/1852378649711853617;7,43E+17;
1,85E+18;Fri Nov 01 15:39:56 +0000 2024;0;Prediksi Charlotte FC vs Orlando City di MLS 2 November 2024 --------- Prilly Latuconsina #SekaliLagi Tom Lembong KELAKUAN 2024 GET WELL SOON KAI Cipondoh indomie newjeans #PersibDay Kejagung https://t.co/A305iaN2mi;1,85E+18;;;in;;0;0;0;https://x.com/undefined/status/1852375024889442586;1,58E+18;
1,85E+18;Fri Nov 01 15:39:04 +0000 2024;0;Prediksi Monaco vs Angers di Liga 1 Prancis 2 November 2024 --------- Prilly Latuconsina #SekaliLagi Tom Lembong KELAKUAN 2024 GET WELL SOON KAI Cipondoh indomie newjeans #PersibDay Kejagung https://t.co/WWUTUcWFKQ;1,85E+18;;;in;;0;0;0;https://x.com/undefined/status/1852374806773321962;1,58E+18;
1,85E+18;Fri Nov 01 15:38:28 +0000 2024;0;Prediksi Sporting Lisbon vs Estrela Amadora di Liga Portugal 2 November 2024 --------- Prilly Latuconsina #SekaliLagi Tom Lembong KELAKUAN 2024 GET WELL SOON KAI Cipondoh indomie newjeans #PersibDay Kejagung https://t.co/17ScXOnk9M;1,85E+18;;;in;;0;0;0;https://x.com/undefined/status/1852374659682967990;1,58E+18;
1,85E+18;Fri Nov 01 15:35:10 +0000 2024;21;spiecy ramyeon minji-ah~ ramyeon meokgo gallae?️ reviewnya enak kok. Bummbunya pas bunnies bilang pedes tapi menurutku gak terlalu pedes sih. standart pedes nya level 1 oh ya itu aku tambahin telor sawi sama enoki #ohmygooditsindomie https://t.co/TTSYdDmHk5;1,85E+18;https://pbs.twimg.com/media/GbT0LMBXcAAL1aO.jpg;;in;;0;4;1;https://x.com/undefined/status/1852373825482072416;1,55E+18;
1,85E+18;Fri Nov 01 15:16:07 +0000 2024;0;entah tiap ke indoapril ngeliat indomie korean series ga tertarik tapi karna koleb ama newjeans gue pen nyoba dah...;1,85E+18;;;in;;1;0;0;https://x.com/undefined/status/1852369032009404788;1,33E+18;
1,85E+18;Fri Nov 01 15:07:35 +0000 2024;0;Prediksi Luton Town vs West Bromwich Albion di Championship 2 November 2024 ------- Prilly Latuconsina #SekaliLagi Tom Lembong KELAKUAN 2024 GET WELL SOON KAI Cipondoh indomie newjeans #PersibDay Kejagung https://t.co/XjxHQKqlNA;1,85E+18;;;in;;0;0;0;https://x.com/undefined/status/1852366885494685830;1,58E+18;
1,85E+18;Fri Nov 01 15:07:03 +0000 2024;0;Prediksi Bayer Leverkusen vs Stuttgart di Bundesliga Jerman 2 November 2024 ------- Prilly Latuconsina #SekaliLagi Tom Lembong KELAKUAN 2024 GET WELL SOON KAI Cipondoh indomie newjeans #PersibDay Kejagung https://t.co/voht13cJmg;1,85E+18;;;in;;0;0;0;https://x.com/undefined/status/1852366750119338147;1,58E+18;
1,85E+18;Fri Nov 01 15:04:48 +0000 2024;0;pengen nyobain indomie newjeans di alfa udah banyak kah;1,85E+18;;;in;;0;3;0;https://x.com/undefined/status/1852366184815222883;1,36E+18;
1,85E+18;Fri Nov 01 15:03:38 +0000 2024;0;@Indomielovers min kalo beli indomie all varian dapet photocard member newjeans gaaa? ;1,85E+18;;Indomielovers;in;;0;0;0;https://x.com/undefined/status/1852365890949616097;7,43E+17;
1,85E+18;Fri Nov 01 14:59:18 +0000 2024;0;@LovelyPhams niaa indomie newjeans yg ga pedes yg mana ya?;1,85E+18;;xabiwru;in;;0;1;0;https://x.com/undefined/status/1852364802011848905;1,52E+18;
1,85E+18;Fri Nov 01 14:54:03 +0000 2024;0;Gandeng NewJeans Jadi BA Indomie Rilis Mie Instan Rasa Korea Ini https://t.co/1H2k2CXmB0;1,85E+18;;;in;;0;0;0;https://x.com/undefined/status/1852363479736594681;1,35E+18;
1,85E+18;Fri Nov 01 14:50:10 +0000 2024;0;Prediksi Alaves vs Mallorca di La Liga spanyol 2 November 2024 --------- Prilly Latuconsina #SekaliLagi Tom Lembong KELAKUAN 2024 GET WELL SOON KAI Cipondoh indomie newjeans #PersibDay Kejagung https://t.co/tOMpqzprjr;1,85E+18;;;in;;0;0;0;https://x.com/undefined/status/1852362502572831053;1,58E+18;
1,85E+18;Fri Nov 01 14:49:37 +0000 2024;0;Prediksi Al-Nassr vs Al-Hilal di Liga Arab Saudi 2 November 2024 --------- Prilly Latuconsina #SekaliLagi Tom Lembong KELAKUAN 2024 GET WELL SOON KAI Cipondoh indomie newjeans #PersibDay Kejagung https://t.co/wmfYeXP9VI;1,85E+18;;;in;;0;0;0;https://x.com/undefined/status/1852362365096141170;1,58E+18;
1,85E+18;Fri Nov 01 14:46:28 +0000 2024;1;nyobain indomie dimasakin zz wening newjeans https://t.co/uPMpzqepGg;1,85E+18;https://pbs.twimg.com/media/GbTpBn6bwAA9ywG.jpg;;in;;0;1;1;https://x.com/undefined/status/1852361570866934252;1240495490;
1,85E+18;Fri Nov 01 14:37:15 +0000 2024;4;Bbangsaz : ramyeon meokgo gallae? #OhMyGoodItsIndomie https://t.co/Jz38ArMxtQ;1,85E+18;https://pbs.twimg.com/media/GbTm6VEaUAAwGcG.jpg;;in;;0;0;0;https://x.com/undefined/status/1852359253593653431;1,50E+18;
1,85E+18;Fri Nov 01 14:15:50 +0000 2024;86;Mandarin Oriental Bundaran HI. #OhMyGoodItsIndomie https://t.co/IOzbP3fxOT;1,85E+18;https://pbs.twimg.com/ext_tw_video_thumb/1852303971777761280/pu/img/VLqoTaq4Xjq3QD6S.jpg;breadluvpham;in;;1;1;11;https://x.com/undefined/status/1852353861228675481;9,54E+17;
1,85E+18;Fri Nov 01 14:13:22 +0000 2024;0;kalo Indomie ada PC newjeans nya gue mau beli banyakkkk;1,85E+18;;;in;;0;0;0;https://x.com/undefined/status/1852353240639406241;1,74E+18;
1,85E+18;Fri Nov 01 14:10:59 +0000 2024;0;Bisa masak indomie sendiri segini 15k udah full topping worth it banget! Btw tadi coba yg biru ENAK. Banyak yg bilang pedes tapi menurutku kok ga terlalu pedes ya #OhMyGoodItsIndomie #NewJeansXIndomie #NewJeans https://t.co/QatlYMwQ9Q;1,85E+18;https://pbs.twimg.com/media/GbTg55XaQAAB48w.jpg;chickayesika;in;;0;0;0;https://x.com/undefined/status/1852352641730597042;1906147338;
1,85E+18;Fri Nov 01 14:06:40 +0000 2024;0;@newjeans_loop Indomie sepiring kagak sebanyak itu yak!!!;1,85E+18;;newjeans_loop;in;;0;0;0;https://x.com/undefined/status/1852351555451666904;9,73E+17;
1,85E+18;Fri Nov 01 14:04:13 +0000 2024;4;Mari kita coba #ohmygooditsindomie https://t.co/39SSDcsskH;1,85E+18;https://pbs.twimg.com/media/GbTfXQXbsAAkL6E.jpg;;in;;0;0;0;https://x.com/undefined/status/1852350940491452565;1,55E+18;
1,85E+18;Fri Nov 01 14:01:27 +0000 2024;1;Cieee makasih ya Newjeans ini kawan-kawanku dan aku bisa barengan gini baru pada beli Indomie Ramyeon ;1,85E+18;;;in;;0;0;0;https://x.com/undefined/status/1852350243561681197;9,73E+17;
1,85E+18;Fri Nov 01 13:51:19 +0000 2024;0;lucu banget #OhMyGoodItsIndomie animasinya;1,85E+18;;;in;;0;0;0;https://x.com/undefined/status/1852347693802107224;741745357;
1,85E+18;Fri Nov 01 13:47:05 +0000 2024;5;hari ini wfc melipir ke booth indomie x newjeans https://t.co/OAhVXUzv8X;1,85E+18;https://pbs.twimg.com/media/GbTba6NaQAA0bQd.jpg;;in;;0;2;1;https://x.com/undefined/status/1852346625513148565;2602639954;
1,85E+18;Fri Nov 01 13:43:41 +0000 2024;12;@breadluvpham Jujur indomie sbnrnya pengen ngepromosiin newjeans di indo kan?? ada nama nama member segala;1,85E+18;;breadluvpham;in;;0;1;0;https://x.com/undefined/status/1852345770290323490;1,79E+18;
1,85E+18;Fri Nov 01 13:36:51 +0000 2024;19;Hari hari mamam mie goyeng~ #OhMyGoodItsIndomie #NewJeansXIndomie #NewJeans https://t.co/xiI20bAJ8A;1,85E+18;https://pbs.twimg.com/media/GbTZD3kagAAARHw.jpg;;in;;0;1;5;https://x.com/undefined/status/1852344051347210253;1906147338;
1,85E+18;Fri Nov 01 13:33:22 +0000 2024;0;@Indomielovers @NewJeans_ADOR Indomie diboikot gak sih?;1,85E+18;;Indomielovers;in;;0;0;0;https://x.com/undefined/status/1852343173210874315;8,03E+17;
1,85E+18;Fri Nov 01 13:18:30 +0000 2024;0;@pocanielle @Indomielovers @NewJeans_ADOR @NewJeans_twt dani sekriwil indomie;1,85E+18;;pocanielle;in;;0;1;0;https://x.com/undefined/status/1852339435335282775;1,70E+18;
1,85E+18;Fri Nov 01 13:10:51 +0000 2024;154;indomie seleraku kalo danielle kesayanganku #OhMyGoodItsIndomie https://t.co/PFBMBpKEiu;1,85E+18;https://pbs.twimg.com/media/GbTTJeDbMAABJUv.jpg;;in;;0;2;21;https://x.com/undefined/status/1852337509772185607;1,07E+18;
1,85E+18;Fri Nov 01 13:06:32 +0000 2024;2;Syukuran kecil-kecilan bareng Pak Ahmad Luthfi habis debat! #butuhherobukanrambo #ahmadluthfi #tajyasin #jawatengah #ngopeningelakoni Halloween #kodestylo Indomie newjeans MUFC Gege https://t.co/2Az3aINLjP;1,85E+18;https://pbs.twimg.com/ext_tw_video_thumb/1852336329482514432/pu/img/ZL_VBAoiOaeDoA-W.jpg;;in;;0;39;1;https://x.com/undefined/status/1852336422210191737;886975699;
1,85E+18;Fri Nov 01 12:58:16 +0000 2024;3;Solusi internet putus terpecahkan kalo solusi putus yg lain gimana nih? #parodijateng #videolucu #humorsantai #kandidatlucu #komedikocak #fyp #bercanda Halloween #kodestylo Indomie newjeans MUFC Gege #pilgubjateng #jawatengah https://t.co/Rp6j2cQVlA;1,85E+18;https://pbs.twimg.com/ext_tw_video_thumb/1852334098372780033/pu/img/NXaqedfBcWstSyNl.jpg;;in;;0;75;1;https://x.com/undefined/status/1852334341327897040;1,85E+18;
1,85E+18;Fri Nov 01 12:38:38 +0000 2024;0;@sipalinglengah @tanyarlfes 6rb an indomie nya collab ama newjeans https://t.co/H7RYH4835z;1,85E+18;;sipalinglengah;in;;0;0;0;https://x.com/undefined/status/1852329403143094588;1,04E+18;
1,85E+18;Fri Nov 01 12:34:24 +0000 2024;0;di gancy ada event indomie x newjeans hmmm kalo gak ada newjeansnya gue gmw dateng;1,85E+18;;;in;;0;0;0;https://x.com/undefined/status/1852328335897944204;1,79E+18;
1,85E+18;Fri Nov 01 12:34:24 +0000 2024;1;Lagi ramai soal kolaborasi @Indomielovers dan @NewJeans_ADOR yuk simak tulisan kami di @hariankompas #indomie #NewJeans https://t.co/BAbPDHC3DS;1,85E+18;;;in;;0;0;0;https://x.com/undefined/status/1852328335885647891;371487801;
1,85E+18;Fri Nov 01 12:31:09 +0000 2024;1;@breadluvpham yakin apa pelosok indonesia pasti ada newjeans dealnya sama indomie yang udah dari sabang sampe merauke ada;1,85E+18;;breadluvpham;in;;0;0;0;https://x.com/undefined/status/1852327519162393003;470984418;
1,85E+18;Fri Nov 01 12:31:01 +0000 2024;0;@newjeans_loop beli indomie gratis hanni gaa??;1,85E+18;;newjeans_loop;in;;0;0;0;https://x.com/undefined/status/1852327482894204995;1,72E+18;
1,85E+18;Fri Nov 01 12:30:38 +0000 2024;0;@newjeans_loop Tiba-tiba bgtt indomie ;1,85E+18;;newjeans_loop;in;;0;0;0;https://x.com/undefined/status/1852327389407183069;1,72E+18;
1,85E+18;Fri Nov 01 12:28:12 +0000 2024;0;nyobain collabnya indomie x newjeans spicy ramyeon yg sup jamur pedas. rasanya beneran pedes nyelekit malah kalo kata mamaku tp mayan sih rasanya. 8/10 lah https://t.co/eUVNQmJFr9;1,85E+18;https://pbs.twimg.com/media/GbTJW69bwAA2-NX.jpg;;in;;0;1;0;https://x.com/undefined/status/1852326775692701988;120897566;
1,85E+18;Fri Nov 01 12:10:40 +0000 2024;0;@Indomielovers @NewJeans_ADOR Maaf apakah Newjeans berada di label hybe? Tbh saya suka indomie;1,85E+18;;Indomielovers;in;;0;0;0;https://x.com/undefined/status/1852322362953437302;1,69E+18;
1,85E+18;Fri Nov 01 12:07:56 +0000 2024;0;indomie newjeans dah dijual blomsi mw nyobain;1,85E+18;;;in;;0;3;0;https://x.com/undefined/status/1852321676316619128;1,65E+18;
1,85E+18;Fri Nov 01 12:05:38 +0000 2024;0;Ngelewatin Mega Kuningan tadi . Ada mbak mbak New Jeans ajaaaaa . Gils @Indomielovers #ohmygooditsindomie https://t.co/VRAJUbYJUm;1,85E+18;https://pbs.twimg.com/media/GbTENrzbEAAJRbc.jpg;;in;;0;0;0;https://x.com/undefined/status/1852321094440820822;35603736;
1,85E+18;Fri Nov 01 12:03:50 +0000 2024;256;seru banget ada iklan newjeans x indomie di krl njf! https://t.co/01zrCPdcVy;1,85E+18;https://pbs.twimg.com/ext_tw_video_thumb/1852272107742433280/pu/img/OOlI8gjxm_008M4n.jpg;;in;;4;2;31;https://x.com/undefined/status/1852320643221438766;1,57E+18;
1,85E+18;Fri Nov 01 11:52:25 +0000 2024;24;@breadluvpham Busett bener2 keknya indomie sayang bngt ama newjeans semua billboard ada newjeans semoga langgeng dah;1,85E+18;;breadluvpham;in;;0;0;0;https://x.com/undefined/status/1852317772161909021;1,37E+18;
1,85E+18;Fri Nov 01 11:50:03 +0000 2024;0;@shintutmiut Jujur shin sama wkwkwkwk baru checkout tokped karena kepo indomie newjeans ;1,85E+18;;shintutmiut;in;;0;1;0;https://x.com/undefined/status/1852317176574939192;93634452;
1,85E+18;Fri Nov 01 11:38:43 +0000 2024;0;Truk prilly Latuconsina berduit akira kejagung jemima rosalia supir tom lembong cipondoh tanggerang indomie newjeans. Pekan ke-10 sudah di mulai langsung streaming aja.. #MatchDay #TimnasDay #PersibDay #PERSIB #JumatBerkah https://t.co/Oq0ugjOexB;1,85E+18;https://pbs.twimg.com/media/GbS-DxjbwAAhbhv.jpg;;in;;0;0;0;https://x.com/undefined/status/1852314321520603285;1,82E+18;
1,85E+18;Fri Nov 01 11:38:36 +0000 2024;1;@newjeans_loop Jadi BA indomie sekarang emg suara kaum buruh dan anak kosan ini NJ;1,85E+18;;newjeans_loop;in;;0;0;0;https://x.com/undefined/status/1852314292353445936;286996763;
1,85E+18;Fri Nov 01 11:38:19 +0000 2024;0;keren jg indomie collab sama newjeans;1,85E+18;;;in;;0;0;0;https://x.com/undefined/status/1852314220412740030;277278356;
1,85E+18;Fri Nov 01 11:37:13 +0000 2024;0;JKT48 mana bisa kaya indomie x Newjeans wkkwkw Jakarta full of Indomie x Newjeana;1,85E+18;;;in;;0;1;0;https://x.com/undefined/status/1852313945467658570;1378908434;
1,85E+18;Fri Nov 01 11:26:11 +0000 2024;3;pengen cobain indomie x newjeans;1,85E+18;;;in;;0;0;0;https://x.com/undefined/status/1852311167945064926;7,62E+17;
1,85E+18;Fri Nov 01 11:25:37 +0000 2024;2;aku merayakan streak ini dengan makan mie indomie x newjeans hehe. maaf ya sangat sederhana yang penting merayakan;1,85E+18;;;in;;0;1;0;https://x.com/undefined/status/1852311024785150191;9,30E+17;
1,85E+18;Fri Nov 01 11:09:29 +0000 2024;0;@Indomielovers rill nangis mam indomie ini ngga kuat pedes Kayanya aku beneran jatuh cinta ma NewJeans deh ngga kuat pedes pun tetep kuabisin padahal lagi radang ;1,85E+18;;aididla1;in;;0;1;0;https://x.com/undefined/status/1852306965634097580;1,60E+18;
1,85E+18;Fri Nov 01 10:59:45 +0000 2024;2;BUNINI INI SANGAT IMUT #OhMyGoodItsIndomie https://t.co/e1C9Yvoe9Y;1,85E+18;https://pbs.twimg.com/media/GbS1Ip-bgAAPD3Q.jpg;;in;;0;0;0;https://x.com/undefined/status/1852304515468578885;4849356450;
1,85E+18;Fri Nov 01 10:58:23 +0000 2024;0;cuma ada 1 varian rasa indomie x newjeans di indomaret deket rumah ;1,85E+18;;;in;;0;0;0;https://x.com/undefined/status/1852304173053935633;1410570986;
1,85E+18;Fri Nov 01 10:55:05 +0000 2024;1;@Harni bulan ini aku mau comeback by jangan lupa streaming ya nanti newjeans kapan comeback? BTW BAGI INDOMIE SEKARDUS BOLEH?;1,85E+18;;Harni;in;;0;0;0;https://x.com/undefined/status/1852303341373771993;394533107;
1,85E+18;Fri Nov 01 10:46:49 +0000 2024;0;barusan makan indomie gara-gara newjeans;1,85E+18;;;in;;0;0;0;https://x.com/undefined/status/1852301263175839966;1,83E+18;
1,85E+18;Fri Nov 01 10:46:24 +0000 2024;1;@Indomielovers Cantik minnnnnn #OhMyGoodItsIndomie https://t.co/u6YcmhIPBo;1,85E+18;https://pbs.twimg.com/media/GbSyFDmboAANh9i.jpg;Indomielovers;in;;0;0;0;https://x.com/undefined/status/1852301156275433907;1,24E+18;
1,85E+18;Fri Nov 01 10:43:17 +0000 2024;1;Ring Light + 2 Phone Holder untuk alat ngonten ⭐️ Link shopee : https://t.co/C5CRP2SbM6 Tom Lembong Hujan #SekaliLagi Halloween LPDP coblos monasnya Indomie Newjeans CULT https://t.co/qnVjy5p4LZ;1,85E+18;https://pbs.twimg.com/ext_tw_video_thumb/1852300335664214016/pu/img/yWgKGpQWgUBozjlh.jpg;;in;;0;3;0;https://x.com/undefined/status/1852300371689136537;1,36E+18;
1,85E+18;Fri Nov 01 10:33:56 +0000 2024;0;Kaget banget tiba-tiba newjeans jd BA indomie ;1,85E+18;;;in;;0;0;0;https://x.com/undefined/status/1852298019598651445;7,62E+17;
1,85E+18;Fri Nov 01 10:23:01 +0000 2024;1;@strootsys Indomie Seleraku #NewJeansxIndomie #NewJeans #뉴진스 #NewJeans_is_Everywhere;1,85E+18;;strootsys;in;;0;0;0;https://x.com/undefined/status/1852295273239994654;1,84E+18;
1,85E+18;Fri Nov 01 10:12:38 +0000 2024;0;indomie newjeans yg paling enak yg mn ges;1,85E+18;;;in;;0;3;0;https://x.com/undefined/status/1852292659022618999;1,85E+18;
1,85E+18;Fri Nov 01 08:32:20 +0000 2024;0;newjeans x indomie = amajing tapi jdi banyak fans indonya... malass;1,85E+18;;;in;;0;1;0;https://x.com/undefined/status/1852267416094675369;1,55E+18;
1,85E+18;Fri Nov 01 08:28:18 +0000 2024;1;lucu min #OhMyGoodItsIndomie https://t.co/PP2AMHHhzI;1,85E+18;https://pbs.twimg.com/ext_tw_video_thumb/1852266343095242756/pu/img/yYgM1RrXtz_p0x3V.jpg;;in;;0;0;0;https://x.com/undefined/status/1852266403832959258;1,27E+18;
1,85E+18;Fri Nov 01 08:24:14 +0000 2024;0;#OhMyGoodItsIndomie klikk coba;1,85E+18;;;in;;0;0;0;https://x.com/undefined/status/1852265378027852194;8,88E+17;
1,85E+18;Fri Nov 01 08:16:52 +0000 2024;0;@Indomielovers @NewJeans_ADOR beli indomie gratis haerin ga min;1,85E+18;;Indomielovers;in;;0;0;0;https://x.com/undefined/status/1852263525995159664;1,59E+18;
1,85E+18;Fri Nov 01 08:05:55 +0000 2024;0;indomie newjeans pasti belom masuk sini ya;1,85E+18;;;in;;1;1;0;https://x.com/undefined/status/1852260768068063522;3061373490;
1,85E+18;Fri Nov 01 07:47:41 +0000 2024;0;Siang ini gw makan siang dengan Indomie Kari #OhMyGoodItsIndomie;1,85E+18;;;in;;0;0;0;https://x.com/undefined/status/1852256182058258605;76351840;
1,85E+18;Fri Nov 01 07:46:54 +0000 2024;0;ini indomie newjeans gaada minyak/kaldunya kah? @Indomielovers;1,85E+18;;;in;;0;0;0;https://x.com/undefined/status/1852255983172751565;1,43E+18;
1,85E+18;Fri Nov 01 07:43:07 +0000 2024;0;Mau datent ke gancit ah #OhMyGoodItsIndomie;1,85E+18;;;in;;0;0;0;https://x.com/undefined/status/1852255031879438670;35354122;
1,85E+18;Fri Nov 01 07:23:36 +0000 2024;0;Ujan-ujan gini pengen indomie newjeans weh;1,85E+18;;;in;;0;0;0;https://x.com/undefined/status/1852250118843466217;417679005;
1,85E+18;Fri Nov 01 07:23:31 +0000 2024;1;Yuhuuuu #OhmygooditsIndomie;1,85E+18;;;tl;;0;0;0;https://x.com/undefined/status/1852250098639737127;54170277;
1,85E+18;Fri Nov 01 06:55:59 +0000 2024;0;@Indomielovers Indomie Seleraku #NewJeansxIndomie #NewJeans #뉴진스 #NewJeans_is_Everywhere;1,85E+18;;Indomielovers;in;;0;0;0;https://x.com/undefined/status/1852243170676912148;1,79E+18;
1,85E+18;Fri Nov 01 06:55:46 +0000 2024;0;Seketika jadwal gw lgsg penuh grgr ada yg mau ngegift dadakan wkwk harus diatur sm jadwal ke indomie newjeans jg ;1,85E+18;;;in;;0;0;0;https://x.com/undefined/status/1852243115001942039;1,34E+18;
1,85E+18;Fri Nov 01 06:23:28 +0000 2024;0;AKU SANGAT MEREKOMENDASIKAN weekend ini para kpopers dan K-drama lovers ke eventnya #indomiekoreanseries #OhMyGooditsIndomie #indomieXnewejans Bring your lightstick dandan yang yeppeo! Karna ada noraebang dan aktifitas seru lainnyaaa.;1,85E+18;;sheithename_;in;;0;1;0;https://x.com/undefined/status/1852234986692448392;536253118;
1,85E+18;Fri Nov 01 06:15:35 +0000 2024;0;@sawaimoka aku juga siap borong indomie satu truk kalo dapet pc newjeans tapi yang bayarin @souxrachery;1,85E+18;;sawaimoka;in;;0;1;0;https://x.com/undefined/status/1852233004363739207;1,45E+18;
1,85E+18;Fri Nov 01 06:13:30 +0000 2024;2;Marketingnya keren banget sih @Indomielovers #OhMyGoodItsIndomie;1,85E+18;;;in;;0;0;0;https://x.com/undefined/status/1852232480763580524;1378908434;
1,85E+18;Fri Nov 01 06:12:45 +0000 2024;0;Aku Uda nyobaiinnn ... #OhMyGoodItsIndomie https://t.co/c8e8TctPYg;1,85E+18;https://pbs.twimg.com/media/GbRzc3sakAAUwe0.jpg;;in;;0;0;0;https://x.com/undefined/status/1852232290921062674;1,70E+18;
1,85E+18;Fri Nov 01 06:12:04 +0000 2024;0;EH LUCU BGT #OhMyGoodItsIndomie;1,85E+18;;;in;;0;0;0;https://x.com/undefined/status/1852232116660240451;1,56E+18;
1,85E+18;Fri Nov 01 06:08:59 +0000 2024;0;jadi pengen makan indomie gara2 liat newjeans jadi bintang iklannya;1,85E+18;;;in;;0;0;0;https://x.com/undefined/status/1852231343012446357;1,53E+18;
1,85E+18;Fri Nov 01 05:47:31 +0000 2024;0;@Indomielovers Ada ni di #kapekupihapix tempat ngopi DISTRO DISisi TROtoar Taman Gaya jl Setiabudi sebelah pom bensin Bandung sini #OhMyGoodItsIndomie #KoreanRamyeonSeries https://t.co/c14uF3PKgL;1,85E+18;https://pbs.twimg.com/media/GbRtrJgakAIptIt.jpg;Indomielovers;in;;0;0;0;https://x.com/undefined/status/1852225938169438610;91944515;
1,85E+18;Fri Nov 01 05:43:15 +0000 2024;0;ada yg udah nyobain indomie x newjeans belum?;1,85E+18;;;in;;0;6;0;https://x.com/undefined/status/1852224867904688299;1,40E+18;
1,85E+18;Fri Nov 01 05:39:32 +0000 2024;4;Gemay sekali ini kalo diklik hashtag ini #OhMyGoodItsIndomie Bisa keluar confetti kiyowo https://t.co/IEcjos0xhJ;1,85E+18;https://pbs.twimg.com/media/GbRr19gakAACZyN.jpg;;in;;0;0;0;https://x.com/undefined/status/1852223932742668522;88862219;
1,85E+18;Fri Nov 01 05:36:10 +0000 2024;0;Lucu bgt @NewJeans_twt jadi BA indomie;1,85E+18;;;in;;0;0;0;https://x.com/undefined/status/1852223083140256247;243976008;
1,85E+18;Fri Nov 01 05:34:17 +0000 2024;0;wah ini indomie kolab sama newjeans;1,85E+18;;;in;;0;1;0;https://x.com/undefined/status/1852222610907480560;1,06E+18;
1,85E+18;Fri Nov 01 05:32:17 +0000 2024;0;indomie newjeans dah ada di supermarket blm ya?;1,85E+18;;;in;;0;0;0;https://x.com/undefined/status/1852222107192836518;1,42E+18;
1,85E+18;Fri Nov 01 05:31:49 +0000 2024;1;Keren banget kalo liat hastag #OhMyGoodItsIndomie ada beginiannyaa https://t.co/gl3NOvsiYm;1,85E+18;https://pbs.twimg.com/media/GbRqEfKbEAARnk1.jpg;;in;;0;0;0;https://x.com/undefined/status/1852221989966221409;2209816669;
1,85E+18;Fri Nov 01 05:30:52 +0000 2024;1;indomie newjeans ada di astro juga omggg mana lengkap https://t.co/xDexynRnWS;1,85E+18;https://pbs.twimg.com/media/GbRp2-9aEAArPFY.jpg;;in;;0;1;0;https://x.com/undefined/status/1852221750706381223;1,78E+18;
1,85E+18;Fri Nov 01 05:28:50 +0000 2024;0;Seleraku #OhMyGoodItsIndomie;1,85E+18;;;in;;0;0;0;https://x.com/undefined/status/1852221240246964534;4415449220;
1,85E+18;Fri Nov 01 05:25:40 +0000 2024;0;Hah? NewJeans sama Indomie? INDOMIE? Beneran gak ekspek banget woy;1,85E+18;;;in;;0;0;0;https://x.com/undefined/status/1852220442028970021;1,57E+18;
1,85E+18;Fri Nov 01 05:25:12 +0000 2024;0;Kamu tau gak apa persamaan newjeans sama indomie? . Sama-sama seleraku~;1,85E+18;;;in;;0;0;0;https://x.com/undefined/status/1852220322998817113;1,30E+18;
1,85E+18;Fri Nov 01 05:23:55 +0000 2024;1;Kemarin abis liat gebrakan NewJeans yg trigger haters mrk dgn jd GBA Indomie hari ini liat gebrakan TWICE yg trigger haters mrk dgn jd guest star konser Coldplay di Korea untuk 6 shows mrk ;1,85E+18;;;in;;0;1;0;https://x.com/undefined/status/1852219999710253264;73099689;
1,85E+18;Fri Nov 01 05:23:09 +0000 2024;6;indomie newjeans ️ lucu banget ada odengnya dan odengnya enak lok https://t.co/KkEKHCiOtv;1,85E+18;https://pbs.twimg.com/media/GbRoGOPakAE9rw1.jpg;;in;;0;7;0;https://x.com/undefined/status/1852219807049117926;1,44E+18;
1,85E+18;Fri Nov 01 05:18:41 +0000 2024;0;@Indomielovers @NewJeans_ADOR Apapun rasanya indomie goreng jumbo favorit gw;1,85E+18;;Indomielovers;in;;0;0;0;https://x.com/undefined/status/1852218683218891140;231420984;
1,85E+18;Fri Nov 01 05:09:03 +0000 2024;4;Klik #OhMyGoodItsIndomie Jadi hujan indomie Seandainya hujan indomie beneran https://t.co/s8PwhEvzlp;1,85E+18;https://pbs.twimg.com/media/GbRk3a8akAAf64B.jpg;;in;;0;0;0;https://x.com/undefined/status/1852216257711607840;59723126;
1,85E+18;Fri Nov 01 05:07:10 +0000 2024;0;aku siap borong indomie sekardus kalo dapet pc newjeans tapi yang bayarin @bffs4gojo;1,85E+18;;;in;;0;1;0;https://x.com/undefined/status/1852215787483787293;1,72E+18;
1,85E+18;Fri Nov 01 05:00:21 +0000 2024;513;Coba tweet #OhMyGoodItsIndomie klik hashtag-nya dan liat ada surprise apa buat kamuu ;1,85E+18;;;in;;12;42;45;https://x.com/undefined/status/1852214072017850531;284428760;
1,85E+18;Fri Nov 01 04:59:35 +0000 2024;18;Warmindo Mbak Jen. Langganan anak-anak newjeans &amp;;;;;;;;;;;
1,85E+18;Fri Nov 01 04:35:52 +0000 2024;1;Malah dikremasi padahal gak tau agamanya apa Truk Supirnya Tangerang Indomie Newjeans #SekaliLagi #SANGE_AAAAAAAAAA https://t.co/Iwg9HYhjpf;1,85E+18;https://pbs.twimg.com/ext_tw_video_thumb/1852207724089741313/pu/img/JOddOcH2X04Gmvkq.jpg;;in;;0;8;0;https://x.com/undefined/status/1852207907871559783;3168491178;
1,85E+18;Fri Nov 01 04:33:31 +0000 2024;0;Kejutan diberikan oleh Indomie kepada para pecinta K-pop dengan memilih NewJeans sebagai Global Brand Ambassador. https://t.co/64Vg2thDok #NewJeans #indomie #ambassador;1,85E+18;;;in;;0;0;1;https://x.com/undefined/status/1852207316369846357;1,84E+18;
1,85E+18;Fri Nov 01 03:10:58 +0000 2024;17;Lagi nyetir bengong eh liat iklan @Indomielovers bareng @NewJeans_ADOR di Bunderan HI. #OhMyGoodItsIndomie https://t.co/In4pRpY7hC;1,85E+18;https://pbs.twimg.com/ext_tw_video_thumb/1852186415809073154/pu/img/KCTBry4AHGpUC3By.jpg;;in;;0;0;1;https://x.com/undefined/status/1852186541147459803;2209816669;
1,85E+18;Fri Nov 01 02:54:57 +0000 2024;0;klo endorsement korea kek gini masih terima lah gw. indomie sm newjeans sama2 internationally relevant soalnya. iklannya gak norak maksa kekoreaan juga. good job deh;1,85E+18;;;in;;1;0;0;https://x.com/undefined/status/1852182511746716070;1,34E+18;
1,85E+18;Fri Nov 01 02:41:11 +0000 2024;2;Surprise! Indomie Gandeng NewJeans Jadi Global Brand Ambassador dan Luncurkan Produk Baru Indomie Korean Ramyeon Series https://t.co/ATXnTiYHJV;1,85E+18;;;in;;0;0;3;https://x.com/undefined/status/1852179046702239750;1,16E+18;
1,85E+18;Fri Nov 01 02:38:54 +0000 2024;0;Tadi mampir ke indomaret trs dh ada indomie yg diiklan newjeans sayang blm nemu yg variasi rose(?) nya padahal kepo rasa itu https://t.co/f2DHbdcG8Q;1,85E+18;https://pbs.twimg.com/media/GbRCf_XbcAA_Zuq.jpg;;in;;0;0;0;https://x.com/undefined/status/1852178472791347544;8,95E+17;
1,85E+18;Fri Nov 01 02:34:11 +0000 2024;0;tapi kata adek gw varian indomie yg kolab sama newjeans rasanya hambar pedes doang ga ada micin2nya;1,85E+18;;;in;;0;0;0;https://x.com/undefined/status/1852177285774008650;1,38E+18;
1,85E+18;Fri Nov 01 02:32:23 +0000 2024;1;Rating Indomie Newjeans Spicy Ramyeon dan Fieri Chikin Rasa : 8 5/10 Pedas : 7/10 Porsi : 5/10 (maap ya ini kurang bgt untuk ukuran cowo) Mungkin bisa dibuat versi Jumbo nya hehe ;1,85E+18;;pikpikripik;in;;0;0;0;https://x.com/undefined/status/1852176831245394106;1,74E+18;
1,85E+18;Fri Nov 01 02:25:57 +0000 2024;8;Kalo Indomie selera nya dedek dedek @NewJeans_ADOR berarti Indomie seleraku juga #OhMyGoodItsIndomie https://t.co/qp0dnSzUNs;1,85E+18;https://pbs.twimg.com/amplify_video_thumb/1852174960036581380/img/Onw3KacpRTttvvyR.jpg;;in;;0;2;0;https://x.com/undefined/status/1852175215608078375;39034953;
1,85E+18;Fri Nov 01 02:21:56 +0000 2024;0;Ga nyangka kalau indomie bakal collab sama newjeans;1,85E+18;;;in;;0;0;0;https://x.com/undefined/status/1852174202209779964;1,42E+18;
1,85E+18;Fri Nov 01 02:09:38 +0000 2024;0;@newjeans_loop INDOMIE MAKIN GO INTERNESYENEL PLEASE BIAR MAKIN MUDAH DITEMUKAN DAN MURAAAAH;1,85E+18;;newjeans_loop;in;;0;0;0;https://x.com/undefined/status/1852171109493543398;1,73E+18;
1,85E+18;Fri Nov 01 02:08:41 +0000 2024;0;Admin ETI dari kmrn2 ga abis2 bahas newjeans x indomie Lucu bgt;1,85E+18;;;in;;0;0;0;https://x.com/undefined/status/1852170869432619252;628440583;
1,85E+18;Fri Nov 01 01:49:49 +0000 2024;1;ow iyah maw review dikit varian baru indomie yang dikomersilkan oleh newjeans (blakblakan yh) kemaren kan nyoba yang biru yaa rasanya yaa kaya korean ramyeon mirip n*ngsh*m tapi ga sepedes mereka terus ada hint manis manis gituh (apa karena gua tambahin tomat yh hehe);1,85E+18;;;in;;0;1;0;https://x.com/undefined/status/1852166120448598271;1,14E+18;
1,85E+18;Fri Nov 01 01:29:16 +0000 2024;13;Program Umroh gratis yang diberikan dijaman pak Anies akan dilanjutkan oleh Mas Pramono kalau terpilih jadi Gubernur Jakarta. Pilih #PrakarUntukJakarta Kita buat #JakartaMenyala _____ Indomie NewJeans ¶ Tom Lembong ¶ Halloween ¶ TV One ¶ Pocong ¶ truk https://t.co/QdJsFrZGze;1,85E+18;https://pbs.twimg.com/ext_tw_video_thumb/1852160898271711232/pu/img/WYmWHmy9h1Q4HMa2.jpg;;in;;1;0;11;https://x.com/undefined/status/1852160949719044224;1,16E+18;
1,85E+18;Thu Oct 31 17:53:09 +0000 2024;0;@idextratime Indomie Seleraku #NewJeansxIndomie #NewJeans #뉴진스 #NewJeans_is_Everywhere;1,85E+18;;idextratime;in;;0;0;0;https://x.com/undefined/status/1852046161873637747;1,79E+18;
1,85E+18;Thu Oct 31 17:47:53 +0000 2024;0;Abang gue pas liat iklan Indomie Newjeans di tv tadi siang Lah ganti lagi tuh Indomie dari Jepang ke Korea? Loh rasa jajangmyeonnya kok gak ada? Kan kalau Korea harusnya ada jajangmyeon . Gue : TORI KARA KECINTAANKU BAKAL DISCONTINUE APA GAK? TIDAAAAK ;1,85E+18;;;in;;0;1;0;https://x.com/undefined/status/1852044838465868119;2530965354;
1,85E+18;Thu Oct 31 17:47:38 +0000 2024;0;@iseauseamee Indomie Seleraku #NewJeansxIndomie #NewJeans #뉴진스 #NewJeans_is_Everywhere https://t.co/28AJbbG9sZ;1,85E+18;https://pbs.twimg.com/tweet_video_thumb/GbPI5vEakAA4adE.jpg;iseauseamee;in;;0;0;0;https://x.com/undefined/status/1852044776763462140;1,79E+18;
1,85E+18;Thu Oct 31 17:39:42 +0000 2024;0;@idextratime Indomie Seleraku #NewJeansxIndomie #NewJeans #뉴진스 #NewJeans_is_Everywhere;1,85E+18;;idextratime;in;;0;0;0;https://x.com/undefined/status/1852042779112935857;1,79E+18;
1,85E+18;Thu Oct 31 17:33:02 +0000 2024;0;Indomie x newjeans takde kat msia ke nnti AKU NAK;1,85E+18;;;in;;0;0;0;https://x.com/undefined/status/1852041100439285765;1,26E+18;
1,85E+18;Thu Oct 31 17:27:12 +0000 2024;0;Nama Produk: Indomie Mi Instan Goreng 85 gr x 40pcs Harga Produk: Rp124.620 Harga Diskon: Rp117.500 : https://t.co/zcBXZeiwLM #OhMyGoodItsIndomie https://t.co/9gukQsuIkR;1,85E+18;https://pbs.twimg.com/media/GbPEOzhakAYvY_S.jpg;;in;;0;0;0;https://x.com/undefined/status/1852039632378302762;712124166;
1,85E+18;Thu Oct 31 17:05:33 +0000 2024;0;@newjeans_loop Ya Allah gerak dikit jadi ba indomie ;1,85E+18;;newjeans_loop;in;;0;0;0;https://x.com/undefined/status/1852034185600385380;1,79E+18;
1,85E+18;Thu Oct 31 17:03:01 +0000 2024;0;jam segini pengen indomie newjeans;1,85E+18;;;in;;0;0;0;https://x.com/undefined/status/1852033548988944653;184687898;
1,85E+18;Thu Oct 31 16:44:21 +0000 2024;0;Indomie NewJeans ??? ini brand gak perlu global ambassador cukkk gak di apa2 in juga orang dah pada beli ;1,85E+18;;;in;;0;0;0;https://x.com/undefined/status/1852028848918970575;1,08E+18;
1,85E+18;Thu Oct 31 16:28:35 +0000 2024;0;indomie yg gausah ada BA aja udh laris tiba2 gaet newjeans apa ga makin gede dan banyak peminat. semoga ada pc nyaaaa bakal gue beli sepack ;1,85E+18;;;in;;0;0;0;https://x.com/undefined/status/1852024883447783738;1,72E+18;
1,85E+18;Thu Oct 31 16:28:29 +0000 2024;0;@newjeans_loop kalian harus coba indomie rawon;1,85E+18;;newjeans_loop;in;;0;0;0;https://x.com/undefined/status/1852024858495918385;7,77E+17;
1,85E+18;Thu Oct 31 16:09:21 +0000 2024;0;lucu bgt abang gue dukung newjeans gara² iklanin indomie emang pecinta indomie garis keras tu orang wkwkwk;1,85E+18;;;in;;0;0;0;https://x.com/undefined/status/1852020040662683745;1,17E+18;
1,85E+18;Thu Oct 31 16:02:36 +0000 2024;0;@idextratime @newjeans_loop Indomie rasa minji ada gak ti?;1,85E+18;;idextratime;in;;0;0;0;https://x.com/undefined/status/1852018341315252548;8,12E+17;
1,85E+18;Thu Oct 31 16:00:31 +0000 2024;0;Tapi kalau misalnya 10rb terus dalam bungkusnya dapat 1pc random gaoaoa hehhee indomie limited alias yang ada newjeans nya hehehe;1,85E+18;;chvesdalso_;in;;0;0;0;https://x.com/undefined/status/1852017819363479663;1,28E+18;
1,85E+18;Thu Oct 31 16:00:30 +0000 2024;0;Newjeans collab ama indomie... ntaran bakalan naik kagak nih nanti harganya per 1 bungkus diwarung??? tiba-tiba aja ntaran 1 bungkus harganya 10rb atau 12rb https://t.co/8U5tXbgHbk;1,85E+18;https://pbs.twimg.com/amplify_video_thumb/1851853941333725186/img/TdG47p38GVVWzc5I.jpg;;in;;0;1;0;https://x.com/undefined/status/1852017816200974803;1,28E+18;
1,85E+18;Thu Oct 31 15:55:10 +0000 2024;0;@newjeans_loop sudah saatnya membabad habis indomie di warung;1,85E+18;;newjeans_loop;in;;0;0;0;https://x.com/undefined/status/1852016470752211204;2396117768;
1,85E+18;Thu Oct 31 15:51:48 +0000 2024;0;@NewJeans_ADOR @Indomielovers Baru banget tadi lewat ruang tengah liat iklan ini di tv dalem hati laaah keren juga indomie ;1,85E+18;;NewJeans_ADOR;in;;0;0;0;https://x.com/undefined/status/1852015626300330262;628374575;
1,85E+18;Thu Oct 31 15:51:31 +0000 2024;11; Indomie korean ramyeon series enak ga ya? Jadi pengen nyobain karena Global Brand Ambassadornya NewJeans wkwk;1,85E+18;;;in;;1;9;0;https://x.com/undefined/status/1852015554363859174;1371650588;
1,85E+18;Thu Oct 31 15:48:46 +0000 2024;0;apakah aku setelah makan indomie goreng akan menjadi hanni newjeans??;1,85E+18;;;in;;0;0;0;https://x.com/undefined/status/1852014861741707492;1,43E+18;
1,85E+18;Thu Oct 31 15:45:31 +0000 2024;1;newjeans jadi ba indomie yg mana ak gak begitu suka indomie;1,85E+18;;;in;;0;0;0;https://x.com/undefined/status/1852014042191409580;1,13E+18;
1,85E+18;Thu Oct 31 15:38:45 +0000 2024;1;indomie collab sama newjeans kan ada rasa yang disuapin sama haerin ga? ;1,85E+18;;;in;;0;0;0;https://x.com/undefined/status/1852012340138643733;1,17E+18;
1,85E+18;Thu Oct 31 15:38:01 +0000 2024;0;TBTB BGT INDOMIE NEWJEANS???;1,85E+18;;;in;;0;0;0;https://x.com/undefined/status/1852012156793102552;1,80E+18;
1,85E+18;Thu Oct 31 15:35:56 +0000 2024;9;laaahhhhh bjir NewJeans X Indomie kemaren Indomie Japan taste series dipromo sama HoloID ini apa-apaan 2 grup favorit aing sama-sama koleb bareng Indomie!!;1,85E+18;;;in;;0;2;1;https://x.com/undefined/status/1852011632978989484;1,05E+18;
1,85E+18;Thu Oct 31 15:31:36 +0000 2024;0;ga apa2 newjeans x indomie asal jangan newjeans x rans entertaiment ;1,85E+18;;;in;;0;0;0;https://x.com/undefined/status/1852010541503644025;1459231662;
1,85E+18;Thu Oct 31 15:30:36 +0000 2024;0;NEWJEANS COLLAB SM INDOMIE GADA YA DI LIST 2024 SAYA;1,85E+18;;;in;;0;0;0;https://x.com/undefined/status/1852010290508087527;1,14E+18;
1,85E+18;Thu Oct 31 15:24:05 +0000 2024;0;@NewJeans_ADOR @Indomielovers indomie &amp;;;;;;;;;;;
1,85E+18;Thu Oct 31 15:16:19 +0000 2024;0;@uriramjji @newjeans_loop Yaampun nanti kita ajak ke heroy ya biar bisa mam indomie nyemek;1,85E+18;;uriramjji;in;;0;0;0;https://x.com/undefined/status/1852006696555811237;1,33E+18;
1,85E+18;Thu Oct 31 15:14:13 +0000 2024;0;Ini review jujur Indomie x NewJeans varian Korean Ramyeon Series termasuk Korean Spicy Ramyeon yang menghangatkan badan. #Review #IndomiexNewJeans #NewJeans #kpop #kpopidol https://t.co/jEqL0R5aIv;1,85E+18;;;in;;0;0;0;https://x.com/undefined/status/1852006168618766586;1,74E+18;
1,85E+18;Thu Oct 31 15:12:20 +0000 2024;0;Ini perkataan Danielle yang disebut isyarat NewJeans jadi BA Indomie reaksi bunnies: Gak kepikiran bakal collab. #Danielle #NewJeans #Indomie #IndomiexNewJeans #Hanni #Minji #Haerin #Hyein #Indonesia https://t.co/OR4sfoSfSi;1,85E+18;;;in;;0;0;0;https://x.com/undefined/status/1852005694981181819;1,74E+18;
1,85E+18;Thu Oct 31 15:07:31 +0000 2024;0;menurut gue newjeans sih yg beruntung jadi BA indomie;1,85E+18;;;in;;0;0;0;https://x.com/undefined/status/1852004479027286432;3083439770;
1,85E+18;Thu Oct 31 15:06:51 +0000 2024;0;eh gue barusan liat indomie newjeans di tv. langsung beli. ebuset pedes banget yg spicy ramyeon padahal visualnya gak pedes;1,85E+18;;;in;;0;1;0;https://x.com/undefined/status/1852004313553604778;1,02E+18;
1,85E+18;Thu Oct 31 14:24:05 +0000 2024;0;DOSIS KECIL HARI INI Toket Pepaya join telegram untuk akses vid tanpa sensor https://t.co/BjgewT7QWJ https://t.co/BjgewT7QWJ https://t.co/BjgewT7QWJ Full Vid ada di TELEGRAM GRATISS. Unmag Cipondoh Truk Layla coblos monasnya Andika Hendi Rashaka Karepmu Indomie NewJeans Halloween https://t.co/mOtI2mSB7i;1,85E+18;https://pbs.twimg.com/ext_tw_video_thumb/1851993496733016064/pu/img/PmvrM0Gak8zUwinS.jpg;;in;;0;0;0;https://x.com/undefined/status/1851993551170855196;104963656;
1,85E+18;Thu Oct 31 14:23:03 +0000 2024;2;semoga gak diare soalna aku mau nyoba indomie x newjeans ituh;1,85E+18;;;in;;0;3;0;https://x.com/undefined/status/1851993289735692520;1,48E+18;
1,85E+18;Thu Oct 31 14:20:59 +0000 2024;0;@NoBeauty_Queen Indomie NewJeans kolaborasi yang bikin semua orang bahagia;1,85E+18;;Reetrrophile;in;;0;0;0;https://x.com/undefined/status/1851992768886734956;1,75E+18;
1,85E+18;Thu Oct 31 14:20:10 +0000 2024;0;mau indomie x newjeans tp makannya disuapin haerin;1,85E+18;;;in;;0;0;0;https://x.com/undefined/status/1851992566172127579;1417818798;
1,85E+18;Thu Oct 31 14:20:01 +0000 2024;0;@NoBeauty_Queen Indomie NewJeans kolaborasi yang bikin semua orang jatuh cinta;1,85E+18;;Reetrrophile;in;;0;0;0;https://x.com/undefined/status/1851992528851210473;1,80E+18;
1,85E+18;Thu Oct 31 14:18:26 +0000 2024;11;absen yang langsung beli indomie x newjeans https://t.co/HvHdls7aM4;1,85E+18;https://pbs.twimg.com/media/GbOZBo5acAAKLcI.jpg;;in;;0;4;0;https://x.com/undefined/status/1851992129721241729;1,43E+18;
1,85E+18;Thu Oct 31 14:18:11 +0000 2024;0;@NoBeauty_Queen Indomie NewJeans kolaborasi yang bikin semua orang pengen coba;1,85E+18;;Reetrrophile;in;;0;0;0;https://x.com/undefined/status/1851992065535807588;1,80E+18;
1,85E+18;Thu Oct 31 14:16:59 +0000 2024;0;@NoBeauty_Queen Indomie NewJeans kolaborasi yang bikin makan mie jadi lebih spesial;1,85E+18;;Reetrrophile;in;;0;0;0;https://x.com/undefined/status/1851991762971300159;1,78E+18;
1,85E+18;Thu Oct 31 14:15:51 +0000 2024;0;@NoBeauty_Queen Indomie NewJeans kolaborasi yang bikin semua orang penasaran;1,85E+18;;Reetrrophile;in;;0;0;0;https://x.com/undefined/status/1851991479893528804;1,76E+18;
1,85E+18;Thu Oct 31 14:15:11 +0000 2024;0;Iring-iringan Ambulans Antar Jenazah 3 Kru TvOne dari Pemalang https://t.co/EIOGEQcibn Halloween #KodeStylo Tom Lembong #peranglobalmindid Indomie NewJeans https://t.co/CraeStSWL7;1,85E+18;https://pbs.twimg.com/media/GbOYRYyakAMkLqr.jpg;;in;;0;0;0;https://x.com/undefined/status/1851991310355624335;1,30E+18;
1,85E+18;Thu Oct 31 14:14:22 +0000 2024;0;@NoBeauty_Queen Indomie NewJeans kolaborasi yang bikin semua orang happy;1,85E+18;;Reetrrophile;in;;0;0;0;https://x.com/undefined/status/1851991104440406023;1,76E+18;
1,85E+18;Thu Oct 31 14:13:18 +0000 2024;0;@NoBeauty_Queen Indomie NewJeans kolaborasi yang bikin semua orang senang;1,85E+18;;Reetrrophile;in;;0;0;0;https://x.com/undefined/status/1851990837535924597;1,74E+18;
1,85E+18;Thu Oct 31 13:42:03 +0000 2024;0;dammn sibuk antusias sama newjeans x indomie sampe ga ngeh KWONJI BENERAN COMEBACKKKKKKK https://t.co/pSc0Rm70ex;1,85E+18;;;in;;0;0;0;https://x.com/undefined/status/1851982972485845462;1,21E+18;
1,85E+18;Thu Oct 31 13:39:52 +0000 2024;0;mantap memang bukan hanya indomie yg seleraku tp newjeans jg seleraku anjaaaay;1,85E+18;;;in;;0;0;0;https://x.com/undefined/status/1851982421417460106;9,60E+17;
1,85E+18;Thu Oct 31 13:39:07 +0000 2024;0;@sarcaazt_ pls gw butuh pc newjeans x indomie;1,85E+18;;sarkaszt;in;;0;0;0;https://x.com/undefined/status/1851982232778608685;1,83E+18;
1,85E+18;Thu Oct 31 13:37:44 +0000 2024;15;Suswono kader PKS yang sudah gak laku lagi Cawagub nya Ridwan Kamil ini sedang rame karena menghina Nabi dan merendahkan perempuan. Sudah berkali-kali di pemilihan legislatif dan kalah di Pilkada Brebes! Unmag ¶ Rosalia ¶ TV One ¶ Indomie NewJeans ¶ Halloween https://t.co/PmNIEP6YAj;1,85E+18;https://pbs.twimg.com/ext_tw_video_thumb/1851981783430238210/pu/img/xuO2221u2s2-TuYt.jpg;;in;;0;1;4;https://x.com/undefined/status/1851981884416495845;1,24E+18;
1,85E+18;Thu Oct 31 13:36:44 +0000 2024;8; Rosalia Truk BABY BOY Tugu Adipura Dandadan Tangerang Aku Cinta Kamu Indomie NewJeans Cipondoh TV One BUMN Tangerang https://t.co/o05IrLS9yi;1,85E+18;https://pbs.twimg.com/ext_tw_video_thumb/1851981362720575492/pu/img/De8G8qca1W0tNzEk.jpg;;in;;0;1;2;https://x.com/undefined/status/1851981633752334812;1,11E+18;
1,85E+18;Thu Oct 31 13:34:31 +0000 2024;0;indomie seleraku newjeans juga seleraku;1,85E+18;;;in;;0;0;0;https://x.com/undefined/status/1851981074769023195;1,39E+18;
1,85E+18;Thu Oct 31 13:29:23 +0000 2024;0;Apa anjir random bgt tbtb indomie collab sm newjeans;1,85E+18;;;in;;0;0;0;https://x.com/undefined/status/1851979785418731846;1,47E+18;
1,85E+18;Thu Oct 31 13:26:30 +0000 2024;2;Situs kencan dan kencan baru. Anda juga dapat melakukan Penambangan Kripto https://t.co/zNulDWeH91 Indomie NewJeans #KodeStylo Coblos Monasnya Ridwan Kamil - Suswono #GDRAGON_POWER LISTENING PARTY WITH JIN I'LL BE THERE WITH INDOMY Halloween;1,85E+18;;;in;;0;0;1;https://x.com/undefined/status/1851979058558423433;9,01E+17;
1,85E+18;Thu Oct 31 13:25:31 +0000 2024;0;Newjeans x indomie kalo beli 1 dus dapet minji ga?;1,85E+18;;;in;;0;5;0;https://x.com/undefined/status/1851978812256587859;1,69E+18;
1,85E+18;Thu Oct 31 13:25:23 +0000 2024;0;baru tau newjeans di iklan indomie PLS DEDEK LUCU LUCU BGT;1,85E+18;;;in;;0;0;0;https://x.com/undefined/status/1851978776193962069;1,26E+18;
1,85E+18;Thu Oct 31 13:25:19 +0000 2024;1;sebenernya indomie tuh udh mendunia dan ga perlu gacor banget promosi. tapi emg semesta sayang newjeans sih jadi ba indomie ditengah hura hara ini. hybe doesnt deserve newjeans. brand deal ini jg bkn karna lo yh taiiiiii gosah ngeklaim2 najissssss;1,85E+18;;;in;;0;0;0;https://x.com/undefined/status/1851978760691527841;1,48E+18;
1,85E+18;Thu Oct 31 13:22:59 +0000 2024;1;@idextratime a kolaborasi NewJeans x Indomie ini memang keren banget! Musiknya catchy dan bikin suasana semakin seru.;1,85E+18;;idextratime;in;;0;0;0;https://x.com/undefined/status/1851978173316997258;1,83E+18;
1,85E+18;Thu Oct 31 13:21:34 +0000 2024;3029;newjeans x indomie ini enak juga musiknya https://t.co/7TOcnyj87V;1,85E+18;https://pbs.twimg.com/ext_tw_video_thumb/1851930116802150400/pu/img/J3DBlsE8T1r4-MX3.jpg;;in;;30;78;436;https://x.com/undefined/status/1851977818504356287;1,22E+18;
1,85E+18;Thu Oct 31 13:20:57 +0000 2024;0;adek gua beberapa minggu lalu waktu newjeans di kabarin mau keluar hybe dan denda sekian triliun : kak newjeans mau collab sama indomie tp gatau jadi apa engga karena beritanya mereka mau keluar lg rame gua : masa?;1,85E+18;;;in;;1;0;0;https://x.com/undefined/status/1851977664619516020;1,59E+18;
1,85E+18;Thu Oct 31 13:16:55 +0000 2024;1;ga sabar banget mau beli indomie nya newjeans;1,85E+18;;;in;;0;1;0;https://x.com/undefined/status/1851976646972059978;1,53E+18;
1,85E+18;Thu Oct 31 13:05:33 +0000 2024;1;@coras00n @orpheuzz_ ayo apart mukbang indomie newjeans sampe gumoh;1,85E+18;;coras00n;in;;1;1;0;https://x.com/undefined/status/1851973787224580600;1,80E+18;
1,85E+18;Thu Oct 31 13:05:08 +0000 2024;0;@newjeans_loop Indomie selelakuu ;1,85E+18;;newjeans_loop;in;;0;0;0;https://x.com/undefined/status/1851973684271157641;1,25E+18;
1,85E+18;Thu Oct 31 13:02:11 +0000 2024;0;Sepak bola harus terus didukung untuk lebih berkualitas ... Sore Hanna Indomie NewJeans #karawangmaju #karawang #aepsyaepuloh https://t.co/vbLGoIDGsa;1,85E+18;https://pbs.twimg.com/media/GbOHkpXakAIACYz.jpg;;in;;0;0;0;https://x.com/undefined/status/1851972938997862581;351505580;
1,85E+18;Thu Oct 31 12:59:21 +0000 2024;1;@newjeans_loop @sunwoopwt beli indomie dpt pc newjeans ‍️;1,85E+18;;newjeans_loop;in;;0;0;0;https://x.com/undefined/status/1851972228373713200;1,07E+18;
1,85E+18;Thu Oct 31 12:58:56 +0000 2024;0;Coy kalian ada yang udah nemu Indomie X NewJeans belum? Info coy di mana banyak nya?;1,85E+18;;;in;;0;0;0;https://x.com/undefined/status/1851972120122954101;1,83E+18;
1,85E+18;Thu Oct 31 12:56:21 +0000 2024;0;@levienyo IYAAAAA BENER newjeans jd BA indomie;1,85E+18;;levienyo;in;;0;1;0;https://x.com/undefined/status/1851971473402933719;1,48E+18;
1,85E+18;Thu Oct 31 12:56:06 +0000 2024;0;@newjeans_loop Sumpah jd pengen makan indomie;1,85E+18;;newjeans_loop;in;;0;0;0;https://x.com/undefined/status/1851971407284178966;1,43E+18;
1,85E+18;Thu Oct 31 12:52:23 +0000 2024;0;mantan bos gw di indofood dulu ngeshare vid newjeans x indomie di status wa nya lucu bgt wkwk;1,85E+18;;;in;;0;0;0;https://x.com/undefined/status/1851970474273828900;1,60E+18;
1,85E+18;Thu Oct 31 12:52:17 +0000 2024;0;@Indomielovers @NewJeans_ADOR Mantap mania manciiiiiing indomie seleraku;1,85E+18;;Indomielovers;in;;0;0;0;https://x.com/undefined/status/1851970449485500663;1,77E+18;
1,85E+18;Thu Oct 31 12:51:03 +0000 2024;1;@newjeans_loop Jadi inget tahun lalu ngajak Haerin makan di warmindo. Awalnya dia bingung pas dikasih Indomie goreng Aa warmindo taunya sampe skrg doyan.;1,85E+18;;newjeans_loop;in;;0;0;0;https://x.com/undefined/status/1851970139887145167;1,16E+18;
1,85E+18;Thu Oct 31 12:48:38 +0000 2024;0;@idextratime @newjeans_loop Menu makan sebulan full indomie;1,85E+18;;idextratime;in;;0;0;0;https://x.com/undefined/status/1851969530047926760;1,27E+18;
1,85E+18;Thu Oct 31 12:45:20 +0000 2024;0;@newjeans_loop indomie selerakuuuu ;1,85E+18;;newjeans_loop;in;;0;0;0;https://x.com/undefined/status/1851968699152179291;1,33E+18;
1,85E+18;Thu Oct 31 12:44:52 +0000 2024;0;Indomie x NewJeans Kasih gambar @NewJeans_ADOR nya dong @Indomielovers kalo ada PCnya sekalian gw borong https://t.co/u1MlzJDbfL;1,85E+18;https://pbs.twimg.com/media/GbODm-dakAE0Y7w.jpg;;in;;0;0;0;https://x.com/undefined/status/1851968580117762550;116955167;
1,85E+18;Thu Oct 31 12:41:04 +0000 2024;0;Gw ga nyangka dari lagu sebat dulu tbtb udah sampe tahap bikin ost iklan indomie x newjeans;1,85E+18;;;in;;0;1;0;https://x.com/undefined/status/1851967625678721326;964111904;
1,85E+18;Thu Oct 31 12:39:53 +0000 2024;0;Style iklan musik visual newjeans banget makasih buat team indomie ;1,85E+18;;;in;;0;0;0;https://x.com/undefined/status/1851967326113124702;1,66E+18;
1,85E+18;Thu Oct 31 12:38:20 +0000 2024;1;@newjeans_loop Beli indomie dapet PC gak min?;1,85E+18;;newjeans_loop;in;;0;0;0;https://x.com/undefined/status/1851966937410191625;1,32E+18;
1,85E+18;Thu Oct 31 12:37:52 +0000 2024;0;@Indomielovers @NewJeans_ADOR Minum Teh Botol nemenin Indomie Kim Minji is available for me;1,85E+18;;Indomielovers;in;;0;0;0;https://x.com/undefined/status/1851966821458677875;1,70E+18;
1,85E+18;Thu Oct 31 12:36:21 +0000 2024;3;ternyata aku punya indomie newjeans https://t.co/c9j2ydqCqi;1,85E+18;https://pbs.twimg.com/media/GbN-Eq0a8AA7c3q.jpg;;in;;0;0;0;https://x.com/undefined/status/1851966438233510208;1610619884;
1,85E+18;Thu Oct 31 12:35:12 +0000 2024;0;@newjeans_loop otw masak indomie;1,85E+18;;newjeans_loop;in;;0;0;0;https://x.com/undefined/status/1851966149220778318;1,11E+18;
1,85E+18;Thu Oct 31 12:33:14 +0000 2024;0;@kudila_ Indomie NewJeans bikin laper deh;1,85E+18;;kudila_;in;;0;0;0;https://x.com/undefined/status/1851965653500203171;1,81E+18;
1,85E+18;Thu Oct 31 12:31:36 +0000 2024;0;Guys yg udah nyobain indomie bru x newjeans rasa yg pling enak apa spill dong;1,85E+18;;;in;;0;0;0;https://x.com/undefined/status/1851965242018009558;1,58E+18;
1,85E+18;Thu Oct 31 12:31:12 +0000 2024;0;@kudila_ Indomie NewJeans yang terbaru;1,85E+18;;kudila_;in;;0;0;0;https://x.com/undefined/status/1851965143464411178;1,81E+18;
1,85E+18;Thu Oct 31 12:29:25 +0000 2024;0;@kudila_ Indomie NewJeans ini super enak;1,85E+18;;kudila_;in;;0;0;0;https://x.com/undefined/status/1851964694455816618;1,81E+18;
1,85E+18;Thu Oct 31 12:27:19 +0000 2024;0;anjay indomie x newjeans bener???;1,85E+18;;;in;;0;1;0;https://x.com/undefined/status/1851964164992020781;1,41E+18;
1,85E+18;Thu Oct 31 12:27:12 +0000 2024;0;@kudila_ Indomie NewJeans selalu bikin nagih;1,85E+18;;kudila_;in;;0;0;0;https://x.com/undefined/status/1851964135405424913;1,81E+18;
1,85E+18;Thu Oct 31 12:24:44 +0000 2024;1;oke kita merayakan newjeans sebagai global ambassadornya indomie besok aja soalnya ada badan pengawas pangan gabolehin makan mie wkkwkwkw https://t.co/4FmezSqYOu;1,85E+18;https://pbs.twimg.com/media/GbN-_qkakAArxpf.jpg;;in;;0;0;0;https://x.com/undefined/status/1851963516493926649;2566407584;
1,85E+18;Thu Oct 31 12:24:21 +0000 2024;0;@kudila_ Gasken lah mulai sekarang kita beli Indomie NewJeans;1,85E+18;;kudila_;in;;0;0;0;https://x.com/undefined/status/1851963420406317316;1,81E+18;
1,85E+18;Thu Oct 31 12:24:06 +0000 2024;0;@gataungapainn @newjeans_loop Perasaan indomie seblak hot jeletot ;1,85E+18;;gataungapainn;in;;0;0;0;https://x.com/undefined/status/1851963355436925197;1,40E+18;
1,85E+18;Thu Oct 31 12:22:46 +0000 2024;0;Seminggu sekali makan indomie newjeans abis ini wkwkw;1,85E+18;;;in;;0;0;0;https://x.com/undefined/status/1851963018537767376;1,66E+18;
1,85E+18;Thu Oct 31 12:22:04 +0000 2024;2;Pas awal Seventeen jadi BA Indomilk sama Chitato kata aku nanggung sekalian Indomie nya bisa kali. Eh ternyata BA Indomienya Newjeans. Perfect kalo tiba2 nanti Newjeans iklan masak pake bumbu racik ya jangan kaget ygy https://t.co/jh54If52Vn;1,85E+18;https://pbs.twimg.com/media/GbN-Yz0akAIezKM.jpg;;in;;0;0;0;https://x.com/undefined/status/1851962844440399947;1,30E+18;
1,85E+18;Thu Oct 31 12:21:19 +0000 2024;0;Indomie newjeans x tempe goreng hanni wkwkwk;1,85E+18;;;in;;0;0;0;https://x.com/undefined/status/1851962653918531960;1,66E+18;
1,85E+18;Thu Oct 31 12:21:10 +0000 2024;0;WKWKWK dari hanni makan tempe sampai newjeans x indomie. syaapp newjeans jadi ga perlu beli roti 400k deh ‍↔️;1,85E+18;;;in;;0;0;0;https://x.com/undefined/status/1851962617847517550;1,21E+18;
1,85E+18;Thu Oct 31 12:20:25 +0000 2024;0;Anjayy gak expect indomie newjeans wkwkwkwk;1,85E+18;;;in;;0;0;0;https://x.com/undefined/status/1851962427728105770;1,66E+18;
1,85E+18;Thu Oct 31 12:19:41 +0000 2024;0;@kudila_ Indomie NewJeans kayak mimpi jadi nyata;1,85E+18;;kudila_;in;;0;0;0;https://x.com/undefined/status/1851962243040399795;1,81E+18;
1,85E+18;Thu Oct 31 12:19:32 +0000 2024;0;nyobain indomie newjeans https://t.co/mewTpfSQh6;1,85E+18;https://pbs.twimg.com/media/GbN9y3HakAQJ2f4.jpg;;in;;0;0;0;https://x.com/undefined/status/1851962206633758985;1734799248;
1,85E+18;Thu Oct 31 12:16:48 +0000 2024;0;@kudila_ Kapan lagi kita bisa nyobain Indomie NewJeans;1,85E+18;;kudila_;in;;0;0;0;https://x.com/undefined/status/1851961518323274225;1,81E+18;
1,85E+18;Thu Oct 31 12:16:20 +0000 2024;0;Iklan indomie newjeans ada di tv bjirr;1,85E+18;;;in;;0;0;0;https://x.com/undefined/status/1851961400702431352;1,40E+18;
1,85E+18;Thu Oct 31 12:14:44 +0000 2024;0;@kudila_ Cakep banget kemasannya Indomie NewJeans;1,85E+18;;kudila_;in;;0;0;0;https://x.com/undefined/status/1851960997361389753;1,76E+18;
1,85E+18;Thu Oct 31 12:14:02 +0000 2024;56;#JBNNews Girl band Korea NewJeans mendadak jadi global brand Indomie produk mie instan buatan Indonesia indomie edisi newjeans yang paling enak yang mana ya kira-kira gais? #IndibizJBN #indibiz #indomie #NewJeans #CiptakanPeluangWujudkanHarapan https://t.co/wgx3Dxt1jU;1,85E+18;https://pbs.twimg.com/media/GbN7DADakAMYLYC.jpg;;in;;0;4;42;https://x.com/undefined/status/1851960820600881220;1,67E+18;
1,85E+18;Thu Oct 31 12:12:25 +0000 2024;0;@kudila_ Indomie NewJeans emang ngertiin selera;1,85E+18;;kudila_;in;;0;0;0;https://x.com/undefined/status/1851960415582044165;1,80E+18;
1,85E+18;Thu Oct 31 12:12:23 +0000 2024;0;@itscinat Indomie NewJeans kolaborasi yang bikin lidah bergoyang;1,85E+18;;itscinat;in;;0;0;0;https://x.com/undefined/status/1851960405729636588;1,82E+18;
1,85E+18;Thu Oct 31 12:11:06 +0000 2024;0;@itscinat Indomie NewJeans kolaborasi yang bikin semua orang penasaran;1,85E+18;;itscinat;in;;0;0;0;https://x.com/undefined/status/1851960085591064787;1,82E+18;
1,85E+18;Thu Oct 31 12:09:21 +0000 2024;0;@itscinat Kolaborasi Indomie NewJeans bikin makan mie jadi lebih seru;1,85E+18;;itscinat;in;;0;0;0;https://x.com/undefined/status/1851959645356667234;1,64E+18;
1,85E+18;Thu Oct 31 12:09:02 +0000 2024;0;@cimotyy Indomie NewJeans kolaborasi yang bikin nagih;1,85E+18;;cimotyy;in;;0;0;0;https://x.com/undefined/status/1851959562116698183;1,74E+18;
1,85E+18;Thu Oct 31 12:08:44 +0000 2024;0;@cimotyy Pengen banget ada merchandise khusus dari kolaborasi Indomie NewJeans;1,85E+18;;cimotyy;in;;0;0;0;https://x.com/undefined/status/1851959488968036696;1,74E+18;
1,85E+18;Thu Oct 31 12:07:51 +0000 2024;1;@newjeans_loop Hanni udah doyan tempe doyan indomie fix jodoh gua ;1,85E+18;;newjeans_loop;in;;0;0;0;https://x.com/undefined/status/1851959267492008393;330340103;
1,85E+18;Thu Oct 31 12:07:10 +0000 2024;0;@NoBeauty_Queen Indomie NewJeans kolaborasi yang bikin hati senang;1,85E+18;;Reetrrophile;in;;0;0;0;https://x.com/undefined/status/1851959096418931076;1,80E+18;
1,85E+18;Thu Oct 31 12:06:53 +0000 2024;0;@NoBeauty_Queen Siapa yang setuju kalo Indomie NewJeans adalah kolaborasi terbaik tahun ini;1,85E+18;;Reetrrophile;in;;0;0;0;https://x.com/undefined/status/1851959022016172241;1,82E+18;
1,85E+18;Thu Oct 31 12:06:51 +0000 2024;0;@cimotyy suka banget yaa gaiss Indomie NewJeans;1,85E+18;;cimotyy;in;;0;0;0;https://x.com/undefined/status/1851959016257409200;1636897130;
1,85E+18;Thu Oct 31 12:06:33 +0000 2024;0;@itscinat Indomie NewJeans kolaborasi yang bikin hari-hari lebih ceria;1,85E+18;;itscinat;in;;0;0;0;https://x.com/undefined/status/1851958940495679784;1,77E+18;
1,85E+18;Thu Oct 31 12:06:17 +0000 2024;0;@itscinat sekali banget mantap yaa Indomie NewJeans;1,85E+18;;itscinat;in;;0;0;0;https://x.com/undefined/status/1851958873441349695;1645967232;
1,85E+18;Thu Oct 31 12:05:57 +0000 2024;0;@cimotyy suka banget lah ya gaiss Indomie NewJeans;1,85E+18;;cimotyy;in;;0;0;0;https://x.com/undefined/status/1851958789697868141;1209480272;
1,85E+18;Thu Oct 31 12:05:57 +0000 2024;0;@kudila_ Indomie NewJeans kolaborasi yang bikin penasaran;1,85E+18;;kudila_;in;;0;0;0;https://x.com/undefined/status/1851958787025895924;1,74E+18;
1,85E+18;Thu Oct 31 12:05:39 +0000 2024;0;@cimotyy terbaik banget yaa Indomie NewJeans;1,85E+18;;cimotyy;in;;0;0;0;https://x.com/undefined/status/1851958711771955586;1194048517;
1,85E+18;Thu Oct 31 12:05:14 +0000 2024;0;@cimotyy suka banget dah ya ini mah Indomie NewJeans;1,85E+18;;cimotyy;in;;0;0;0;https://x.com/undefined/status/1851958606444245373;1,72E+18;
1,85E+18;Thu Oct 31 12:04:59 +0000 2024;0;@itscinat keren banget sih ya gaiss Indomie NewJeans;1,85E+18;;itscinat;in;;0;0;0;https://x.com/undefined/status/1851958543160893721;1,72E+18;
1,85E+18;Thu Oct 31 12:04:51 +0000 2024;0;@NewJeans_ADOR @Indomielovers Akhirnya indomie collab sama NJ;1,85E+18;;NewJeans_ADOR;in;;0;0;0;https://x.com/undefined/status/1851958512336953767;1,48E+18;
1,85E+18;Thu Oct 31 12:03:37 +0000 2024;0;beli indomie satu box bonus Newjeans;1,85E+18;;;in;;0;0;0;https://x.com/undefined/status/1851958202868600866;1,18E+18;
1,85E+18;Thu Oct 31 12:03:37 +0000 2024;0;@itscinat luar biasa banget yaa gaiss Indomie NewJeans;1,85E+18;;itscinat;in;;0;0;0;https://x.com/undefined/status/1851958202801492295;2258024413;
1,85E+18;Thu Oct 31 12:03:19 +0000 2024;0;@itscinat mantap banget yaa gaiss Indomie NewJeans;1,85E+18;;itscinat;in;;0;0;0;https://x.com/undefined/status/1851958124615471370;2218647608;
1,85E+18;Thu Oct 31 12:03:05 +0000 2024;0;@itscinat mantap sekali ya gaiss Indomie NewJeans;1,85E+18;;itscinat;in;;0;0;0;https://x.com/undefined/status/1851958065500660037;1303009998;
1,85E+18;Thu Oct 31 12:02:49 +0000 2024;0;@cimotyy keren banget ya gaiss Indomie NewJeans;1,85E+18;;cimotyy;in;;0;0;0;https://x.com/undefined/status/1851958000510210506;1670414106;
1,85E+18;Thu Oct 31 12:02:29 +0000 2024;0;@itscinat mantap sekali ya gaiss Indomie NewJeans;1,85E+18;;itscinat;in;;0;0;0;https://x.com/undefined/status/1851957915873321305;1219413889;
