conversation_id_str;created_at;favorite_count;full_text;id_str;image_url;in_reply_to_screen_name;lang;location;quote_count;reply_count;retweet_count;tweet_url;user_id_str;username
1,99044E+18;Mon Nov 17 15:07:37 +0000 2025;0;#ANTON #앤톤 #찬영 #アントン #RIIZE #라이즈 #Fame #RIIZE_Fame https://t.co/DFr0M6Ght5;1,99044E+18;https://pbs.twimg.com/media/G59zmY3aEAERacB.jpg;Chanyoung_IDN;qme;;0;0;0;https://x.com/undefined/status/1990436670051958943;1365822630;
1,99044E+18;Mon Nov 17 15:07:34 +0000 2025;0;สรุปอิวันนี้กับอิวันนั้นคือคนเดียวกันหรอ อ้าวววว มึง come back หรออิหน้ากี !!!;1,99044E+18;;;th;;0;0;0;https://x.com/undefined/status/1990436657250844715;1,31421E+18;
1,99044E+18;Mon Nov 17 15:04:50 +0000 2025;30;HONGJOONG ️ #ATINYDAY #ATINY #에이티니 #ATEEZ #에이티즈 #Dream7eam_ATINY @ATEEZofficial https://t.co/tNOZXL169j;1,99044E+18;;;tl;;0;0;3;https://x.com/undefined/status/1990435968277467182;1,00105E+18;
1,99044E+18;Mon Nov 17 15:04:21 +0000 2025;0;เจ้าชายเหม่ง เหม่งน่ารักมาก #อินซองคัมแบคฟรอม https://t.co/5B0przQ4FM;1,99044E+18;https://pbs.twimg.com/media/G59y2t3asAAATIx.jpg;InSeong_Terryy;th;;0;0;0;https://x.com/undefined/status/1990435848190316941;1,44753E+18;
1,99044E+18;Mon Nov 17 15:04:06 +0000 2025;3;[] 171125 Sunoo's Reply : Aku merasa kamu entah bagaimana akan datang hari ini jadi aku tidak tidur dan menunggumu! : Yol #SUNOO #선우 #김선우 #ソヌ #ENHYPEN #엔하이픈 #ENHYPEN_SUNOO #엔하이픈_선우 @ENHYPEN_members @ENHYPEN https://t.co/tW0YgW8gV6;1,99044E+18;https://pbs.twimg.com/media/G59yzOhboAA8kPS.jpg;;in;;0;0;1;https://x.com/undefined/status/1990435787221950515;1,52533E+18;
1,99044E+18;Mon Nov 17 15:02:12 +0000 2025;1;란쟈 ~인거네 ~인거다! ~인건가? ~군! 이 말투 너무 사랑스러워서 맨날 꼭 살리는 포인트인거네;1,99044E+18;;;ko;;0;0;0;https://x.com/undefined/status/1990435307293159886;1,97546E+18;
1,99043E+18;Mon Nov 17 15:01:30 +0000 2025;0;@nobleSEUNGCHEOL Kyaaaaa oppa &gt;;;;;;;;;;;
1,99044E+18;Mon Nov 17 15:01:29 +0000 2025;0;สำหรับวันนิแม่ปั่นได้เท่านี้ ตัดวันใหม่แล้วขอไปปั่นใจเงินมาให้ใหม่ก่อนน้า ขอป้ายซับเวย์ให้อินจุนช่วงคัมหน่อยนะค้าบ พี่ๆดรีมเส้น #โหวตนี้เพื่อน้องดรีม #โหวตนี้เพื่อเหรินจวิ้น #VoteForRENJUN https://t.co/r1hqvbQyFq;1,99044E+18;https://pbs.twimg.com/media/G59yMl4bEAAo3xE.jpg;;th;;0;0;0;https://x.com/undefined/status/1990435128892399956;563054732;
1,99044E+18;Mon Nov 17 15:01:10 +0000 2025;2;ジェジュン素敵すぎる #Rhapsody #JAEJOONG_Rhapsody #JAEJOONG #ジェジュン #김재중 #金在中 #REVERIE #REVERIE_JAPAN https://t.co/nzcXKIkrMh;1,99044E+18;https://pbs.twimg.com/media/G59yCVpaoAA-Td7.jpg;;ja;;0;0;0;https://x.com/undefined/status/1990435049007632418;8,32834E+17;
1,99043E+18;Mon Nov 17 14:58:13 +0000 2025;0;@imagamepyein ㅋㅋㅋㅋㅋㅋㅋㅋㅋㅋㅋㅋㅋㅋ 이자식!!!!!!!!!!!!!!! 가만두지 않겠다 ㅋㅋ;;;;;;;;;;;
1,99043E+18;Mon Nov 17 14:55:35 +0000 2025;0;‹#MINJI ARCHIVE ›┊INSTAGRAM #민지 #KIMMINJI #김민지 #NEWJEANS #뉴진스 https://t.co/7I7kf8NMJd;1,99043E+18;https://pbs.twimg.com/media/G59w1FGXoAAlR3D.jpg;;en;;0;0;0;https://x.com/undefined/status/1990433644578505214;1,83759E+18;
1,99043E+18;Mon Nov 17 14:55:25 +0000 2025;0;@imagamepyein 저두 와요...................................ㅡㅡ;1,99043E+18;;imagamepyein;ko;;0;1;0;https://x.com/undefined/status/1990433600869892149;1,8558E+18;
1,99043E+18;Mon Nov 17 14:55:12 +0000 2025;0;ATINYでいれる毎日がとても幸せです 日常に幸せと彩りをたくさんくれるATEEZにとても感謝しています これからも応援させてくださいね いつまでも健康に笑っていてね #ATINYDAY #ATINY #에이티니 #ATEEZ #에이티즈 #Dream7eam_ATINY https://t.co/UtekG2yzNs;1,99043E+18;https://pbs.twimg.com/media/G59wwuAaQAA515o.jpg;;ja;;0;1;0;https://x.com/undefined/status/1990433547232927764;1,61598E+18;
1,99043E+18;Mon Nov 17 14:53:34 +0000 2025;0;เป็นงานที่ตัดสินใจเลือกกลุ่มยากมาก นี่รู้สึกว่าค่ายใจร้ายกับแฟนคลับเกินไป จนเลือกกลุ่มเสร็จ ก็ยังรู้สึกวอแวไม่จบ เพราะมีอีกหลายกลุ่มที่อยากไปเล่นด้วย แต่สุดท้ายแล้วก็คิดถูกที่มากับ @endu_nekopon แหละ เอเนอจี้ล้นดีมาก ไอดอลฉี่ม่วงของฉัน Love you to the moon and never https://t.co/ZFULRJx5l7;1,99043E+18;https://pbs.twimg.com/media/G59wYgAbYAETSqa.jpg;;th;;0;0;0;https://x.com/undefined/status/1990433133754479049;67289712;
1,99043E+18;Mon Nov 17 14:52:55 +0000 2025;0;아 ㅈㄴ 아나타니이와레타라캉가에스기모시마스!!!!!!!!! &lt;;;;;;;;;;;
1,99043E+18;Mon Nov 17 14:51:04 +0000 2025;2;⠀ ⠀ ฮะ ฮะ- นั่นสินะ ? แต่มาด้วยร่างสัญรูปแบบนี้ จะไม่เป็นไรจริง ๆ เหรอครับ ⠀ ⠀ https://t.co/B56nOHQXs1;1,99043E+18;https://pbs.twimg.com/media/G59v0WMacAAYQTS.jpg;;th;;0;0;1;https://x.com/undefined/status/1990432507779797394;1,93985E+18;
1,99043E+18;Mon Nov 17 14:44:44 +0000 2025;1;어 또 돌아왔어 이 이 이 잉 압도 깁줘!! 이 이 이 잉 압도 안아줘!! 이 이 이 잉 압도 위로해줘!!;1,99043E+18;;;ko;;0;1;0;https://x.com/undefined/status/1990430911834325379;1,78022E+18;
1,99043E+18;Mon Nov 17 14:41:06 +0000 2025;4;@탐드구몬. 넌 연상이 좋아 연하가 좋아? 내가 좋아? -연하가 좋아 내가 좋아? -둘 다 똑같잖아. -알아 그래서 뭐가 좋냐구~ -(어이없음) 너. -응 알아!;1,99043E+18;;;ko;;0;1;0;https://x.com/undefined/status/1990429997757309373;1,88646E+18;
1,99043E+18;Mon Nov 17 14:40:08 +0000 2025;11;251117 🇨🇳Back to Life 이즈위 一直娱 2.0 今日も元気でよかった〜！グッド #하루아 #ハルア #HARUA #美琉愛 #andTEAM #앤팀 #andTEAM_HARUA https://t.co/xJZCnzWPAE;1,99043E+18;https://pbs.twimg.com/media/G59sAxOawAAe_dv.jpg;;ja;;0;0;5;https://x.com/undefined/status/1990429752784527791;1,6457E+18;
1,93849E+18;Mon Nov 17 14:39:49 +0000 2025;0;@Nan_Neko88 @yugyeom ฉลองHBD..1m ค่า96 YUGYEOM_INTERLUNAR #Yugyeom #유겸 @yugyeom #Interlunar​ #YUGYEOM_INTERLUNAR_DAY https://t.co/x271UZJSlF;1,99043E+18;https://pbs.twimg.com/media/G59tPYZasAAhOtq.jpg;IG0T7_Panda0109;et;;0;0;0;https://x.com/undefined/status/1990429674107707866;1,69641E+18;
1,99026E+18;Mon Nov 17 14:38:34 +0000 2025;1;@NEO_sukisuki 오랜만에 아침부터 함께해서 너무 즐거웟뎌ㅕ 이뿌게 찍어죠서 고마어;1,99043E+18;;NEO_sukisuki;ko;;0;0;0;https://x.com/undefined/status/1990429359597912270;1,80233E+18;
1,99032E+18;Mon Nov 17 14:38:26 +0000 2025;0;@ILJUNG123 쿠쿠 왔어요!!!! 다시 팔로우 걸었쭘당 ㅎㅎ 그럼 이전 계정은 아예 안쓰시는건가요?;1,99043E+18;;ILJUNG123;ko;;0;0;0;https://x.com/undefined/status/1990429325787861244;1,53766E+18;
1,99043E+18;Mon Nov 17 14:37:30 +0000 2025;13;アイエヌアイこの布陣で行けます‼️お願いします‼️(土下座) 第1弾▶True Love 第2弾▶Present 第3弾▶なんでも‼️‼️‼️‼️‼️‼️‼️ お願いします お願いします お願いします お願いします お願いします お願いします #INI @official__INI https://t.co/wkcn4fKOy3;1,99043E+18;https://pbs.twimg.com/media/G59stIYawAApq3D.jpg;;ja;;0;0;8;https://x.com/undefined/status/1990429091540222426;1,40182E+18;
1,99043E+18;Mon Nov 17 14:37:24 +0000 2025;2;[] 251116 #SEONGHYEON Weverse แก๊งไฮป์ Comment : ดื่มได้เหมือนฮิปโปกันจริง ๆ เลยนะ ㄴ : 55555ซัดเข้าไปให้เหมือนฮิปโป* *들이켜 마치 하마 เนื้อเพลง What You Want : พ่กนายขิงไอโฟนกันโคตรเว่ออะ ㄴ : : https://t.co/mlWbuQBGul;1,99043E+18;https://pbs.twimg.com/media/G59sruiaEAAoIB7.jpg;;th;;0;1;0;https://x.com/undefined/status/1990429066919633025;1,96002E+18;
1,98969E+18;Mon Nov 17 14:37:18 +0000 2025;0;@Yinjoo HALLO KAKAK CANTIK ___ sudah aku followback ya kakak &lt;;;;;;;;;;;
1,99043E+18;Mon Nov 17 14:36:51 +0000 2025;5;#우리사쿠_생일듀카해 겨울이니까추워감기걸리지않게 #サクヤのいちぱん特別な日 따뜻하게입고맛있는겨울간식도 #HAPPY_SAKUYA_DAY 먹으면서행복한겨울이랑생일보내;1,99043E+18;;;ko;;0;0;1;https://x.com/undefined/status/1990428927257719181;1,9628E+18;
1,99043E+18;Mon Nov 17 14:36:49 +0000 2025;0;#アイドキ　#テーマ投票 11月第4~6週のカムバック総攻投票 #RIIZE_(11/24) 現在 1位 #RIIZEVOTING https://t.co/ogSY9xfxji;1,99043E+18;;;ja;;0;0;0;https://x.com/undefined/status/1990428918244167807;230203675;
1,99043E+18;Mon Nov 17 14:36:13 +0000 2025;0;น้องดรีมพี่มาแล้ววววว YouTube Pre-Vote sbs Inkigayo Stationhead #โหวตนี้เพื่อน้องดรีม https://t.co/JhrYmm15Mw;1,99043E+18;https://pbs.twimg.com/media/G59sZ_JbkAASXu7.jpg;;et;;0;0;0;https://x.com/undefined/status/1990428768113156172;7,82789E+17;
1,99043E+18;Mon Nov 17 14:35:53 +0000 2025;0;개사나... 개사나... (그냥 밤에 개산이에게 꼴렷단 뜻 아무뜻없어요);1,99043E+18;;;ko;;0;0;0;https://x.com/undefined/status/1990428683975483670;1,96242E+18;
1,99043E+18;Mon Nov 17 14:35:08 +0000 2025;0;아니진짜 냐냐잖아 다이후쿠야~ https://t.co/6NvB0xOthh;1,99043E+18;https://pbs.twimg.com/media/G59sKOrb0AEp_Xi.jpg;;ko;;0;0;0;https://x.com/undefined/status/1990428495877472677;1,95156E+18;
1,99043E+18;Mon Nov 17 14:35:03 +0000 2025;5;26분만 버텨요 #아이도키 #테마투표 11월 4~6주차 컴백 총공 투표 #RIIZE_(11/24) 현재 1위 https://t.co/IoaGftgum0;1,99043E+18;;;ko;;0;0;1;https://x.com/undefined/status/1990428474297987538;1,77909E+18;
1,99043E+18;Mon Nov 17 14:34:14 +0000 2025;4;#サクヤのいちぱん特別な日 #우리사쿠_생일듀카해 #HAPPY_SAKUYA_DAY 생일듀카해 기니얌 해시 변경됏대요;1,99043E+18;;;ko;;0;0;0;https://x.com/undefined/status/1990428270597124398;1,5871E+18;
1,99043E+18;Mon Nov 17 14:33:29 +0000 2025;0;나는 어떤 삶에서든 당신을 선택할 것입니다 #ATINYDAY #ATINY #에이티니 #ATEEZ #에이티즈 #Choose #Dream7eam_ATINY;1,99043E+18;;;ko;;0;0;0;https://x.com/undefined/status/1990428079345607120;565666345;
1,99043E+18;Mon Nov 17 14:33:25 +0000 2025;0;@isthis__right 꺅&gt;;;;;;;;;;;
1,9904E+18;Mon Nov 17 14:33:16 +0000 2025;1;@inffffinf 아니ㅣ이아니이와미친미친아니댕댕커염뽀작아징쨔아니갑자기내심장을후벼파버리면아주거끄윽으긍아으항ㅇ 귀여워어ㅜㅠㅜㅜㅠㅜㅠ!!! 아 사랑합니다.. 저 오늘 행복사할게욙;1,99043E+18;;inffffinf;ko;;0;0;0;https://x.com/undefined/status/1990428027440833002;1,88745E+18;
1,99006E+18;Mon Nov 17 14:32:57 +0000 2025;1;@rkawk__21568 엉니 . 사랑해요 .;1,99043E+18;;rkawk__21568;ko;;0;1;0;https://x.com/undefined/status/1990427945094017320;1,84657E+18;
1,99043E+18;Mon Nov 17 14:32:25 +0000 2025;0;@iiiamotaku 네ㅋㅋㅋㅋㅋㅋㅋㅋㅋㅋㅋㅋㅋㅋㅋㅋ 듀님 트윗 보고 한 트윗ㅠㅠㅠㅠㅠㅠㅠㅠㅠㅠㅠㅠㅠㅠ 악수.앤 박수.;1,99043E+18;;iiiamotaku;ko;;0;0;0;https://x.com/undefined/status/1990427813015626162;2877597775;
1,99043E+18;Mon Nov 17 14:32:14 +0000 2025;2;251117 ifeye HWAYEON RAHEE Tiktok Update 𝑠𝑎𝑦 𝑦𝑜𝑢 𝑙𝑜𝑣𝑒 𝑚𝑒 #ifeye #이프아이 #WONHWAYEON #원화연 #RAHEE #라희 https://t.co/3m79GTV00p;1,99043E+18;https://pbs.twimg.com/amplify_video_thumb/1990427714969284608/img/5FGyL3u63gJPiEMp.jpg;;en;;0;0;0;https://x.com/undefined/status/1990427767989489910;1,90211E+18;
1,9904E+18;Mon Nov 17 14:31:56 +0000 2025;0;@NuVII @Hani_Angevil ใครเห็นก็ว่าใช่5665556755556655555555555554;1,99043E+18;;NuVII;th;;0;0;0;https://x.com/undefined/status/1990427690059649173;1,14522E+18;
1,99043E+18;Mon Nov 17 14:31:41 +0000 2025;9;하나 둘 셋 ˗ˋˏ 민균님 사랑합니다 ˎˊ˗ .^___^. ˗ˋˏ 이션님 엉덩합니다 ˎˊ˗ ¯ࡇ¯ ?;1,99043E+18;;;ko;;0;0;7;https://x.com/undefined/status/1990427629640647106;1,78308E+18;
1,99029E+18;Mon Nov 17 14:31:39 +0000 2025;3;@yhent_official #SEVNNE_FOREVER EVNNE IS SEVEN #이븐_영원히함께하자 #7EVNNE #EVNNE #이븐;1,99043E+18;;yhent_official;tr;;0;0;0;https://x.com/undefined/status/1990427618907496509;1,28364E+18;
1,99043E+18;Mon Nov 17 14:31:35 +0000 2025;0;강아지~~???? 곰돌이~~~~~????!? 앙;1,99043E+18;;;ko;;0;0;0;https://x.com/undefined/status/1990427601899249667;1,9034E+18;
1,99043E+18;Mon Nov 17 14:31:26 +0000 2025;3;그러면 우리 때 되면 막 나는내가 빛나는 별인줄 알았어요~~ 이러거나 매끈매끈하다 매끈매끈한 푱푱하다 푱푱한 울퉁불퉁 하다 울퉁불퉁한 이러고 있는거 아님??;1,99043E+18;;;ko;;0;0;1;https://x.com/undefined/status/1990427564913901583;1,89857E+18;
1,99043E+18;Mon Nov 17 14:31:25 +0000 2025;3;세상에서 가장 귀여운 오므라이스 접시가 있다면 그건 바로 너일 거야아ㅏ ️ https://t.co/yWNaLabo2n;1,99043E+18;https://pbs.twimg.com/media/G59rTlRa0AAMiYv.jpg;;ko;;0;1;0;https://x.com/undefined/status/1990427562242461860;1,71882E+18;
1,99043E+18;Mon Nov 17 14:31:14 +0000 2025;0;YO YO YO YO YO) WHAT'S UP?×2 WHAT'S UP GIRL? WHAT'S UP CRAZY FOR ANOTHER ONE;1,99043E+18;;;en;;0;1;0;https://x.com/undefined/status/1990427513621811368;131727574;
1,99043E+18;Mon Nov 17 14:31:00 +0000 2025;3;&lt;;;;;;;;;;;
1,99043E+18;Mon Nov 17 14:31:00 +0000 2025;11;#잠깐만여_사쿠야생일_축하하셔야죠 #HAPPY_SAKUYA_DAY #さくちゃんの_キラキラ_お誕生日;1,99043E+18;;;qht;;0;1;0;https://x.com/undefined/status/1990427454360686612;1,87802E+18;
1,99026E+18;Mon Nov 17 14:30:58 +0000 2025;0;@nev1esomnia BABY CAN BE THE THE KING OF NEVIES FR;1,99043E+18;;nev1esomnia;en;;0;0;0;https://x.com/undefined/status/1990427446186008610;1,83816E+18;
1,99043E+18;Mon Nov 17 14:30:53 +0000 2025;19;あにめろでぃありゃとう 楽しかったしこうめちゃま𝑩𝑰𝑮 𝑳𝑶𝑽𝑬―― https://t.co/FGRYilY381;1,99043E+18;https://pbs.twimg.com/media/G59rMQ3a4AArQjR.jpg;;ja;;0;3;3;https://x.com/undefined/status/1990427425210032566;1,80226E+18;
1,99043E+18;Mon Nov 17 14:30:47 +0000 2025;1;ビート早そうでダンス楽しみ #cosmosy #コスモシー #himesha #de_hana #kamión #amei #ヒメシャ #カミオン #ディハナ #エイメイ #코스모시 #에이메이 #めい愛で隊;1,99043E+18;;;ja;;0;0;0;https://x.com/undefined/status/1990427399482134864;1,86423E+18;
1,99043E+18;Mon Nov 17 14:30:31 +0000 2025;0;GABISA GAKUAT HAGANEZUKA + INOSUKE KUUUUUUU https://t.co/8awqqwTCwn;1,99043E+18;https://pbs.twimg.com/media/G59rGvZbMAAg4VL.jpg;;in;;0;0;0;https://x.com/undefined/status/1990427332297785404;1,26964E+18;
1,9903E+18;Mon Nov 17 14:30:08 +0000 2025;0;@yookarinu Semoga terus bareng bareng sampai waktu puluhan tahun! ️️️️️️️️;1,99043E+18;;yookarinu;in;;0;0;0;https://x.com/undefined/status/1990427238928425150;3036626856;
1,99043E+18;Mon Nov 17 14:29:55 +0000 2025;0;왔다ㅋㅋㅋㅋㅋㅋㅋㅋㅋㅋㅋㅋㅋㅋㅋㅋㅋㅋㅋㅋㅋㅋㅋㅋㅋㅋㅋㅋㅋㅋㅋㅋㅋㅋㅋㅋㅋㅋㅋㅋㅋㅋㅋㅋㅋㅋㅋ;1,99043E+18;;;ko;;0;0;0;https://x.com/undefined/status/1990427184771875070;1,62985E+18;
1,99041E+18;Mon Nov 17 14:29:38 +0000 2025;1;@Ifyoudare77 @all_my_love_is แตกต่าง เพื่อไม่ให้ประวัติศาสตร์ซ้ำรอย CATHYDOLL SHOP X PERAYA #CathydollLiveBalancexFaye;1,99043E+18;;Ifyoudare77;th;;0;1;0;https://x.com/undefined/status/1990427110117433779;9,92621E+17;
1,99043E+18;Mon Nov 17 14:29:28 +0000 2025;1; | Daily Tweet | 2025.11.16 | Brand Reputation | BTS Jimin | #지민 #JIMIN #박지민 #방탄지민 #ジミン #Jimin_MUSE @BTS_twt;1,99043E+18;;;en;;0;0;0;https://x.com/undefined/status/1990427071936356708;119720136;
1,99042E+18;Mon Nov 17 14:29:27 +0000 2025;4;@jungbunny_jeo JK.体に気を付けてね︎ ＼＼\\( 'ω' )//／／️;1,99043E+18;;jungbunny_jeo;ja;;0;0;1;https://x.com/undefined/status/1990427066227925244;1,41224E+18;
1,99043E+18;Mon Nov 17 14:29:19 +0000 2025;1;ソンベと呼ばれたい貴方へ こんなかっこいい後輩がいたらなぁ #DIGNITY #디그니티 #LUO #루오 #MINSEOK #민석 #LUKE #루크 #ON #온 #HYEONGJIN #형진 https://t.co/RMlZfNdhq9;1,99043E+18;https://pbs.twimg.com/ext_tw_video_thumb/1990427001417842688/pu/img/Z26jNHbBpmbfvLBn.jpg;;ja;;0;0;1;https://x.com/undefined/status/1990427033797612023;160999167;
1,99029E+18;Mon Nov 17 14:29:13 +0000 2025;0;@YugyeomStreamTH แปะๆงั้บ HAPPY 28TH BIRTHDAY YUGYEOM #28thDanceWithYUGYEOM คุณช่วยปั่น เราช่วยวิ่ง #The_Running_Fan_Project #YUGYEOM #유겸 @yugyeom #GOT7 #갓세븐 #IGOT7 #YUGYEOMSTREAMTH_PRO;1,99043E+18;https://pbs.twimg.com/media/G59q0FRa8AAbGqN.jpg;YugyeomStreamTH;und;;0;0;0;https://x.com/undefined/status/1990427008766206356;1,51069E+18;
1,99043E+18;Mon Nov 17 14:29:00 +0000 2025;0;BANGGA BGT SAMA NA JAEMIN COWOKU SUPER KEREN SUPER MEMBANGGAKAN;1,99043E+18;;;in;;0;0;0;https://x.com/undefined/status/1990426950608007320;1,49431E+18;
1,9904E+18;Mon Nov 17 14:28:57 +0000 2025;0;@returnofjaemina jeno jaemin happy birthday yaa kak sehat bahagia dan sukses selaluu lancar rejeki dan segala urusannya aamiin enjoy ur day yaa kak!! 7DREAM BEAT IT UP OUT NOW #BeatItUpWith7DREAM #꿈을향한_속도를올려_BeatItUp #NCTDREAM_BeatItUp h;1,99043E+18;https://pbs.twimg.com/media/G59qwCqbAAAcO1z.jpg;returnofjaemina;in;;0;0;0;https://x.com/undefined/status/1990426941799674237;1,43014E+18;
1,99043E+18;Mon Nov 17 14:28:55 +0000 2025;1;ป๊าดดดดด หนูรักมามี๊ดิวนะคะ รักเลย ~ #หลิงออมวาดฝันวันวิวาห์ #หลิงออม‌ #LingOrm;1,99043E+18;;;th;;0;0;0;https://x.com/undefined/status/1990426930504761774;1,37531E+18;
1,99043E+18;Mon Nov 17 14:28:55 +0000 2025;5;#우리사쿠_생일듀카해 추운 겨울을 싫어하던 내가 겨울을 기다려 #HAPPY_SAKUYA_DAY 평범했던 하루가 변해가 #さくちゃんの_キラキラ_お誕生日 너는 부디 좋은 꿈을 꾸기를 https://t.co/bcyxuXDkqo;1,99043E+18;https://pbs.twimg.com/media/G59qvnXawAAAkKs.jpg;;ko;;0;0;0;https://x.com/undefined/status/1990426930043294007;1,87446E+18;
1,99043E+18;Mon Nov 17 14:28:54 +0000 2025;0;#우리사쿠_생일듀카해 항상사쿠에게바람보다빨리달려갈게 #HAPPY_SAKUYA_DAY 사쿠야너무귀여워활력소야 #さくちゃんの_キラキラ_お誕生日 이제곧성인이되지만사쿠는영원한아가야;1,99043E+18;;;ko;;0;0;0;https://x.com/undefined/status/1990426925525864633;1,9628E+18;
1,99043E+18;Mon Nov 17 14:28:52 +0000 2025;0;해볼게. 근데 진짜로 안 만나주면... 네오 집 가서 울 거야. 문 열어줘어... (침울.);1,99043E+18;;;ko;;0;0;0;https://x.com/undefined/status/1990426920064888863;1,83995E+18;
1,99043E+18;Mon Nov 17 14:28:52 +0000 2025;0;イコラブ ノイミー ニアジョイ ランダムネームバッジ トレ 譲 ）他メンバー 求 ）尾木、小澤 5個〜購入予定です。 レートによっては同レ優先させて頂く場合がございますことをご了承ください。 仮約束可能な方お声掛けお願い致します‍️ https://t.co/QQxHSb86ZZ;1,99043E+18;https://pbs.twimg.com/media/G59qu2bbsAAtVsH.jpg;;ja;;0;1;0;https://x.com/undefined/status/1990426917946978608;8,04662E+17;
1,99043E+18;Mon Nov 17 14:28:52 +0000 2025;3;ｳﾏｲ ｳﾏｲ ｳﾏｲﾅ､ｺﾚ ﾌｩﾝ、ｲｲｼﾞｬｧ､ﾅｲｶ ｲｲﾈｪ~、ｺﾚ ｺﾚﾀﾞﾖ、ｺﾚ ｲｹﾙﾈｪ~~、ﾜｶｯﾃﾙ､ﾈｪ~~~~~~ 次はお前の番な;1,99043E+18;;;ja;;0;1;1;https://x.com/undefined/status/1990426917099425843;1,86707E+18;
1,99043E+18;Mon Nov 17 14:28:45 +0000 2025;17;20251117 온앤오프 오사카 팬싸인회2부 フォトタイムの야채튀김 今日はセンイルボーイのみんぎゅんが真ん中で、ぎゃーーってなってた 終わりにユトが 僕の気持ちわかった? って聞いててそのわちゃわちゃ感もオネノプで好きすぎる ️ 一生一緒にいてくれ #온앤오프 #ONF #オネノプ https://t.co/qdNPwESNfr;1,99043E+18;https://pbs.twimg.com/media/G59qtVHbEAANPAo.jpg;;ja;;0;0;6;https://x.com/undefined/status/1990426889823863287;2188327562;
1,99042E+18;Mon Nov 17 14:28:44 +0000 2025;0;@Hae_Meen น้องบีทลูกรัก แม่มาแล้ว ️‍️‍️‍ 7DREAM BEAT IT UP OUT NOW #꿈을향한_속도를올려_BeatItUp #BeatItUpWith7DREAM #NCTDREAM_BeatItUp https://t.co/NruU01IRQA;1,99043E+18;https://pbs.twimg.com/media/G59qsmoaEAA_thz.jpg;Hae_Meen;und;;0;0;0;https://x.com/undefined/status/1990426885168439640;7,84643E+17;
1,99043E+18;Mon Nov 17 14:28:43 +0000 2025;0;1-4 7DREAM BEAT IT UP OUT NOW #BeatItUpWith7DREAM #꿈을향한_속도를올려_BeatItUp #NCTDREAM_BeatItUp https://t.co/m84D96mkTd;1,99043E+18;https://pbs.twimg.com/media/G59qscibAAA0YPa.jpg;MH8266ly;en;;0;1;0;https://x.com/undefined/status/1990426881460752835;1,35373E+18;
1,99039E+18;Mon Nov 17 14:28:33 +0000 2025;1;@BOO_islove 이러다 미쳐 내가 여리여리 착하던 그런 내가 너 때문에 돌아 내가 독한 나로 변해 내가;1,99043E+18;;BOO_islove;ko;;0;1;0;https://x.com/undefined/status/1990426837642821931;1,95304E+18;
1,99043E+18;Mon Nov 17 14:28:25 +0000 2025;2;맨날 한연음 얘기를 하는 것 같지만 저희 집 친구들 . 일어도 지원하긴 합니다 . .;1,99043E+18;;;ko;;0;0;0;https://x.com/undefined/status/1990426806747385912;1,31692E+18;
1,99043E+18;Mon Nov 17 14:28:23 +0000 2025;0;아너무좋으네......... 나보고 고맙다고 해줬어 이제 이걸로 100년을 살아;1,99043E+18;;;ko;;0;0;0;https://x.com/undefined/status/1990426798820073514;1,80924E+18;
1,99036E+18;Mon Nov 17 14:28:15 +0000 2025;0;@Alphaka_02z @dearxinlongie guys ayo bersihin sb jangan sampe ini jadi makanan buat haters ngehate uri ian WE LOVE YOU IAN OUR ARTIST IAN TOGETHER WITH OUR IAN WE WILL WALK WITH YOU IAN WITH IAN TILL THE END;1,99043E+18;;Alphaka_02z;in;;0;1;0;https://x.com/undefined/status/1990426765324345423;1,69893E+18;
1,99043E+18;Mon Nov 17 14:28:11 +0000 2025;0;にゃむちぃにゃむちぃチェキあり️お揃いクロミちゃんコーデ助かるぅ( ᐛ )ふぅー！！3枚目アイーンジワるてこれからも仲良くしてねぇ( ◜ω◝و(و https://t.co/UqTX8ZuvI0;1,99043E+18;https://pbs.twimg.com/media/G59qkvmb0AAFk3J.jpg;;ja;;0;0;0;https://x.com/undefined/status/1990426747825709487;2383594639;
1,99041E+18;Mon Nov 17 14:28:09 +0000 2025;1;@nya_eu_ 이런 분위기 언제 안 좋아할카요...//// 으냥님을 언제나 좋아해요 감사합니다!!&gt;;;;;;;;;;;
1,99042E+18;Mon Nov 17 14:28:02 +0000 2025;1;@AteezCebuPH happy atiny day #ATINYDAY #ATINY #에이티니 #ATEEZ #에이티즈 #Dream7eam_ATINY https://t.co/H5NE9lTDcA;1,99043E+18;https://pbs.twimg.com/media/G59qiaObMAAgxWs.jpg;AteezCebuPH;en;;0;0;0;https://x.com/undefined/status/1990426710815183172;1,56971E+18;
1,99041E+18;Mon Nov 17 14:27:57 +0000 2025;0;@LeonhartX09w ป้าๆ 7DREAM BEAT IT UP OUT NOW #BeatItUpWith7DREAM #꿈을향한_속도를올려_BeatItUp #NCTDREAM_BeatItUp https://t.co/UC1jvRWCSP;1,99043E+18;https://pbs.twimg.com/media/G59qhM5aIAAMvdx.jpg;LeonhartX09w;en;;0;1;0;https://x.com/undefined/status/1990426687721664940;9,48881E+17;
1,99042E+18;Mon Nov 17 14:27:51 +0000 2025;1;@paradise_iwia 이떠니띠 시작전에 놀러오세요!!!!! 크크크 기다리고잇겟습니다ㅏㅏㅏㅏ;1,99043E+18;;paradise_iwia;ko;;0;0;0;https://x.com/undefined/status/1990426661842718836;1,35464E+18;
1,86249E+18;Fri Nov 29 22:46:01 +0000 2024;0;@peomansdream kenapa gak nanya langsung kocag gw baru baca. itu mie indomie new jeans yg spicy ramyeon;1,86263E+18;;;in;;0;1;0;https://x.com/undefined/status/1862629112764150110;1,81669E+18;
1,86255E+18;Fri Nov 29 17:16:33 +0000 2024;1;gila ya pengaruh indomie ke newjeans. gue nangis nonton press conferencenya buset keren bgt lu pada neng;1,86255E+18;;;in;;0;0;0;https://x.com/undefined/status/1862546203231363122;1,36736E+18;
1,86252E+18;Fri Nov 29 15:14:27 +0000 2024;1;NewJeans: udah paling bener gw jualan indomie ajalah;1,86252E+18;;;in;;0;0;0;https://x.com/undefined/status/1862515473910571447;1,49241E+18;
1,8625E+18;Fri Nov 29 14:16:59 +0000 2024;0;indomie ramyeon plg enak yg biru;1,8625E+18;;;in;;0;0;0;https://x.com/undefined/status/1862501013535826165;9,85775E+17;
1,86248E+18;Fri Nov 29 12:52:22 +0000 2024;0;indomie rose topokki rasanya freak bgt knpsih gak enak cm krn udh beli ajeeeeee support idol pengangguranku (newjeans);1,86248E+18;;;in;;0;0;0;https://x.com/undefined/status/1862479716969848994;1,65876E+18;
1,86245E+18;Fri Nov 29 11:34:55 +0000 2024;1;@pppuleee newjeans bar dadi BA indomie jiwa2 idealisme mahasiswane langsung metu;1,86246E+18;;pppuleee;in;;0;1;0;https://x.com/undefined/status/1862460227796574682;8,45452E+17;
1,86246E+18;Fri Nov 29 11:19:38 +0000 2024;0;tapi newjeans masih jadi BA indomie kan?;1,86246E+18;;;in;;0;0;0;https://x.com/undefined/status/1862456381737246803;1,75183E+18;
1,86238E+18;Fri Nov 29 06:21:12 +0000 2024;0;indomie beruntung bgt bisa koleb ama newjeans kemaren wkkwkw;1,86238E+18;;;in;;0;0;0;https://x.com/undefined/status/1862381277145702707;2487483455;
1,86237E+18;Fri Nov 29 05:43:07 +0000 2024;0;Indomie newjeans yang kuah enak bangett pedasnya berasa kuahnya juga kental aku suka lahh;1,86237E+18;;;in;;0;0;0;https://x.com/undefined/status/1862371692926087347;1,19721E+18;
1,86237E+18;Fri Nov 29 05:31:06 +0000 2024;0;indomie mie sedaap shin ramyeon;1,86237E+18;;;in;;0;0;0;https://x.com/undefined/status/1862368669571186826;1,4111E+18;
1,86232E+18;Fri Nov 29 05:07:38 +0000 2024;0;@kangbramind Dia gak gumoh ya makan ramyeon segitu banyak dalam 1x seating 1 porsi ramyeon kan lebih gede dr indomie itu kalo makannya indomie goreng bisa jd 10bks dah.;1,86236E+18;;kangbramind;in;;0;0;0;https://x.com/undefined/status/1862362763739426874;28994944;
1,86234E+18;Fri Nov 29 03:52:22 +0000 2024;1;Ramyeon ala heeseung tp versi indomie soto https://t.co/ZsdWaBwj7p;1,86234E+18;https://pbs.twimg.com/media/Gdhf1WKboAUY80-.jpg;;in;;0;5;0;https://x.com/undefined/status/1862343820656222455;1,76322E+18;
1,86233E+18;Fri Nov 29 03:12:23 +0000 2024;0;Eh padahal newjeans baru sama indomie ya.. kalo ga pake nama nj lg nnti berarti iklannya di take down atau gimana;1,86233E+18;;;in;;0;0;0;https://x.com/undefined/status/1862333760903291203;1,83121E+18;
1,86231E+18;Fri Nov 29 02:47:07 +0000 2024;1;@eatyoungk bahkan shin ramyeon ga ada pedes-pedesnya: ) masih pedesan indomie;1,86233E+18;;eatyoungk;in;;0;1;0;https://x.com/undefined/status/1862327401193382270;1,57696E+18;
1,86231E+18;Fri Nov 29 02:40:08 +0000 2024;0;@EmployeeHiseung Itu Indomie Newjeans ya? Btw aku cinta banget sama gebetanku ;1,86233E+18;;heeiseungie;in;;0;1;0;https://x.com/undefined/status/1862325643587068387;2488294495;
1,86231E+18;Fri Nov 29 01:49:10 +0000 2024;8;youngk bahkan gk kuat sama pedesnya shin ramyeon. ini kalau makan indomie enggak pake saosnya kali yee...;1,86231E+18;;;in;;18;4;2;https://x.com/undefined/status/1862312819318001832;1,02319E+18;
1,86216E+18;Thu Nov 28 15:59:11 +0000 2024;0;Menyimak sambil mam indomie newjeans https://t.co/EhFg3zQW29;1,86216E+18;https://pbs.twimg.com/media/Gde8mdCWoAEUWIX.jpg;;in;;0;0;0;https://x.com/undefined/status/1862164343569465391;537990065;
1,86216E+18;Thu Nov 28 15:23:49 +0000 2024;0;Seenggaknya NewJeans pernah jadi bintang iklan Indomie;1,86216E+18;;;in;;0;0;0;https://x.com/undefined/status/1862155441884787021;356580881;
1,86214E+18;Thu Nov 28 14:33:33 +0000 2024;0;@kdyisbae itu yang rasa mana kak? aku tuh nyari2 yang rose sedih banget ga nemu2 HAHA kata temenku yang di jkt nemunya di the ranch kek wow apakah indomie newjeans rose ekslusif di supermarket mahal HAHAHA;1,86214E+18;;kdyisbae;in;;0;1;0;https://x.com/undefined/status/1862142794816749585;1,00478E+18;
1,86214E+18;Thu Nov 28 14:33:19 +0000 2024;0;on the side note aku abis ini mau borong indomie newjeans (BELOM KESAMPEAAANNN) sama mau beli lg pepero almondnya enak bgt;1,86214E+18;;sevendouble2s;in;;0;0;0;https://x.com/undefined/status/1862142733156254053;1,55184E+18;
1,86214E+18;Thu Nov 28 14:29:57 +0000 2024;0;@kdyisbae (((indomie newjeans))) KAK WKWKWKWKW;1,86214E+18;;kdyisbae;in;;0;1;0;https://x.com/undefined/status/1862141887395791026;1,00478E+18;
1,86214E+18;Thu Nov 28 14:16:46 +0000 2024;0;JIR GW SUKA BGT INDOMIE NEWJEANS;1,86214E+18;;;in;;0;1;0;https://x.com/undefined/status/1862138570464772414;1,25571E+18;
1,86213E+18;Thu Nov 28 14:00:36 +0000 2024;0;ini spicy ramyeon indomie real spicy bukan yang kek shin itu oit https://t.co/8xliK0WRpG;1,86213E+18;https://pbs.twimg.com/media/Gdehc8bXYAA4-kI.jpg;;in;;0;0;0;https://x.com/undefined/status/1862134501734064272;1,37031E+18;
1,86213E+18;Thu Nov 28 13:57:44 +0000 2024;0;pengen pukpuk newjeans terus bikinin indomie rebus pake telor kuah kental;1,86213E+18;;;in;;0;0;0;https://x.com/undefined/status/1862133781546811415;1,78432E+18;
1,86211E+18;Thu Nov 28 13:40:37 +0000 2024;0;@starfess baru juga cobain indomie newjeans tp susah cari yg warna pink di domku ga ada jual ;1,86213E+18;;starfess;in;;0;0;0;https://x.com/undefined/status/1862129473233240315;459228495;
1,86213E+18;Thu Nov 28 13:24:05 +0000 2024;0;Bisa-bisanya di saat seperti ini malah mikirin collab mereka sama indomie NEWJEANS NEVER DIE;1,86213E+18;;;in;;0;0;0;https://x.com/undefined/status/1862125311036654069;1,19706E+18;
1,86212E+18;Thu Nov 28 13:17:30 +0000 2024;0;tapi kita ga bakal dapet light jeans indomie x newjeans?! ;1,86212E+18;;;in;;0;0;0;https://x.com/undefined/status/1862123652634059008;1,32472E+18;
1,86211E+18;Thu Nov 28 13:13:05 +0000 2024;0;@tanyarlfes lahh pertanyaanya adalah ini kontrak mereka sama indomie dengan nama newjeans gimana??? kok bisa udah bubaran sedangkan indomie aja baru rilis : ;1,86212E+18;;tanyarlfes;in;;1;2;0;https://x.com/undefined/status/1862122544612126829;1,5456E+18;
1,86212E+18;Thu Nov 28 13:08:34 +0000 2024;0;List yang bikin gue cemburu 1. Jake enhypen 2. Ramyeon Jokes indomie seleramu juga ga bisa seung ;1,86212E+18;;;in;;0;0;0;https://x.com/undefined/status/1862121407158915269;1,63925E+18;
1,86212E+18;Thu Nov 28 13:08:08 +0000 2024;0;mau bikin mie jadinya liat konten heeseung mending beli shin ramyeon apa pake indomie aja;1,86212E+18;;;in;;0;1;0;https://x.com/undefined/status/1862121295909187677;1,55733E+18;
1,86212E+18;Thu Nov 28 13:02:24 +0000 2024;0;Aku akan dukung kamu dengan beli Indomie NewJeans!!!;1,86212E+18;;;in;;0;0;0;https://x.com/undefined/status/1862119854909825489;7,39455E+17;
1,86212E+18;Thu Nov 28 12:54:05 +0000 2024;0;wes lek bisnis indomie ae. FREE NEWJEANS!;1,86212E+18;;;in;;0;0;0;https://x.com/undefined/status/1862117759787885051;1,22451E+18;
1,8621E+18;Thu Nov 28 12:01:36 +0000 2024;0;@banchingu Indomie newjeans yg biru demi apapun asin poool;1,8621E+18;;banchingu;in;;0;1;0;https://x.com/undefined/status/1862104554856493472;1,1507E+18;
1,8621E+18;Thu Nov 28 11:43:42 +0000 2024;0;Ini indomie masih bisa pake newjeans ga sih buat promosi iklannya bjir;1,8621E+18;;;in;;0;1;0;https://x.com/undefined/status/1862100050144637210;241003491;
1,86209E+18;Thu Nov 28 11:03:16 +0000 2024;3;nanti malem mau rewatch lagi sambil makan indomie SOOBIN AND HEESEUNG RAMYEON CLUB #MyFaveOfFavesHeeseung #최애의최애 #HEESEUNG #희승 @ENHYPEN @ENHYPEN_members https://t.co/V8xuj30SBD;1,86209E+18;https://pbs.twimg.com/media/Gdd43tBWMAAZDkJ.jpg;;in;;0;0;1;https://x.com/undefined/status/1862089873353736397;1,42584E+18;
1,86139E+18;Thu Nov 28 10:01:34 +0000 2024;0;@FOODFESS2 indomie ramyeon yg baru itu yang bungkusnya warna biru enak banget gak ramah gerd sih tapi worth muntah muntah buat makan itu;1,86207E+18;;FOODFESS2;in;;0;0;0;https://x.com/undefined/status/1862074347508338709;1,46018E+18;
1,86206E+18;Thu Nov 28 08:54:21 +0000 2024;0;sp udh coba indomie x newjeans;1,86206E+18;;;in;;0;0;0;https://x.com/undefined/status/1862057431460979101;1,41777E+18;
1,8618E+18;Thu Nov 28 02:51:42 +0000 2024;0;@Adriftumn Indomie x NewJeans yang fiery chicken ituuu! Sudah kenyang semalam jadi mengantuk. ‍️;1,86197E+18;;Adriftumn;in;;0;0;0;https://x.com/undefined/status/1861966167478571139;3254456648;
1,86179E+18;Wed Nov 27 15:13:44 +0000 2024;0;Pengen indomie newjeans tapi mager beliiiiii;1,86179E+18;;uyahz;in;;0;0;0;https://x.com/undefined/status/1861790516960170030;1,51329E+18;
1,86177E+18;Wed Nov 27 13:45:23 +0000 2024;0;indomie spicy ramyeon yang newjeans itu enak banget plzzz masuk top 3 indomie fav aku;1,86177E+18;;;in;;0;0;0;https://x.com/undefined/status/1861768283516817568;1,77485E+18;
1,86174E+18;Wed Nov 27 11:41:41 +0000 2024;0;abis makan indomie bisa jd member newjeans ga;1,86174E+18;;;in;;0;0;0;https://x.com/undefined/status/1861737154633933119;9,56081E+17;
1,86171E+18;Wed Nov 27 10:13:31 +0000 2024;0;INDOMIE × NEWJEANS Oh My Oh My Good! Siapa sih yang gak bisa hidup tanpa mie? Angkat tangannya! ️ Kita udah siapin spesial buat para pecinta Indomie biar makannya sambil bayangin ditemenin NewJeans. https://t.co/iUDxjycG9M;1,86171E+18;https://pbs.twimg.com/media/GdYj4gvaQAABAGk.jpg;sorevamp;in;;0;1;0;https://x.com/undefined/status/1861714966371618894;9,04297E+17;
1,86139E+18;Wed Nov 27 09:51:07 +0000 2024;0;@FOODFESS2 indomie goreng indomie soto shin ramyeon;1,86171E+18;;FOODFESS2;in;;0;0;0;https://x.com/undefined/status/1861709329843511443;1,83334E+18;
1,86171E+18;Wed Nov 27 09:50:57 +0000 2024;1;gw bagi bagi indomie kl newjeans masuk @oddatelier;1,86171E+18;;;in;;0;0;0;https://x.com/undefined/status/1861709285610467543;1,38306E+18;
1,86161E+18;Wed Nov 27 03:20:04 +0000 2024;0;for context abis nyoblos ke a* niatnya mau nyari indomie yg newjeans tp gaada adanya malah ini. kmrn cmn liat di tl ada yg share yg putih item (rasa cookies?) and bcs i dont vibe with those hari ini baru liat ada yg ijo2 rasa almond dan ternyata wenyaakk;1,86161E+18;;sevendouble2s;in;;0;0;0;https://x.com/undefined/status/1861610918226075729;1,55184E+18;
1,86144E+18;Tue Nov 26 16:07:44 +0000 2024;0;nasi daun jeruk ayam tulang lunak sore mam indomie x newjeans yang merah :&gt;;;;;;;;;;;
1,86139E+18;Tue Nov 26 13:01:53 +0000 2024;0;mau makan Indomie newjeans oi;1,86139E+18;;;in;;0;0;0;https://x.com/undefined/status/1861394947284553822;1,83642E+18;
1,86139E+18;Tue Nov 26 12:59:09 +0000 2024;0;mau makan Indomie newjeans malah kehalang by u error kocak;1,86139E+18;;;in;;0;0;0;https://x.com/undefined/status/1861394259980755449;1,83642E+18;
1,86107E+18;Mon Nov 25 15:48:08 +0000 2024;0;@philoshophia7 yaudah kasih Indomie newjeans aja;1,86107E+18;;philoshophia7;in;;0;1;0;https://x.com/undefined/status/1861074397546831965;1,61014E+18;
1,86086E+18;Mon Nov 25 14:28:22 +0000 2024;0;@hourlywintol @roscentsea Makanya gw diem aja biar dia godok dulu indomie newjeans dia itu;1,86105E+18;;hourlywintol;in;;0;1;0;https://x.com/undefined/status/1861054323364675821;1,6946E+18;
1,86105E+18;Mon Nov 25 14:27:35 +0000 2024;2;first time nyoba indomie spicy ramyeon newjeans TIDAK EXPECT SUAPAN PERTAMA PEDES BANGET ;1,86105E+18;;;in;;1;4;0;https://x.com/undefined/status/1861054126513344939;2644886024;
1,86103E+18;Mon Nov 25 12:42:39 +0000 2024;0;indomie korean series yang biru tuh mirip shin ramyeon menurutku jadi kalau lagi pengen shin tapi versi murah mending beli indomie biru;1,86103E+18;;;in;;0;0;0;https://x.com/undefined/status/1861027719947203059;1,40307E+18;
1,86102E+18;Mon Nov 25 12:25:36 +0000 2024;1;nyobain varian indomie baru yg spicy ramyeon ternyata enakkkk ihhh tp mayan pedesssnya kerasa bgt buat ak;1,86102E+18;;;in;;0;0;0;https://x.com/undefined/status/1861023428662403392;1,20794E+18;
1,86102E+18;Mon Nov 25 12:22:23 +0000 2024;0;@SukaAnimehihihi indomie spicy ramyeon lumayan enak nihh cobain a;1,86102E+18;;SukaAnimehihihi;in;;0;1;0;https://x.com/undefined/status/1861022619098837047;1,37655E+18;
1,86102E+18;Mon Nov 25 12:10:44 +0000 2024;0;@Kopiseduh_ salah ‍️ indomie spicy ramyeon;1,86102E+18;;Kopiseduh_;in;;0;1;0;https://x.com/undefined/status/1861019689012351266;1,37655E+18;
1,86102E+18;Mon Nov 25 12:10:20 +0000 2024;0;@AriefJunjunan_ salahhh salah ini mah indomie spicy ramyeon;1,86102E+18;;AriefJunjunan_;in;;0;1;0;https://x.com/undefined/status/1861019590018650598;1,37655E+18;
1,86101E+18;Mon Nov 25 11:45:32 +0000 2024;0;@songmfin indomie yg collab sm newjeans. https://t.co/hrxW6QpFne;1,86101E+18;;songmfin;in;;0;1;0;https://x.com/undefined/status/1861013346482590179;1,20069E+18;
1,86101E+18;Mon Nov 25 11:36:16 +0000 2024;0;Indomie newjeans yg merah ga enak;1,86101E+18;;;in;;0;0;0;https://x.com/undefined/status/1861011015498162513;1,35295E+18;
1,861E+18;Mon Nov 25 11:01:06 +0000 2024;0;@aboutt1a Buat mie nya aku pake Indomie spicy ramyeon Bumbu tambahan kaldu jamur micin(sesuai selera) saus cabe kecap Bawang merah putih cabai Buat topping ayam goreng ebi goreng abon(bisa skip) tomat seledri timun jamur enoki wortel kol Keknya yg bikin e;1,861E+18;;aboutt1a;in;;0;1;0;https://x.com/undefined/status/1861002163436327217;1,0999E+18;
1,86096E+18;Mon Nov 25 07:58:30 +0000 2024;0;Cek Indomie Premium Collection Korean Ramyeon Series Fiery Chikin Flavour 94 gr dengan harga Rp6.000. Dapatkan di Shopee sekarang! https://t.co/XzK4ZS7q7h https://t.co/sxHJeWosfJ;1,86096E+18;https://pbs.twimg.com/media/GdNxzjXa8AA0TMd.jpg;;in;;0;0;0;https://x.com/undefined/status/1860956211375731060;7,31509E+17;
1,86094E+18;Mon Nov 25 07:02:29 +0000 2024;1;Indomie newjeans enak gasiii review dong yg udah nyobain;1,86094E+18;;;in;;0;1;0;https://x.com/undefined/status/1860942113040650276;1,62224E+18;
1,86083E+18;Sun Nov 24 23:27:42 +0000 2024;0;btw mau review deh aku indomie ramyun yang collab bareng newjeans yang warna birunya itu hampir sama kaya shin ramyun enak bgt jir cuman bedanya shin ramyun lebih berasa ajhhh;1,86083E+18;;;in;;1;5;0;https://x.com/undefined/status/1860827663017140699;1,51253E+18;
1,85665E+18;Sun Nov 24 16:11:03 +0000 2024;0;@yawazzn @All WKWKWKWKWK bener kan aku? aku pencinta indomie juga ramyeon jadi rasanya kayak ah sama aja deh perasaan ;1,86072E+18;;yawazzn;in;;0;0;0;https://x.com/undefined/status/1860717779617550846;2501630978;
1,8607E+18;Sun Nov 24 15:04:17 +0000 2024;3;Ketagihan indomie newjeans help minggu ini aja udah 3 kali makan;1,8607E+18;;;in;;0;8;0;https://x.com/undefined/status/1860700976090607986;1,37437E+18;
1,86067E+18;Sun Nov 24 14:28:49 +0000 2024;0;@jonghowhiskers IH INI INDOMIE YG NEWJEANS KAN.?;1,86069E+18;;jonghowhiskers;in;;0;1;0;https://x.com/undefined/status/1860692051802894386;1,44067E+18;
1,86067E+18;Sun Nov 24 13:01:36 +0000 2024;0;ngakak bgt td ada iklan indomie trs si mami blg dek itu blackpink de trs si papi blg newjeans bener bener si papi chronically online;1,86067E+18;;;in;;0;0;0;https://x.com/undefined/status/1860670103324602853;1,4447E+18;
1,86066E+18;Sun Nov 24 12:38:17 +0000 2024;0;yg bilang indomie spicy ramyeon rasanya kayak migelas bener anjir wkwk bedanya cuma lebih pedes aja sama mienya lebih gede;1,86066E+18;;;in;;0;0;0;https://x.com/undefined/status/1860664235317211471;1121631656;
1,86065E+18;Sun Nov 24 11:25:14 +0000 2024;2;Sumpahh indomie varian ini enakk bgttttt spicy ramyeon https://t.co/kL98iNx9jE;1,86065E+18;https://pbs.twimg.com/media/GdJXibZbEAAAtd_.jpg;;in;;1;0;0;https://x.com/undefined/status/1860645850499908079;1,72986E+18;
1,86065E+18;Sun Nov 24 11:23:07 +0000 2024;0;gais kalian harus tau kalau ada varian indomie enak bernama Spicy Ramyeon yg plastiknya warna biru itu enak banget apalagi ditambah telor + sosis/baso PLISSSSS COBAIN ⭐⭐⭐⭐;1,86065E+18;;;in;;0;2;0;https://x.com/undefined/status/1860645318746071414;1,06722E+18;
1,86E+18;Sun Nov 24 11:22:59 +0000 2024;0;@Indomielovers @NewJeans_ADOR min saya cari indomie rasa newjeans di indomart dan alfamart kok ga ketemu ya?;1,86065E+18;;Indomielovers;in;;0;0;0;https://x.com/undefined/status/1860645283895603640;1,13525E+18;
1,86057E+18;Sun Nov 24 07:00:55 +0000 2024;0;@lilygorgerouss eh plis cobain indomie yg baru yg indomie premium ramyeon gitu kuah. dan pke telur aaaaaa enak bgtt;1,86058E+18;;lilycanciiii;in;;0;1;0;https://x.com/undefined/status/1860579334337233095;1,55029E+18;
1,86056E+18;Sun Nov 24 05:44:34 +0000 2024;0;kondisiku setelah indomie x newjeans https://t.co/kedOoxqyhp;1,86056E+18;https://pbs.twimg.com/ext_tw_video_thumb/1860560055768412160/pu/img/GrnzGntxiVUkosT-.jpg;;in;;0;0;0;https://x.com/undefined/status/1860560117001048334;185960191;
1,85224E+18;Sun Nov 24 03:21:22 +0000 2024;0;@hhvriee @BeaconCream kayaknya sih dapet keychain nya yg dari newjeans indomie sama bungkusannya itu loh yg ada kantongnya (gatau jg). soalnya aku beli ga dapet.... tapi skrg ada photocard gitu cmn bukan selca;1,86052E+18;;Wishprlie;in;;0;1;0;https://x.com/undefined/status/1860524082187632981;1,41168E+18;
1,86016E+18;Sun Nov 24 00:13:17 +0000 2024;0;@yunahrunext bjir mirip banget sama lagu indomie newjeans;1,86048E+18;;yunahrunext;in;;0;0;0;https://x.com/undefined/status/1860476747088814340;1,83047E+18;
1,86044E+18;Sat Nov 23 22:02:38 +0000 2024;0;wkwk jujur mirip sm lagu indomie newjeans tapi agak dispeed up;1,86044E+18;;;in;;0;0;0;https://x.com/undefined/status/1860443868212367831;548060849;
1,8604E+18;Sat Nov 23 19:02:42 +0000 2024;0;Temukan 1 Dus isi 20 Pcs - Indomie Korean Spicy Ramyeon + Free Rainbow Bag seharga Rp121.520. Dapatkan sekarang juga di Shopee! https://t.co/BUC9g1Dkks;1,8604E+18;;;in;;0;0;0;https://x.com/undefined/status/1860398588435877921;49940615;
1,86036E+18;Sat Nov 23 16:45:21 +0000 2024;0;kocak bat dah illit udah perform dari 2 hari yang lalu tapi baru di hate sekarang gara² inst breakdance nya mirip kek indomie x newjeans. riil kesel bat.;1,86036E+18;;;in;;0;0;0;https://x.com/undefined/status/1860364024141218232;1,38683E+18;
1,86035E+18;Sat Nov 23 16:07:20 +0000 2024;0;kenapa indomie yang korean ramyeon gak ada yang rose mulu sihh gua maunya coba yang ROSEEEEEEE;1,86035E+18;;;in;;0;0;0;https://x.com/undefined/status/1860354454593372354;1,66388E+18;
1,86034E+18;Sat Nov 23 15:10:48 +0000 2024;0;Btw yang bikin backsound ini tuh dari pihak indomie apa Newjeans sih?;1,86034E+18;;;in;;0;0;0;https://x.com/undefined/status/1860340227770057028;1,22177E+18;
1,86034E+18;Sat Nov 23 15:08:53 +0000 2024;0;gemes banget sih.... indomie tuh kayak punya anak perempuan. semua newjeans dirayakan ;1,86034E+18;;;in;;0;0;0;https://x.com/undefined/status/1860339745966166489;1,44238E+18;
1,86016E+18;Sat Nov 23 15:03:57 +0000 2024;0;@_riiverre @prodjhn @vampireholyy @yunahrunext Ini musiknya Illit duluan trs indomie newjeans baru bulan ini. Yg buat musiknya sengaja keknya (emot batu);1,86034E+18;;Ianrissee;in;;0;1;0;https://x.com/undefined/status/1860338504166953306;1,78059E+18;
1,86033E+18;Sat Nov 23 14:23:30 +0000 2024;2;cok anying beat instrument indomie x newjeans walaupun udah dibantah sama mang mardi tapi tetep aja kebetulannya sering banget sekali copycat tetep copycat ga kreatif ewww;1,86033E+18;;;in;;0;3;0;https://x.com/undefined/status/1860328323517415700;1,47904E+18;
1,86033E+18;Sat Nov 23 14:16:52 +0000 2024;0;Setidaknya saat klip ini lewat kita akan teringat dengan collab Indomie x newjeans... Chukkae Indomie iklan mu memang membekas... Penggunaan kata Kita ditujukan buat yang qrt and komen teringat iklan Indomie ya~~~ yang gak teringat gak masuk kategori Kita ;1,86033E+18;;;in;;0;0;0;https://x.com/undefined/status/1860326653660135691;1,45471E+18;
1,86032E+18;Sat Nov 23 13:44:06 +0000 2024;0;Perdana mencoba Indomie x Newjeans.... Tapi K-rose tidak ada https://t.co/q8o8wy7hvW;1,86032E+18;https://pbs.twimg.com/media/GdEtuZHaYAECQmV.jpg;;in;;0;0;0;https://x.com/undefined/status/1860318409877258735;1,62067E+18;
1,8603E+18;Sat Nov 23 12:14:17 +0000 2024;1;illit lu bener2 ya lagu iklan indomie newjeans aja lu copy;1,8603E+18;;;in;;0;1;0;https://x.com/undefined/status/1860295804520661200;3690997939;
1,86029E+18;Sat Nov 23 11:37:27 +0000 2024;0;newjeans x indomie pun lagunya ditiru alamaaakkk;1,86029E+18;;;in;;0;0;0;https://x.com/undefined/status/1860286535364673798;1,51137E+18;
1,86028E+18;Sat Nov 23 11:21:57 +0000 2024;2316;Oke banyak bgt yang mention gw katanya mirip beat iklan Indomie x NewJeans yg gw buat. Menurut gw cuma mirip dikit di satu dua notasi aja kok. Dan yg gw buat juga pretty common note progression kok. Technically ini ngga plagiat kok. Gw harap ga usah ribut-ribut yaaa.;1,86028E+18;;;in;;206;78;368;https://x.com/undefined/status/1860282637212090766;95369720;
1,86028E+18;Sat Nov 23 10:51:48 +0000 2024;0;malming nobar what door sambil makan indomie spicy ramyeon dikala hujan sleman udah mandi udah sholat beuh nikmat mana yg kau dustakan;1,86028E+18;;;in;;0;0;0;https://x.com/undefined/status/1860275048202010817;1,65344E+18;
1,86027E+18;Sat Nov 23 10:20:58 +0000 2024;15;makan ini dapat minji ga kira2?? Saturday 23rd of November 2024 18.00 WIB https://t.co/9jhwe28NGN #arpinahelios #vtuber #vtuberid #newjeans #newjeansxindomie #indomie https://t.co/o7jqVyM9DI;1,86027E+18;https://pbs.twimg.com/media/GdD_OZoagAMGyxH.jpg;;in;;0;2;3;https://x.com/undefined/status/1860267289851101407;1,53732E+18;
1,86026E+18;Sat Nov 23 09:36:36 +0000 2024;4308;Mirip song nya NewJeans × Indomie ;1,86026E+18;;;in;;59;56;328;https://x.com/undefined/status/1860256125381411319;2833491746;
1,86025E+18;Sat Nov 23 09:11:19 +0000 2024;0;Mau pamer ak 1 kereta sm bias AK DPT MINJI DEPAN BLKNG AVVV #OhMyGoodItsIndomie https://t.co/aQZopWcEAf;1,86025E+18;https://pbs.twimg.com/media/GdDvR0lbYAAPs82.jpg;;in;;0;2;0;https://x.com/undefined/status/1860249761473003657;1,49022E+18;
1,86024E+18;Sat Nov 23 08:49:15 +0000 2024;0;Indomie newjeans yg warna biru enaaakkk;1,86024E+18;;;in;;0;0;0;https://x.com/undefined/status/1860244207744745667;1,62658E+18;
1,86E+18;Sat Nov 23 07:32:32 +0000 2024;0;@Indomielovers @NewJeans_ADOR kalau newjeans redebut apa tetap jadi BA Indomie kak?;1,86022E+18;;Indomielovers;in;;0;0;0;https://x.com/undefined/status/1860224902248436133;8,91352E+17;
1,86022E+18;Sat Nov 23 07:31:08 +0000 2024;0;Indomie x newjeans MOG. Cuma sampai minggu aja. 15ribu dapet mie toping oden dan telor serta condiment dan air mineral. Tas isi 5 mie 30rb. Beli 2 paket bisa free main claw machine kemaren dapet kipas haha. https://t.co/NilH9YB6fN;1,86022E+18;https://pbs.twimg.com/media/GdDYU8JaEAAkJ8D.jpg;;in;;0;1;0;https://x.com/undefined/status/1860224549868175526;1,02817E+18;
1,86022E+18;Sat Nov 23 07:05:07 +0000 2024;0;ADA EVENT INDOMIE NEWJEANS DI MOG KOK AKU GK TAUUUUUU;1,86022E+18;;;in;;0;0;0;https://x.com/undefined/status/1860218002962251939;1,45132E+18;
1,86022E+18;Sat Nov 23 07:02:21 +0000 2024;0;Yang korean menu collab sama newjeans atau premium udah 6rb-an btw Masih make sense lah harganya daripada samyang sebetulnya ya bun wkwk tapi asli.. indomie mie sedap dll udah nyentuh harga 3rb di supermarket tu kek hah? ;1,86022E+18;;;in;;0;0;0;https://x.com/undefined/status/1860217305961246950;1,02623E+18;
1,86013E+18;Sat Nov 23 01:26:05 +0000 2024;0;indomie ni totalitas banget jir dukung new jeans kata gue indofood lo bikin agensi/label aja buat newjeans di indonesia;1,86013E+18;;;in;;0;0;0;https://x.com/undefined/status/1860132682665202115;1,09099E+18;
1,86E+18;Fri Nov 22 16:44:12 +0000 2024;0;@Indomielovers @NewJeans_ADOR Makasih indomie ;1,86E+18;;Indomielovers;in;;0;0;0;https://x.com/undefined/status/1860001344586977725;1,55026E+18;
1,85949E+18;Thu Nov 21 07:19:45 +0000 2024;0;@kihrmizi @NewJeans_twt yaudah hanni ntar malem main yuk jajan indomie di angkringan;1,8595E+18;;;in;;0;0;0;https://x.com/undefined/status/1859496907749589060;1,84651E+18;
1,85946E+18;Thu Nov 21 04:41:59 +0000 2024;0;@gnujn220496 1. indomie goreng 2. indomie spicy ramyeon 3. mie sedap kari spesial;1,85946E+18;;DuskWonhee;in;;1;0;0;https://x.com/undefined/status/1859457207592681549;2662427761;
1,8593E+18;Wed Nov 20 18:25:37 +0000 2024;0;pangsit gacoan udang keju gacoan indomie newjeans;1,8593E+18;;;in;;0;0;0;https://x.com/undefined/status/1859302091669532824;1,4138E+18;
1,8592E+18;Wed Nov 20 13:58:08 +0000 2024;0;@jetaimezoe_ Ya kannn kyk goib bgt Malah duluan indomie x newjeans yg muncul di indo alfa ;1,85923E+18;;jtaimezoe;in;;0;0;0;https://x.com/undefined/status/1859234778089963641;1,15693E+18;
1,85665E+18;Wed Nov 20 12:24:31 +0000 2024;0;@yawazzn @All nggak salah lagi kalo kataku ramyeon mirip sama indomie. bisa dimakan kapanpun dan bersama apapun. ;1,85921E+18;;yawazzn;in;;0;1;0;https://x.com/undefined/status/1859211216029118518;2501630978;
1,85921E+18;Wed Nov 20 12:18:39 +0000 2024;0;indomie newjeans g dpt photocard kah;1,85921E+18;;;in;;0;0;0;https://x.com/undefined/status/1859209741299523708;1,12976E+18;
1,85921E+18;Wed Nov 20 12:00:28 +0000 2024;0;Bantu aku memilih dong guys Mending Indomie tori kara atau Indomie spicy ramyeon? Bingung soalnya belum pernah cobain keduanya https://t.co/FJQQKi8tnt;1,85921E+18;https://pbs.twimg.com/media/Gc0448ubUAAVers.jpg;;in;;1;3;0;https://x.com/undefined/status/1859205163950756104;1,7407E+18;
1,8592E+18;Wed Nov 20 11:46:13 +0000 2024;0;Selain Tori Miso Indomie kuah Spicy Ramyeon ini juga enak loh. Pas banget sama cuaca yg dingin. Pedesnya juga nampol cocok banget buat yg lagi pilek https://t.co/sMmtK31KZs;1,8592E+18;https://pbs.twimg.com/media/Gc01-mna4AAILtW.jpg;;in;;0;3;0;https://x.com/undefined/status/1859201580891074770;203461546;
1,85914E+18;Wed Nov 20 07:37:22 +0000 2024;0;woy indomie newjeans ga enak emang paling bener 1. indomie original 2. indomie rendang 3. indomie soto;1,85914E+18;;;in;;0;0;0;https://x.com/undefined/status/1859138954609783008;1,68697E+18;
1,85908E+18;Wed Nov 20 03:35:38 +0000 2024;1;cobain indomie @Indomielovers newjeans yang katanya premium ith dengan sebiji odeng https://t.co/gOWlWiTMLk;1,85908E+18;https://pbs.twimg.com/media/GczFskEaIAAHYuM.jpg;;in;;0;1;0;https://x.com/undefined/status/1859078118423884109;1,41062E+18;
1,85905E+18;Wed Nov 20 01:53:59 +0000 2024;0;Akhirnya liat newjeans indomie di krl https://t.co/hayMovzteZ;1,85905E+18;https://pbs.twimg.com/media/GcyubU9a0AAEtHu.jpg;;in;;0;0;0;https://x.com/undefined/status/1859052538252980587;1,44979E+18;
1,85902E+18;Tue Nov 19 23:58:07 +0000 2024;0;indomie spicy ramyeon nya nj enak juga meskipun di aku kepedesan ;1,85902E+18;;;in;;0;0;0;https://x.com/undefined/status/1859023382190375395;1,71894E+18;
1,85891E+18;Tue Nov 19 16:19:36 +0000 2024;0;wtt guyss have : indomie ramyeon want : heeseung kalo ada yg serius bisa dm ya️;1,85891E+18;;;in;;0;3;0;https://x.com/undefined/status/1858907990587564541;1,7254E+18;
1,8589E+18;Tue Nov 19 15:50:57 +0000 2024;0;Nolak makan malem karena pengen cobain indomie newjeans tapi ujung2nya makan pisang doang karena tidak yakin bisa menghabiskan 1 porsi mie ;1,8589E+18;;;in;;0;0;0;https://x.com/undefined/status/1858900781241692370;77705538;
1,85888E+18;Tue Nov 19 14:17:12 +0000 2024;0;Aku ada indomie newjeans kk mau liat egk Mau dong mana indominya? https://t.co/lkG7kYHmbA;1,85888E+18;;;in;;0;0;0;https://x.com/undefined/status/1858877187585147122;1,49278E+18;
1,85887E+18;Tue Nov 19 13:54:14 +0000 2024;0;@daetiremi indomie ramen series gaada yang enak yang korean spicy ramyeon l3bih enaa;1,85887E+18;;daetiremi;in;;0;1;0;https://x.com/undefined/status/1858871409348338072;1,04307E+18;
1,85887E+18;Tue Nov 19 13:37:05 +0000 2024;0;nyobain series ramyeon indomie yg chicken tinggal yg rose keliatan dikit soalnya tempat masaknya kegedean wkwkw https://t.co/zJw1cAGrt8;1,85887E+18;https://pbs.twimg.com/media/GcwFwssbcAQSMLO.jpg;;in;;0;0;0;https://x.com/undefined/status/1858867092722004063;1,13845E+18;
1,85885E+18;Tue Nov 19 12:35:59 +0000 2024;0;Wow ternyata indomie spicy ramyeon enak;1,85885E+18;;;in;;0;0;0;https://x.com/undefined/status/1858851716667764993;1,34144E+18;
1,85884E+18;Tue Nov 19 12:03:38 +0000 2024;0;Indomie korea ramyeon enaaaaak apalagi kalo makannya di mix sm tteokbokki ;1,85884E+18;;;in;;0;0;0;https://x.com/undefined/status/1858843573862752488;268206123;
1,85882E+18;Tue Nov 19 10:34:57 +0000 2024;1;gila indomie spicy ramyeon itu enak bgt pls gw ga akan mati dlu smpe itu punah;1,85882E+18;;;in;;0;0;0;https://x.com/undefined/status/1858821257674047673;1,84368E+18;
1,85882E+18;Tue Nov 19 10:11:28 +0000 2024;0;duitnya gajadi buat kuota gass indomie spicy ramyeon ft. suasana hujan sleman :D;1,85882E+18;;;in;;0;0;0;https://x.com/undefined/status/1858815345475416367;1,65344E+18;
1,85881E+18;Tue Nov 19 09:44:31 +0000 2024;0;Ih masya Allah banget emang indomie spicy ramyeon tambah telor setengah mateng dimakan sambil menikmati gerimis tipis tipis uuuuhhh~~~~~~ syahdu betul ;1,85881E+18;;;in;;0;0;0;https://x.com/undefined/status/1858808566658068937;1,46854E+18;
1,85881E+18;Tue Nov 19 09:32:13 +0000 2024;0;ini caranya biar dapet newjeans di indomie gimana si?? aku ga dapet mulu anjir dari tadi ;1,85881E+18;;;in;;0;1;0;https://x.com/undefined/status/1858805470972326258;1,39756E+18;
1,8588E+18;Tue Nov 19 09:17:27 +0000 2024;0;@catzkang APAKAH mimpiku kini menjadi KENYATAAN...? AKU memenangkan GIVEAWAY dan akhirnya KEBERUNTUNGANKU terpakai karena aku TIDAK TAHU cara memakainya... ternyata INILAH JAWABAN TUHAN atas segala kesedihanku.. akhirnya aku bisa makan INDOMIE X NEWJEANS ;1,8588E+18;;catzkang;in;;0;0;0;https://x.com/undefined/status/1858801754902790560;3269921683;
1,85871E+18;Tue Nov 19 03:03:58 +0000 2024;0;Indomie shin ramyeon samyang;1,85871E+18;;;in;;0;0;0;https://x.com/undefined/status/1858707762404094330;1,37213E+18;
1,85871E+18;Tue Nov 19 03:02:24 +0000 2024;0;lain macam newjeans collab dengan indomie;1,85871E+18;;;in;;0;0;0;https://x.com/undefined/status/1858707369829822945;1684943689;
1,85852E+18;Mon Nov 18 14:55:59 +0000 2024;0;@kangtypooo @ newjeans liat ini banis sampe ngestan indomie demi kalian;1,85852E+18;;kangtypooo;in;;0;1;0;https://x.com/undefined/status/1858524559122866217;1,36102E+18;
1,85851E+18;Mon Nov 18 14:16:49 +0000 2024;4;Happy banget ketemu Newjeans x Indomie di Stasiun UI pas mau nonton JGTC @NewJeans_ADOR @Indomielovers #OhMyGoodItsIndomie #IndomiexNewJeans #IndomieKoreanSeries https://t.co/4cMbThX6IZ;1,85851E+18;https://pbs.twimg.com/media/GcrFRLBbYAAPsdA.jpg;;in;;0;1;2;https://x.com/undefined/status/1858514704471351758;1,30361E+18;
1,85851E+18;Mon Nov 18 13:42:25 +0000 2024;0;Random browsing Indomie NewJeans terus nemu artikel yg isinya ternyata collab ini dipermasalahkan. Kesel banget pas baca artikelnya kita diremehin ini jatuhnya. Merasa superior banget mereka. https://t.co/A2a01EMLoo;1,85851E+18;https://pbs.twimg.com/media/Gcq9ZhpbgAABQZf.jpg;;in;;0;1;0;https://x.com/undefined/status/1858506047495000345;1,13807E+18;
1,8585E+18;Mon Nov 18 13:15:34 +0000 2024;1;Indomie Korean ramyeon enak! Pedes dimakan panas2 mantap;1,8585E+18;;;in;;0;1;0;https://x.com/undefined/status/1858499290760708559;1,50882E+18;
1,85849E+18;Mon Nov 18 12:34:30 +0000 2024;0;INDOMIE RAMYEON TOP BGT ENAK BGT️️️️️️️ https://t.co/tPR2tvB70V;1,85849E+18;https://pbs.twimg.com/media/Gcqt2g5agAAEKkA.jpg;;in;;0;0;0;https://x.com/undefined/status/1858488956129816712;1,61068E+18;
1,85838E+18;Mon Nov 18 11:56:02 +0000 2024;1;@DaniManchild24 Indomie newjeans apaan lagi siihh ;1,85848E+18;;DaniManchild24;in;;0;1;0;https://x.com/undefined/status/1858479272798953513;107093212;
1,85839E+18;Mon Nov 18 06:01:13 +0000 2024;5;Berikut review Fiery Chikin premium collection: cw // food real life Favorit dari Ramyeon collection indomie. Kebetulan juga pedesnya disesuaikan sama lidah orang Indonesia bumbunya juga lumayan oke dibandingkan Rose. Cocok buat yang kurang suka pedes maupun yang suka pedes https://t.co/u831plrWWM;1,85839E+18;https://pbs.twimg.com/media/GcpT1Vha8AAw6Xr.jpg;;in;;0;4;0;https://x.com/undefined/status/1858389980558893307;1,79358E+18;
1,85838E+18;Mon Nov 18 05:54:43 +0000 2024;0;@dagang_rendang indomie newjeans lg promo kak di aeon tanjung barat;1,85839E+18;;dagang_rendang;in;;0;1;0;https://x.com/undefined/status/1858388347238178896;1,79639E+18;
1,85839E+18;Mon Nov 18 05:49:56 +0000 2024;0;indomie spicy ramyeon bener2 enak parah;1,85839E+18;;;in;;0;5;0;https://x.com/undefined/status/1858387142444974368;1,5739E+18;
1,85835E+18;Mon Nov 18 03:41:18 +0000 2024;11;Mencuba Indomie edisi New Jeans. Bini seneng bgt varian Spicy Ramyeon tp yg Popmie. Karena ga nemu2 jd beli yg ini tp sekalian nyoba rasa2 yg lain. Haha [UTAS] https://t.co/wh0gOD34c1;1,85835E+18;https://pbs.twimg.com/media/GcozzykbcAAG47f.jpg;;in;;0;2;1;https://x.com/undefined/status/1858354769968198125;183124089;
1,85835E+18;Mon Nov 18 03:32:15 +0000 2024;0;[!!!] Nyanya mau indomie newjeans.;1,85835E+18;;;in;;0;0;0;https://x.com/undefined/status/1858352492679135402;8,89083E+17;
1,85778E+18;Mon Nov 18 00:38:14 +0000 2024;0;@what_isnormal_ @borabuchanesu @uyyuii_ Berita diredam Tokkis ya? Soal tokki sampai telpon LV/Dior kenapa kok idol mereka ditarik dari deal? Dijawab lho karena buat luxury brand Newjeans's itu Extended Ver. of 5050. Lagian kalau masih jadi luxury BA meman;1,85831E+18;;haerinjamet;in;;0;0;0;https://x.com/undefined/status/1858308699204530545;1,46686E+18;
1,85816E+18;Sun Nov 17 14:48:29 +0000 2024;0;habis makan indomie x newjeans enak by. aku suka yang spicy ramyeon ;1,85816E+18;;;in;;0;1;0;https://x.com/undefined/status/1858160286878122118;1,74584E+18;
1,85813E+18;Sun Nov 17 12:38:22 +0000 2024;1;Indomie spicy ramyeon enakk jg mana mie nya lembuttt https://t.co/4YFwMyyw95;1,85813E+18;https://pbs.twimg.com/media/GcllI5FbUAAxuJk.jpg;;in;;0;3;0;https://x.com/undefined/status/1858127540860411968;1,18083E+18;
1,85812E+18;Sun Nov 17 12:19:54 +0000 2024;0;Indomie yang rose newjeans lumayan enak;1,85812E+18;;;in;;0;0;0;https://x.com/undefined/status/1858122892267135307;2173878643;
1,85811E+18;Sun Nov 17 11:32:21 +0000 2024;0;Damn Indomie x Newjeans yg K-rose aneh betul anying;1,85811E+18;;;in;;0;2;0;https://x.com/undefined/status/1858110927620747480;1,37213E+18;
1,85795E+18;Sun Nov 17 11:17:51 +0000 2024;0;@umvureon aku mau beli cimol bojot indomie baru yang ba-nya newjeans???;1,85811E+18;;;in;;0;0;0;https://x.com/undefined/status/1858107278857298362;1,68222E+18;
1,85809E+18;Sun Nov 17 10:00:21 +0000 2024;0;Wah hari minggu ini antara w cheating day atau stres sih. Tudei menu nya lucky sundae stroberi indomie ramyeon [yg newj3ans] teh tarik penang es teler. Buseng. Hari2 biasa makannya sayur sop sayur manisah bayam sawi daun singkong capcay ayam tempe tahu telor ;1,85809E+18;;;in;;0;0;0;https://x.com/undefined/status/1858087775255326885;1,64999E+18;
1,85805E+18;Sun Nov 17 07:11:15 +0000 2024;0;slurppp enak juga indomie spicy ramyeon yang ini 9 1/10 https://t.co/axaiqiPy0x;1,85805E+18;https://pbs.twimg.com/media/GckaPlDasAAPVKX.jpg;;in;;0;0;0;https://x.com/undefined/status/1858045218286874919;1,21757E+18;
1,85803E+18;Sun Nov 17 06:15:10 +0000 2024;1; mending jajan sebalak/ nyobain indomie korean spicy ramyeon ( saraninn rasa yang enak );1,85803E+18;;;in;;0;28;0;https://x.com/undefined/status/1858031105665839272;1,33165E+18;
1,85784E+18;Sun Nov 17 04:24:13 +0000 2024;0;@Indomielovers @NewJeans_ADOR Tolong dong indomie yg varian K-Rose di stock lagi di indomart/alfamart saya udh cari dimana2 gak tersedia lg;1,858E+18;;Indomielovers;in;;0;0;0;https://x.com/undefined/status/1858003182892494962;239731541;
1,85784E+18;Sun Nov 17 03:39:37 +0000 2024;4;@newjeans_loop Kerja indomie lebih bagus dri hybe anj;1,85799E+18;;newjeans_loop;in;;0;0;0;https://x.com/undefined/status/1857991958347551006;1,16338E+18;
1,85784E+18;Sun Nov 17 03:32:30 +0000 2024;0;@Indomielovers @NewJeans_ADOR omgg indomie supporting NJ tysm️ lgsg borong mie ny nih NEWJEANS NEVER DIE #NEWJEANS #NewJeans10thDaesang;1,85799E+18;;Indomielovers;in;;0;0;0;https://x.com/undefined/status/1857990168554385472;1,65552E+18;
1,85784E+18;Sun Nov 17 03:15:49 +0000 2024;0;@Indomielovers @NewJeans_ADOR Masa di indomaret deket rumah gue belum ada yang bener aja di jkt pun gak rata lu naro indomie;1,85799E+18;;Indomielovers;in;;0;0;0;https://x.com/undefined/status/1857985971289235666;7,67196E+17;
1,85797E+18;Sun Nov 17 02:27:11 +0000 2024;0;Lebih sayang indomie ke newjeans drpd labelnya sendiri bjir;1,85797E+18;;;in;;0;0;0;https://x.com/undefined/status/1857973730691133733;1584738721;
1,85784E+18;Sun Nov 17 02:14:02 +0000 2024;0;@Indomielovers @NewJeans_ADOR Love ya Indomie;1,85797E+18;;Indomielovers;en;;0;0;0;https://x.com/undefined/status/1857970420286394481;242803443;
1,85796E+18;Sun Nov 17 01:18:53 +0000 2024;1;indomie aja ngucapin selamat. semua newjeans dirayakan;1,85796E+18;;;in;;0;0;0;https://x.com/undefined/status/1857956544169775212;1,47759E+18;
1,85795E+18;Sun Nov 17 00:37:47 +0000 2024;1;Indomie x newjeans. Mayan dpt tas pvc tp tinggal sisa warna oren:( masa 30k doang segini. Di sopi w liat 30k mienya doang 3 biji https://t.co/TtXntlBjXG;1,85795E+18;https://pbs.twimg.com/media/GcjAN4zbAAA9EqP.jpg;;in;;0;1;0;https://x.com/undefined/status/1857946200944828801;1,30285E+18;
1,85784E+18;Sat Nov 16 23:59:02 +0000 2024;0;@Indomielovers @NewJeans_ADOR Wih sampe indomie ngucapin BAnya;1,85794E+18;;Indomielovers;in;;0;0;0;https://x.com/undefined/status/1857936447149584474;1,42606E+18;
1,85784E+18;Sat Nov 16 22:41:15 +0000 2024;0;@Indomielovers @NewJeans_ADOR Min aku masi berharap fanmeet NJ as GB Indomie lohh;1,85792E+18;;Indomielovers;in;;0;0;0;https://x.com/undefined/status/1857916871926063172;1,28185E+18;
1,85786E+18;Sat Nov 16 18:43:36 +0000 2024;0;Indomie Spicy Ramyeon 6/10 -B aja -Pedesnya agak nyenggrak https://t.co/psR3rKeTDy;1,85786E+18;https://pbs.twimg.com/media/GchvJ5AaEAAhwdU.jpg;;in;;0;0;0;https://x.com/undefined/status/1857857067421405527;1,62444E+18;
1,85784E+18;Sat Nov 16 18:01:16 +0000 2024;1;@Indomielovers @NewJeans_ADOR RESPECT MIN.. saatnya mkan indomie stiap hari untuk dpetin Haerin https://t.co/o2wT6n0thp;1,85785E+18;https://pbs.twimg.com/tweet_video_thumb/GchldOjaMAIsIus.jpg;Indomielovers;in;;0;0;0;https://x.com/undefined/status/1857846413956362703;2221162662;
1,85784E+18;Sat Nov 16 17:51:54 +0000 2024;7;@Indomielovers @NewJeans_ADOR INDOMIE SELERAKU~~~ https://t.co/TveLSMPyHb;1,85784E+18;https://pbs.twimg.com/tweet_video_thumb/GchjUgKbwAAvJRq.jpg;Indomielovers;in;;0;0;0;https://x.com/undefined/status/1857844056753320359;1,59704E+18;
1,85784E+18;Sat Nov 16 17:50:57 +0000 2024;2;Ekhem Indomie bisa kali bawa newjeans ke indo;1,85784E+18;;;in;;0;0;0;https://x.com/undefined/status/1857843816444895348;1,36969E+18;
1,85784E+18;Sat Nov 16 17:50:26 +0000 2024;10;@Indomielovers @NewJeans_ADOR AWWWW thank u Indomie MANG GA SALAH JADI MIE FAVORITKU;1,85784E+18;;Indomielovers;in;;0;0;0;https://x.com/undefined/status/1857843687935586539;1,36969E+18;
1,85782E+18;Sat Nov 16 17:42:50 +0000 2024;0;@briskhues @rivereigns @nonlejons @cerishekiss @miseamores @moonstoke Gak ada indomie newjeans adanya indomie fromis;1,85784E+18;;briskhues;in;;0;0;0;https://x.com/undefined/status/1857841771700695424;864588768;
1,85784E+18;Sat Nov 16 17:38:40 +0000 2024;1;@Indomielovers @NewJeans_ADOR MENYALA BANGET GA INDOMIE KITA INI;1,85784E+18;;Indomielovers;in;;0;0;0;https://x.com/undefined/status/1857840722889810249;1,63883E+18;
1,85784E+18;Sat Nov 16 17:38:31 +0000 2024;1;@Indomielovers @NewJeans_ADOR Thank you Indomie seleraku;1,85784E+18;;Indomielovers;in;;0;0;0;https://x.com/undefined/status/1857840687322157201;9,05348E+17;
1,85784E+18;Sat Nov 16 17:37:05 +0000 2024;0;@Indomielovers @NewJeans_ADOR YEYYYYY MAKASIII APREASIASI POSTNYA INDOMIE;1,85784E+18;;Indomielovers;in;;0;0;0;https://x.com/undefined/status/1857840324741398569;1,42987E+18;
1,85779E+18;Sat Nov 16 14:09:39 +0000 2024;0;abis makan indomie newjeans yang biru rasanya kayak ramyeon umumnya kayak gekikara shin ramyeon ansungtangmyun ya rasa-rasa pedes jamur gitu lah setipe rasanya;1,85779E+18;;;in;;0;0;0;https://x.com/undefined/status/1857788125357265382;2263890763;
1,85777E+18;Sat Nov 16 12:44:56 +0000 2024;0;indomie spicy ramyeon BENERAN SPICY WOYYY MANTAP GILAAA;1,85777E+18;;;in;;0;1;0;https://x.com/undefined/status/1857766805768401072;9,3289E+17;
1,85777E+18;Sat Nov 16 12:42:10 +0000 2024;0;ayo kita coba indomie newjeans yg ini https://t.co/ZlFL4WpsZs;1,85777E+18;https://pbs.twimg.com/media/GcgcbYfaEAAzQaT.jpg;;in;;1;6;0;https://x.com/undefined/status/1857766107907780794;51617330;
1,85775E+18;Sat Nov 16 11:53:57 +0000 2024;0;indomie spicy ramyeon beneran pedes anjir [cry] [cry];1,85775E+18;;;in;;0;0;0;https://x.com/undefined/status/1857753972117012830;1,03658E+18;
1,85775E+18;Sat Nov 16 11:33:15 +0000 2024;0;akhirnya ketemu indomie newjeans newjeans itu https://t.co/kGB6n4FKCA;1,85775E+18;https://pbs.twimg.com/media/GcgMpgGb0AA34TP.jpg;;in;;0;0;0;https://x.com/undefined/status/1857748766566264945;1,54866E+18;
1,85774E+18;Sat Nov 16 10:58:33 +0000 2024;1;Indomie korean ramyeon enak mirip shin ramyun tapi kepedesan menurut aku;1,85774E+18;;;in;;0;3;0;https://x.com/undefined/status/1857740032729292932;9,83499E+17;
1,8577E+18;Sat Nov 16 08:22:57 +0000 2024;1;indomie varian spicy ramyeon bau nya kenapa kayak seblak yang biasa aku beli tapi not bad lah enak sih ini cocok dibuat pas hujan hujan kayak sekarang https://t.co/o9rZ9NBGSr;1,8577E+18;https://pbs.twimg.com/media/GcfhFHgaMAAwJcX.jpg;;in;;0;0;0;https://x.com/undefined/status/1857700875751526599;2219053279;
1,85769E+18;Sat Nov 16 07:23:38 +0000 2024;1;mw cuba indomie newjeans yg pink nya gada bjir:( https://t.co/R2bRFYL4F2;1,85769E+18;https://pbs.twimg.com/media/GcfTfktaMAQOppx.jpg;;in;;0;0;0;https://x.com/undefined/status/1857685946969501735;1,67282E+18;
1,85767E+18;Sat Nov 16 06:39:14 +0000 2024;0;semua series indomie korea yg baru ya ada yg enak.. mff newjeans;1,85767E+18;;;in;;0;0;0;https://x.com/undefined/status/1857674775017173203;936394520;
1,85767E+18;Sat Nov 16 06:29:07 +0000 2024;0;Kek paling terbaru aja yg indomie kmrn2 ngeluarin versi ramen emg ada org jepang aslinya? Laku2 aja ko. skrg ngeluarin ramyeon gaet nj segala ngapain pertanyaan saya mah eta ni brand dah terkenal ;1,85767E+18;;jvmjoice;in;;0;0;0;https://x.com/undefined/status/1857672226713251884;1,6749E+18;
1,8576E+18;Sat Nov 16 02:00:26 +0000 2024;0;@hafnni Udah sarapan dong tapi ga pakai indomie newjeans. Kamu udah belum?;1,8576E+18;;hhannipam;in;;0;1;0;https://x.com/undefined/status/1857604611147719022;7,658E+17;
1,85759E+18;Sat Nov 16 00:59:22 +0000 2024;27;Indomie Ramyeon ini enak banget https://t.co/ZMwe6pwj99;1,85759E+18;https://pbs.twimg.com/media/Gcd7kevbEAA9jgX.jpg;;in;;1;8;0;https://x.com/undefined/status/1857589240995131699;108168017;
1,85752E+18;Fri Nov 15 20:18:46 +0000 2024;0;harusnya w beli indomie newjeans sedus kali ya;1,85752E+18;;;in;;0;0;0;https://x.com/undefined/status/1857518628272496910;1,40457E+18;
1,85749E+18;Fri Nov 15 18:32:19 +0000 2024;1;Akhirnya dapet juga tas Indomie x Newjeans gratis pula. Cuma beli mie 20 pcs pake voucher 50k jadi cuma bayar 48k. Tapi dikasih warna oren gonjreng. Btw k-rosé &amp;;;;;;;;;;;
1,85746E+18;Fri Nov 15 16:13:01 +0000 2024;0;plis indomie tori kara sama spicy ramyeon jangan pernah ilang soalnya enak banget;1,85746E+18;;;in;;0;0;0;https://x.com/undefined/status/1857456784598053097;311232117;
1,85745E+18;Fri Nov 15 16:03:24 +0000 2024;0;terpantau produk indonesia belum ada yang mendapuk dia jadi BA produk apa kira-kira ya? Indomie sekarang ada NewJeans Roma sama Azarine ada Lee Minho Mie Sedap ada (lupa namanya) susu ultra pasti dapuk idol apalagi ya? rata2 ngegaet idol sih Iklan tolak angin ok lah wooseok;1,85745E+18;;;in;;0;0;0;https://x.com/undefined/status/1857454360843960683;137984084;
1,8574E+18;Fri Nov 15 12:41:59 +0000 2024;0;indomie spicy ramyeon enak bgt woy ;1,8574E+18;;;in;;0;0;0;https://x.com/undefined/status/1857403674223689987;1,28218E+18;
1,85734E+18;Fri Nov 15 08:48:13 +0000 2024;1;*iklan Indomie NewJeans lewat* me : mau yg tengah.... bawain yg tengah adek : emang yg tengah cantik? *mta mlotot n mnatapmu tjam* me : cantik banget lah ganteng juga. adek : kok ganteng kan cewek. gtw aj lukh bocil org ganteng bgt bgini https://t.co/ZzTFahOtGM;1,85734E+18;https://pbs.twimg.com/media/GcadRFTb0AAIqKh.jpg;;in;;0;0;0;https://x.com/undefined/status/1857344844198477842;1,45946E+18;
1,85733E+18;Fri Nov 15 07:53:56 +0000 2024;0;Kasi liat yg terbaru aja deh brand sekelas indomie yg ga pernah pake BA karena udah laku keras aja ngegaet newjeans jadi GBA https://t.co/mr1BnTE6L5;1,85733E+18;;;in;;0;0;0;https://x.com/undefined/status/1857331185200042458;1,43076E+18;
1,85185E+18;Fri Nov 15 06:38:16 +0000 2024;0;@Indomielovers @NewJeans_ADOR @royyana1304971 mau indomie ngga ?;1,85731E+18;;Indomielovers;in;;0;0;0;https://x.com/undefined/status/1857312140928929908;1,85544E+18;
1,8573E+18;Fri Nov 15 05:40:49 +0000 2024;0;Sebenarnya gw bingung ini NewJeans ada di di bawah ADOR dan mereka lagi berkonflik Nah yang bikin bingung tuh kalau ada proyek kontrak kerja sama kayak Indomie kemarin tuh lewat perantara atau gimana dah;1,8573E+18;;;in;;0;0;0;https://x.com/undefined/status/1857297684446511553;1,14768E+18;
1,85729E+18;Fri Nov 15 05:23:10 +0000 2024;0;Indomie Japanese Ramen or Korean Ramyeon? https://t.co/SxAhXnGDxo;1,85729E+18;https://pbs.twimg.com/media/GcZuW5NboAEnKmv.jpg;;in;;0;2;0;https://x.com/undefined/status/1857293242880110939;366567010;
1,85728E+18;Fri Nov 15 04:17:38 +0000 2024;0;iklan indomie newjeans tuh membernya gak makan indomienya ya;1,85728E+18;;;in;;0;0;0;https://x.com/undefined/status/1857276751698862452;582431369;
1,85727E+18;Fri Nov 15 03:40:55 +0000 2024;0;nyobain indomie spicy hanguk ramyeon.. pedes juga iyyeuh ;1,85727E+18;;;in;;0;0;0;https://x.com/undefined/status/1857267512469270738;104410124;
1,85726E+18;Fri Nov 15 02:57:32 +0000 2024;0;Iklan indomie nye newjeans ni dimakan jak endak mie nye. Entah niat ke endak die iklan tu;1,85726E+18;;;in;;0;0;0;https://x.com/undefined/status/1857256593928441999;1,06741E+18;
1,85716E+18;Thu Nov 14 20:17:59 +0000 2024;0;jujur indomie x newjeans enak wkwk tapi next keknya bumbunya aku pake cuman 1/2 ati ga 3/4 soalnya terlalu NAMPOL n agak asin n GUE KEPEDESAN (emang anak nya ga seberapa tahan pedes) https://t.co/30GUrQCBtY;1,85716E+18;https://pbs.twimg.com/media/GcXxkOXawAAfCDm.jpg;;in;;0;0;0;https://x.com/undefined/status/1857156042414846312;1,84285E+18;
1,85714E+18;Thu Nov 14 19:17:57 +0000 2024;1;Army gausah diajak makan Indomie. Kan Indomie pakek BA NewJeans. Hehe;1,85714E+18;;;in;;0;1;0;https://x.com/undefined/status/1857140935794344178;1,19009E+18;
1,85708E+18;Thu Nov 14 15:17:56 +0000 2024;0;Plz aku mau indomie x newjeans dah sampe kalimantan belom sihhh;1,85708E+18;;;in;;0;1;0;https://x.com/undefined/status/1857080533051752712;1,30679E+18;
1,85707E+18;Thu Nov 14 14:54:54 +0000 2024;0;Kenapa gak ada yg kasih tau kalo indomie newjeans yang biru pedes banget...;1,85707E+18;;;in;;0;0;0;https://x.com/undefined/status/1857074736955523172;1,8116E+18;
1,85707E+18;Thu Nov 14 14:54:31 +0000 2024;0;Baru sadar naik krl yang gerbongnya indomie newjeans https://t.co/pR9hZsHDl1;1,85707E+18;https://pbs.twimg.com/media/GcWnip0WUAAhYCs.jpg;;in;;0;0;0;https://x.com/undefined/status/1857074640436244768;69581816;
1,85707E+18;Thu Nov 14 14:47:02 +0000 2024;0;Nyari indomie x newjeans di minimarket variannya jarang lengkap ya udah beli bundle aja sekalian https://t.co/GUFNQdCJfv;1,85707E+18;https://pbs.twimg.com/media/GcWl07hWsAAS7ue.jpg;;in;;0;3;0;https://x.com/undefined/status/1857072755419554274;2458878492;
1,85707E+18;Thu Nov 14 14:27:53 +0000 2024;0;indomie yg spicy ramyeon enakkk;1,85707E+18;;;in;;0;0;0;https://x.com/undefined/status/1857067936717938932;1,78105E+18;
1,85706E+18;Thu Nov 14 14:04:52 +0000 2024;1;nyoba indomie yg collab ma newjeans enak tpi gk yg wow bgt cuman awal makan ga sepedes itu pas ampe akhir huha huha wkwkw https://t.co/I5OTUq4oT3;1,85706E+18;https://pbs.twimg.com/media/GcWcK1yWoAAgL0K.jpg;;in;;0;0;0;https://x.com/undefined/status/1857062142781907182;1,4303E+18;
1,85705E+18;Thu Nov 14 13:04:39 +0000 2024;0;hehehe makan indomie x newjeans spicy ramyeon (lagi) ;1,85705E+18;;;in;;0;0;0;https://x.com/undefined/status/1857046990489628887;1,56809E+18;
1,85701E+18;Thu Nov 14 10:31:53 +0000 2024;0;tiap iklan NewJeans Indomie lewat gweh : kim minji seleraku~~ mau yg tengah cil (manggil adek w) mau orangnya.... bawain yg tengah cil mau yg biru mau yg pink. ;1,85701E+18;;;in;;0;0;0;https://x.com/undefined/status/1857008545230737408;1,45946E+18;
1,85634E+18;Tue Nov 12 15:50:53 +0000 2024;0;@adorearteu Tutup jam berapa? Kalau sampai malem nanti aku mampir mau nyobain Indomie newjeans biru dimasakin sama minjinya langsung. ;1,85636E+18;;adorearteu;in;;0;1;0;https://x.com/undefined/status/1856364047710740813;1,68046E+18;
1,85633E+18;Tue Nov 12 13:45:33 +0000 2024;0;@DearUniverse04 Indomie korean version kah maksudnya? Bukaan bukan yg itu. Belum kepoin yg itu soalnya wkwk. Emang ramyeon korea deh kayaknya yg aku beli maren tuh. Ada tulisan 불닭볶음면 gitu soalnya;1,85633E+18;;DearUniverse04;in;;0;1;0;https://x.com/undefined/status/1856332508553781353;1,16064E+18;
1,85632E+18;Tue Nov 12 12:49:38 +0000 2024;0;Maafin aku ya Allah dan mutuals.. aku penasaran indomie newjeans.. ;1,85632E+18;;;in;;0;1;0;https://x.com/undefined/status/1856318435866882501;1,60671E+18;
1,856E+18;Tue Nov 12 11:56:20 +0000 2024;0;@TYshu_ Iya ada yg gitu karena emg udh tau indomie sama ada yg ngira ini produk dari korea karena hangeulnya gede banget dan ada tulisan korean ramyeon yang buat fans awam ngira ya indomie tuh asalnya dari korea makanya kemarin jg aku bantu koreksiin kare;1,85631E+18;;Ctnipzz_;in;;0;0;0;https://x.com/undefined/status/1856305022319112618;1,47689E+18;
1,8563E+18;Tue Nov 12 11:46:43 +0000 2024;0;Mari kita coba ramyeon indomie anak cantik. https://t.co/xVEt9eKLKD;1,8563E+18;https://pbs.twimg.com/media/GcLpX1DaAAA8bje.jpg;;in;;1;10;0;https://x.com/undefined/status/1856302603799539859;1,79358E+18;
1,85629E+18;Tue Nov 12 11:00:21 +0000 2024;0;shin ramyeon samyang carbonara indomie ayam bawang yumyum;1,85629E+18;;;in;;0;0;0;https://x.com/undefined/status/1856290932565725603;1,47977E+18;
1,85628E+18;Tue Nov 12 10:07:39 +0000 2024;0;Kolaborasi Indomie dan NewJeans Tuai Kontroversi di Korea Selatan. #NewJeans #Indomie #IndomiexNewJeans #NewJeansxIndomie https://t.co/kp6Nt09ZEt;1,85628E+18;;;in;;0;0;0;https://x.com/undefined/status/1856277672802038126;1,69426E+18;
1,85626E+18;Tue Nov 12 09:08:43 +0000 2024;0;indomie newjeans free pc hanni gak;1,85626E+18;;;in;;0;1;0;https://x.com/undefined/status/1856262841638236467;1,12261E+18;
1,85621E+18;Tue Nov 12 05:19:10 +0000 2024;3;Campaign ini menunjukkan gimana dua brand lokal besar berusaha mengubah persepsi konsumen lewat pendekatan yang kreatif dan tersegmentasi. Jadi menurut kalian campaign siapa yang lebih berhasil menarik perhatian? #MieSedaap #AhnHyoSeop #Indomie #TheUltimateTaste #NewJeans;1,85621E+18;;jeppiindonesia;in;;0;0;4;https://x.com/undefined/status/1856205072033821135;1,7416E+18;
1,85621E+18;Tue Nov 12 05:19:08 +0000 2024;0;Indomie x NewJeans Di sisi lain Indomie memilih NewJeans yang dikenal fresh youthful dan memiliki daya tarik global. Dengan gaya enerjik dan catchy: - Indomie ingin memperkuat posisinya sebagai brand yang kreatif &amp;;;;;;;;;;;
1,85621E+18;Tue Nov 12 05:19:03 +0000 2024;0;Akhir-akhir ini kita disuguhi persaingan seru antara dua brand mie instan terbesar di Indonesia. Mie Sedaap menggandeng aktor Korea favorit banyak perempuan Ahn Hyo Seop. Indomie menghadirkan girl group super populer NewJeans. Kedua brand ini sama-sama pakai artis Korea;1,85621E+18;;jeppiindonesia;in;;0;1;1;https://x.com/undefined/status/1856205040874336488;1,7416E+18;
1,85618E+18;Tue Nov 12 03:32:50 +0000 2024;0;Indomie yang dipayungi oleh PT. Indofood CBP Sukses Makmur Tbk (ICBP) menggandeng NewJeans untuk dijadian Global Brand Ambassador untuk produk terbarunya Indomie Korean Ramyeon Series . https://t.co/hhQ9lggW33;1,85618E+18;;;in;;0;0;0;https://x.com/undefined/status/1856178311170535837;106745550;
1,85614E+18;Tue Nov 12 00:58:43 +0000 2024;0;poster newjeans x indomie di krl kalo ilang 1 itu bkn gue yg ambil meski gue mau bgt;1,85614E+18;;;in;;0;0;0;https://x.com/undefined/status/1856139526592442745;577900881;
1,85614E+18;Tue Nov 12 00:55:22 +0000 2024;1;Itu yang submit gak pernah permasalahin mie sedap yang gaet siwon kah? Cuma newjeans doang nih yang dipermasalahin? Ribet banget indomie juga waktu keluarin series jepang orang jepang juga biasa aja ;1,85614E+18;;;in;;0;0;0;https://x.com/undefined/status/1856138682807529675;1,53663E+18;
1,85468E+18;Tue Nov 12 00:05:12 +0000 2024;0;@Haqniy @Haknipham kayanya aku bakalan coba jajan indomie yang banyak karena newjeans;1,85613E+18;;Haqniy;in;;0;0;0;https://x.com/undefined/status/1856126058854318213;8,61882E+17;
1,85605E+18;Mon Nov 11 18:53:26 +0000 2024;0;gaga jalapeno selera pedas sup tomat indomie ramyeon kuah 🆕;1,85605E+18;;;in;;0;0;0;https://x.com/undefined/status/1856047600983781682;1,22971E+18;
1,85593E+18;Mon Nov 11 18:32:21 +0000 2024;0;@catzkang @NewJeans_ADOR @Indomielovers yang biru! sebagai bunnies dan penonton konten kuliner aku udah nonton beberapa review soal #OhMyGoodItsIndomie series inj dan aku denger yang biru alias spicy ramyeon itu yang paling pedas. kebetulan aku pecinta pe;1,85604E+18;;catzkang;in;;0;0;0;https://x.com/undefined/status/1856042293897371704;1,81762E+18;
1,856E+18;Mon Nov 11 16:00:44 +0000 2024;1;hanni aslinya cenayang tau difoto ini dikasih liat kalo hanni kaget sampe nutup mulut tapi aslinya ga kaget soalnya moto sendiri artinya dia tau kalo bakal ada berita jelek bakal terjadi terus captionnya indomie seleraku berarti berita buruk tentang indomie newjeans https://t.co/yyqmkxCKuJ;1,856E+18;https://pbs.twimg.com/media/GcHZ7I3asAA5twk.jpg;;in;;1;1;1;https://x.com/undefined/status/1856004139257676092;1,11091E+18;
1,856E+18;Mon Nov 11 15:49:02 +0000 2024;9;namanya loh udah jelas indomie jadi ya dari indonesia wkwk ada-ada aja ini kalo urusan newjeans pasti salty;1,856E+18;;;in;;0;0;0;https://x.com/undefined/status/1856001194889724385;1,27256E+18;
1,85599E+18;Mon Nov 11 15:00:50 +0000 2024;0;Duh kok malah mencret anyingg padahal besok maw coba indomie newjeans ;1,85599E+18;;;in;;0;0;0;https://x.com/undefined/status/1855989066430648581;1,39594E+18;
1,85543E+18;Sun Nov 10 02:10:25 +0000 2024;0;mau mam indomie newjeans .;1,85543E+18;;;in;;0;0;0;https://x.com/undefined/status/1855432793989509453;1,81398E+18;
1,85543E+18;Sun Nov 10 01:49:09 +0000 2024;0;gusy aku udh coba spicy ramyeon dr indomie 8.5/10 https://t.co/Jb59HOQ1ZE;1,85543E+18;https://pbs.twimg.com/media/Gb_Na2IaAAAC0eH.jpg;;in;;0;0;0;https://x.com/undefined/status/1855427443756322902;1,64862E+18;
1,8545E+18;Sun Nov 10 01:16:37 +0000 2024;0;@devilruse Indomie x newjeans newjeansnya ikut dimakan?;1,85542E+18;;devilruse;in;;0;1;0;https://x.com/undefined/status/1855419258874057092;2758834679;
1,85374E+18;Sun Nov 10 00:34:36 +0000 2024;0;@haesrin ga sia - sia guys indomie jadiin newjeans BA keren banget dd. nanti gua cobain ya. :D;1,85541E+18;;haesrin;in;;0;0;0;https://x.com/undefined/status/1855408682382843916;7,58798E+17;
1,85527E+18;Sat Nov 09 15:45:22 +0000 2024;0;@880410jc Indomie varian baru enak2 yg spicy ramyeon juga enak;1,85528E+18;;880410jc;in;;0;1;0;https://x.com/undefined/status/1855275496914976844;1,30498E+18;
1,85527E+18;Sat Nov 09 15:38:31 +0000 2024;0;@gerlaorora indomie yg spicy ramyeon yg baru itu kak ge enak tauu;1,85527E+18;;gerlaorora;in;;0;1;0;https://x.com/undefined/status/1855273772536009021;1,67281E+18;
1,85525E+18;Sat Nov 09 14:21:05 +0000 2024;0;indomie x newjeans kenapa nggak ada photocardnya ya;1,85525E+18;;;in;;0;0;0;https://x.com/undefined/status/1855254287175356725;1,28851E+18;
1,85469E+18;Sat Nov 09 13:35:23 +0000 2024;0;@Haqniy Lengah dikit jadi BA-nya Indomie! Boleh nggak beli satu dus gratis tandatangan NewJeans? ;1,85524E+18;;Haqniy;in;;0;0;0;https://x.com/undefined/status/1855242786758664226;475621993;
1,85524E+18;Sat Nov 09 13:26:02 +0000 2024;1;kenapa si newjeans ga ke indo yaa buat event kek apa gitu padahal pasarnya ada banget temen ku yang buta kipop aja kemarin heboh sama newjeans x indomie;1,85524E+18;;;in;;0;1;0;https://x.com/undefined/status/1855240431749177793;1,32472E+18;
1,85522E+18;Sat Nov 09 12:20:03 +0000 2024;0;Uda makan belum ? Bikin indomie ramyeon aja yuk https://t.co/cxtm6aFkTO https://t.co/iepwaI0o5w;1,85522E+18;https://pbs.twimg.com/media/Gb8UPW0aUAAyKpb.jpg;;in;;0;0;0;https://x.com/undefined/status/1855223829284753766;1,46412E+18;
1,8552E+18;Sat Nov 09 11:02:58 +0000 2024;4;I want it.. i got it!! Ehehehe indomie korean ramyeon menyampai dengan jayanya.. indomie seleraku https://t.co/6R0Dix5D35;1,8552E+18;https://pbs.twimg.com/media/Gb8Cl-3aAAEgX4i.jpg;;in;;0;0;0;https://x.com/undefined/status/1855204426828730879;118956061;
1,85519E+18;Sat Nov 09 10:01:26 +0000 2024;0;baru nyobain indomie x newjeans yang bungkusnya biru. untuk aku yang emang gatahan pedas mie ini pedas banget sih jujur. yang pink belum dapeeet. susah banget;1,85519E+18;;;in;;1;0;0;https://x.com/undefined/status/1855188943891005473;1,11213E+18;
1,85519E+18;Sat Nov 09 09:52:46 +0000 2024;0;Masih belum nemu indomie yang collab sama newjeans ntuh.. ;1,85519E+18;;;in;;0;0;0;https://x.com/undefined/status/1855186761149980945;1,84878E+18;
1,85519E+18;Sat Nov 09 09:48:28 +0000 2024;0;Aduhh pengen masak indomie spicy ramyeon banget;1,85519E+18;;;in;;0;0;0;https://x.com/undefined/status/1855185680315670587;1,66203E+18;
1,85517E+18;Sat Nov 09 08:49:52 +0000 2024;0;Makanan enak gini kok bisa²nya mau di boikot sama kremy indomie x newjeans https://t.co/CCmeqd6mhs;1,85517E+18;https://pbs.twimg.com/media/Gb7kICebYAAL1d0.jpg;;in;;0;0;0;https://x.com/undefined/status/1855170933256044961;122681236;
1,85516E+18;Sat Nov 09 08:19:19 +0000 2024;0;@anantooo Indomie newjeans bukan;1,85516E+18;;anantooo;in;;0;1;0;https://x.com/undefined/status/1855163242785784122;1,48828E+18;
1,85516E+18;Sat Nov 09 08:00:57 +0000 2024;0;@indofood @Indomielovers newjeans juga gamau makan indomie kalo gada bumbu min....;1,85516E+18;;junjunieseu;in;;0;0;0;https://x.com/undefined/status/1855158622701207763;1,4358E+18;
1,85515E+18;Sat Nov 09 07:16:18 +0000 2024;0;Berawal beli karena random nemu di tiptop. Beginilah reviewku as indomie stan ANJAAYYYY. At least coba sekali aja. Karena gue tetep stuck rasa original (goreng ayam special soto kari) #OhMyGoodItsIndomie #KoreanRamyeonSeries;1,85515E+18;;;in;;0;0;0;https://x.com/undefined/status/1855147387079344184;99141360;
1,85191E+18;Sat Nov 09 07:14:53 +0000 2024;0;UDAH COBA YANG K-ROSE!! Menurut gue ini sih yang best dan gong. Spicy creamynya oke ga bikin enek. Pas pas aja. Ga pedes bgt juga. Jadi makannya masih bisa enjoy #OhMyGoodItsIndomie #KoreanRamyeonSeries https://t.co/1EW7wbOIx7;1,85515E+18;https://pbs.twimg.com/media/Gb7OYcAbwAQ72So.jpg;murkleechan;in;;0;0;0;https://x.com/undefined/status/1855147028390850751;99141360;
1,85509E+18;Sat Nov 09 03:33:36 +0000 2024;0;huftt bingung mau masak indomie yang spicy ramyeon dulu atau yang fiery chickin dulu;1,85509E+18;;;in;;0;0;0;https://x.com/undefined/status/1855091342118158429;1,51374E+18;
1,85506E+18;Sat Nov 09 01:19:31 +0000 2024;0;hari ini mau makan indomie newjeans;1,85506E+18;;;in;;0;1;0;https://x.com/undefined/status/1855057597206085873;2487047827;
1,85499E+18;Fri Nov 08 20:42:21 +0000 2024;0;3 AM and we can't sleep saatnya nyobain indomie newjeans. https://t.co/vXxhrFMzfU;1,85499E+18;https://pbs.twimg.com/media/Gb49m_MbwAAkaQx.jpg;;in;;0;1;0;https://x.com/undefined/status/1854987846085697857;1,37286E+18;
1,85495E+18;Fri Nov 08 18:12:22 +0000 2024;0;gamungkin jir gmn gmn indofood produk lokal yg dari awal uda pake influencer kmrn indomie jg baru pengumuman sama newjeans menurut aku si mereka2pasti dpt privilege;1,85495E+18;;;in;;0;0;0;https://x.com/undefined/status/1854950103234363849;1,45824E+18;
1,85494E+18;Fri Nov 08 17:40:46 +0000 2024;0;Mon maap ini indomie korean ramyeon yang k-rose di lidah ku kenapa rasa nya mirip sate padang https://t.co/SLUSjhNE4I;1,85494E+18;https://pbs.twimg.com/media/Gb4UB44bcAAMZVi.jpg;;in;;0;0;0;https://x.com/undefined/status/1854942149252726915;544962400;
1,85492E+18;Fri Nov 08 16:21:31 +0000 2024;0;indomie bulgogi ges itu jaman aku sd sekitar 2010-gatau lupa soalnya tiba2 ilang konsepnya itu taste of Asian ada 3 varian Tom yum bulgogi sama laksa sama konsepnya kayak tori miso dkk dan yang baru konsepnya Korean ramyeon ITU ENAK BANGET PLEASE INDOMIE BUAT ITU LAGI;1,85492E+18;;;in;;0;0;0;https://x.com/undefined/status/1854922205504966707;1,27651E+18;
1,85454E+18;Fri Nov 08 15:55:25 +0000 2024;0;@eimminji Boleh feromon seblak ya kalau noona? Soalnya gue feromon indomie NewJeans warna biru. Sekaligus nih paket spesial dapat vaksin.;1,85492E+18;;lieesoI;in;;0;1;0;https://x.com/undefined/status/1854915638835466666;1,65373E+18;
1,85491E+18;Fri Nov 08 15:18:27 +0000 2024;3;ada yg blm kedapetan? Indomie X NewJeans https://t.co/HVf5EgE2aV;1,85491E+18;https://pbs.twimg.com/media/Gb3zeofbUAAVYww.jpg;;in;;1;6;0;https://x.com/undefined/status/1854906334174756903;1,79689E+18;
1,85489E+18;Fri Nov 08 14:32:11 +0000 2024;0;ayah tumben bgt masak indomie jam segini sendirian pula mana masaknya pake indomie ramyeon yg waktu itu aku beli lagi pedes loh itu..;1,85489E+18;;;in;;0;0;1;https://x.com/undefined/status/1854894692149977521;1,20794E+18;
1,85489E+18;Fri Nov 08 14:14:47 +0000 2024;0;pengen indomie newjeans tp aku udh makan mie kemaren...;1,85489E+18;;;in;;0;1;0;https://x.com/undefined/status/1854890312600350909;1,62767E+18;
1,85489E+18;Fri Nov 08 14:04:07 +0000 2024;0;gue tdi mau beli indomie x newjeans tpi ga jdi karena mienya pada diremukin semua bjir kerjaan haters apa gmn dah;1,85489E+18;;;in;;0;0;0;https://x.com/undefined/status/1854887630078722256;2415174678;
1,85487E+18;Fri Nov 08 12:36:52 +0000 2024;7;ada kemungkinan Newjeans meet &amp;;;;;;;;;;;
1,85485E+18;Fri Nov 08 11:48:51 +0000 2024;0;Bjir.. takut klo chitato aja bisa buat mng svt di jkt berarti.. indomie sama newjeans bisa juga ya tuhan... aku siap sebulan bahkan sethun makan indomie kalau iya ;1,85485E+18;;;in;;0;0;0;https://x.com/undefined/status/1854853585718460855;8,94623E+17;
1,85485E+18;Fri Nov 08 11:16:30 +0000 2024;0;emg target marketing indomie dari dulu anak kos ditambah sekarang gba nya newjeans;1,85485E+18;;;in;;0;0;0;https://x.com/undefined/status/1854845447354900674;1,11091E+18;
1,85481E+18;Fri Nov 08 09:30:54 +0000 2024;2;Aigooooo namanya juga orang Fomo Kalo lagi BM harus tuntaskan Apalagi sama Indomie Ramyeon X New Jeans yang lagi viral satu ini nih!!! Untung udah ada di GrabMart jadi ga perlu nyari kemana mana lagi Gas beli daripada penasaran terus! https://t.co/Mrm6CNLwxQ https://t.co/l9FeOqwO0y;1,85482E+18;https://pbs.twimg.com/media/Gb2j7PUaAAA4pPj.jpg;GrabID;in;;0;3;0;https://x.com/undefined/status/1854818869845655723;2322081114;
1,85479E+18;Fri Nov 08 08:21:33 +0000 2024;0;Ada banget orang tiba tiba beli indomie x newjeans cuma karena ngincer keychain ;1,8548E+18;;pinkballey;in;;0;0;0;https://x.com/undefined/status/1854801417275687362;1,45504E+18;
1,85479E+18;Fri Nov 08 07:46:53 +0000 2024;0;Kapan lagi beli 3 mie indomie premium collection × newjeans cuman 1175 sudah termasuk admin Thank you @tokopedia untuk vouchernya ya Kalau bisa banyakin voucher lagi biar sering belanja https://t.co/eJ7fC1Rqce;1,85479E+18;https://pbs.twimg.com/media/Gb2LN_kbUAA_g-r.jpg;;in;;0;0;0;https://x.com/undefined/status/1854792693815427339;9,68483E+17;
1,85478E+18;Fri Nov 08 07:13:16 +0000 2024;0;Indomie newjeans bikin nagih;1,85478E+18;;;in;;0;1;0;https://x.com/undefined/status/1854784236852858975;75603965;
1,85478E+18;Fri Nov 08 07:01:08 +0000 2024;0;nyari indomie newjeans di supermarket belum ada taunya malah di minimarket ada :);1,85478E+18;;;in;;0;0;0;https://x.com/undefined/status/1854781180656099603;2306281604;
1,85222E+18;Fri Nov 08 05:08:38 +0000 2024;0;@next_maestro Paket tas hanya tersedia hingga rangkaian event Indomie Korean Ramyeon Series berakhir atau selama persediaan masih ada ya Kak ;1,85475E+18;;next_maestro;in;;0;0;0;https://x.com/undefined/status/1854752869028860263;284428760;
1,85005E+18;Fri Nov 08 02:51:41 +0000 2024;0;@minjwiz BENER BANGET indomie yang collab sama NewJeans itu yaa. Boleh kalo beli indomie varian itu langsung dapet album NewJeans? ;;;;;;;;;;;
1,85471E+18;Fri Nov 08 02:36:45 +0000 2024;0;Nyobain indomie baru yg BA nya newjeans https://t.co/3a0Ktj41VB;1,85471E+18;https://pbs.twimg.com/media/Gb1FJDQbwAEcZgv.jpg;;in;;0;0;0;https://x.com/undefined/status/1854714646571499612;1,41441E+18;
1,85471E+18;Fri Nov 08 02:28:58 +0000 2024;0;nah ya tadi pagi ketemu new jeans x indomie. keretanya juga dingin lagi #OhMyGoodItsIndomie https://t.co/hdG9cpDymP;1,85471E+18;https://pbs.twimg.com/media/Gb1DW8dacAAy2UI.jpg;;in;;1;1;0;https://x.com/undefined/status/1854712686598381600;370094403;
1,8547E+18;Fri Nov 08 01:39:29 +0000 2024;0;@Indomielovers jangan mau kalah yok bawa newjeans sm jkt48 ( kan jeketi pernah collabs sm indomie thn lalu jg) di 1 event ;1,8547E+18;;Indomielovers;in;;0;0;0;https://x.com/undefined/status/1854700236578701420;1,34049E+18;
1,85452E+18;Thu Nov 07 13:47:34 +0000 2024;0;repurchase indomie newjeans soalnya enyak https://t.co/G18TszOTpx;1,85452E+18;https://pbs.twimg.com/media/GbyVEwdbwAApP9R.jpg;;in;;0;0;0;https://x.com/undefined/status/1854521076220637298;1,61803E+18;
1,85452E+18;Thu Nov 07 13:23:29 +0000 2024;0;Indomie rose ramyeon Indomie rose ramyeon Indomie rose ramyeon Indomie rose ramyeon Indomie rose ramyeon yang dimasak menggunakan Happycall Double Pan 7 pcs oleh Pp Desra.;1,85452E+18;;;in;;0;0;17;https://x.com/undefined/status/1854515014901936570;3257286924;
1,85451E+18;Thu Nov 07 13:21:26 +0000 2024;0;kaia meminta alaski buat bikinin indomie rose ramyeon 5 mangkok.;1,85451E+18;;michersuo;in;;0;0;15;https://x.com/undefined/status/1854514498029121570;9,54434E+17;
1,85185E+18;Thu Nov 07 13:19:23 +0000 2024;0;@Indomielovers @NewJeans_ADOR Mending gratis Indomie 1 kardus xixixixi;1,85451E+18;;Indomielovers;in;;0;0;0;https://x.com/undefined/status/1854513984994677152;457585659;
1,8545E+18;Thu Nov 07 12:24:39 +0000 2024;0;Belum nyobain indomie x newjeans itu.;1,8545E+18;;;in;;0;7;0;https://x.com/undefined/status/1854500209625358389;1,55842E+18;
1,85373E+18;Thu Nov 07 12:24:09 +0000 2024;25;@Indomielovers Japota x JKT48 aja ada PC nya masa Indomie x NewJeans gak ada ;1,8545E+18;;Indomielovers;in;;0;0;0;https://x.com/undefined/status/1854500082437275735;317033290;
1,8545E+18;Thu Nov 07 12:20:59 +0000 2024;0;WTS Indomie korean ramyeon series X NewJeans 40k dapet 1 bundle (isi 5 mie + pvc bag) Pvc bag avail warna pink https://t.co/Nerg8qfBWD Jakarta Utara https://t.co/eQS3Gm3z8s;1,8545E+18;https://pbs.twimg.com/media/GbyBQwCaEAAU50-.jpg;;in;;0;1;0;https://x.com/undefined/status/1854499286396121366;1,15934E+18;
1,85448E+18;Thu Nov 07 11:12:41 +0000 2024;0;Bunnies besok aku mau dateng ke event newjeans x indomie ini ada yang mau nitip kah? Ada biaya tambahan jastip 5k ya https://t.co/uRSXNopl5f;1,85448E+18;https://pbs.twimg.com/media/Gbxxn7xa4AA8V0v.jpg;;in;;0;0;0;https://x.com/undefined/status/1854482096326398047;9,86174E+17;
1,85446E+18;Thu Nov 07 09:58:35 +0000 2024;0;Indomie x newjeans kok blom ada di Indomaret sih.....;1,85446E+18;;;in;;0;1;0;https://x.com/undefined/status/1854463448970858775;1,73331E+18;
1,85444E+18;Thu Nov 07 08:27:11 +0000 2024;0;1 indomie 1 like untuk newjeans https://t.co/QPpSxTaddT;1,85444E+18;https://pbs.twimg.com/media/GbxLwrfbAAA-rWZ.jpg;;in;;0;3;0;https://x.com/undefined/status/1854440449953644760;1,0793E+18;
1,85443E+18;Thu Nov 07 07:54:05 +0000 2024;0;Indomie x NewJeans ini ternyata enak rasanya paling gua suka yg merah yg Fiery Chikin https://t.co/JwdZ8VJHmv;1,85443E+18;https://pbs.twimg.com/media/GbxEL4tbIAAVqch.jpg;;in;;0;0;0;https://x.com/undefined/status/1854432120351097281;1,44466E+18;
1,85442E+18;Thu Nov 07 07:06:24 +0000 2024;1;liat kelakuan bude bude kremy yg benci newjeans collab sama indomie kenapa sih?? pdhl kan udh banyak spill kebusukan hybe dimana mana terus benci nj atas dasar apa??;1,85442E+18;;;in;;0;0;0;https://x.com/undefined/status/1854420120594153556;217360535;
1,85442E+18;Thu Nov 07 06:51:49 +0000 2024;0;nyobain indomie korean spicy ramyeon kok kayak bakmi jawa;1,85442E+18;;;in;;0;1;0;https://x.com/undefined/status/1854416449332539658;1,63529E+18;
1,85185E+18;Thu Nov 07 06:38:05 +0000 2024;0;@Indomielovers @NewJeans_ADOR Indomie bonus Hanni ;1,85441E+18;;Indomielovers;in;;0;0;0;https://x.com/undefined/status/1854412990919147767;1,57613E+18;
1,85441E+18;Thu Nov 07 06:30:44 +0000 2024;1;Udh pedes dikasih boncabe lv50 #OhMyGoodItsIndomie https://t.co/RPyEOqFvGG;1,85441E+18;https://pbs.twimg.com/media/GbwxGUWagAEYARl.jpg;;in;;1;6;0;https://x.com/undefined/status/1854411144078979528;1,40544E+18;
1,85439E+18;Thu Nov 07 05:20:06 +0000 2024;0;mau coba indomie ramyeon. barangkali cocok biar bisa pindah dari gekikara soalnya gekikara harganya naik teyus ;1,85439E+18;;;in;;0;1;0;https://x.com/undefined/status/1854393368060801473;1,20185E+18;
1,85439E+18;Thu Nov 07 05:02:45 +0000 2024;0;masak Indomie Korea karena.. #NewJeans https://t.co/utqYH3PBrK;1,85439E+18;https://pbs.twimg.com/media/Gbwc-LAa0AAueXS.jpg;;in;;0;0;0;https://x.com/undefined/status/1854389003489001519;175400404;
1,85438E+18;Thu Nov 07 04:35:51 +0000 2024;0;LO HARUS TW INDOMIE YG KOREAN EDITION ITU ENAK BGTTT YG SPICY CHICKEN SM SPICY RAMYEON SGT MIRIP BGT SMSAMYANG N SHIN RAMYEON FAK ENAK MURAHHH BANYAKKK;1,85438E+18;;;in;;0;0;0;https://x.com/undefined/status/1854382231789453462;1,47404E+18;
1,85437E+18;Thu Nov 07 03:52:01 +0000 2024;0;plis jangan cepet discontinue soalnya w kalau makan shin ramyeon biasa porsinya lumayan kebanyakan kalau indomie pas bgt;1,85437E+18;;zenofzi;in;;0;0;0;https://x.com/undefined/status/1854371199561957622;8,14312E+17;
1,85437E+18;Thu Nov 07 03:52:00 +0000 2024;0;eh plis indomie yg spicy ramyeon enak bgt ga nyangka beneran pedes jir wkwk mana w udah masukin cabe ke mangkok duluan jadi makin pedes menurut w enakan ini dari pada shin ramyeon yg biasa itu soalnya micinnya terasa betul lah sy suka;1,85437E+18;;;in;;0;1;0;https://x.com/undefined/status/1854371196537892866;8,14312E+17;
1,85435E+18;Thu Nov 07 03:17:51 +0000 2024;0;@pornsegs newjeans kan jd ba indomie sekarang terus rilis 3 varian iniii https://t.co/Ha06BZmZjj;1,85436E+18;https://pbs.twimg.com/media/GbwE8-6bIAA2BUH.jpg;;in;;0;0;0;https://x.com/undefined/status/1854362601180082225;1,2847E+18;
1,85435E+18;Thu Nov 07 02:44:14 +0000 2024;0;Btw indomie x newjeans yang biru enak banget weh. Ntar mau beli lagi sekalian nyari yang varian k-rose.;1,85435E+18;;;in;;0;0;0;https://x.com/undefined/status/1854354141805691216;9,97806E+17;
1,85417E+18;Thu Nov 07 02:41:11 +0000 2024;0;@winterujak bnerr indomie new jeans ak beli rasa spicy ramyeon dan disuapin minji;1,85435E+18;;winterujak;in;;0;1;0;https://x.com/undefined/status/1854353375946801258;1,25422E+18;
1,85435E+18;Thu Nov 07 02:18:55 +0000 2024;0;MASA INDOMIE NEWJEANS AK DISEMUTIN BLOM DIMAKAN PULA;1,85435E+18;;;in;;0;0;0;https://x.com/undefined/status/1854347771467497511;1,2847E+18;
1,85435E+18;Thu Nov 07 02:14:31 +0000 2024;0;yang gw kesel dari Indomie x Newjeans adalah MASA BRAND SEBESAR INDOMIE GAK ADA KASIH RANDOM PHOTOCARD EDITION INDOMIE X NEWJEANS?????!!!! HELLO INDOMIE!? brand brand lain aja bisa bikin event photocard lohhh!! ;1,85435E+18;;;in;;0;0;0;https://x.com/undefined/status/1854346665656017028;1,30352E+18;
1,85435E+18;Thu Nov 07 02:08:49 +0000 2024;1;Newjeans with Indomie ini ga ketebak tp ultraman sama ultrajaya ini juga ngagetin wk https://t.co/I1NQu4rRT8;1,85435E+18;;;in;;0;1;0;https://x.com/undefined/status/1854345228398002366;312099919;
1,85433E+18;Thu Nov 07 01:26:40 +0000 2024;0;sebenarnya agak kecewa sih collab yang satu ini : 1. No photocard hanya photobooth which is dissapointing. 2. Gak ada nama newjeans bahkan foto mereka dipackingannya how can other people know indomie collabing with nwjns?? 3. Nama Rasanya setidakny relevan ke nwjns dikitla...;1,85433E+18;;;in;;0;0;0;https://x.com/undefined/status/1854334623897297089;1,0149E+18;
1,85428E+18;Wed Nov 06 21:38:07 +0000 2024;0;ih indomie korean ramyeon enak juga;1,85428E+18;;;in;;0;0;0;https://x.com/undefined/status/1854277106844487805;1,32127E+18;
1,85346E+18;Wed Nov 06 15:46:13 +0000 2024;0;@jaehyiuno @hi kakak pasti mau bagiin ke para member ya? nanti aku kirimin satu truck Indomie varian newjeans ya xixixixi;1,85419E+18;;jsehyuno;in;;0;1;0;https://x.com/undefined/status/1854188547928175034;1555546770;
1,85185E+18;Wed Nov 06 15:45:22 +0000 2024;1;@Indomielovers @NewJeans_ADOR Nah kan https://t.co/qeJNZGtYwD;1,85419E+18;;Indomielovers;in;;0;0;0;https://x.com/undefined/status/1854188332735148155;1,63619E+18;
1,85417E+18;Wed Nov 06 14:36:39 +0000 2024;31;OOT Mencoba indomie rasa baru yg spicy ramyeon(?) Ft telurnya Neng https://t.co/UGJrGATJns;1,85417E+18;https://pbs.twimg.com/media/GbtWvB3bUAEGpL_.jpg;;in;;1;6;1;https://x.com/undefined/status/1854171042195140874;1,52582E+18;
1,85416E+18;Wed Nov 06 14:10:06 +0000 2024;0;@unsoedfess_ dimana yg jual indomie newjeans?;1,85416E+18;;unsoedfess_;in;;0;0;0;https://x.com/undefined/status/1854164357904736573;1,73596E+18;
1,85416E+18;Wed Nov 06 14:01:02 +0000 2024;1;gua menamatkan beli indomie newjeans ;1,85416E+18;;;in;;0;1;0;https://x.com/undefined/status/1854162075809087554;1,54149E+18;
1,85416E+18;Wed Nov 06 13:56:51 +0000 2024;1;Enak enak enak Gw mulai sekarang kalo mau makan ramyeon gw bakal beli indomie ini terus sih Indomie spicy ramyeon+kimchi yg beli di alfa ini kombo yang enak juga loh https://t.co/A8enoT4nPK;1,85416E+18;https://pbs.twimg.com/media/GbtNn2BbUAAczKd.jpg;;in;;0;0;0;https://x.com/undefined/status/1854161023080816789;1,53165E+18;
1,85415E+18;Wed Nov 06 13:23:44 +0000 2024;0;kalian udah ada yg nyoba indomie x newjeans belum?? yg ramyeon/korean series itu? ak pengen nyoba tp mau baca review dari kalian dlu. thank u^^;1,85415E+18;;;in;;0;2;0;https://x.com/undefined/status/1854152689116152219;1,36341E+18;
1,85415E+18;Wed Nov 06 13:04:24 +0000 2024;0;Nyobain varian indomie ramyeon dari bau sama rasanya sih mirip mie g**** tapi lebih spicy aja dan gak bikin panas diperut. Buat mienya aku masak ke medokan tapi masih kenyel enak jadi pengen nyoba lagi @Indomielovers https://t.co/ehzOEmmL5x;1,85415E+18;https://pbs.twimg.com/media/GbtBnaXasAALV2m.jpg;;in;;0;0;0;https://x.com/undefined/status/1854147823551537250;1,7909E+18;
1,85414E+18;Wed Nov 06 12:49:46 +0000 2024;0;Nyobain Indomie X NewJeans yang varian spicy ramyeon https://t.co/mk3VnNrbby;1,85414E+18;https://pbs.twimg.com/media/Gbs-Q69a8AAmWAC.jpg;;in;;0;1;0;https://x.com/undefined/status/1854144142714249657;1036699261;
1,85414E+18;Wed Nov 06 12:35:51 +0000 2024;0;mari kita hunting indomie newjeans yang viral itu;1,85414E+18;;;in;;0;1;0;https://x.com/undefined/status/1854140638792757443;1,65548E+18;
1,85414E+18;Wed Nov 06 12:20:07 +0000 2024;0;Zonk wak malem malem niat pengen nyoba indomie ramyeon pas dibuka cuma dapet mie sama wijen doang jir. Mana mienya udah terlanjur gw rendem aer. Woi @Indomielovers kek mana ini. https://t.co/KiNNtO0r1C;1,85414E+18;https://pbs.twimg.com/media/Gbs3e6da0AAI46S.jpg;;in;;0;1;0;https://x.com/undefined/status/1854136679390756929;1,536E+18;
1,85413E+18;Wed Nov 06 12:10:43 +0000 2024;0;Bro indomie new jeans enak juga yang kuah kek neoguri ramyeon versi kearifan lokal (+pedes indonesia dan micin) Gue tambah daun bawang pokchoy dikit sama tumis jamur behhhh Behhhhhh hits the spot. Pas banget dah pengen ngemie semingguan ini krn lg batuk;1,85413E+18;;;in;;0;0;0;https://x.com/undefined/status/1854134315983999301;8,86149E+17;
1,85413E+18;Wed Nov 06 11:58:55 +0000 2024;0;@Winorey Indomie newjeans cobain tuh baru;1,85413E+18;;Winorey;in;;0;0;0;https://x.com/undefined/status/1854131347331408235;1,67762E+18;
1,85412E+18;Wed Nov 06 11:31:54 +0000 2024;0;@heeseunglykish Emang selasa s nya sngantuk. INDOMIE NEWJEANS YANG PIIINKK atau kalau di luar itu aku suka soto spesial sih;1,85412E+18;;manifesdto;in;;0;0;0;https://x.com/undefined/status/1854124545256608224;7,93085E+17;
1,8541E+18;Wed Nov 06 09:53:31 +0000 2024;0;sampe juga paketnya bun INDOMIE x NEWJEANS #NewJeans #뉴진스 https://t.co/ZsGmrDzAvV;1,8541E+18;https://pbs.twimg.com/media/GbsV7LRbEAAZPv7.jpg;;in;;0;0;0;https://x.com/undefined/status/1854099788545102208;1,26634E+18;
1,85409E+18;Wed Nov 06 09:25:45 +0000 2024;4;Wts buddle indomie x newjeans 70k / dapat 2 buddle Beli 1 : 35k Bisa cod besok di gondangdia/bogor https://t.co/9U695T1E3u;1,85409E+18;https://pbs.twimg.com/media/GbsPknTbsAAxeo0.jpg;;in;;1;4;2;https://x.com/undefined/status/1854092801342161374;1,76507E+18;
1,85409E+18;Wed Nov 06 09:22:20 +0000 2024;0;lagi nyobain indomie × newjeans yang warna biru (berkuah). yaiya sih tulisan nya spicy aku tadinya mikir gapakal sepedes ini plss??;1,85409E+18;;rubeeyis;in;;0;0;0;https://x.com/undefined/status/1854091938062070012;1,8211E+18;
1,85409E+18;Wed Nov 06 09:00:18 +0000 2024;0;@salahpraktikan Indomie newjeans vs mie sedap farhan kebabc nih;1,85409E+18;;salahpraktikan;in;;0;1;0;https://x.com/undefined/status/1854086395511574930;1,78753E+18;
1,85406E+18;Wed Nov 06 07:04:31 +0000 2024;0;indomie newjeans yg fiery chickin enaqqq;1,85406E+18;;;in;;0;1;0;https://x.com/undefined/status/1854057258910679214;1,20226E+18;
1,85405E+18;Wed Nov 06 06:33:36 +0000 2024;0;pengen indomie newjeans. dari kemaren belom nemu2;1,85405E+18;;;in;;0;0;0;https://x.com/undefined/status/1854049475578470530;196011433;
1,85371E+18;Wed Nov 06 05:50:09 +0000 2024;1;@tanyakanrl Aku pernah mix mie ramyeon/ramen lupa + Indomie goreng + mie sedap bawang (2). Dimakan rame sama kaka sepupu aslii enak kalau makan rame bikin ketagihan bikin lagi;1,85404E+18;;tanyakanrl;in;;0;0;0;https://x.com/undefined/status/1854038541669744780;1,7794E+18;
1,85404E+18;Wed Nov 06 05:46:53 +0000 2024;0;Indomie spicy ramyeon yang X New Jeans ENAKKKK 9 9/10. Pedes gurih mienya juga kenyel. Tapi emang kek pedesnya mayan dominan lada sihh. Tapii enakkk;1,85404E+18;;;in;;0;1;0;https://x.com/undefined/status/1854037718600458359;1,38408E+18;
1,85402E+18;Wed Nov 06 04:39:42 +0000 2024;0;nyobain Indomie x Newjeans https://t.co/RBiQvKuEWt;1,85402E+18;https://pbs.twimg.com/media/GbrOGlgbkAA8kFx.jpg;;in;;0;0;0;https://x.com/undefined/status/1854020811591676306;1,44106E+18;
1,85401E+18;Wed Nov 06 04:01:10 +0000 2024;0;indomie yg spicy ramyeon enak woi tapi emg pedes sih;1,85401E+18;;;in;;0;0;0;https://x.com/undefined/status/1854011114989994269;1,7341E+18;
1,85401E+18;Wed Nov 06 03:40:48 +0000 2024;0;Indomie yg spicy ramyeon pedes bgt weh gk kuat;1,85401E+18;;;in;;0;1;0;https://x.com/undefined/status/1854005992197144781;1,43843E+18;
1,85399E+18;Wed Nov 06 02:46:19 +0000 2024;12; | Hyein para a Indomie. #뉴진스 #NewJeans #혜인 #Hyein @NewJeans_ADOR https://t.co/KJgq009uaa;1,85399E+18;https://pbs.twimg.com/media/Gbq0JmKWMA8xrT9.jpg;;in;;0;0;2;https://x.com/undefined/status/1853992277070270535;1,53717E+18;
1,85396E+18;Wed Nov 06 00:32:58 +0000 2024;0;Sarapan pake Indomie × Newjeans with daniii https://t.co/2XGFmPca9b;1,85396E+18;https://pbs.twimg.com/media/GbqVoNbaYAAAxLb.jpg;;in;;0;1;0;https://x.com/undefined/status/1853958719832502709;1,2326E+18;
1,85392E+18;Tue Nov 05 21:53:37 +0000 2024;78;NewJeans x Indomie Ramyun #민지 #Minji #하니 #Hanni #다니엘 #Danielle #해린 #Haerin #혜인 #Hyein #뉴진스 #NewJeans @NewJeans_twt https://t.co/THs1nsgbM0;1,85392E+18;https://pbs.twimg.com/media/GbpxKDKXoAAittG.jpg;;in;;0;1;13;https://x.com/undefined/status/1853918620423946331;1,83216E+18;
1,85386E+18;Tue Nov 05 18:18:41 +0000 2024;0;suka lah kan newjeans collab dengan indomie SEBAB INDOMIE &gt;;;;;;;;;;;
1,85371E+18;Tue Nov 05 18:03:11 +0000 2024;0;@tanyakanrl indomie geprek + indomie soto kaya ramyeon ala2;1,85386E+18;;tanyakanrl;in;;0;0;0;https://x.com/undefined/status/1853860626260754522;1,65309E+18;
1,82631E+18;Tue Nov 05 17:35:03 +0000 2024;0;@jlleonghan Ada tau katanya aku nangis mulu jadi dilempar tisu deh! Yang manis juga kayanya enak deh.. sambil nonton film. Nah kalo yang NewJeans aku belum cobain! Tapi kayanya sih enak yaa soalnya dari Indomie. Pengen coba yang belum pernah aku cobain si;1,85385E+18;;kimsuncwoo;in;;0;0;0;https://x.com/undefined/status/1853853547898790213;1,50031E+18;
1,85385E+18;Tue Nov 05 17:19:12 +0000 2024;0;indomie spicy ramyeon enak bgt tp pedes dah buat gua yg toleransi pedesnya standar ini pedesnya melebihi kemampuan gue;1,85385E+18;;;in;;0;0;0;https://x.com/undefined/status/1853849558075462094;1,25403E+18;
1,85368E+18;Tue Nov 05 16:21:10 +0000 2024;0;@eimminji Ak tadi abis mkan indomie ramyeon biru!;1,85383E+18;;lieesoI;in;;0;1;0;https://x.com/undefined/status/1853834955606123001;9,04741E+17;
1,85368E+18;Tue Nov 05 16:10:33 +0000 2024;0;@kawiairuka Asiknyaa semoga baik terus sampai ketemu weekend nanti ia! Indomie rasa baru yang koleb bareng NewJeans! https://t.co/oklPNuM5HZ;1,85383E+18;https://pbs.twimg.com/media/GboiooIbwAAVYUs.png;aerichaon;in;;0;1;0;https://x.com/undefined/status/1853832284019085446;8,62697E+17;
1,85368E+18;Tue Nov 05 16:09:21 +0000 2024;0;@haunwook Betuul NewJeans jadi ba indomie! :D Aku satu aja udah kenyang sih kakak.. Kakak biasa makan ramyeon berapa bungkus emang?;1,85383E+18;;haunwook;in;;0;0;0;https://x.com/undefined/status/1853831982956089608;8,62697E+17;
1,85383E+18;Tue Nov 05 16:00:05 +0000 2024;0;indomie newjeans yg biru itu rasa popmie banget..;1,85383E+18;;;in;;0;0;0;https://x.com/undefined/status/1853829648385548728;391139216;
1,85382E+18;Tue Nov 05 15:20:44 +0000 2024;0;Settingan makan indomie paling pas.. Kuah: Tori miso ramen Goreng: Ramyeon K-rose 🆕️ Standaran: goreng biasa;1,85382E+18;;;in;;0;0;0;https://x.com/undefined/status/1853819744815927653;606246208;
1,85381E+18;Tue Nov 05 15:06:13 +0000 2024;0;@angkotsalto PAAM SIH INDOMIE NEWJEANS;1,85382E+18;;;in;;0;0;0;https://x.com/undefined/status/1853816093900783865;1,45731E+18;
1,85371E+18;Tue Nov 05 14:22:43 +0000 2024;0;@tanyakanrl Indomie spicy ramyeon + wow spaghetti yg oren sih;1,85381E+18;;tanyakanrl;in;;0;0;0;https://x.com/undefined/status/1853805147274776760;1,75335E+18;
1,8538E+18;Tue Nov 05 14:16:02 +0000 2024;2;padahal kemaren abis makan mie tapi gara² penasaran sama Indomie spicy ramyeon jadi makan mie lagi bjir. rasanya ga terlalu pedes deh menurut gue jadi harus ditambah cabe rawit biar pedesnya nampol https://t.co/9SDjcjA4lb;1,8538E+18;https://pbs.twimg.com/media/GboIaTRawAA3Ijc.jpg;;in;;0;3;0;https://x.com/undefined/status/1853803463463014595;1,31458E+18;
1,85363E+18;Tue Nov 05 13:59:24 +0000 2024;0;@newjeans_loop Sayang ayo mam indomie bareng;1,8538E+18;;newjeans_loop;in;;0;0;0;https://x.com/undefined/status/1853799277895770324;1,36998E+18;
1,85379E+18;Tue Nov 05 13:42:16 +0000 2024;0;udah niat ga makan malem tp tergoda indomie spicy ramyeon ;1,85379E+18;;;in;;0;0;0;https://x.com/undefined/status/1853794965119451332;220282544;
1,85378E+18;Tue Nov 05 13:41:58 +0000 2024;0;@_annisia harus ada yg neliti pengaruh BA NewJeans terhadap penjualan Indomie;1,85379E+18;;_annisia;in;;0;0;0;https://x.com/undefined/status/1853794892503515364;1951230721;
1,85379E+18;Tue Nov 05 13:34:37 +0000 2024;0;eh btw indomie yang rasa ramyeon itu enak juga loh!!;1,85379E+18;;;in;;0;0;0;https://x.com/undefined/status/1853793041632710951;1,67219E+18;
1,85379E+18;Tue Nov 05 13:13:11 +0000 2024;0;Setelah nyetrika packing dan gosok wc I deserve nyobain indomie varian baru spicy ramyeon ;1,85379E+18;;;in;;0;1;0;https://x.com/undefined/status/1853787646960808016;608210623;
1,85378E+18;Tue Nov 05 12:56:19 +0000 2024;0;@purpleramencup INDOMIE NEWJEANS YANG BIRUUUU FIX ITU WAJIB KRN ITU VERSI EKONOMISNYA SHIN RAMYEON;1,85378E+18;;purpleramencup;in;;0;1;0;https://x.com/undefined/status/1853783401595273494;1108633658;
1,85378E+18;Tue Nov 05 12:39:17 +0000 2024;0;gw nanya mba mba alfa ada indomie newjeans apa engga malah dianya ngangong ngangong;1,85378E+18;;;in;;0;0;0;https://x.com/undefined/status/1853779115083751434;1,80128E+18;
1,85378E+18;Tue Nov 05 12:39:00 +0000 2024;0;Terkadang momen paling sederhana bisa menjadi yang paling indah. New Flavor New feelings #OhMyGoodItsIndomie https://t.co/KcUH2L6fVH;1,85378E+18;https://pbs.twimg.com/media/GbnyN4haUAATChm.jpg;;in;;0;0;0;https://x.com/undefined/status/1853779044996947996;1,79437E+18;
1,85378E+18;Tue Nov 05 12:34:49 +0000 2024;0;indomie newjeans yg merah enak dah;1,85378E+18;;;in;;0;0;0;https://x.com/undefined/status/1853777993661112553;1,69692E+18;
1,85377E+18;Tue Nov 05 11:57:48 +0000 2024;0;Spicy ramyeon indomie enak w suka;1,85377E+18;;;in;;0;0;0;https://x.com/undefined/status/1853768676799033419;7,65117E+17;
1,85377E+18;Tue Nov 05 11:52:02 +0000 2024;0;WTS Indomie korean ramyeon series X NewJeans 40k dapet 1 bundle (isi 5 mie + pvc bag) Pvc bag avail warna pink https://t.co/1rAK9XuI7Z Jakarta Utara https://t.co/7OJhF7GBEt;1,85377E+18;https://pbs.twimg.com/media/GbnndXqbQAAqRaP.jpg;;in;;0;0;0;https://x.com/undefined/status/1853767227201462598;1,15934E+18;
1,85377E+18;Tue Nov 05 11:46:33 +0000 2024;2;fujan malem enaknya makan indomie newjeans;1,85377E+18;;;in;;1;4;0;https://x.com/undefined/status/1853765845861962134;1,67623E+18;
1,85376E+18;Tue Nov 05 11:19:02 +0000 2024;0;KENAPA INDOMIE NEWJEANS YG RASA ROSE SELALU ABIS STOKNYA????????;1,85376E+18;;;in;;1;1;0;https://x.com/undefined/status/1853758922097934457;1,74258E+18;
1,85376E+18;Tue Nov 05 11:04:45 +0000 2024;0;makan malem hari ini indomie k-rose #NewJeansxIndomie #OhMyGoodItsIndomie;1,85376E+18;;;in;;0;2;0;https://x.com/undefined/status/1853755326568562846;1,55682E+18;
1,85374E+18;Tue Nov 05 10:10:21 +0000 2024;0;guys newjeans x Indomie itu sampe tanggal berapa deh....?;1,85374E+18;;;in;;0;1;0;https://x.com/undefined/status/1853741637668909509;1,47535E+18;
1,85374E+18;Tue Nov 05 09:45:48 +0000 2024;0;kalau beli indomie ada chance ke nak dapat pc newjeans? ‍↔️;1,85374E+18;;;in;;0;0;0;https://x.com/undefined/status/1853735457944928685;1649395172;
1,85373E+18;Tue Nov 05 09:25:39 +0000 2024;0;Shindong tau ga ya kalo indomie collab sama newjeans;1,85373E+18;;;in;;0;1;0;https://x.com/undefined/status/1853730387308294147;1,25774E+18;
1,85371E+18;Tue Nov 05 08:03:36 +0000 2024;0;Ih gue beli indomie spicy ramyeon tapi gada bumbunya di dalem;1,85371E+18;;;in;;0;0;0;https://x.com/undefined/status/1853709736941695422;724213759;
1,85185E+18;Tue Nov 05 07:59:37 +0000 2024;0;@Indomielovers @NewJeans_ADOR Sebelum liat iklanya udah liat produknya di minimarket dalam hati berkata ooh produk baru Indomie Besokanya tiba2 liat iklanya kaget bareng NewJeans wooww;1,85371E+18;;Indomielovers;in;;0;0;0;https://x.com/undefined/status/1853708733895061607;1,10422E+18;
1,85363E+18;Tue Nov 05 06:49:56 +0000 2024;1;@newjeans_loop ️ INDOMIE SELEREKU;1,85369E+18;;newjeans_loop;in;;0;0;0;https://x.com/undefined/status/1853691198059548896;4847315193;
1,85369E+18;Tue Nov 05 06:43:31 +0000 2024;0;flying kiss jungkook jaehyun wamil naura txt yeonjun christina aguilera arknights seungchan toronto siang demokrasi sejuk ronald fufufafa gibran mulyono tom kpop bts riize newjeans indomie preloved shopee enhypen baemon yg hybe mhj anies svt seunghan nct kejagung bando;1,85369E+18;;;in;;0;0;0;https://x.com/undefined/status/1853689585072742454;1,47312E+18;
1,85368E+18;Tue Nov 05 06:17:51 +0000 2024;2;Kenapa ya gua punya twibbon ini #OhMyGoodItsIndomie https://t.co/y17prBC8Rj;1,85368E+18;https://pbs.twimg.com/media/Gbma-DlbIAAVDeB.jpg;;in;;0;0;0;https://x.com/undefined/status/1853683125186154563;4849356450;
1,85367E+18;Tue Nov 05 05:18:25 +0000 2024;0;minimal indomie newjeans nya masakin dlu gpp deh;1,85367E+18;;;in;;0;0;0;https://x.com/undefined/status/1853668169707397536;1,34853E+18;
1,85366E+18;Tue Nov 05 05:01:36 +0000 2024;2;semalem gue mimpi ketemu ads newjeans indomie di jalan gede bgt layarnyaa pas gue brangkat sekolah (wlau aneh soalnya gue udh lulus?!!) tpi kocak nya tuh gue bolos kgk masuk sklh cuma perkara antri foto di ads nj mana nyuruh tmen buat nitip ijin gue gk sklh krna sakit;1,85366E+18;;;in;;0;0;0;https://x.com/undefined/status/1853663934911242375;1,72043E+18;
1,85222E+18;Tue Nov 05 04:58:25 +0000 2024;2;@oreovanillah Otokke~ tapi don t worry Kak rangkaian event Indomie Korean Ramyeon Series ini masih berlangsung kok! Cus kunjungi Indofood Tower Jakarta AEON BSD Sentul JGC dan Deltamas biar bisa seru-seruan bareng Indomie ;1,85366E+18;;oreovanillah;in;;0;3;0;https://x.com/undefined/status/1853663136274133291;284428760;
1,85366E+18;Tue Nov 05 04:37:54 +0000 2024;0;Salah satu efek mukbang Indomie setelah newjeans jd BA nya wkwkwkwk;1,85366E+18;;;in;;0;0;0;https://x.com/undefined/status/1853657972528074773;143720737;
1,85364E+18;Tue Nov 05 03:13:07 +0000 2024;843;241105 Minji for Indomie #민지 #Minji #ミンジ #뉴진스 #NewJeans https://t.co/LOHKILVieL;1,85364E+18;https://pbs.twimg.com/media/GblwslQaAAATwmj.jpg;;in;;3;0;82;https://x.com/undefined/status/1853636635453534570;1,5503E+18;
1,85363E+18;Tue Nov 05 03:04:10 +0000 2024;1;Gandeng NewJeans Jadi Global Brand Ambassador Indomie Luncurkan Korean Ramyeon Series https://t.co/4pVThYrzPI;1,85363E+18;;;in;;0;0;0;https://x.com/undefined/status/1853634382793470337;1,02996E+18;
1,85363E+18;Tue Nov 05 02:49:52 +0000 2024;60;241105 | @Newjeans_ADOR s Hanni for Indomie Selera kita sama yaa #뉴진스 #NewJeans #하니 #Hanni https://t.co/oESxteuoel;1,85363E+18;https://pbs.twimg.com/media/GblrX_BbsAAvuZy.jpg;;in;;0;0;12;https://x.com/undefined/status/1853630783841611805;7,68007E+17;
1,85343E+18;Mon Nov 04 14:54:55 +0000 2024;1;@sheldon24james Kaga anjir akal akal bude bude kabupaten alias army yg mau boycott indomie gegara collab sama newjeans wkwkwkw;1,85345E+18;;sheldon24james;in;;0;1;0;https://x.com/undefined/status/1853450860250149158;1,24351E+18;
1,85345E+18;Mon Nov 04 14:43:15 +0000 2024;0;gue ngomong ini keren bukan krn newjeans tapi krn indomie. niceee;1,85345E+18;;;in;;0;0;0;https://x.com/undefined/status/1853447926913401300;1,31041E+18;
1,85344E+18;Mon Nov 04 14:24:25 +0000 2024;0;Parah indomie Newjeans yang rose sama kuah enak banget dah tapi kurang suka yang spicy cikin itu...;1,85344E+18;;;in;;0;1;0;https://x.com/undefined/status/1853443185508593916;1,67498E+18;
1,85342E+18;Mon Nov 04 13:09:24 +0000 2024;0;indomie newjeans udh dijual di pasaran blm sih gue pgn coba;1,85342E+18;;;in;;0;0;0;https://x.com/undefined/status/1853424308170928337;1273811971;
1,85342E+18;Mon Nov 04 13:05:33 +0000 2024;0;nyobain indomie hanguk ramyeon;1,85342E+18;;;in;;0;0;0;https://x.com/undefined/status/1853423338263363666;1,8077E+18;
1,85342E+18;Mon Nov 04 13:05:07 +0000 2024;0;JD KEPENGEN BELI INDOMIE NEWJEANS &amp;;;;;;;;;;;
1,85342E+18;Mon Nov 04 12:40:57 +0000 2024;2;Dalam keterangan resminya di Jakarta Senin NewJeans dipilih sebagai duta produk global karena gaya musik dan estetika visual yang modern energik dan fresh yang relevan bagi Gen-Z. #newjeans #kpop #indomie #musik https://t.co/Hbma0a3yPv;1,85342E+18;;;in;;0;0;0;https://x.com/undefined/status/1853417149660111289;18071520;
1,85341E+18;Mon Nov 04 11:55:51 +0000 2024;0;loh hit twitt ini bunnies gk ada yg mau mutualan kah sama aku? aku ngg gigit lohh *btw kalian semua harus liat part ini pas reza nengok k blkng trs ekspresi hanni nya lucu kek berasa collab beneran secara virtual #OhMyGoodItsIndomie https://t.co/kuCaoMY4PG;1,85341E+18;https://pbs.twimg.com/ext_tw_video_thumb/1853405652825378817/pu/img/q_jU_x7QaHjX-AfG.jpg;;in;;0;0;0;https://x.com/undefined/status/1853405796304134296;1,29026E+18;
1,85341E+18;Mon Nov 04 11:55:30 +0000 2024;47;WKWKWKWK KOCAK BET TEMEN GW NAKSIR NEWJEANS JALUR BELI INDOMIE mana kepincut Hanni yang naksir Hanni gegara Indomie kata gw jadi nambah sejuta sehari https://t.co/BtjmtGZVEx;1,85341E+18;https://pbs.twimg.com/media/GbieqiDasAAZxCl.jpg;;in;;1;11;0;https://x.com/undefined/status/1853405708622127536;3269921683;
1,8534E+18;Mon Nov 04 11:21:07 +0000 2024;15;Indomie Spicy Ramyeon enak banget tapi pedes ;1,8534E+18;;;in;;0;2;0;https://x.com/undefined/status/1853397055324254337;1,34025E+18;
1,85339E+18;Mon Nov 04 11:06:07 +0000 2024;0;indomie x newjeans yg biru rasanya plek ketiplek kek shin ramyun;1,85339E+18;;;in;;0;1;0;https://x.com/undefined/status/1853393283139223950;1,25914E+18;
1,85339E+18;Mon Nov 04 11:01:16 +0000 2024;0;indomie newjeans yg rose beli di mana siiiiii;1,85339E+18;;;in;;0;0;0;https://x.com/undefined/status/1853392061208383731;1,42095E+18;
1,85338E+18;Mon Nov 04 10:26:12 +0000 2024;0;WTS Indomie korean ramyeon series X NewJeans 40k dapet 1 bundle (isi 5 mie + pvc bag) Pvc bag avail warna pink sama putih Bisa co oren excl adm yaa Jakarta Utara https://t.co/ZutrbzEyU3;1,85338E+18;https://pbs.twimg.com/media/GbiKOC1b0AAxWqA.jpg;;in;;0;1;0;https://x.com/undefined/status/1853383235444887955;1,15934E+18;
1,85338E+18;Mon Nov 04 10:22:02 +0000 2024;2;Review indomie x newjeans: Enak sih tp msih lebih enak indomie goreng ori. Katanya ini rasa spicy chikin tp ini ga ada spicy nya sama sekali tp enak sih cuman msih kureng aja gt krn ga pedes. Jd aku msih tambahin cabe rawit 3 biji biar pedes mantep gitu. 8/10 https://t.co/Bze09iGrD1;1,85338E+18;https://pbs.twimg.com/media/GbiJRjNaYAAgAXo.jpg;;in;;0;0;0;https://x.com/undefined/status/1853382190064939516;2419792260;
1,85338E+18;Mon Nov 04 10:11:43 +0000 2024;0;ini siapa si bjir yg ngabisin stok indomie ramyeon sebelum collab sama nj gwejh dah suka beli bjirr trus skarang abiss ;1,85338E+18;;;in;;0;0;0;https://x.com/undefined/status/1853379592461156617;1,16757E+18;
1,85338E+18;Mon Nov 04 10:08:12 +0000 2024;1;indomie spicy ramyeon enak bgt flissss;1,85338E+18;;;in;;0;0;0;https://x.com/undefined/status/1853378707576299907;1,67249E+18;
1,85338E+18;Mon Nov 04 10:01:06 +0000 2024;0;pedes bangef anjngg indomie ramyeon;1,85338E+18;;;in;;0;0;0;https://x.com/undefined/status/1853376921108984090;1,37584E+18;
1,85329E+18;Mon Nov 04 10:00:30 +0000 2024;1;@yeerimc ak baru liat jg iklan indomie ngegandeng NewJeans huhu;1,85338E+18;;yeerimc;in;;0;0;0;https://x.com/undefined/status/1853376769837134004;1,35876E+18;
1,85185E+18;Mon Nov 04 09:45:37 +0000 2024;0;@Indomielovers @NewJeans_ADOR Ini Indomie varian apa ?;1,85337E+18;;Indomielovers;in;;0;0;0;https://x.com/undefined/status/1853373022960484762;1001341248;
1,85185E+18;Mon Nov 04 08:23:52 +0000 2024;0;@Indomielovers @NewJeans_ADOR pasti Indomie dibayar sama hybe biar nj jadi BA - ucap kpopers;1,85335E+18;;Indomielovers;in;;0;0;0;https://x.com/undefined/status/1853352452025905543;9,91427E+17;
1,85334E+18;Mon Nov 04 07:20:10 +0000 2024;0;New Jeans Jadi Brand Ambassador Indomie Luncurkan Korean Ramyeon Series https://t.co/k5hEWi121K;1,85334E+18;;;in;;0;0;1;https://x.com/undefined/status/1853336420947308847;132836283;
1,85333E+18;Mon Nov 04 07:08:51 +0000 2024;0;Beli crocs gr newjeans beli indomie gr newjeans hidup ini isinya haerin haerin haerin terus ;1,85333E+18;;;in;;0;0;0;https://x.com/undefined/status/1853333571194515748;1,31895E+18;
1,85331E+18;Mon Nov 04 05:31:37 +0000 2024;0;IH TADI NEMU INDOMIE COLAB SAMA NEWJEANS HIKS AHELAH KENAPA TADI RAGU BELI;1,85331E+18;;;in;;0;0;0;https://x.com/undefined/status/1853309103961182276;1,48079E+18;
1,85331E+18;Mon Nov 04 05:21:58 +0000 2024;0;Akhirnya kefomoan ini terpenuhi nyobain Indomie x NewJeans yg varian spicy ramyeon (ini buat yg mau2 aja). Surprisingly enaaak! https://t.co/meJcG0cI82;1,85331E+18;https://pbs.twimg.com/media/GbhElgubEAAyRX2.jpg;;in;;0;1;0;https://x.com/undefined/status/1853306673122951264;1,79106E+18;
1,8533E+18;Mon Nov 04 04:46:17 +0000 2024;0;Gak kaget kalau pemboikotan Indomie ini ramai. Soalnya temanku sendiri jadi haters Newjeans karena mereka berani speakup dan memperjuangkan keadilan wkwkwk;1,8533E+18;;;in;;0;0;0;https://x.com/undefined/status/1853297694468420012;400153248;
1,8533E+18;Mon Nov 04 04:41:02 +0000 2024;0;Indomie x NewJeans di Indomaret dah ada kh? males bgt klo sampe sana gk ada;1,8533E+18;;;in;;0;0;0;https://x.com/undefined/status/1853296372184912025;1,21862E+18;
1,85328E+18;Mon Nov 04 03:37:55 +0000 2024;0;NANGIS KECIL PAGI2 #OhMyGoodItsIndomie;1,85328E+18;;;in;;0;0;0;https://x.com/undefined/status/1853280486933872644;35354122;
1,85328E+18;Mon Nov 04 03:20:36 +0000 2024;0;Thankyou juga buat @Indomielovers seru banget event kemaren rame bgtt #OhMyGoodItsIndomie https://t.co/WqsJNhjDju;1,85328E+18;https://pbs.twimg.com/media/GbgoyVxagAATqR1.jpg;;in;;0;1;0;https://x.com/undefined/status/1853276132722004235;1,26131E+18;
1,85328E+18;Mon Nov 04 03:18:39 +0000 2024;0;Kalo ga disukain balik izinin hamba-Mu ini naik KRL Indomie X Newjeans Ya Allah ;1,85328E+18;;;in;;0;1;0;https://x.com/undefined/status/1853275640633688380;1,44613E+18;
1,85327E+18;Mon Nov 04 03:07:19 +0000 2024;0;lucu banget pliss #OhMyGoodItsIndomie #NewJeans #IndomieKoreanSeries #indomie https://t.co/LrzOQKujTB;1,85327E+18;https://pbs.twimg.com/media/GbglxsHbcAAoa2t.jpg;;in;;0;0;0;https://x.com/undefined/status/1853272788284719116;1,54239E+18;
1,85327E+18;Mon Nov 04 02:57:54 +0000 2024;0;gemasnya indomie newjeans https://t.co/7JX3gLnoCL;1,85327E+18;https://pbs.twimg.com/media/Gbgjnb7awAA1eBU.jpg;;in;;0;0;0;https://x.com/undefined/status/1853270417315958981;1,30862E+18;
1,85217E+18;Mon Nov 04 02:48:32 +0000 2024;0;@haeribn Huft gagal dimasakin indomie sama Haerin NewJeans &lt;;;;;;;;;;;
1,85326E+18;Mon Nov 04 02:34:32 +0000 2024;1;Sarapan pagi ini. Sate dan lontong lalu kita tambahkan indomie goreng sebagai bentuk dukungan kepada para pekerja yang juga dilakukan oleh sang Brand Ambassador NewJeans. Hidangan ini juga dilengkapi oleh sedikit koping mekanisem untuk dinikmati setelah santapan habis . https://t.co/HSTQxoBbhM;1,85326E+18;https://pbs.twimg.com/media/GbgeRdlbIAA8NYO.jpg;;in;;2;0;0;https://x.com/undefined/status/1853264537111421006;1,37258E+18;
1,85324E+18;Mon Nov 04 01:08:18 +0000 2024;0;mari kita coba indomie x newjeans ini;1,85324E+18;;;in;;0;1;0;https://x.com/undefined/status/1853242835551899888;7,22712E+17;
1,85323E+18;Mon Nov 04 00:27:17 +0000 2024;0;Lengah dikit newjeans jadi ba indomie;1,85323E+18;;;in;;0;0;0;https://x.com/undefined/status/1853232513612972240;1,63742E+18;
1,85322E+18;Sun Nov 03 23:32:58 +0000 2024;9;pada asbun kalo indomie bakalan tetep laris tana gaet newjeans YA BENER makanya itu merek gede top indomie gaet nya idol yang top juga masa artis kabupaten cik;1,85322E+18;;;in;;1;0;2;https://x.com/undefined/status/1853218844636250509;1,58991E+18;
1,85321E+18;Sun Nov 03 23:11:05 +0000 2024;0;Alhamdulillah cape banget tapi seneng. Makasih dedek2 #OhMyGoodItsIndomie ;1,85321E+18;;;in;;0;0;1;https://x.com/undefined/status/1853213338328842663;80211019;
1,8529E+18;Sun Nov 03 22:18:02 +0000 2024;0;@foztunes ntu yg indomie x nj wkwkwk. indomie korean series yg ramyeon;1,8532E+18;;;in;;0;0;0;https://x.com/undefined/status/1853199987624354297;82013989;
1,85316E+18;Sun Nov 03 19:23:47 +0000 2024;0;eh newjeans x Indomie booth nya dimana deh?;1,85316E+18;;;in;;0;0;0;https://x.com/undefined/status/1853156137031590293;1,47535E+18;
1,85314E+18;Sun Nov 03 18:02:08 +0000 2024;0;anying indomie newjeans prasaan baru announce 4 harian hari ini dah trakhir aja di gancit;1,85314E+18;;;in;;0;1;0;https://x.com/undefined/status/1853135590176497666;1,48663E+18;
1,85313E+18;Sun Nov 03 17:46:08 +0000 2024;0;indomie newjeans yang spicy ramyeon enaaaak bgt tapi msh blm bs ngegeser tori miso si ;1,85313E+18;;;in;;0;0;0;https://x.com/undefined/status/1853131563770450178;1,8377E+18;
1,85312E+18;Sun Nov 03 17:02:59 +0000 2024;0;habis nyoba Indomie yg spicy ramyeon jujur kurang cocok sm lidah ku padahal ramyeon yg dri samyang itu aku suka.....kenapa ini malah beda gitu......jujur gaada otentiknya samsek g ky yg variant jepang. gpp deh sesekali nyoba jg......next nyoba fiery chikin atau krose ya?;1,85312E+18;;;in;;0;0;0;https://x.com/undefined/status/1853120702049902963;1,66557E+18;
1,8531E+18;Sun Nov 03 15:58:41 +0000 2024;1;keujanan migraine kumat di rumah cuma ada indomie spicy ramyeon padahal gue ga bisa makan pedes sama sekali asik asik jossss ‍‍;1,8531E+18;;;in;;0;1;0;https://x.com/undefined/status/1853104522295693349;1,3642E+18;
1,8531E+18;Sun Nov 03 15:57:42 +0000 2024;1;mari kita coba indomie x newjeans https://t.co/tVoLp4ZKzl;1,8531E+18;https://pbs.twimg.com/media/GbeMgska0AEIfK5.jpg;;in;;0;1;0;https://x.com/undefined/status/1853104275091775606;1,68651E+18;
1,85309E+18;Sun Nov 03 14:57:46 +0000 2024;0; baru kelar mam indomie variant ramyeon. Enak! Rekomen yang Rose.;1,85309E+18;;;in;;0;0;0;https://x.com/undefined/status/1853089191862972510;1,77875E+18;
1,85308E+18;Sun Nov 03 14:39:09 +0000 2024;0;@AdorishEloise aku hari ini baru makan sekali yaitu makan indomie newjeans;1,85308E+18;;saintbelli;in;;0;1;0;https://x.com/undefined/status/1853084506116530352;1,78283E+18;
1,85199E+18;Sun Nov 03 14:20:41 +0000 2024;0;ternyata krn ada event indomie newjeans anjir kalo gitu harusny gue mampir gasiii gue udh tau eventnya dr awal keluar tp gatau kalo itu di gancit bngst;1,85308E+18;;kim__kaibear;in;;0;0;0;https://x.com/undefined/status/1853079859519709535;1,27144E+18;
1,85308E+18;Sun Nov 03 14:19:56 +0000 2024;0;Genkssss cobain Indomie Ramyeon Series iniii enaakkk bgt guys @Indomielovers #IndomieRamyeonSeries https://t.co/Ay7UT6zYfD;1,85308E+18;https://pbs.twimg.com/media/Gbd1rUQaYAAKeu1.jpg;;in;;0;0;0;https://x.com/undefined/status/1853079670029480297;3281368507;
1,85308E+18;Sun Nov 03 14:13:58 +0000 2024;1;alhamdulillah berhasil menamatkan gim mencari k-rose special thanks buat papa sudah effort ngantar saya!!! padahal di luar udaranya dingin bgt i love my dad #OhMyGoodItsIndomie https://t.co/lBLhXEnx59;1,85308E+18;https://pbs.twimg.com/media/Gbd0wqZbAAAJjVz.jpg;;in;;0;0;0;https://x.com/undefined/status/1853078167931756722;1,76372E+18;
1,85308E+18;Sun Nov 03 14:13:10 +0000 2024;0;Indomie Spicy Ramyeon beneran PEDES BGT ANJERRRRR apa gua yg udh gak bisa toleransi rasa pedas ya? Pedes bgt segini dah tambah kimchi jadi brrrr asam pedas asin. Terus keknya kuahnya kudu se-danau anjay https://t.co/CzMxZhbwG5;1,85308E+18;https://pbs.twimg.com/media/Gbd0lcTaYAAmPLw.jpg;;in;;0;2;0;https://x.com/undefined/status/1853077968224210995;1864399862;
1,85308E+18;Sun Nov 03 14:09:52 +0000 2024;1;Huaaa tbtb bgt ada Hanni(?) Yukk bisa yuk newjeans Dateng ke indo #ohmygooditsindomie #hanni #NewJeans https://t.co/PgHWDydNq9;1,85308E+18;https://pbs.twimg.com/ext_tw_video_thumb/1853076988443111424/pu/img/pLaSSCJOTNVmLNJf.jpg;;in;;0;0;0;https://x.com/undefined/status/1853077137512952224;1,45296E+18;
1,85307E+18;Sun Nov 03 13:47:41 +0000 2024;0;Agak sedih kenapa ga ada printilan Indomie newjeans...;1,85307E+18;;;in;;0;0;0;https://x.com/undefined/status/1853071551786258841;1,78795E+18;
1,85307E+18;Sun Nov 03 13:41:00 +0000 2024;0;Mari kita coba indomie newjeans ini (penasaran) https://t.co/ZNLYzLbEwU;1,85307E+18;https://pbs.twimg.com/media/GbdtOpFawAA4sW9.jpg;;in;;0;4;0;https://x.com/undefined/status/1853069873766928802;1,77922E+18;
1,85307E+18;Sun Nov 03 13:39:38 +0000 2024;0;Sumpah ini Indomie spicy ramyeon pedes banget anjir https://t.co/LTWVYhCKKu;1,85307E+18;https://pbs.twimg.com/media/Gbds6lzaEAAaqow.jpg;;in;;0;0;0;https://x.com/undefined/status/1853069528600891458;1,15603E+18;
1,85307E+18;Sun Nov 03 13:34:49 +0000 2024;0;Papaku minta dibuatin indomie NewJeans yg fiery chikin katanya enak tapi pedes jadi gak dihabisin karena beliau gak suka pedasss wkwk;1,85307E+18;;;in;;0;1;0;https://x.com/undefined/status/1853068315926884852;1,61901E+18;
1,85307E+18;Sun Nov 03 13:22:14 +0000 2024;0;nyobain indomie newjeans tapi ga pedes sama sekali. https://t.co/4PnMTqbqGn;1,85307E+18;https://pbs.twimg.com/media/Gbdo7WiaEAA-YG0.jpg;;in;;0;3;0;https://x.com/undefined/status/1853065150238179610;7,44066E+17;
1,85306E+18;Sun Nov 03 13:10:38 +0000 2024;2;Akhirnyaaaaaa wkwkw #OhMyGoodItsIndomie #IndomieKoreanSeries #NewJeansxIndomie https://t.co/OICPVOWxX2;1,85306E+18;https://pbs.twimg.com/media/GbdmNsJaoAA82zL.jpg;;in;;0;0;0;https://x.com/undefined/status/1853062231229132814;1,11667E+18;
1,85306E+18;Sun Nov 03 13:02:51 +0000 2024;0;kmrn gua lg nonton iklan mie ahn hyeonsop terus keinget newjeans collab indomie terus nyeletuk gua tentang newjeans ke temen gua yang suka bts itu terus kata dia ngapain ngomongin newjeans ke gue kan newjeans bikin hybe ribut LAH WKWKWKWKWKKW GUA KEK ??? HAH WKWKWKWK;1,85306E+18;;;in;;0;1;0;https://x.com/undefined/status/1853060269573816558;1,16259E+18;
1,85306E+18;Sun Nov 03 12:58:47 +0000 2024;0;Indomie newjeans tu udh bisa di beli di indomaret blm sieeee;1,85306E+18;;;in;;0;0;0;https://x.com/undefined/status/1853059245706756569;1,36726E+18;
1,85301E+18;Sun Nov 03 12:54:00 +0000 2024;0;@gyugbin Indomie ramyeon yang biru ituh.;1,85306E+18;;pochagyub;in;;0;1;0;https://x.com/undefined/status/1853058042784338205;1,65802E+18;
1,85306E+18;Sun Nov 03 12:49:07 +0000 2024;0;@shiogeo Krn newjeans jd brand ambassadornya indomie. Dan army tidak suka fakta itu.;1,85306E+18;;shiogeo;in;;0;0;0;https://x.com/undefined/status/1853056814939849059;1,48443E+18;
1,85306E+18;Sun Nov 03 12:46:48 +0000 2024;0;WTS Indomie korean ramyeon series X NewJeans 40k dapet 1 bundle (isi 5 mie + pvc bag) Pvc bag avail warna pink sama putih Bisa co oren excl adm yaa Jakarta Utara https://t.co/fQptdm7eUZ;1,85306E+18;https://pbs.twimg.com/media/Gbdgz-eaYAA6qrK.jpg;;in;;0;2;0;https://x.com/undefined/status/1853056232372011082;1,15934E+18;
1,85303E+18;Sun Nov 03 12:39:22 +0000 2024;0;@budakfiller gapapa by makan indomie jg termasuk ngelarisin dagangan newjeans wkwkwk sehat sehat bunnies~ amit amit usus buntu;1,85305E+18;;aussiepink12;in;;0;1;0;https://x.com/undefined/status/1853054360114311487;172728073;
1,85305E+18;Sun Nov 03 12:13:21 +0000 2024;0;Newjeans x Indomie dapat photocard gak? @Indomielovers;1,85305E+18;;;in;;0;0;0;https://x.com/undefined/status/1853047812898050414;1,42354E+18;
1,85304E+18;Sun Nov 03 12:10:39 +0000 2024;0;@macravenjean ini gara2 indomie x newjeans kah?;1,85305E+18;;macravenjean;in;;0;1;0;https://x.com/undefined/status/1853047135639404618;1,45403E+18;
1,85304E+18;Sun Nov 03 11:58:54 +0000 2024;0;Indomie yg newjeans itu ada varian yg kuah gk ya? ntar mau coba deh;1,85304E+18;;;in;;0;1;0;https://x.com/undefined/status/1853044177908772895;1,74905E+18;
1,85287E+18;Sun Nov 03 11:53:04 +0000 2024;1;@dhn_by @crysanths @luvleytan1306 Kremy itu ARMY ga boleh naik KRL karna sekarang di KRL lagi rame advertisement Indomie X Newjeans karna banyak kremy mendukung label koneng ga suka Newjeans sekian terima kasih;1,85304E+18;;dhn_by;in;;0;0;0;https://x.com/undefined/status/1853042710976012544;535245270;
1,85304E+18;Sun Nov 03 11:52:48 +0000 2024;0;indomie ramyeon bumbunya beneram enak tapiii pedes bangetttt;1,85304E+18;;;in;;0;1;0;https://x.com/undefined/status/1853042641795166378;1,31349E+18;
1,85304E+18;Sun Nov 03 11:50:17 +0000 2024;0;newjeans jadi BA indomie tiap hari lah gua makan indomie ;1,85304E+18;;;in;;0;0;0;https://x.com/undefined/status/1853042008140693955;7,46319E+17;
1,85304E+18;Sun Nov 03 11:46:10 +0000 2024;4;paket indomie x newjeans free sling bag pvc. harga cuma 30k ajaaa! lokasi: mall gandaria city. https://t.co/kKogKQVKH0;1,85304E+18;https://pbs.twimg.com/media/GbdS4ziaIAAbwve.jpg;;in;;2;5;1;https://x.com/undefined/status/1853040973460439299;1,30405E+18;
1,85304E+18;Sun Nov 03 11:40:52 +0000 2024;0;ges sp yg udh nyobain indomie baru yg ramyeon pink atau apapun selain biru soalnya udh pernah;1,85304E+18;;;in;;0;0;0;https://x.com/undefined/status/1853039639482994869;1,58088E+18;
1,85287E+18;Sun Nov 03 11:39:55 +0000 2024;0;@dhn_by @crysanths @luvleytan1306 mjb kremy tuh sebutan buat army (fandom bts) yang annoying newjeans kan jadi ba indomie trs mereka ini kek gasuka bgt gt dan bilang mau boikot indomie. trs baru2 ini di krl tuh dipasang fto2(?) newjeans yg iklan indomie i;1,85304E+18;;dhn_by;in;;1;1;0;https://x.com/undefined/status/1853039401993142400;1,47505E+18;
1,85304E+18;Sun Nov 03 11:28:35 +0000 2024;1;Bisa bisanya tmnku dpt pc Danielle indomie x newjeans malah dia jadiin pegangan panci krn gatau itu pc kpop;1,85304E+18;;;in;;0;0;0;https://x.com/undefined/status/1853036547458891877;1,45812E+18;
1,8527E+18;Sun Nov 03 11:22:36 +0000 2024;0;@teokjinni @tanyarlfes @CPtanyarl yg mancing war tuh komenan army di vt indomie x newjeans goblok semua komennya;1,85304E+18;;;in;;0;0;0;https://x.com/undefined/status/1853035041175281837;1,73818E+18;
1,85303E+18;Sun Nov 03 11:21:21 +0000 2024;0;fujan gini masak indomie x newjeans sambil mendengarkan tembang2 hits dari newjeans;1,85303E+18;;;in;;0;0;0;https://x.com/undefined/status/1853034728766734730;1,36309E+18;
1,85292E+18;Sun Nov 03 11:19:03 +0000 2024;0;@hopeulicious ga bisa bukan ga boleh itu dia bales hiprokitnya army toxic yg boikot indomie newjeans tapi koar koar. Sebenernya mah naik naik aja gpp gaada yg ngelarang juga;1,85303E+18;;hopeulicious;in;;0;0;0;https://x.com/undefined/status/1853034148082155939;1,84151E+18;
1,85303E+18;Sun Nov 03 10:45:49 +0000 2024;1;ANYING TERNYATA INDOMIE KOLEB MA NEWJEANS???? ANJIR GUA IDUP DI ZAMAN PURBA BGT GUA BENERAN GATAU APA APA COKK SELAMA KULIAH DISINI YG GUA TAU CUMA TUGAS GUA NUMPUK;1,85303E+18;;;in;;0;0;0;https://x.com/undefined/status/1853025786447720755;1,7692E+18;
1,85301E+18;Sun Nov 03 10:13:51 +0000 2024;0;@tanyakanrl bakso pake indomie spicy ramyeon btw km hbs nder kyknya porsinya bkl banyak bgt ga si;1,85302E+18;;tanyakanrl;in;;0;0;0;https://x.com/undefined/status/1853017742938718328;1,32502E+18;
1,85301E+18;Sun Nov 03 09:57:58 +0000 2024;6;Gak ekspek beneran enak no gimmick 10/10 will buy again. #indomie #newjeans https://t.co/PyHVGtk0fS;1,85301E+18;https://pbs.twimg.com/ext_tw_video_thumb/1853013673352302592/pu/img/eezXwwcFFt2Kq6gO.jpg;;in;;0;0;1;https://x.com/undefined/status/1853013742868738206;34545814;
1,853E+18;Sun Nov 03 09:05:28 +0000 2024;0;baru tau acipa ada di indomie x newjeans tahu gitu meluncur dari siang;1,853E+18;;;in;;0;0;0;https://x.com/undefined/status/1853000532924985524;107687838;
1,85267E+18;Sun Nov 03 08:56:14 +0000 2024;0;@bananasugarplum Selalu sedia omz selama indomie x NewJeans era;1,853E+18;;bananasugarplum;in;;0;0;0;https://x.com/undefined/status/1852998210144637409;460034912;
1,853E+18;Sun Nov 03 08:51:51 +0000 2024;1;gak ngaruh bestie. emak bapak lu tetep beli indomie tanpa ada newjeans pun.;1,853E+18;;;in;;0;0;0;https://x.com/undefined/status/1852997106841289124;9,86967E+17;
1,853E+18;Sun Nov 03 08:51:17 +0000 2024;0;Pen nyoba indomie x newjeans;1,853E+18;;;in;;0;0;0;https://x.com/undefined/status/1852996964276900185;1,0844E+18;
1,85299E+18;Sun Nov 03 08:22:32 +0000 2024;0;nyobain indomie spicy ramyeon underestimate pedes nya jadi tetap pakai cabe https://t.co/2HQTYas3dV;1,85299E+18;https://pbs.twimg.com/media/GbckT0JbEAA_ps3.jpg;;in;;0;0;0;https://x.com/undefined/status/1852989729123254762;597140133;
1,85299E+18;Sun Nov 03 08:17:55 +0000 2024;1;ijbol indomie newjeans enak bgt...;1,85299E+18;;;in;;0;3;0;https://x.com/undefined/status/1852988565891740094;1,38266E+18;
1,85299E+18;Sun Nov 03 08:16:31 +0000 2024;0;Walaupun aku tim mie sedap tapi akan ku beli indomie x newjeans ini;1,85299E+18;;;in;;0;1;0;https://x.com/undefined/status/1852988214526812274;61414783;
1,85299E+18;Sun Nov 03 08:07:08 +0000 2024;0;hari ini ke gancit lagi hari terakhir event indomie x newjeans banyak influencer kpop lucu lucuuu;1,85299E+18;;;in;;0;0;0;https://x.com/undefined/status/1852985850428019074;2602639954;
1,85298E+18;Sun Nov 03 08:01:33 +0000 2024;0;Mau sungkem sama yang bikin Indomie spicy ramyeon ;1,85298E+18;;;in;;0;0;0;https://x.com/undefined/status/1852984445286170681;1,25568E+18;
1,85298E+18;Sun Nov 03 07:44:00 +0000 2024;4;Wkwkw apasi lucu amat fans bts ga mau beli indomie karna newjeans jadi BA Global;1,85298E+18;;;in;;0;0;0;https://x.com/undefined/status/1852980029728207207;1,6084E+18;
1,85296E+18;Sun Nov 03 07:33:46 +0000 2024;0;Indomie x newjeans Sisa Orange kalau mau nanti ku bikin co shopee/cod gondangdia/bogor https://t.co/FWx8bEeC3W;1,85298E+18;https://pbs.twimg.com/ext_tw_video_thumb/1852977438030266369/pu/img/31whDKj8uR7CAAjD.jpg;keyboardwon94;in;;0;0;0;https://x.com/undefined/status/1852977454438343133;1,76507E+18;
1,85297E+18;Sun Nov 03 07:23:26 +0000 2024;0;@heeseunglykish yuk kita indomie date abg aku lagi makan yg collab sama newjeans itu;1,85297E+18;;manifesdto;in;;0;1;0;https://x.com/undefined/status/1852974854599012860;1,78283E+18;
1,85297E+18;Sun Nov 03 07:12:02 +0000 2024;0;Open jastip Indomie korean ramyeon series X NewJeans 40k dapet 1 bundle (isi 5 mie + pvc bag) Bisa co oren excl adm yaa Jakarta Utara https://t.co/dMDtZYVi5h;1,85297E+18;https://pbs.twimg.com/media/GbcUI5VbQAAqXT-.jpg;;in;;0;0;0;https://x.com/undefined/status/1852971985678340186;1,15934E+18;
1,85297E+18;Sun Nov 03 07:11:22 +0000 2024;0;Lho kukira indomie yang newjeans itu pedes banget. Ternyata nggak sama sekali. ;1,85297E+18;;;in;;0;1;0;https://x.com/undefined/status/1852971818283634856;7,26931E+17;
1,85297E+18;Sun Nov 03 07:10:53 +0000 2024;1;Open jastip Indomie korean ramyeon series X NewJeans 40k dapet 1 bundle (isi 5 mie + pvc bag) Bisa co oren excl adm yaa Jakarta Utara https://t.co/wFT7AO5WS6;1,85297E+18;https://pbs.twimg.com/media/GbcTy8qb0AAcoqW.jpg;;in;;0;1;0;https://x.com/undefined/status/1852971697437290584;1,15934E+18;
1,85297E+18;Sun Nov 03 07:07:06 +0000 2024;0;Gk ada yang open jastip indomie x newjeans di gancit apa;1,85297E+18;;;in;;0;1;0;https://x.com/undefined/status/1852970745074512113;1,14246E+18;
1,85297E+18;Sun Nov 03 06:59:39 +0000 2024;1;habis beli indomie yg sama newjeans itu kok gua ga dapet pc nya;1,85297E+18;;;in;;0;1;0;https://x.com/undefined/status/1852968868375101628;1,74363E+18;
1,85296E+18;Sun Nov 03 06:43:15 +0000 2024;0;Indomie spicy ramyeon enak banget orgil;1,85296E+18;;;in;;0;1;0;https://x.com/undefined/status/1852964743612678172;8,56127E+17;
1,85296E+18;Sun Nov 03 06:26:42 +0000 2024;5;eh sumpah kataku sih kalian harus coba varian terbaru indomie yang collab sama newjeans KARNA BENERAN ENAKBGT!!! :((( https://t.co/Zo5ZAO9dO1;1,85296E+18;https://pbs.twimg.com/media/GbcJz6CbYAA9W0b.jpg;;in;;0;4;0;https://x.com/undefined/status/1852960578517844443;9,90294E+17;
1,85296E+18;Sun Nov 03 06:20:42 +0000 2024;22;KOREAN RAMYEON SERIES! Indomie Lovers x Bunnies WAJIB COBA~ Baru launching &amp;;;;;;;;;;;
1,85264E+18;Sun Nov 03 05:49:02 +0000 2024;0;@OlgaLy_DIA Iyah mereka ga bilang Indomie tapi suka ramyeon mi goreng ;1,85295E+18;;OlgaLy_DIA;in;;0;0;0;https://x.com/undefined/status/1852951098946122202;45065148;
1,85294E+18;Sun Nov 03 05:13:05 +0000 2024;0;ak suka indomie ak suka newjeans ;1,85294E+18;;;in;;0;0;0;https://x.com/undefined/status/1852942049458426258;1,05208E+18;
1,85294E+18;Sun Nov 03 04:53:08 +0000 2024;0;Siapa jastip indomie x newjeans oh my god;1,85294E+18;;;in;;0;0;0;https://x.com/undefined/status/1852937029140783282;503873317;
1,85294E+18;Sun Nov 03 04:52:18 +0000 2024;22;Ngga di beli army pun ngga rugi. Warung2 banyak yg beli penjual mi nyemek mie bangladesh dan sejenis nya pakai indomie. Newjeans digaet jadi BA bukan buat naikin penjualan tapi buat branding indomie dimata inter. Mau semua army di dunia ngga makan indomie pun ngga ngaruh ;1,85294E+18;;;in;;0;0;2;https://x.com/undefined/status/1852936819257868517;1,5105E+18;
1,85294E+18;Sun Nov 03 04:46:36 +0000 2024;0;rodok kaget newjeans captione indomie lha ternyata BA.;1,85294E+18;;;in;;0;0;0;https://x.com/undefined/status/1852935386466812051;797430872;
1,85293E+18;Sun Nov 03 04:42:17 +0000 2024;0;km gk mau bikin indomie + pc newjeans di dalemnya ta? @indofood;1,85293E+18;;;in;;0;1;0;https://x.com/undefined/status/1852934300913823772;1,03449E+18;
1,85293E+18;Sun Nov 03 04:33:07 +0000 2024;0;ehh ini indomie rasa newjeans kok ga ada yaa di daerah mu habiss kahh???;1,85293E+18;;;in;;0;1;0;https://x.com/undefined/status/1852931992624709721;1,32472E+18;
1,85293E+18;Sun Nov 03 04:24:10 +0000 2024;0;penasaran sama indomie newjeans itu;1,85293E+18;;;in;;0;0;0;https://x.com/undefined/status/1852929739540877667;1,14963E+18;
1,85293E+18;Sun Nov 03 04:07:30 +0000 2024;0;Iklan tv indomie x newjeans lewat mulu Jadi betah nonton TV ny;1,85293E+18;;;in;;0;0;0;https://x.com/undefined/status/1852925547514634731;1,50504E+18;
1,85292E+18;Sun Nov 03 04:00:52 +0000 2024;0;@indomie x @NewJeans_ADOR ku udah sampai can't wait to try besok https://t.co/de1yLwh311;1,85292E+18;https://pbs.twimg.com/media/GbbocNVacAAL5iq.jpg;IndoMie;in;;0;0;0;https://x.com/undefined/status/1852923876294242530;121988280;
1,85292E+18;Sun Nov 03 03:39:05 +0000 2024;0;Indomie x newjeans enak bingits;1,85292E+18;;;in;;0;0;0;https://x.com/undefined/status/1852918395563614479;1,62657E+18;
1,8529E+18;Sun Nov 03 03:27:56 +0000 2024;3;@damuselette Ini kan kontennya newjeans x indomie kak ya pasti fyp ke bunnies tapi fans-nya BT5 ini malah salpak dan salty;1,85292E+18;;damuselette;in;;0;1;0;https://x.com/undefined/status/1852915588349538754;1,24023E+18;
1,85291E+18;Sun Nov 03 03:09:42 +0000 2024;0;Indomie di korea KERENN @Indomielovers #ohmygooditsindomie;1,85291E+18;;;in;;0;0;0;https://x.com/undefined/status/1852910998589673838;1,55026E+18;
1,85291E+18;Sun Nov 03 02:48:30 +0000 2024;2;Gua yg udh nyobain varian Indomie yg baru sebelum tau si celana jadi BA rasanya pengen gua muntahin lagi gara2 kelakuan fans dan kpopers yg sok2an begini Kek lebayy bgt anjir.. Bukan si newjeans BA nya juga emg lu pada makan Indomie tiap hari..;1,85291E+18;;;in;;0;1;0;https://x.com/undefined/status/1852905663346954476;3278977044;
1,8529E+18;Sun Nov 03 02:44:25 +0000 2024;0;INFOKAN INDOMIE X NEWJEANS;1,8529E+18;;;in;;0;1;0;https://x.com/undefined/status/1852904637395091882;1,24787E+18;
1,8529E+18;Sun Nov 03 02:36:40 +0000 2024;0;@euppy @ballebtic kalo beli indomie gratis newjeans gk;1,8529E+18;;euppy;in;;0;1;0;https://x.com/undefined/status/1852902685571449229;1,09526E+18;
1,8527E+18;Sun Nov 03 01:53:47 +0000 2024;0;@kYizhuoNing @tanyarlfes Ya gimana army indo gedeg banget sama new jeans eh tapi army indo kan sebut diri mereka indomy tuh apa mereka akan ganti nama panggilan krn newjeans collab bareng indomie atau malah akan ada bocil army (yg gak tau sejarah yg penti;1,85289E+18;;_cningning;in;;0;0;0;https://x.com/undefined/status/1852891895296557173;1,43623E+18;
1,85289E+18;Sun Nov 03 01:48:37 +0000 2024;0;Antusias Pelajar Kepulauan Seribu pada Uji Coba Program Makan Bergizi Gratis #PresidenPrabowo #PercepatanPembangunan Indomie x NewJeans | Coblos Botaknya https://t.co/wIGHG3737w;1,85289E+18;https://pbs.twimg.com/media/GbbKK-tbIAAUOXK.jpg;;in;;0;0;0;https://x.com/undefined/status/1852890595909628230;1,49323E+18;
1,85288E+18;Sun Nov 03 01:45:17 +0000 2024;0;@pipis iya baru tau juga. semalem di Gancit kok lagunya NewJeans ga ganti2. eh ternyata di atriumnya emang ada event Indomie X NewJeans yg dateng beli sampe berkantong2;1,85289E+18;;pipis;in;;0;1;0;https://x.com/undefined/status/1852889755459231864;75062017;
1,85289E+18;Sun Nov 03 01:40:01 +0000 2024;0;jastip paket indomie x new jeans murah klik link shopee ini https://t.co/Z85vAb6iKt #ohmygooditsindomie #indomiexnewjeans #indomie;1,85289E+18;;KelvinIrawan19;in;;0;0;0;https://x.com/undefined/status/1852888431770411167;1,57322E+18;
1,85289E+18;Sun Nov 03 01:36:31 +0000 2024;0;Jastip Paket Indomie X New Jeans 1 Paket Isi 2 Indomie Fiery Chikin 2 Indomie Spict Ramyeon 1 Indomie K Rose + Extra Bag Merch (PVC Bag) Harga 30 rb ready stock hari ini Gandaria City / Gancit bisa hub wa juga 081904365999 gas CO di link shopee https://t.co/Z85vAb6iKt;1,85289E+18;;;in;;0;6;0;https://x.com/undefined/status/1852887551113359532;1,57322E+18;
1,85288E+18;Sun Nov 03 01:24:21 +0000 2024;7;Minggu lalu pas beli produknya sempat mikir Udah lama Indomie nggak bikin varian baru yg launchingnya gede2an nih. Apakah ini saatnya? Eh ternyata malah gandeng NewJeans! https://t.co/ytAXaRJpZq;1,85288E+18;;;in;;0;3;1;https://x.com/undefined/status/1852884489795699185;8102722;
1,85274E+18;Sun Nov 03 01:23:42 +0000 2024;0;@tanyarlfes Itu kalo sampe indomie beneran di boikot (semisal kan) Dan akhirnya penjualan indomie menurun grgr itu apakah indomie bisa nuntut label newjeans karena talent nya 'dianggap bermasalah' ?;1,85288E+18;;tanyarlfes;in;;0;0;0;https://x.com/undefined/status/1852884326289232014;1,28727E+18;
1,85288E+18;Sun Nov 03 01:20:44 +0000 2024;0;Apasi kmrin video foto2 newjeans indomie di kreta trs dia blng kmy gabakal mau naik lucu bgt ajg;1,85288E+18;;;in;;0;0;0;https://x.com/undefined/status/1852883578201493952;1,3015E+18;
1,85288E+18;Sun Nov 03 00:56:57 +0000 2024;2;aaaahh tai boikot starbuck sama mcd aja lu pada belum bisa. indomie cuman gara gara newjeans doang ktol lu pada koar koar banget;1,85288E+18;;;in;;0;0;0;https://x.com/undefined/status/1852877594057990558;1,20142E+18;
1,85274E+18;Sun Nov 03 00:46:23 +0000 2024;0;@tanyarlfes Aku fans nya jimin tetap makan indomie og. Malah kemaren beli 1 kresek gede macem2 indomie. Gk benci siapapun emang kalau benci newjeans untungnya apaan? ;1,85287E+18;;tanyarlfes;in;;0;0;0;https://x.com/undefined/status/1852874934919545109;936532656;
1,85286E+18;Sat Nov 02 23:32:28 +0000 2024;0;Mari kita coba indomie x newjeans;1,85286E+18;;;in;;0;0;0;https://x.com/undefined/status/1852856331327422490;1,20478E+18;
1,85285E+18;Sat Nov 02 23:16:39 +0000 2024;98;Terpantau semua merk lokal Korea kecuali INDOMIE Mantap indomie mendunia Seru banget liat2 ramyeon disini karna ada indikator level pedasnya juga https://t.co/PasbJ1lEPr https://t.co/AgZCCMcTiH;1,85285E+18;https://pbs.twimg.com/ext_tw_video_thumb/1852852315574927360/pu/img/O9aFsYArNSpfGTh-.jpg;;in;;0;1;18;https://x.com/undefined/status/1852852352413491470;252461798;
1,85285E+18;Sat Nov 02 23:13:25 +0000 2024;0;indomie x newjeans lucu bgt &lt;;;;;;;;;;;
1,85255E+18;Sat Nov 02 20:32:06 +0000 2024;0;@banyakduid99x Mereka gak tau betapa enaknya semua varian indomie x newjeans itu.;1,85281E+18;;banyakduid99x;in;;0;0;0;https://x.com/undefined/status/1852810939546083507;1,73771E+18;
1,85281E+18;Sat Nov 02 20:30:02 +0000 2024;0;Meleng dikit tetiba adik² cantik gue digaet jadi BA nya Indomie takut banget abis ini beli indomie dapet hadiah PC nya newjeans kayak lemonilo x nct Dream kemaren ;1,85281E+18;;;in;;0;0;0;https://x.com/undefined/status/1852810418789736803;1,72226E+18;
1,85277E+18;Sat Nov 02 18:06:35 +0000 2024;1;Yaudah sih newjeans gak bakal disband indomie gak bakal bangkrut cuma gegara berkurang satu konsumen seperti anda selamat menikmati kehidupan tanpa indomie ;1,85277E+18;;;in;;0;0;0;https://x.com/undefined/status/1852774318822015052;1,8116E+18;
1,85228E+18;Sat Nov 02 16:21:22 +0000 2024;0;@tanyakanrl spicy ramyeon enak tori kara (gada disitu) juga enak. TP INDOMIE TOMYUM YG DULU LEBIH ENAK;1,85275E+18;;tanyakanrl;in;;0;0;0;https://x.com/undefined/status/1852747839711170868;1,01471E+18;
1,85274E+18;Sat Nov 02 16:09:17 +0000 2024;0;indomie spicy ramyeon enak juga ternyataa;1,85274E+18;;;in;;0;0;0;https://x.com/undefined/status/1852744800644292818;1,44637E+18;
1,8527E+18;Sat Nov 02 15:57:01 +0000 2024;2;@Piyuuuuu21_ @tanyarlfes NewJeans (NJ) jadi global brand ambasaddor indomie Terus berhubung (NJ lg berjuang ngelawan kasus bully yg mereka alami di label mereka skarang banyak kbusukan label itu terkuak smua Nah yg brusaha boikot ini para pembela label it;1,85274E+18;;Piyuuuuu21_;in;;2;0;0;https://x.com/undefined/status/1852741714269950092;7,9478E+17;
1,85274E+18;Sat Nov 02 15:51:19 +0000 2024;0;seneng bgt tiap liat iklan Indomie newjeans di tv;1,85274E+18;;;in;;0;0;0;https://x.com/undefined/status/1852740278194712922;1,72043E+18;
1,85274E+18;Sat Nov 02 15:48:31 +0000 2024;0;Lu semua harus coba indomie spicy ramyeon mantep banget. Yg pusing makan ini langsung ilang kata gue mah pusing nya. Bener bener spicy https://t.co/f4uf14eqOV;1,85274E+18;https://pbs.twimg.com/media/GbZAz1xbIAAJxwB.jpg;;in;;0;0;0;https://x.com/undefined/status/1852739572691784130;1,52659E+18;
1,85273E+18;Sat Nov 02 15:18:14 +0000 2024;27;liat standee newjeans udah degdeg'an beras nyata #OhMyGoodItsIndomie https://t.co/vvdY4H9RAb;1,85273E+18;https://pbs.twimg.com/media/GbY54QXaEAAjHYY.jpg;;in;;0;1;2;https://x.com/undefined/status/1852731954523001281;1,26853E+18;
1,85273E+18;Sat Nov 02 14:53:29 +0000 2024;1;tes emih ramyeon merek indomie https://t.co/XV6f2JHu6P;1,85273E+18;https://pbs.twimg.com/ext_tw_video_thumb/1852725695484751872/pu/img/c9DVohQ44DwfEsEn.jpg;;in;;0;0;0;https://x.com/undefined/status/1852725726895861929;1,12299E+18;
1,8527E+18;Sat Nov 02 14:17:52 +0000 2024;1;@Fatiyadaani Hmmm ditampung dulu ya sarannya Stay tuned dan yuk makan dulu Indomie Korean Ramyeon Series-nya ;1,85272E+18;;Fatiyadaani;in;;0;0;0;https://x.com/undefined/status/1852716760174395392;284428760;
1,85272E+18;Sat Nov 02 14:13:20 +0000 2024;0;buzzer indomie korean ramyeon banyak juga;1,85272E+18;;;in;;1;0;0;https://x.com/undefined/status/1852715620544253986;1,78349E+18;
1,85272E+18;Sat Nov 02 14:11:24 +0000 2024;0;aku baru tau ada indomie varian ramyeon spicy sama ramyeon rose hahah tadi aku beli karena penasaran rasanya gimana;1,85272E+18;;;in;;0;0;0;https://x.com/undefined/status/1852715134646665693;1,5681E+18;
1,8527E+18;Sat Nov 02 14:05:20 +0000 2024;1;@whyggto @tanyarlfes newjeans abis di umumin jd ba indomie kayanya ni yg komen yg benci nj wkwkkw gajelas bgt;1,85271E+18;;whyggto;in;;0;0;0;https://x.com/undefined/status/1852713606699470907;1,33772E+18;
1,85271E+18;Sat Nov 02 14:04:22 +0000 2024;0;@losingyew aku malah belum pernah beli yang indomie fiery chickin karena ga minatt kalo yang ramyeon biru itu pedes banget menurutku rasa kuahnya kayak mie gelas tapi enak kok ;1,85271E+18;;ciyoem;in;;0;1;0;https://x.com/undefined/status/1852713365350859034;1,68803E+18;
1,85271E+18;Sat Nov 02 13:55:11 +0000 2024;0;Indomie x newjeans yang bikin ketagihan malah musiknya anjer keren dah mamang kesbor;1,85271E+18;;;in;;0;0;0;https://x.com/undefined/status/1852711053328785443;1,72769E+18;
1,85252E+18;Sat Nov 02 13:43:35 +0000 2024;1;@PutriAdinda1718 @NewJeans_ADOR @Indomielovers Berharap Indomie ada pc nya juga hihiw;1,85271E+18;;Jake_shinyu_42;in;;0;0;0;https://x.com/undefined/status/1852708134013526441;63616336;
1,85271E+18;Sat Nov 02 13:34:42 +0000 2024;0;mau makan indomie sampe kliyengan sebagai bentuk support kpd newjeans;1,85271E+18;;;in;;0;0;0;https://x.com/undefined/status/1852705896704664041;1,58184E+18;
1,85271E+18;Sat Nov 02 13:31:32 +0000 2024;0;Indomie juga gak akan bangkrut kalau lo kaga makan bjir Newjeans coba next iklanin mama lemon biar makin tantrum para budhe;1,85271E+18;;;in;;0;0;0;https://x.com/undefined/status/1852705101049467160;1,29264E+18;
1,8527E+18;Sat Nov 02 13:31:08 +0000 2024;33;@Piyuuuuu21_ @tanyarlfes Sebagian immature Army yg menjadi stan Hybe ga terima saat Newjeans speak up ttg mistreatment Hybe ke mereka trus mereka jd nge hate Newjeans. Lucunya lg Army Indo itu sering menyebut diri mereka sbg Indomy trus skrg Nj malah jd B;1,85271E+18;;Piyuuuuu21_;in;;2;1;2;https://x.com/undefined/status/1852705002751746481;1,47914E+18;
1,8527E+18;Sat Nov 02 13:27:11 +0000 2024;0;@abcdestri88 @tanyarlfes mereka ni bude2 army aka fans bts mereka kan ga seneng sm newjeans. nah nj jd BA nya indomie yauda deh mreka mau boikot indomie wkwk;1,8527E+18;;abcdestri88;in;;0;0;0;https://x.com/undefined/status/1852704006617108497;1,6382E+18;
1,8527E+18;Sat Nov 02 13:23:00 +0000 2024;0;Indomie x NewJeans udah ada di minimarket belum ya? W paling gak bisa nih kalau masalah mie instant pasti fomo;1,8527E+18;;;in;;0;1;0;https://x.com/undefined/status/1852702952387150023;1,79106E+18;
1,8527E+18;Sat Nov 02 13:21:27 +0000 2024;42;@tanyarlfes Konteks: Girl group dari korsel (newjeans) jadi BA indomie terus hater grup mereka (ada yang penggemar grup lain) pd bikin narasi seolah2 gak makan indomie lagi ah karena BA nya newjeans beralih ke merk lain aja deh duh kecewa pdahal rasa (sal;1,8527E+18;;tanyarlfes;in;;0;2;0;https://x.com/undefined/status/1852702566221758542;1,71482E+18;
1,85264E+18;Sat Nov 02 13:19:18 +0000 2024;0;@skiesduzt beneerr nah karena collab sm newjeans jadi makin cuan cuan kan tuh indomie. indomie ga sm nj aja cuan gimana sm nj sekarang;1,8527E+18;;;in;;0;1;0;https://x.com/undefined/status/1852702024972005580;1,78669E+18;
1,8527E+18;Sat Nov 02 13:12:12 +0000 2024;0;Indomie yang collab sama newjeans rasanya enak anjirrr kaya perpaduan shin ramyun sama indomie so delish woy cuma tadi gak tau kalau mienya bakalan pedes jadi gue kasih cabe rawit jadinya pedes banget;1,8527E+18;;;in;;0;1;0;https://x.com/undefined/status/1852700236868960626;1,52642E+18;
1,8527E+18;Sat Nov 02 13:10:46 +0000 2024;1;I just trying new Indomie fried noodles New Jeans enak sih tp mirip dikit ke Samyang... Rasanya kurang pedes dan kurang gurih sih menurut w pencita pedas gurih tp so far lumayan lah 60% by me... #gyoza #indomienewejans #newjeans #taste #friedchicken #noodles #indomie #foodie https://t.co/qxGuBQphVH;1,8527E+18;https://pbs.twimg.com/media/GbYcsTiacAAGy1B.jpg;;in;;0;0;0;https://x.com/undefined/status/1852699874619424785;3401559432;
1,8527E+18;Sat Nov 02 13:10:17 +0000 2024;0;indomie spicy ramyeon yg kuah sup jamur enak bgt plis ada terus sampe kiamat;1,8527E+18;;;in;;0;1;0;https://x.com/undefined/status/1852699752460435897;1,27673E+18;
1,8527E+18;Sat Nov 02 13:03:02 +0000 2024;1;indomie spicy ramyeon enak tapi micinnya kuat sekaliiii;1,8527E+18;;;in;;0;0;0;https://x.com/undefined/status/1852697931541033205;1,5895E+18;
1,8527E+18;Sat Nov 02 12:54:57 +0000 2024;0;kira kira kalo gw beli indomie newjeans bisa jadi pacar minji ga?;1,8527E+18;;;in;;0;0;0;https://x.com/undefined/status/1852695896837767194;1,57508E+18;
1,8527E+18;Sat Nov 02 12:53:25 +0000 2024;70;malam mingguan noraebang #OhMyGoodItsIndomie https://t.co/zpbymEryQc;1,8527E+18;https://pbs.twimg.com/media/GbYYpizaUAAW6ei.jpg;;in;;1;1;2;https://x.com/undefined/status/1852695510978810354;1,26853E+18;
1,8527E+18;Sat Nov 02 12:53:00 +0000 2024;0;puasa gacoan dulu soalnya mau beli indomie newjeans siapa tau abis makan itu jadi mirip minji;1,8527E+18;;;in;;0;0;0;https://x.com/undefined/status/1852695403109765187;1,45132E+18;
1,85269E+18;Sat Nov 02 12:50:54 +0000 2024;0;‍tadi katanya mau beli Astro ingyah ini mo beli Astro ‍bener beli pembersih kan iya. Sama indomie newjeans ;1,85269E+18;;;in;;0;1;0;https://x.com/undefined/status/1852694876699443347;67906601;
