"conversation_id_str","created_at","favorite_count","full_text","id_str","image_url","in_reply_to_screen_name","lang","location","quote_count","reply_count","retweet_count","tweet_url","user_id_str","username"
"1990696713116660010","Tue Nov 18 08:20:56 +0000 2025","0","NGELEDEK BANGETTT IHHH BONNN ","1990696713116660010","","","in","","0","0","0","https://x.com/undefined/status/1990696713116660010","1895870342159351811",
"1990696576436859031","Tue Nov 18 08:20:23 +0000 2025","0","jaemin nya jaemin nya dibeli dibeli jaemin nya t. nct dream mark renjun jeno haechan jaemin chenle jisung back to the future selca lfb wtb wtt wto","1990696576436859031","","","in","","0","0","0","https://x.com/undefined/status/1990696576436859031","1380590069203918854",
"1990696562041962870","Tue Nov 18 08:20:20 +0000 2025","0","待ってました〜！！️ 楽しみ #andTEAM #andTEAMCAFE","1990696562041962870","","","ja","","0","0","0","https://x.com/undefined/status/1990696562041962870","1309848074903142400",
"1990681072636735848","Tue Nov 18 08:20:13 +0000 2025","0","@iconsiam พร้อมค่ะ รอพรุ่งนี้เลย #ICONSIAM ​ #ZeeNuNew #ICONSIAMBangkokIllumination2025 ​ #ICONSIAMJoyconicDestination","1990696534137319541","","iconsiam","th","","0","0","0","https://x.com/undefined/status/1990696534137319541","4534694833",
"1990695794387853706","Tue Nov 18 08:17:19 +0000 2025","0","251117 현엽이 인스타그램 게시글 (2) Kenshi Yonezu - IRIS OUT 東京でまたね #현엽 #Hyunyeop #yeop_hoto #InAMinute #인어미닛 https://t.co/rHN0z7TUz7","1990695804890419287","https://pbs.twimg.com/media/G6BfSC4aYAAL6-X.jpg","SUNDAYs_SUNDAEs","ja","","0","1","0","https://x.com/undefined/status/1990695804890419287","1544503954616504320",
"1990695501625503930","Tue Nov 18 08:16:07 +0000 2025","0","기모찌?! 기모찌?! 앙 기모찌쟈나이카! 키모찌이이잌기모찌이이이이이이!!!!","1990695501625503930","","","ko","","0","0","0","https://x.com/undefined/status/1990695501625503930","1667245476524224512",
"1990695499398287664","Tue Nov 18 08:16:07 +0000 2025","2","251108 #tripleS #정하연 #HAYEON #하연 #JEONGHAYEON #트리플에스 https://t.co/oTYNQQutEa","1990695499398287664","https://pbs.twimg.com/media/G6BfAB7a4AAdGUI.jpg","","und","","0","0","0","https://x.com/undefined/status/1990695499398287664","1831599969863909376",
"1990692761813827593","Tue Nov 18 08:14:36 +0000 2025","0","@miiiiinjeoooong ㅋㅋㅋㅋㅋㅋㅋㅋㅋㅋㅋㅋㅋㅋㅋㅋㅋㅋㅋㅋㅋㅋㅋㅋㅋㅋㅋㅋㅋㅋㅋㅋㅋㅋㅋㅋㅋㅋㅋㅋㅋㅋㅋㅋㅋㅋㅋㅋㅋㅋㅋㅋㅋㅋㅋㅋㅋㅋㅋㅋㅋㅋㅋㅋㅋㅋㅋㅋㅋㅋㅋㅋㅋㅋㅋㅋㅋㅋㅋㅋㅋㅋㅋㅋㅋㅋㅋㅋㅋㅋㅋㅋㅋㅋㅋㅋ","1990695118735880273","","miiiiinjeoooong","ko","","0","0","0","https://x.com/undefined/status/1990695118735880273","1984931897907302400",
"1990574690012967256","Tue Nov 18 08:13:51 +0000 2025","0","@goldenjake_th2 @ENHYPEN_members @ENHYPEN โกเด้นจี๋วจี๋ว #เจค #JAKE #제이크 #ジェイク #ENHYPEN_JAKE #엔하이픈_제이크 @ENHYPEN_members @ENHYPEN","1990694929610559792","","goldenjake_th2","th","","0","0","0","https://x.com/undefined/status/1990694929610559792","1883830446",
"1990693595129753934","Tue Nov 18 08:08:33 +0000 2025","0","INWOO WITH HAESUN!??? AAAAAAAAH SOYON AND BYEONGIN ORABEONI REUNION Y'ALL ","1990693595129753934","","","en","","0","0","0","https://x.com/undefined/status/1990693595129753934","1155738780",
"1990693268733231466","Tue Nov 18 08:07:15 +0000 2025","0","ㅋㅋㅋㅋㅋㅋㅋㅋㅋㅋㅋㅋㅋㅋㅋㅋㅋㅋㅋㅋㅋㅋㅋㅋㅋㅋㅋㅋㅋㅋㅋㅋㅋㅋㅋㅋㅋㅋㅋㅋㅋㅋㅋㅋㅋㅋㅋㅋㅋㅋㅋㅋㅋㅋㅋㅋㅋㅋ","1990693268733231466","","","ko","","0","0","0","https://x.com/undefined/status/1990693268733231466","146680922",
"1990619911870427152","Tue Nov 18 08:04:39 +0000 2025","0","@chaehyuna @chaehyunkin HIII camat hari selasa jugaa dd. hari ini akuu rencananyaa mauu mmm malas malasan dan masih rayain anniv akuu. dd sendirii gimanaa?? dd mauu ngapain ajaa harii ini?? kasih tauu eonniii karenaa eonnie penasaraaank!","1990692617466904724","","chaehyuna","in","","0","0","0","https://x.com/undefined/status/1990692617466904724","3383194001",
"1990691615888060717","Tue Nov 18 08:00:41 +0000 2025","0","트메판 - 친해져요 멘션 - 반모해요 RT - 디엠해요 인용 - You re my favorite homie https://t.co/4vcEDN6h7E","1990691615888060717","https://pbs.twimg.com/media/G6Bbdz7bMAAoIeD.jpg","","ko","","0","0","0","https://x.com/undefined/status/1990691615888060717","1708010627145625600",
"1990690449569558592","Tue Nov 18 07:56:03 +0000 2025","0","251114 #여여정 #전여여정 #Yeoyeojeong #NEWBEAT #뉴비트 https://t.co/ukotk8WI05","1990690449569558592","https://pbs.twimg.com/media/G6BaaZvbIAApqWw.jpg","","und","","0","0","0","https://x.com/undefined/status/1990690449569558592","1598506144745807873",
"1990659527616950533","Tue Nov 18 07:55:09 +0000 2025","0","@IMTOU_MM 고생 많으셨습니다 엄청 바쁘시네... 피곤하시겠다 더 맛있는거 드세요 ㅠㅠ","1990690223186186377","","IMTOU_MM","ko","","0","0","0","https://x.com/undefined/status/1990690223186186377","1139477579000193024",
"1990689871804211221","Tue Nov 18 07:53:45 +0000 2025","1","เอ็นดูติดโบว์น่ารักมาก ใจพี่สาวจะตุยแล้ว ㅠㅡㅜ ︎ MOO Bangkok x Num Eiang ꒰ #MOOBangkokNumEiang ꒱ ⋆˙ᝰ. ꒰ #TadATLAS #TadThapana ꒱ ୨୧ ˖˚ @TadThapana ྀི https://t.co/LfdTIZFTts","1990689871804211221","https://pbs.twimg.com/amplify_video_thumb/1990689760244084739/img/L-Ky2_0dvugJUZk7.jpg","","th","","0","0","4","https://x.com/undefined/status/1990689871804211221","1692765790624444416",
"1987386835212083621","Tue Nov 18 07:51:05 +0000 2025","0","@onaecore Semoga haechan sehat selalu dikelilingi oleh hal-hal yang baik bahagia selalu semakin bersinar lagi semakin sukses semakin dikenal banyak orang dan semoga selalu dalam lindungan Tuhan semoga kakak juga sehat selalu rezekinya lancar dilindungi Tuhan dan bahagia selalu","1990689200539382073","","onaecore","in","","0","0","0","https://x.com/undefined/status/1990689200539382073","1816515281298288641",
"1990689199591469533","Tue Nov 18 07:51:05 +0000 2025","8","ㅋㅋㅋㅋㅋㅋㅋㅋㅋㅋㅋㅋㅋㅋㅋㅋㅋㅋㅋㅋㅋㅋㅋㅋㅋㅋㅋㅋㅋㅋㅋㅋㅋㅋㅋㅋㅋㅋㅋㅋㅋㅋㅋㅋㅋㅋㅋㅋㅋㅋㅋㅋㅋㅋㅋㅋㅋㅋㅋㅋㅋㅋㅋㅋㅋㅋㅋㅋㅋㅋㅋㅋㅋㅋㅋㅋㅋㅋㅋㅋㅋㅋㅋㅋㅋㅋㅋㅋㅋㅋㅋㅋㅋㅋㅋㅋㅋㅋㅋㅋㅋㅋㅋㅋㅋㅋㅋㅋㅋㅋㅋㅋㅋㅋㅋㅋㅋㅋㅋㅋㅋㅋㅋㅋㅋㅋ","1990689199591469533","","","ko","","0","1","0","https://x.com/undefined/status/1990689199591469533","1770707318306643968",
"1990655133907378492","Tue Nov 18 07:47:55 +0000 2025","0","@yangjungwon_ina @ENHYPEN @ENHYPEN_members #ENHYPEN_JUNGWON #JUNGWON #엔하이픈_정원 #정원 @ENHYPEN @ENHYPEN_members https://t.co/cyJEg5ZftZ","1990688405592912133","https://pbs.twimg.com/media/G6BYjhYbgAA-MZ4.jpg","yangjungwon_ina","qme","","0","0","0","https://x.com/undefined/status/1990688405592912133","1602638598859239424",
"1990681947270754608","Tue Nov 18 07:47:21 +0000 2025","21"," Renjun go to work with me beat it up! Sure let s go to work together. Renjun come help me with my English exam. TT TT You got this! Renjun let s go eat together. I ll treat you using your card. Alright let s go eat something together. Renjun do you like https://t.co/9Wz4RuTbL1","1990688260931428499","https://pbs.twimg.com/media/G6BYa6ObMAEKhMN.jpg","POPCORNBOBO323","en","","0","0","12","https://x.com/undefined/status/1990688260931428499","1347846882437988355",
"1990688168350527978","Tue Nov 18 07:46:59 +0000 2025","0","พี่เหนืออย่าเป็นร่างพี่ดิสบ่อยมาก เดี๋ยวมันจะไอนั่น มันจะหล่อเกินไปปะ ใครจะอยากเป็นแม่ เป็นไปเลยละกัน นี่อยากเป็นแฟนพี่ดิสละจบ555555555555555555555 #Nurdesoraya #เหนือดิสรยา https://t.co/73P86QLthz","1990688168350527978","https://pbs.twimg.com/media/G6BYVaUbMAIOHtq.jpg","","th","","0","0","0","https://x.com/undefined/status/1990688168350527978","1950796407931375616",
"1990688115024068800","Tue Nov 18 07:46:46 +0000 2025","2","와 세상에......................현자은둔 임ㅅ 썰이라뇨.....세상에세상에....제가 너무나도 좋아하는..........ㅠㅠㅠ탐라에서 저만 이야기해서 외로웠는데 ㅠㅠㅠ감사합니다 감사합니다 ㅠㅠㅠㅠ","1990688115024068800","","","ko","","0","1","0","https://x.com/undefined/status/1990688115024068800","1736960813871812608",
"1990685820005839326","Tue Nov 18 07:46:05 +0000 2025","0","@adorqiie ขี้กุ้ก คุกกี้ ขี้สเลอโป้ก โค้กสเลอปี้ ขี้ปริส คริสปี้(ครีม)","1990687941774225815","","adorqiie","th","","0","0","0","https://x.com/undefined/status/1990687941774225815","1343605585812471816",
"1990687934069264812","Tue Nov 18 07:46:03 +0000 2025","0","โอเครับทราบค่า #ICONSIAM ​ #ZeeNunew​ #ICONSIAMBangkokIllumination2025 ​ #ICONSIAMJoyconicDestination","1990687934069264812","","","th","","0","0","0","https://x.com/undefined/status/1990687934069264812","1733840674729172992",
"1990687765294690428","Tue Nov 18 07:45:23 +0000 2025","0","웅이 축하해 #キムジウン #김지웅 #KIMJIWOONG #金地雄 #웅생일 #웅BDAY #웅センイル","1990687765294690428","","","ko","","0","1","1","https://x.com/undefined/status/1990687765294690428","1709382694151520256",
"1990687717991362881","Tue Nov 18 07:45:11 +0000 2025","2","ㅋㅋㅋㅋㅋㅋㅋㅋㅋㅋㅋㅋㅋㅋㅋㅋㅋㅋㅋㅋㅋㅋㅋㅋㅋㅋㅋㅋㅋㅋㅋㅋㅋㅋㅋㅋㅋㅋㅋㅋㅋㅋㅋㅋㅋㅋㅋㅋㅋㅋㅋㅋㅋㅋㅋㅋㅋㅋㅋ https://t.co/XgsK4bT6hM","1990687717991362881","https://pbs.twimg.com/media/G6BX7XQb0AE6aSj.jpg","","ko","","0","0","0","https://x.com/undefined/status/1990687717991362881","1695715128413696000",
"1990687669345735056","Tue Nov 18 07:45:00 +0000 2025","7"," TEMENAN BA CITYNIGHT TEMENAN BA CITYNIGHT TEMENAN BA CITYNIGHT drop kalau kamu suka suasana neon &amp; ngobrol sampai pagi.","1990687669345735056","","","in","","0","11","0","https://x.com/undefined/status/1990687669345735056","234574150",
"1990683182229057794","Tue Nov 18 07:44:03 +0000 2025","0","@agicheetah Todome LE SSERAFIM TOKYO DOME ENCORE D-1 #EASY_CRAZY_HOT_ENCORE #EASY_CRAZY_HOT_ENCORE_TOKYODOME","1990687433399435616","","agicheetah","fr","","0","0","0","https://x.com/undefined/status/1990687433399435616","1791458180045901824",
"1990687407268901368","Tue Nov 18 07:43:57 +0000 2025","22","ยิ้มหวานมากค่ะสวย ️️️ #GMMTV2026 #sea_tawinan #จิมมี่ซี https://t.co/TDYpuYj812","1990687407268901368","https://pbs.twimg.com/media/G6BXouFboAAK4jX.jpg","","th","","0","0","12","https://x.com/undefined/status/1990687407268901368","1062378485421723649",
"1990687380878340520","Tue Nov 18 07:43:51 +0000 2025","1","ㅋㅋㅋㅋㅋㅋㅋㅋㅋㅋㅋㅋㅋㅋㅋㅋㅋㅋㅋㅋㅋㅋㅋㅋㅋㅋㅋㅋㅋㅋㅋㅋㅋㅋㅋㅋㅋㅋㅋㅋㅋㅋㅋㅋㅋㅋㅋㅋㅋㅋㅋ https://t.co/KGqEBndH9I","1990687380878340520","https://pbs.twimg.com/media/G6BXmNFasAEmfXB.jpg","","ko","","0","0","1","https://x.com/undefined/status/1990687380878340520","1402631736987553796",
"1990652430732927109","Tue Nov 18 07:43:31 +0000 2025","0","@il9kel 엥 ㄹㅇ이네 ㅆ발 아 ㅌㄹㅋㅎㅋㅎㅋㅎㅋㅎㅋㅎㅋㅎㅋㅎㅋㅎㅋㅎㅋㅎㅋㅎㅋㄹㅋㄹㅋㄹㅋㄹㅋㄹㅋㄹㅋ","1990687295419396257","","il9kel","ko","","0","0","0","https://x.com/undefined/status/1990687295419396257","1964022561228148737",
"1990687218466500718","Tue Nov 18 07:43:12 +0000 2025","1","柾哉くん一枚も来てくれなくて悲しい MASAYA ver.の柾哉くんは可愛い大好き️","1990687218466500718","","","ja","","0","2","0","https://x.com/undefined/status/1990687218466500718","1059736260414124032",
"1990687206546288763","Tue Nov 18 07:43:09 +0000 2025","5","ชุดคู่ จะบ้าๆๆๆๆๆๆๆๆๆๆ #JimmySea #jimmyyjp #sea_tawinan https://t.co/bQsho9GxO4","1990687206546288763","https://pbs.twimg.com/media/G6BXdTrbMAA3jYL.jpg","","th","","0","0","5","https://x.com/undefined/status/1990687206546288763","1740731722529173504",
"1990687020214300963","Tue Nov 18 07:42:25 +0000 2025","0","uweueuwuueue my beloved evnne ️ #SEVNNE_FOREVER EVNNE IS SEVEN #이븐_영원히함께하자 #7EVNNE #EVNNE #이븐 https://t.co/nfjFHbPwD8","1990687020214300963","https://pbs.twimg.com/media/G6BXS2iakAAvBxr.jpg","","sl","","0","0","0","https://x.com/undefined/status/1990687020214300963","1297005023566520320",
"1990686876412621202","Tue Nov 18 07:41:51 +0000 2025","6","อห!!! เก็บศพฉันด้วย ฮีหล่อมากกกก ทรงผมทุหยองทำให้ฮีเป็นหนุ่มตี๋อินเตอร์อ่ะะะะะ รักชิบหาย รักหวังอี้ป๋ออออ EXPLORING WITH YIBO #WANGYIBOxETU2Premiere https://t.co/kbxfdtwRp7","1990686876412621202","https://pbs.twimg.com/media/G6BXJxSbMAIjd6O.jpg","","th","","1","0","4","https://x.com/undefined/status/1990686876412621202","274933795",
"1990686823807660327","Tue Nov 18 07:41:38 +0000 2025","0","ㅤㅤㅤㅤㅤ ·˚ ༘ Ding! Dong! Ada pesan spesial untukmu Ditujukan pada : @nirwcna Pengirim : ㅤㅤㅤㅤㅤ https://t.co/XJmOAjcJgL","1990686823807660327","https://pbs.twimg.com/media/G6BXHeNbAAAFrX9.jpg","","in","","0","1","0","https://x.com/undefined/status/1990686823807660327","786577769383591936",
"1990655133907378492","Tue Nov 18 07:41:27 +0000 2025","0","@yangjungwon_ina @ENHYPEN @ENHYPEN_members #ENHYPEN_JUNGWON #JUNGWON #엔하이픈_정원 #정원 @ENHYPEN @ENHYPEN_members https://t.co/Skd7gQEJfl","1990686775761838145","https://pbs.twimg.com/media/G6BXDwUbMAEl7C1.jpg","yangjungwon_ina","qme","","0","0","0","https://x.com/undefined/status/1990686775761838145","1313764353619886081",
"1990686745600668026","Tue Nov 18 07:41:19 +0000 2025","1","ㅋㅋㅋㅋㅋㅋㅋㅋㅋㅋㅋㅋㅋㅋㅋㅋㅋㅋㅋㅋㅋㅋㅋㅋㅋㅋㅋㅋㅋㅋㅋㅋㅋㅋㅋㅋ아 괴도컨셉 걍 5주같아서 웃김ㅋㅋㅋㅋㅋㅋㅋㅋㅋㅋㅋㅋㅋㅋㅋㅋㅋㅋㅋㅋㅋㅋㅋㅋㅋㅋㅋㅋㅋㅋㅋㅋ","1990686745600668026","","","ko","","0","0","0","https://x.com/undefined/status/1990686745600668026","875165564263477250",
"1990686735005855830","Tue Nov 18 07:41:17 +0000 2025","2","From #Yujun อันยอง โรดี้~! ก่อนอื่นเลย ขอบคุณมากๆเลยนะครับ ที่อยู่ด้วยกันกับการโปรโมทอัลบั้มนี้ แล้วก็คอยส่งกำลังใจให้กันแบบเยอะสุดๆ เพราะโรดี้ผมเลยได้รับ superpower แล้วก็โปรโมทอัลบั้มนี้ได้ล่ะครับ ที่อดหลับอดนอน มาคอยเป็นกำลังใจให้พวกเราอัดรายการเพลง รายการสด https://t.co/7p0dRvsel5","1990686735005855830","https://pbs.twimg.com/media/G6BXBxUbMAEKH0m.jpg","","th","","0","0","0","https://x.com/undefined/status/1990686735005855830","274001334",
"1990353795633815715","Tue Nov 18 07:40:58 +0000 2025","0","@bubblepiea Done! Terimakasih kak atas giveaway yg udh bersedia kakak bagi semoga comeback dream kali ini sukses besar dilancarkan segala promosi dan perform dimana pun aamiin wish me luck 7DREAM BEAT IT UP OUT NOW #BeatItUpWith7DREAM #꿈을향한_속도를올려_BeatItUp #NCTDREAM_BeatItUp https://t.co/T7WScMYMUK","1990686657558012090","https://pbs.twimg.com/media/G6BW9PobMAIxsn-.jpg","bubblepiea","in","","0","0","0","https://x.com/undefined/status/1990686657558012090","1428949310826180608",
"1990686486686220503","Tue Nov 18 07:40:53 +0000 2025","0","@o9o9_us ㅋㅋ ㅋㅋㅋㅋㅋㅋㄲ ㅋ앜 ㅋㅋㅋㅋㅋㅋ ㅋㅋㅋㅋㅋ ㅋㅋㅋㅋㄲ ㅋㅋㅋㅋㅋㅋㅋㅋㅋㅋ ㄲ ㅋ","1990686636326387860","","o9o9_us","ko","","0","0","0","https://x.com/undefined/status/1990686636326387860","1127787842",
"1990686633772134570","Tue Nov 18 07:40:53 +0000 2025","1","Sunoo used Indonesia songs #SUNOO #엔하이픈 #선우 #김선우 #ソヌ #ENHYPEN_SUNOO #엔하이픈_선우","1990686633772134570","","","en","","0","0","0","https://x.com/undefined/status/1990686633772134570","1278195229040861184",
"1990323561685508518","Tue Nov 18 07:40:50 +0000 2025","1","@kamesyufu1972 アーイアァーイ！！ （大アイアイコール及び「おさるさんだよ」大合唱）","1990686620652351683","","kamesyufu1972","ja","","0","1","0","https://x.com/undefined/status/1990686620652351683","1200575333079977984",
"1990686607507419490","Tue Nov 18 07:40:47 +0000 2025","1","","1990686607507419490","","","art","","0","0","0","https://x.com/undefined/status/1990686607507419490","1431684555501494274",
"1990678744609271899","Tue Nov 18 07:40:45 +0000 2025","0","@pokeka_mainan @7hogeeeeta7 @RAMoripa_hoge 凄い‼️ ㊗️おめでとうございます @7hogeeeeta7 @RAMoripa_hoge #RAMoripa https://t.co/3XRCzxD1AL","1990686599483637943","","pokeka_mainan","ja","","0","0","0","https://x.com/undefined/status/1990686599483637943","1545246513370374144",
"1990686577966907800","Tue Nov 18 07:40:40 +0000 2025","3398","TOKYODOME 準備はいいですか？ #LE_SSERAFIM #르세라핌 #EASY_CRAZY_HOT_ENCORE #EASY_CRAZY_HOT_ENCORE_TOKYODOME https://t.co/3rWfiSdk9N","1990686577966907800","https://pbs.twimg.com/media/G6BW4wxbUAEta8s.jpg","","ja","","46","63","751","https://x.com/undefined/status/1990686577966907800","1449907589983064067",
"1990686544529928591","Tue Nov 18 07:40:32 +0000 2025","0","kok bisa u demen kuning telur begitu nyoo?","1990686544529928591","","","in","","0","0","0","https://x.com/undefined/status/1990686544529928591","212115410",
"1990686500170965224","Tue Nov 18 07:40:21 +0000 2025","0","แกทำไมฉันเห็นคู่นี้เหมือนไอยูจงซอกอ่าา ","1990686500170965224","","","th","","0","0","0","https://x.com/undefined/status/1990686500170965224","1060888086853279744",
"1990686310164799817","Tue Nov 18 07:40:15 +0000 2025","0","제가 이상(理想)이랑 이상(異常)도 구분 못하는게 아니고요 언어유희적으오 한겁니다","1990686474833178843","","jangm1202","ja","","0","0","0","https://x.com/undefined/status/1990686474833178843","1544939938407653377",
"1990686390766723525","Tue Nov 18 07:39:55 +0000 2025","2","나한테 주훈이는 걍 영원히 주후니아랑해요^^~~~ 이모가 넘넘 아랑해요^^~~~~ 착한 내 소년 내 예쁘니 ^^~~ 아랑해요^^~~~~~~~ ","1990686390766723525","","","ko","","0","0","0","https://x.com/undefined/status/1990686390766723525","1535320268901859328",
"1990678196673724817","Tue Nov 18 07:39:54 +0000 2025","1","@my1dayjin @BTS_twt 하루님진뇽진뇽 (석지니해피듣겠다고급하게산.. 에코도 언넝나오길) 하루님 해피엘피도 언넝 도착하시길 파랑파랑 넘 이뻐용","1990686389021937682","","my1dayjin","ko","","0","0","0","https://x.com/undefined/status/1990686389021937682","1564924262842249216",
"1990349558334025949","Tue Nov 18 07:39:53 +0000 2025","0","Minum es kopi keknya enak 7DREAM BEAT IT UP OUT NOW #BeatItUpWith7DREAM #꿈을향한_속도를올려_BeatItUp #NCTDREAM_BeatItUp https://t.co/9pxLi4ylxL","1990686382218678542","https://pbs.twimg.com/media/G6BWtLEb0AAVVZh.jpg","enggalberes","in","","0","1","0","https://x.com/undefined/status/1990686382218678542","1345728284823154689",
"1989166139533152643","Tue Nov 18 07:39:44 +0000 2025","1","@ilobabo 큰그림을 그리고 계셨군요! ㅋㅋㅋㅋㅋㅋ 멋지십니다 ㅋㅋㅋㅋㅋㅋ","1990686345334043050","","ilobabo","ko","","0","1","0","https://x.com/undefined/status/1990686345334043050","1962416297754677248",
"1990686330926534966","Tue Nov 18 07:39:41 +0000 2025","0","ขอกระตืบรี โมโหอ่ะ","1990686330926534966","","","th","","0","0","0","https://x.com/undefined/status/1990686330926534966","890215697061511168",
"1978109154293166173","Tue Nov 18 07:39:34 +0000 2025","1","[도리벤 드림 / 코코 드림] 하지 말랬지! https://t.co/ZuygFOrsSb #도리벤드림 #범천드림 #코코드림 #카쿠쵸드림 #란드림 #마사드림","1990686302430449870","","zambouuu","ko","","0","0","0","https://x.com/undefined/status/1990686302430449870","277468946",
"1989295564702511285","Tue Nov 18 07:39:28 +0000 2025","15"," デビューしてほしいアイドル #テーマPICK Day 2ランキング #ズハオ #シュエスーレン #スンハンユー 4️⃣ #ジャスティン 5️⃣ #ジャオグァンシュー 6️⃣ #フーハンウェン 2025.11.17 ~ 2025.12.6 ソンスGDIAビッグスクリーン広告（15日間） https://t.co/OMTI7DZUbI #Zihao #梓豪 https://t.co/31GXTBZRRV","1990686276119638513","https://pbs.twimg.com/media/G6BWWHubMAE0ePe.jpg","kpopidol_jp","ja","","2","0","9","https://x.com/undefined/status/1990686276119638513","1127813761824223232",
"1990686270490882322","Tue Nov 18 07:39:26 +0000 2025","86","อยากให้พี่เขาได้รางวัลละขึ้นไปพูดบนเวทีว่า For those who come after ","1990686270490882322","","","th","","1","2","120","https://x.com/undefined/status/1990686270490882322","67585827",
"1990686238718988312","Tue Nov 18 07:39:19 +0000 2025","2","โอนี่ทุกคน! มาแสดงความรักที่มั่นคงต่อพีคมิ้นท์ ด้วยการสนับสนุนกันค่ะ PEAKMINT AUTUMN LOVE #พีคมิ้นท์ #PEAKMINT https://t.co/uGvLcFBlhb","1990686238718988312","https://pbs.twimg.com/media/G6BWk_ibMAIqrdS.png","","th","","0","0","6","https://x.com/undefined/status/1990686238718988312","74109537",
"1990686082154021106","Tue Nov 18 07:38:41 +0000 2025","1","น้อนนนน EXPLORING WITH YIBO #WANGYIBOxETU2Premiere https://t.co/tXiuwIG7gJ","1990686082154021106","https://pbs.twimg.com/media/G6BWcELa0AAVrKw.jpg","","en","","0","0","1","https://x.com/undefined/status/1990686082154021106","976835122480771073",
"1990681276119163175","Tue Nov 18 07:38:41 +0000 2025","0","@latte_ham この度はありがとうございました𝜗𝜚お足元にお気を付けてお帰りくださいませ。またご縁がありましたらどうぞよろしくお願いいたします꒰ ᐡᴗ͈ ·̫ ᴗ͈ ꒱","1990686081180979619","","latte_ham","ja","","0","1","0","https://x.com/undefined/status/1990686081180979619","1519249953654448128",
"1990681380175634701","Tue Nov 18 07:38:41 +0000 2025","0","@tema_variado chongqiu chongqiu? chongqiu... chongqiu chongqiu chongqiu chongqiu chongqiu","1990686080556019990","","tema_variado","und","","0","0","0","https://x.com/undefined/status/1990686080556019990","1466109439698944001",
"1990686078517588415","Tue Nov 18 07:38:40 +0000 2025","0","@barecoded good afternoon buat kamu boleh aku deketin kamu? (Sogok dengan permen )","1990686078517588415","","barecoded","in","","0","1","0","https://x.com/undefined/status/1990686078517588415","2273549084",
"1990653301977985461","Tue Nov 18 07:38:40 +0000 2025","1","@iLLNESSDEAD まさか服に付いてるとか！めっちゃ良い発想‼️そうだよね本来ファッションとはそいいうもんだよな","1990686077867471115","","iLLNESSDEAD","ja","","0","0","0","https://x.com/undefined/status/1990686077867471115","1834048837138481153",
"1990686076978266492","Tue Nov 18 07:38:40 +0000 2025","0","จริงมั้ยเนี่ยถ้าอินอูรับจริงกูร้องตั้งแต่มิสควีนล่ะ คิมบยองอินคิมโซยง #ShinHaeSun #NaInWoo","1990686076978266492","","","th","","0","0","0","https://x.com/undefined/status/1990686076978266492","2655978974",
"1990671818773188721","Tue Nov 18 07:38:39 +0000 2025","0","@oreo_oz__ 어라 저런 커마도 되었던걸까요 몰랐는데 저렇게보니까 귀여워요.... 해봐야지만 ㅠㅠ","1990686073878679667","","oreo_oz__","ko","","0","1","0","https://x.com/undefined/status/1990686073878679667","4765485199",
"1990654496192803111","Tue Nov 18 07:38:39 +0000 2025","0","@jelly_mameko くーっ！！これはノーカンだよ！！ 利敵がよぉおお！！！ (っ'ω')╮ ","1990686073798930548","","jelly_mameko","ja","","0","0","0","https://x.com/undefined/status/1990686073798930548","1536023296718032896",
"1990686073090158762","Tue Nov 18 07:38:39 +0000 2025","0","แจมินใบนี้ต้องมีต้องมีต้อง‍️‍️‍️ https://t.co/4phQv8da1u","1990686073090158762","https://pbs.twimg.com/media/G6BWbi6akAA5rjX.jpg","","th","","0","0","0","https://x.com/undefined/status/1990686073090158762","722694362312937472",
"1990685522810065189","Tue Nov 18 07:38:39 +0000 2025","0","@MickmetasO รออย่างใจจดใจจ่อแล้ววว #mickmetas #lukeso_ #LukeMick","1990686072452620503","","MickmetasO","th","","0","0","0","https://x.com/undefined/status/1990686072452620503","1933049093313736704",
"1990686072322527269","Tue Nov 18 07:38:39 +0000 2025","5","今日は時間都合でナギっちだけ ｲｴｰｽ！！ﾜﾀｼ はじめて来る場所でーす だろうね来てくれてありがとうございます！ https://t.co/3yQCBOtMl3","1990686072322527269","https://pbs.twimg.com/media/G6BWbdlbsAAeoPm.jpg","","ja","","0","0","0","https://x.com/undefined/status/1990686072322527269","1685088351672741888",
"1990686071798313027","Tue Nov 18 07:38:39 +0000 2025","0","みったんかわいいみったんかわいい、かわいいー、かわいい、ずっと可愛いからずっと喋っててほしいし、のどぬーるスプレーあげるし、ずっと喋っててほしいかわいいーらぶい","1990686071798313027","","","ja","","0","0","0","https://x.com/undefined/status/1990686071798313027","1797233258981404672",
"1990666628837560799","Tue Nov 18 07:38:39 +0000 2025","0","@Haaceemmetje Goedemorgen Helen. Jij ook een fijne dag vandaag.","1990686070871347638","","Haaceemmetje","nl","","0","0","0","https://x.com/undefined/status/1990686070871347638","2537718905",
"1990686070481309964","Tue Nov 18 07:38:39 +0000 2025","12","オレンジウミウシさんをたすけるムゥ ！ #5ひきのウミウシさん #ウミウシさん https://t.co/12catmNjMp","1990686070481309964","https://pbs.twimg.com/media/G6BWU1dboAA2EgC.jpg","","ja","","0","4","1","https://x.com/undefined/status/1990686070481309964","1202884576973967361",
"1990686069386588244","Tue Nov 18 07:38:38 +0000 2025","3"," ยินดีกับผู้โชคดีด้วยนะคะ @mrjon04 รบกวน DM มาหาบูสหน่อยน้าาา #หลิงออมวาดฝันวันวิวาห์ #LingOrm #หลิงออม https://t.co/GOaZKQNB3S","1990686069386588244","https://pbs.twimg.com/media/G6BWbZZbMAUgQEP.jpg","","th","","0","1","1","https://x.com/undefined/status/1990686069386588244","1821103472210821120",
"1990680667529867636","Tue Nov 18 07:38:38 +0000 2025","1","@yuta_show_wa つっつーん!!! お疲れ様です 真似しやすい振り ただタイミングが笑 これから馴染んで掛け声とかできてくると やりやすい かも笑 フル初めて見たけど めちゃキレキレでかっこよかったよ〜","1990686068715499624","","yuta_show_wa","ja","","0","0","0","https://x.com/undefined/status/1990686068715499624","585389741",
"1990686068556116409","Tue Nov 18 07:38:38 +0000 2025","0"," デュエマ￥3300円くじ 残り57個 残り57個 残り57個 ご来店お待ちしております ","1990686068556116409","","","ja","","0","0","0","https://x.com/undefined/status/1990686068556116409","1455033480622985216",
"1990675665411358883","Tue Nov 18 07:38:38 +0000 2025","0","@henryyy_13 初めまして！ ありがとうございます️勢いで取ったは良いけど記憶が曖昧だったので安心しました","1990686067310346659","","henryyy_13","ja","","0","1","0","https://x.com/undefined/status/1990686067310346659","974956386336497664",
"1990686066987446628","Tue Nov 18 07:38:38 +0000 2025","4","今夜締切 ／ 本日11/18（火）23:00まで！ あっちさんバースデーイベントのお申込み 受付中㊗️ ＼ これからお申込み予定の皆様は 再度ご確認をお願いいたします‍️ #EverZOneHIROKI #バースデーイベント","1990686066987446628","","","ja","","0","0","0","https://x.com/undefined/status/1990686066987446628","2433745274",
"1990686061505491180","Tue Nov 18 07:38:36 +0000 2025","5","Mga marecakes thank you sa pasalubong and freebies @infinitenwh9116 my sugar ninang thank you sa balikbayan box @woohyunmandu for dried mango @spr1ngsunflow3r @mrsnimrhong @jsmn_nam @gyutieph @InspiritxMay @bull8_queen and friends na hindi ko namention. See you soon. https://t.co/0OnWr55aSO","1990686061505491180","https://pbs.twimg.com/media/G6BWa13aoAAKioc.jpg","","tl","","0","0","1","https://x.com/undefined/status/1990686061505491180","3272494298",
"1990686057856450896","Tue Nov 18 07:38:36 +0000 2025","3","ชอบเมะที่หน้าเหมือนแมวมากอะ อย่างจูจีฮุน จูแจกยองเป็นต้น","1990686057856450896","","","th","","0","0","1","https://x.com/undefined/status/1990686057856450896","1905481383407153152",
"1989508364444078588","Tue Nov 18 07:38:35 +0000 2025","0","@higu_yb_su お仕事頑張った後のテンテン、至高になってもらえるように️‍️‍️‍","1990686056807870553","","higu_yb_su","ja","","0","0","0","https://x.com/undefined/status/1990686056807870553","1374630127405965316",
"1990534409770951091","Tue Nov 18 07:38:35 +0000 2025","0","@kaname_ailab ∠( ˙-˙ )／おっはおっハローꔛ ありがとう～今日もよろしくお願いしま～す","1990686055042052465","","kaname_ailab","ja","","0","0","0","https://x.com/undefined/status/1990686055042052465","3119949763",
"1990686047949500666","Tue Nov 18 07:38:33 +0000 2025","702","Happyyy anniversary kakak2 gen 12 #SymphonyOfColors #2ndAnnivGen12 #TwoYearsOfHarmony","1990686047949500666","","","en","","1","51","79","https://x.com/undefined/status/1990686047949500666","1851542302550003713",
"1990599462012792968","Tue Nov 18 07:38:32 +0000 2025","0","@staywithming ㅋㅂㄱㅋㅋㅋㅋㅠㅜㅜㅜㅜㅜ왜 떨떠름ㅎㅏ게 대답해 변했어 옛날에는 내가 눈만 깜빡여두 귀엽다햇으면서","1990686044078113252","","staywithming","ko","","0","0","0","https://x.com/undefined/status/1990686044078113252","1956653610902925312",
"1990686042836590859","Tue Nov 18 07:38:32 +0000 2025","0","ฉันก็รักของฉัน รักทุกอย่างที่เป็นป๋อ EXPLORING WITH YIBO #WANGYIBOxETU2Premiere https://t.co/v4vLeKEi83","1990686042836590859","https://pbs.twimg.com/media/G6BWZm4aoAEWxH-.jpg","","th","","0","0","0","https://x.com/undefined/status/1990686042836590859","1366392825504428040",
"1990686040718217364","Tue Nov 18 07:38:31 +0000 2025","0","괜찮아~ 란 대신 모카 짱이 듣고 있었으니까~ 아침은 빵파? 밥파? 라는 주제였지~? 나는 물론 빵파!","1990686040718217364","","","ko","","0","0","0","https://x.com/undefined/status/1990686040718217364","1651933305225482240",
"1990686036658434289","Tue Nov 18 07:38:30 +0000 2025","7","อยากวางรูปคู่แล้วน้องซีมาได้เลย อย่าแกล้งแม่ #GMMTV2026 #JimmySea #jimmyyjp #sea_tawinan https://t.co/LG120qT3lf","1990686036658434289","https://pbs.twimg.com/media/G6BWZSfbMAAMX3c.jpg","","th","","0","0","4","https://x.com/undefined/status/1990686036658434289","1777211521514504192",
"1990686036448457101","Tue Nov 18 07:38:30 +0000 2025","4","Your love will always stay with me; you taught me how to stand. And how can I be happy? You are the one who made every moment beautiful with you You are the one who made me love you so much You were the one who stood by me when I was sad or happy And you always stayed with me https://t.co/eKoFo8itmj","1990686036448457101","https://pbs.twimg.com/ext_tw_video_thumb/1990686002785009664/pu/img/_welSxCPGeP9zgws.jpg","","en","","0","1","2","https://x.com/undefined/status/1990686036448457101","1920457940168773632",
"1990438381046927684","Tue Nov 18 07:38:30 +0000 2025","1","@makkuroi1118 おめでとぉめでとおめでとう！！！！！ おめでとーーっ！！！！！！！！！！！ 良い一年をお過ごしになって！！！！！！！！！！！！！！️","1990686034984890650","","makkuroi1118","ja","","0","1","0","https://x.com/undefined/status/1990686034984890650","1042000239752708096",
"1990575178091540539","Tue Nov 18 07:38:29 +0000 2025","0","@ChaWoomint KM KIRA KITA HIDUP DI DUNIA FANTASI KAH ","1990686031046439220","","ChaWoomint","in","","0","1","0","https://x.com/undefined/status/1990686031046439220","1407330376222138380",
"1990686028441792838","Tue Nov 18 07:38:28 +0000 2025","0","ฟอสรอบุ๊คตื่นก่อนปะ ถึงจะลงรูปพร้อมกัน ‍↔️ ลงเถอะพี่ หนูว้าวุ่นมาก งานการไม่ได้ทำแล้ว ㅠㅠㅠㅠㅠㅠㅠ","1990686028441792838","","","th","","0","0","0","https://x.com/undefined/status/1990686028441792838","1451169123216490498",
"1990686022699802914","Tue Nov 18 07:38:27 +0000 2025","5","散々ハイトーンリウ別格大好きピーピーギャーギャーっつってんのに下段右から2番目への執着未だにえぐい https://t.co/3KDWQ012ML","1990686022699802914","https://pbs.twimg.com/media/G6BWYRraAAAM2gQ.jpg","","ja","","0","0","0","https://x.com/undefined/status/1990686022699802914","1853378710193537024",
"1990676794178220185","Tue Nov 18 07:38:27 +0000 2025","0","@SserafimCharts LE SSERAFIM TOKYO DOME ENCORE D-1 #EASY_CRAZY_HOT_ENCORE #EASY_CRAZY_HOT_ENCORE_TOKYODOME","1990686022460715082","","SserafimCharts","fr","","0","0","0","https://x.com/undefined/status/1990686022460715082","1850503285805051906",
"1990643294691602822","Tue Nov 18 07:38:27 +0000 2025","1","@LingormLing26 ป้าดีใจมาก #หลิงออมวาดฝันวันวิวาห์ #LingOrm #หลิงออม‌","1990686021131059429","","LingormLing26","th","","0","0","0","https://x.com/undefined/status/1990686021131059429","1808136296856276997",
"1990686018878709951","Tue Nov 18 07:38:26 +0000 2025","1","고모가 안도노 코스옷보고 입어보고 싶다길래 바로 입혀드렸더니 좋아하시더라 나중에 집에 페고옷 갖고와서 고모랑 단둘이서 스샷 찍을까?ㅋㅋㅋㅋㅋㅋㅋㅋㅋ","1990686018878709951","","","ko","","0","0","0","https://x.com/undefined/status/1990686018878709951","729934894571212801",
"1990674209853333612","Tue Nov 18 07:38:26 +0000 2025","0","@evenx หนาวหนิงอันไหนคะ ขายหน่อยได้มั้ยคะ อยากกินขนมผิง ","1990686018086056212","","evenx","th","","0","1","0","https://x.com/undefined/status/1990686018086056212","284512964",
"1982897307080347886","Tue Oct 28 03:57:59 +0000 2025","1","@AQUA191V - Indomie when I genuinely want a little treat - Shin or Jin Ramyeon when I want it more substantial + comforting - Carbonara Buldak when I want the endorphins (happy chemicals) from painful spice bc PMS - @ViteRamen when I can get it in stock and need things more balanced","1983020392915800165","","AQUA191V","en","","0","3","0","https://x.com/undefined/status/1983020392915800165","1324357671139471361",
"1982779555237540212","Mon Oct 27 12:24:28 +0000 2025","0","@rikumyhime indomie spicy ramyeon","1982785467104842045","","rikumyhime","en","","0","1","0","https://x.com/undefined/status/1982785467104842045","1455139526985142277",
"1981648783164457073","Sat Oct 25 03:51:22 +0000 2025","0","@gimmeyeline @plave_official Please dduks collab with Indomie. Include benefit PC Indomie is also quite popular brand from Indonesia in Korea. It's Indonesia's Ramyeon brand","1981931568026554684","","gimmeyeline","en","","0","1","0","https://x.com/undefined/status/1981931568026554684","244401392",
"1980671553705820628","Sat Oct 25 03:18:44 +0000 2025","0","wts ina | newjeans ෆ hanni zoom + nwjns 1st album + indomie photocard ෆ IDR 201 250 for set all in ෆ depok ෆ link: https://t.co/tOxYcEwGWb t. new jeans njz","1981923354761470392","","ieattheavocado","en","","0","1","0","https://x.com/undefined/status/1981923354761470392","1457943841948848128",
"1981664593912246439","Fri Oct 24 10:10:31 +0000 2025","0","@𝗵𝘆𝗲𝗶𝗻𝗱𝗲𝘀𝗸 Hi Star Aspire! I m Hyein mixing NewJeans energy with Indomie flavor for my Gia s Diner fortopolio Food fun and camera-ready confidence all in one bite! https://t.co/uxL5XXe2QD","1981664593912246439","https://pbs.twimg.com/media/G4BJbtPXUAAlaVz.jpg","","en","","1","0","0","https://x.com/undefined/status/1981664593912246439","1821028766782779393",
"1981444931043332414","Fri Oct 24 02:29:36 +0000 2025","0","@GoonRizzumaki @metropkwy idk goonaruto that lowk looks like indomie to me which isn't ramen the fact you would compare 2 different asian instant noodles and declare them as the same? that's kinda racist and what if it's ramyeon? guys let's cancel goonaruto /j","1981548600107946473","","GoonRizzumaki","en","","0","1","0","https://x.com/undefined/status/1981548600107946473","1873430219081850881",
"1980671553705820628","Tue Oct 21 16:24:32 +0000 2025","0","wts ina | newjeans ෆ hanni zoom + nwjns 1st album + indomie photocard ෆ IDR 201 250 for set all in ෆ depok ෆ link: https://t.co/1WHBxPu0Ed t. new jeans njz","1980671553705820628","","","en","","0","1","0","https://x.com/undefined/status/1980671553705820628","1457943841948848128",
"1978879444283482361","Sat Oct 18 08:42:08 +0000 2025","1","@IndomieNigeria Supervise them and give them my rules on how I want my indomie to be....I don't want ramyeon ","1979468024403874235","","IndomieNigeria","en","","0","1","0","https://x.com/undefined/status/1979468024403874235","1334244149806194694",
"1978591949750771839","Thu Oct 16 15:18:56 +0000 2025","0","@NANCY0V @NJZBAM2 And I can t find Indomie Newjeans here in my city Indonesia is large dumbass","1978843108440682963","","arrriiie39","en","","0","0","0","https://x.com/undefined/status/1978843108440682963","107256407",
"1975745441972015178","Wed Oct 08 02:49:20 +0000 2025","0","@lxverainyblue Newjeans if they are indomie","1975755360742060049","","lxverainyblue","en","","0","1","0","https://x.com/undefined/status/1975755360742060049","1929164945800966144",
"1973766904335733002","Thu Oct 02 15:48:17 +0000 2025","0","@jhaehyuniie indomie spicy ramyeon ","1973777064479375470","","jhaehyuniie","en","","0","1","0","https://x.com/undefined/status/1973777064479375470","1911449086093336577",
"1973766904335733002","Thu Oct 02 15:47:55 +0000 2025","0","@Jouronal indomie spicy ramyeon bby","1973776969075658915","","Jouronal","en","","0","1","0","https://x.com/undefined/status/1973776969075658915","1911449086093336577",
"1942624448282255716","Mon Sep 29 05:53:13 +0000 2025","0","wts ina newjeans njz indomie mini photocard set 65K ෆ manual/ ෆ depok https://t.co/DzmJfU3zZv","1972540144080339399","https://pbs.twimg.com/media/G1_ezswbEAA33hG.jpg","ieattheavocado","en","","0","0","0","https://x.com/undefined/status/1972540144080339399","1457943841948848128",
"1970486382016766186","Tue Sep 23 13:52:17 +0000 2025","13","All the ramyeon that Xiumin made in season 1 (I am cooking indomie right now because my mouth is watering from screenshotting all this) https://t.co/9Nb9OmKxih","1970486382016766186","https://pbs.twimg.com/media/G1iS69abAAAlgmI.jpg","","en","","0","1","9","https://x.com/undefined/status/1970486382016766186","1416787531358605312",
"1969283236074242416","Sat Sep 20 06:12:27 +0000 2025","0","indomie spicy ramyeon ","1969283495982751831","","jungwonIPB","en","","0","0","0","https://x.com/undefined/status/1969283495982751831","1729371049379381248",
"1965287321219273170","Tue Sep 09 05:33:05 +0000 2025","498","Remember when Indomie do a full global promo for Indomie x NewJeans https://t.co/8XmjPzkZRG","1965287321219273170","https://pbs.twimg.com/amplify_video_thumb/1965287245432377344/img/ZO-84FP7ikXTNwcg.jpg","","en","","1","4","64","https://x.com/undefined/status/1965287321219273170","1580155929991196672",
"1963864901102760263","Fri Sep 05 08:03:04 +0000 2025","0","@RR_FR01 @Snper22 As of Sept 2025 NewJeans' deals are limited due to ADOR dispute &amp; hiatus. Many group endorsements ended (e.g. Coca-Cola Pepero Shinhan). Active group: Indomie (since 2024 expiration unclear). Individual: - Minji: Chanel - Hanni: Gucci Armani Beauty - Danielle: Burberry ","1963875514889929048","","RR_FR01","en","","0","1","0","https://x.com/undefined/status/1963875514889929048","1720665183188922368",
"1960945143659303312","Thu Aug 28 05:58:49 +0000 2025","1","Gonna restock my pantry with Nongshim Ramyeon if they win (I have recently ran out and need more variety outside of the base Indomie variants)","1960945143659303312","","","en","","0","0","0","https://x.com/undefined/status/1960945143659303312","940879795721818113",
"1960676694010028201","Wed Aug 27 12:12:06 +0000 2025","4","nongshim please i will stop buying indomie and start eating nongshim ramyeon from now on","1960676694010028201","","","en","","0","0","0","https://x.com/undefined/status/1960676694010028201","1162752542624714752",
"1960612846083170456","Wed Aug 27 07:58:23 +0000 2025","0","I just tried the new flavor of Indomie Korean series the flavor is Spicy Ramyeon that I eat for lunch. Have you ever tried it yet?","1960612846083170456","","","en","","0","0","0","https://x.com/undefined/status/1960612846083170456","978941379094110208",
"1959123031650889778","Sat Aug 23 05:18:24 +0000 2025","283","My friend bought Indomie packs and received NewJeans photocards ofc they are now mine. https://t.co/AaZ4daoYI8","1959123031650889778","https://pbs.twimg.com/media/GzA0Ak2boAE6XeN.jpg","","en","","1","0","21","https://x.com/undefined/status/1959123031650889778","1580155929991196672",
"1957670947827445936","Tue Aug 19 13:31:55 +0000 2025","0","@johnnystuh Degggg no indomie spotted here adanya ramyeon mokgeo gallae? ","1957797677753852171","","johnnystuh","en","","0","1","0","https://x.com/undefined/status/1957797677753852171","910331210781487105",
"1957655132667277480","Tue Aug 19 04:05:29 +0000 2025","0","snagged indomie x newjeans mini postcard set couldnt believe my eyes when i saw it in the supermarket https://t.co/VbXE0PnLci","1957655132667277480","https://pbs.twimg.com/media/Gyr89YZacAY8LWv.jpg","","en","","0","0","0","https://x.com/undefined/status/1957655132667277480","1366104529649897472",
"1956723386484433180","Sat Aug 16 14:23:04 +0000 2025","0","The success of Indomie × NewJeans highlights how Indonesia sets the standard for K-Pop brand power. From creative campaigns to global buzz it proves Indonesian fans and brands together can influence the world stage in unique and powerful ways.","1956723389634326718","","rezxhfx","en","","0","0","0","https://x.com/undefined/status/1956723389634326718","1856615286390304770",
"1956723386484433180","Sat Aug 16 14:23:04 +0000 2025","3","In 2025 Indonesia shines as a top K-Pop hub with Indomie proudly teaming up with NewJeans. This collab shows how local brands are not just following trends but leading the wave proving Indonesia s strength in shaping global K-Pop culture. #NewJeans #Indonesia https://t.co/WdxFeWQ679","1956723386484433180","https://pbs.twimg.com/media/GyesfVtb0AAHNpp.jpg","","en","","0","1","0","https://x.com/undefined/status/1956723386484433180","1856615286390304770",
"1955505478898946563","Wed Aug 13 05:43:32 +0000 2025","1","🆕 want to sell / wts postcard newjeans (NJZ) x indomie - ⁠only on - ⁠10k (include frame &amp; 3 postcards) - ⁠ kab tang NewJeans postcard for sale Minji Hani Danielle Haerin Hyein postcard #zonauang #NewJeans #newjeansxindomie #NJZ https://t.co/fmiShSSSWn","1955505478898946563","https://pbs.twimg.com/media/GyNZ25caEAIPuMk.jpg","","en","","0","0","0","https://x.com/undefined/status/1955505478898946563","1303522778482577409",
"1954753948612775970","Mon Aug 11 03:57:13 +0000 2025","0","just got the newjeans x indomie noodles bro i miss my girls sm","1954753948612775970","","","en","","1","1","0","https://x.com/undefined/status/1954753948612775970","1127070043009736704",
"1951933022644875594","Sun Aug 03 09:07:52 +0000 2025","1441"," I miss newjeans but indomie so delicious BUNNIES STAWPH https://t.co/XpSxnuFSMQ","1951933022644875594","https://pbs.twimg.com/ext_tw_video_thumb/1951932980911624193/pu/img/gNg9mfpupc_nMqJx.jpg","","en","","11","2","201","https://x.com/undefined/status/1951933022644875594","1671153525085323266",
"1950909134028550567","Thu Jul 31 13:19:18 +0000 2025","0","🆕 want to sell / wts postcard newjeans (NJZ) x indomie - ⁠only on - ⁠10k (include frame &amp; 3 postcards) - ⁠ kab tang NewJeans postcard for sale Minji Hani Danielle Haerin Hyein postcard #zonauang #NewJeans #newjeansxindomie #NJZ https://t.co/abcOpmmnHm","1950909134028550567","https://pbs.twimg.com/media/GxMFgO8a0AA17wh.jpg","","en","","0","1","0","https://x.com/undefined/status/1950909134028550567","1303522778482577409",
"1950545924054278645","Wed Jul 30 13:16:02 +0000 2025","0","🆕 want to sell / wts postcard newjeans (NJZ) x indomie - ⁠only on - ⁠10k (include frame &amp; 3 postcards) - ⁠ kab tang NewJeans postcard for sale Minji Hani Danielle Haerin Hyein postcard #zonauang #NewJeans #newjeansxindomie #NJZ https://t.co/Erj99FE4aU","1950545924054278645","https://pbs.twimg.com/media/GxG7JhxbYAAG3ec.jpg","","en","","0","0","0","https://x.com/undefined/status/1950545924054278645","1303522778482577409",
"1949496163633340649","Sun Jul 27 15:44:39 +0000 2025","2","ternyata we don t need shin ramyun to make the perfect ramyeon god bless indomie","1949496163633340649","","","en","","0","0","0","https://x.com/undefined/status/1949496163633340649","975875941",
"1949395675042431064","Sun Jul 27 09:09:11 +0000 2025","0","@cheezieyu indomie spicy ramyeon!!","1949396639225184709","","cheezieyu","en","","0","1","0","https://x.com/undefined/status/1949396639225184709","1357921257140805634",
"1949107027206422549","Sat Jul 26 17:13:31 +0000 2025","0","@idextratime going to buy more indomie and stream more newjeans","1949156139154931850","","idextratime","en","","0","0","0","https://x.com/undefined/status/1949156139154931850","1606209658993065984",
"1949138359588163690","Sat Jul 26 16:02:54 +0000 2025","0","successful host benefits: * free purple macaron binder * free 2 line friends minji photocard * free 2 supernatural unsealed album * free newjeans indomie cards # newjeans minji hanni haerin danielle hyein sg25 get up supernatural line friends sg 24 newjeans weverse pc ph mhdhh","1949138365858640213","","gigibreadlover","en","","0","1","0","https://x.com/undefined/status/1949138365858640213","1601484514739781632",
"1948995950141190511","Sat Jul 26 06:36:59 +0000 2025","0","yall indomie or ramyeon","1948995950141190511","","","en","","0","0","0","https://x.com/undefined/status/1948995950141190511","1721866746968322048",
"1948415353836417502","Thu Jul 24 16:09:54 +0000 2025","0","remember when i ate noodles with my friends they ate ramen ramyeon and all sorts meanwhile i proudly ate INDOMIE GORENG JUMBO","1948415353836417502","","","en","","0","0","0","https://x.com/undefined/status/1948415353836417502","1271785887345471488",
"1947872851660574863","Wed Jul 23 04:48:23 +0000 2025","1","@Geri911 SHOPEE!!! https://t.co/jgpdsQK6vx","1947881453980979414","","Geri911","en","","0","1","0","https://x.com/undefined/status/1947881453980979414","902817086379982848",
"1947643858806050975","Tue Jul 22 13:04:16 +0000 2025","0","🆕 want to sell / wts postcard newjeans (NJZ) x indomie - ⁠only on - ⁠10k (include frame &amp; 3 postcards) - ⁠Tangerang city NewJeans postcard for sale Minji Hani Danielle Haerin Hyein postcard #zonauang #NewJeans #newjeansxindomie #NJZ https://t.co/k6sO4NUFRo","1947643858806050975","https://pbs.twimg.com/media/Gwdrw6QXkAAImpM.jpg","","en","","0","0","0","https://x.com/undefined/status/1947643858806050975","1303522778482577409",
"1947000330371371057","Sun Jul 20 18:27:06 +0000 2025","0","Nah I prefer the og one. Simple chic and badass. This lowkey looks like that njz indomie ramyeon series ads.","1947000330371371057","","","en","","0","0","0","https://x.com/undefined/status/1947000330371371057","2911898652",
"1944992808567193966","Tue Jul 15 05:29:56 +0000 2025","3","Indomie Spicy Ramyeon Link produk: https://t.co/5dU8YaQInj https://t.co/y57pf29ZyV https://t.co/MOeOapXpAG #indomie #indomiespicyramyeon #spicyramyeon #mie #indomiepremiumcollection #noodles #instantnoodles #mieinstan https://t.co/WPS7LYYMKG","1944992808567193966","https://pbs.twimg.com/ext_tw_video_thumb/1944992711271960577/pu/img/ie40HIdH2XIW6T_y.jpg","","en","","0","0","2","https://x.com/undefined/status/1944992808567193966","979689668",
"1944617698916499553","Mon Jul 14 05:14:36 +0000 2025","0","SVT klo collab sm local brand lg smoga kluarin photocard ky gini jg I think freebies Ind0food bgs2 &amp; kreatif ky lenticular card photostrip SVT x chitato/ indomilk sm the Newjeans Indomie postcards jg lucu! Tp once in a while normal photocards would be nice too ","1944626561677660419","","HeyLukiHere","en","","0","1","0","https://x.com/undefined/status/1944626561677660419","715242589939572736",
"1943279105627271552","Thu Jul 10 12:00:17 +0000 2025","1","If Korea has Kimchi to eat Ramyeon Indonesia has daun singkong to eat Indomie https://t.co/AUX0J2BrnT","1943279105627271552","https://pbs.twimg.com/media/GvfqBwLXcAA7P6T.jpg","","en","","0","0","0","https://x.com/undefined/status/1943279105627271552","1805364128745504771",
"1942624448282255716","Wed Jul 09 05:33:25 +0000 2025","0","wts ina newjeans njz indomie mini photocard set 65K exc shopee fee 12% depok https://t.co/WaUbT1qrrH","1942819358407025038","https://pbs.twimg.com/media/GvZH534aYAQdDHe.jpg","ieattheavocado","en","","0","1","0","https://x.com/undefined/status/1942819358407025038","1457943841948848128",
"1942624448282255716","Tue Jul 08 16:38:55 +0000 2025","0","wts newjeans njz hanni season's greetings 2025 sg25 8 pcs 120K indomie mini photocard set 65K exc shopee fee 12% depok https://t.co/Ig9gfP3fP5","1942624448282255716","https://pbs.twimg.com/media/GvWWo7SbEAAGbMX.jpg","","en","","1","1","1","https://x.com/undefined/status/1942624448282255716","1457943841948848128",
"1942402796730646897","Tue Jul 08 10:18:58 +0000 2025","0","5. Indomie spicy ramyeon favorite gue","1942528831925149767","","untillrockstar","en","","0","1","0","https://x.com/undefined/status/1942528831925149767","1920700505770405888",
"1941752403495108766","Sun Jul 06 06:53:43 +0000 2025","0","🆕 want to sell / wts postcard newjeans (NJZ) x indomie - ⁠only on - ⁠10k (include frame &amp; 3 postcards) - ⁠Tangerang city NewJeans postcard for sale Minji Hani Danielle Haerin Hyein postcard #zonauang #NewJeans #newjeansxindomie #NJZ https://t.co/t5GbWjKtr3","1941752403495108766","https://pbs.twimg.com/media/GvJ9g7_agAAexd_.jpg","","en","","0","0","0","https://x.com/undefined/status/1941752403495108766","1303522778482577409",
"1941495156492165253","Sat Jul 05 13:51:31 +0000 2025","0","🆕 want to sell / wts postcard newjeans (NJZ) x indomie - ⁠only on - ⁠10k (include frame &amp; 3 postcards) - ⁠Tangerang city NewJeans postcard for sale Minji Hani Danielle Haerin Hyein postcard #zonauang #NewJeans #newjeansxindomie #NJZ https://t.co/NO0XIGxWgK","1941495156492165253","https://pbs.twimg.com/media/GvGThrsaAAIFQZu.jpg","","en","","0","0","0","https://x.com/undefined/status/1941495156492165253","1303522778482577409",
"1940699623385174101","Thu Jul 03 14:03:35 +0000 2025","2","wts ina lfb storange box pc photocard sticker 3k / ea newjeans postcard x indomie 10k all tapcash jaemin candy unseal (saldo 10k) 65k tapcash jeno candy sealed 60k tapcash haechan mark candy 55k / ea (ga ke foto) jaksel accept ww worldwide but must have ina address https://t.co/81aFeM5v50","1940773419265806640","https://pbs.twimg.com/media/Gu8DHsRXwAAVrkq.jpg","nectarns","en","","0","5","0","https://x.com/undefined/status/1940773419265806640","2653680361",
"1940693250903626096","Thu Jul 03 08:53:28 +0000 2025","0","@ijbolismimpact newjeans indomie","1940695373338890634","","ijbolismimpact","en","","0","1","0","https://x.com/undefined/status/1940695373338890634","1745736739422085120",
"1940427798721753324","Wed Jul 02 15:10:58 +0000 2025","0","13. @sickovolante as Indomie Spicy Ramyeon. https://t.co/iGOZqumDkW","1940427988140691855","https://pbs.twimg.com/media/Gu3I9yQWMAAm4R3.jpg","komburfess","en","","0","1","0","https://x.com/undefined/status/1940427988140691855","947988458",
"1939900362300993928","Tue Jul 01 04:23:00 +0000 2025","0","@ggvkevst Nitip indomie newjeans️️","1939902533537079708","","dustofmisu","en","","0","1","0","https://x.com/undefined/status/1939902533537079708","4702302998",
"1939614803645096026","Mon Jun 30 09:27:37 +0000 2025","0","@tomattosss ada album only+ qr sm newjeans indomie postcard nih","1939616805930311892","","165site","en","","0","0","0","https://x.com/undefined/status/1939616805930311892","1683840892569018370",
"1939498240858321241","Mon Jun 30 01:36:29 +0000 2025","0","arghhh indomie spicy ramyeon️‍","1939498240858321241","","","en","","0","0","0","https://x.com/undefined/status/1939498240858321241","1851115734140878848",
"1938886000715108771","Sat Jun 28 09:16:35 +0000 2025","1","@58puppylo they claim bcs of this news chanel release the picture. Well chanel tagging newjeans_official..Chanel never acknowledged mhdhh or any revolutionary action by them. Only indomie do so but last 2 month indomie also make a drastic Uturn and using newjeans back","1938889251363737635","","58puppylo","en","","0","0","0","https://x.com/undefined/status/1938889251363737635","1899447350273409024",
"1938079221923848247","Thu Jun 26 03:37:48 +0000 2025","6","whhy are there newjeans photocards in my pack of indomie","1938079221923848247","","","en","","0","1","0","https://x.com/undefined/status/1938079221923848247","786661786326040576",
"1937771415786389815","Wed Jun 25 07:14:42 +0000 2025","1","didnt get to go to the pop ups in makati so i had to order online #OhMyGoodItsIndomie #KoreanRamyeonSeries https://t.co/obObddecPb","1937771415786389815","https://pbs.twimg.com/media/GuRY1ULbwAEN_pU.jpg","","en","","0","1","0","https://x.com/undefined/status/1937771415786389815","1849425700304134144",
"1935307417597919700","Wed Jun 18 12:03:39 +0000 2025","0","wts wtb photocard pc bts newjeans nj indomie postcard ina","1935307417597919700","","","en","","0","0","0","https://x.com/undefined/status/1935307417597919700","402465149",
"1934951153177157936","Tue Jun 17 12:27:59 +0000 2025","745","Can t wait to get home eat Indomie and have NewJeans and other good music on loop. My kind of reset. https://t.co/PQNTPoi7z5","1934951153177157936","https://pbs.twimg.com/media/GtpT0AOa4AAzT2E.jpg","","en","","2","4","83","https://x.com/undefined/status/1934951153177157936","1284667182236893184",
"1934926365725479281","Tue Jun 17 10:49:29 +0000 2025","9","newjeans x indomie pop up at PITX the postcards are included in their k-flavors 10 pack ! https://t.co/Ky061nGPBN","1934926365725479281","https://pbs.twimg.com/media/Gto9RXua0AMr1-E.jpg","","en","","0","0","0","https://x.com/undefined/status/1934926365725479281","939746318905327617",
"1934605246577451389","Mon Jun 16 13:33:28 +0000 2025","2"," wts aab bts photocard jk v ina ୨୧ co ୨୧ include all ୨୧ dm for condition batam ୨୧ splitpay spay yaa wts wtb photocard pc bts newjeans nj indomie postcard https://t.co/mQgZrNn2iy","1934605246577451389","https://pbs.twimg.com/media/GtkZNgCakAAOf49.jpg","","en","","1","0","0","https://x.com/undefined/status/1934605246577451389","402465149",
"1934243574612459672","Sun Jun 15 17:40:18 +0000 2025","0","@swty31 oh no! that well know famous popular but also notoriously hot spicy Indomie! I ever saw those some Youtube content creators tried this instant noodles and some said better the taste of the original Indomie taste. if they prefer the spicy one mostly choose instant Ramyeon.","1934304976358273492","","swty31","en","","0","0","0","https://x.com/undefined/status/1934304976358273492","1879140624697602048",
"1933080056378896520","Thu Jun 12 08:32:54 +0000 2025","3","WTS POSTCARD INDOMIE X NEW JEANS #newjeans #NewJeans #indomie #pc #photocard #PHOTOCARD #postcard #wts #bunnies #BUNNIES #Minji #Hanni #Haerin #Hyein #Danielle #zonajajan #zonauang #kpop #kpopers https://t.co/5vAx0gVURB","1933080056378896520","https://pbs.twimg.com/media/GtOuCq4b0AArK-a.jpg","","en","","0","0","2","https://x.com/undefined/status/1933080056378896520","1049609415463133189",
"1932809559644778947","Wed Jun 11 14:38:03 +0000 2025","4","sorry for late joining indomie date. but still i make indomie spicy ramyeon for celebrate 1M stream for merry go round. once again congratssss @eaJPark for #1Millionformgr #eaJmerrygoround https://t.co/DC0gTynckL","1932809559644778947","https://pbs.twimg.com/media/GtK3_knbEAABJ2W.jpg","","en","","0","0","0","https://x.com/undefined/status/1932809559644778947","1428519893171773445",
"1932727931220136372","Wed Jun 11 11:14:13 +0000 2025","0","@noturstrby indomie spicy ramyeon","1932758262845489588","","noturstrby","en","","0","1","0","https://x.com/undefined/status/1932758262845489588","1931608832167567360",
"1932053127588725162","Mon Jun 09 12:32:16 +0000 2025","1","Check out 'WTS NewJeans x Indomie Mini Postcards' available at RM40 on #Carousell https://t.co/15PZ4NrQIY @PasarNewJeans https://t.co/SRGGqFt7W0","1932053127588725162","https://pbs.twimg.com/media/GtAIEjVagAA6ZeN.jpg","","en","","0","0","1","https://x.com/undefined/status/1932053127588725162","1591750171112927235",
"1931732214041190751","Sun Jun 08 15:48:17 +0000 2025","6","@gakankulangi Still seeing Olens Calvin Klein UGG and Indomie and Chanel for Minji absolutely everywhere Minji is still under 3 products on the Chanel no1 product camelia futura and eclat premier despite change of global ambassadors the NewJeans Pepero is still everywhere they ll be alright","1931740069238333709","","342milesfromyou","en","","0","1","0","https://x.com/undefined/status/1931740069238333709","1642578009273008129",
"1930333222396932510","Wed Jun 04 18:37:58 +0000 2025","0","Indomie spicy ramyeon","1930333222396932510","","","en","","0","1","0","https://x.com/undefined/status/1930333222396932510","1613785930602778624",
"1929156544962130087","Sun Jun 01 12:42:16 +0000 2025","0","Twice's colors tuh AKU banget! Pas mereka rilis official colors + ls aku seneng BANGETTT Peachy Chae used to be my nickname in highschool Twice Magenta + Apricot BTS Purple NewJeans Pink Purple (not official tapi dari collab Mcd sampe Indomie warnanya itu) ","1929156544962130087","","","en","","0","1","0","https://x.com/undefined/status/1929156544962130087","1049117031272861697",
"1926970005708530150","Mon May 26 12:35:55 +0000 2025","0","@partyboylix newjeans has a collab with indomie right?","1926980617406726438","","partyboylix","en","","0","1","0","https://x.com/undefined/status/1926980617406726438","1376499859763658753",
"1926858263447945442","Mon May 26 04:29:43 +0000 2025","1","indomie x newjeans pop-up store in bangkok thailand ️ #OhMyGoodItsIndomie #IndomieThailand #NewJeans #NJZ #MHDHH https://t.co/e4GvGIUrz2","1926858263447945442","https://pbs.twimg.com/media/Gr2TWKPXYAE2J_Q.jpg","","en","","0","0","0","https://x.com/undefined/status/1926858263447945442","145898361",
"1926602268897312834","Sun May 25 11:32:30 +0000 2025","0","Finally found NJZ #OhMyGoodItsIndomie #IndomieThailand #NewJeans #NJZ #MHDHH https://t.co/AbVAl2uqtf","1926602268897312834","https://pbs.twimg.com/media/GryqigbXUAAg1xM.jpg","","en","","0","0","0","https://x.com/undefined/status/1926602268897312834","1304464112315891713",
"1926327743337136194","Sat May 24 17:21:38 +0000 2025","17","choose one! #ohmygooditsindomie #indomiethailand #mhdhh #njz #newjeans https://t.co/zb2eWT3ziY","1926327743337136194","https://pbs.twimg.com/media/Gruw3keWMAAHnkS.jpg","","en","","0","2","0","https://x.com/undefined/status/1926327743337136194","1724013374399475712",
"1926169118257856809","Sat May 24 06:51:18 +0000 2025","3","#ohmygooditsindomie #indomiethailand We love NJZ️ https://t.co/yE0rShYPwa","1926169118257856809","https://pbs.twimg.com/media/GrsgmbhW0AApYyL.jpg","","en","","0","0","0","https://x.com/undefined/status/1926169118257856809","826385578258108417",
"1926164903800242573","Sat May 24 06:34:34 +0000 2025","13","NewJeans x Indomie 🇹🇭 สถานที่จัด Event Pop-Up CentralwOrld Zone Becon3 ️วันที่ 23-25 พ.ค. 2025 #ohmygooditsindomie #indomiethailand #뉴진스 #NewJeans #jeanzforfree #NJZ https://t.co/qjbTAMURiN","1926164903800242573","https://pbs.twimg.com/amplify_video_thumb/1926164806794461184/img/Q92zurEzHKVV1_ok.jpg","","en","","0","0","8","https://x.com/undefined/status/1926164903800242573","1080947990",
"1926087130058547306","Sat May 24 01:25:31 +0000 2025","0","upp 𐙚 all mem still avail t. wts lfb njz mhdhh jeanz newjeans x indomie exclusive mini postcards minji hanni dani haerin hyein pc","1926087130058547306","","","en","","0","0","0","https://x.com/undefined/status/1926087130058547306","1490553223349870599",
"1925952763982123308","Fri May 23 16:31:36 +0000 2025","272","indomie x newjeans pop-up store in bangkok thailand #OhMyGoodItsIndomie #IndomieThailand #NewJeans #NJZ #MHDHH https://t.co/mozcUmSSi3","1925952763982123308","https://pbs.twimg.com/amplify_video_thumb/1925952665206263809/img/L1qtcBuNGfiw7EyQ.jpg","","en","","0","0","67","https://x.com/undefined/status/1925952763982123308","1724013374399475712",
"1925904367510597857","Fri May 23 13:19:17 +0000 2025","0","Indomie spicy ramyeon","1925904367510597857","","","en","","0","0","0","https://x.com/undefined/status/1925904367510597857","1630855427088084994",
"1925897509630583106","Fri May 23 12:52:02 +0000 2025","0","Tryna get Indomie NJZ pack for next paycheck #OhMyGoodItsIndomie","1925897509630583106","","","en","","0","0","0","https://x.com/undefined/status/1925897509630583106","245217750",
"1925879388676976724","Fri May 23 12:08:59 +0000 2025","0","note - ₱50 nrdp payo rembal once intransit - direct ggx or jnt ! - prio taking more can steal rcbyt : https://t.co/ubSsYVeDMP t. wts lfb njz mhdhh jeanz newjeans x indomie exclusive mini postcards minji hanni dani haerin hyein pc","1925886675399360765","","shuapastelcrt","en","","0","1","0","https://x.com/undefined/status/1925886675399360765","1490553223349870599",
"1925879388676976724","Fri May 23 11:40:02 +0000 2025","1","#shpastelsells : wts lfb ph go ! 𐙚 njz x indomie mini postcards tingi FETA ₱100 ea mem / ₱80 ea grp 𐙚 - must take all to push ! - prio taking DN HI &amp; GRP ! - check alt ! ~ dm/mine to claim ^^ t. njz mhdhh jeanz newjeans x indomie minji hanni dani haerin hyein https://t.co/iSSqhhc7sU","1925879388676976724","https://pbs.twimg.com/media/GroZGEcX0AASKVD.jpg","","en","","1","1","0","https://x.com/undefined/status/1925879388676976724","1490553223349870599",
"1925814629625704865","Fri May 23 07:22:42 +0000 2025","4","Indomie x NewJeans @ Thailand จาก CTW Becon3 #OhMyGoodItsIndomie #IndomieThailand #NewJeans #NJZ #MHDHH https://t.co/OeLieI8ejE","1925814629625704865","https://pbs.twimg.com/media/GrndjGRXIAA_6Xb.jpg","","en","","0","0","2","https://x.com/undefined/status/1925814629625704865","187982900",
"1925784626619883903","Fri May 23 05:23:28 +0000 2025","382","thank you indomie #OhMyGoodItsIndomie #IndomieThailand #NewJeans #NJZ #MHDHH https://t.co/pPh8kYs10Z","1925784626619883903","https://pbs.twimg.com/amplify_video_thumb/1925784549490888705/img/2tzF4X9pTKfhlTI9.jpg","","en","","1","0","112","https://x.com/undefined/status/1925784626619883903","1724013374399475712",
"1924851162034950429","Wed May 21 04:44:22 +0000 2025","3","@basix_rush any brand who give the best money and benefit will win the deal. there's nothing to do w/ the country. newjeans w/ indomie. so many kpop artists invited by tokopedia in pandemic era.","1925050007348248914","","basix_rush","en","","0","0","0","https://x.com/undefined/status/1925050007348248914","1602653354437804033",
"1923985504787366179","Sun May 18 06:14:24 +0000 2025","1","WTS New jeans X Indomie Post Card. Area Medan. #postcard #kpop #newjeansxindomie #newjeans https://t.co/eOBE9olWbi","1923985504787366179","https://pbs.twimg.com/media/GrNenZhXwAA8riP.jpg","","en","","0","0","0","https://x.com/undefined/status/1923985504787366179","1190999015149596673",
"1922581138205200617","Sat May 17 09:24:33 +0000 2025","0","@cerealcakes Indomie Korean x NewJeans collab memang top-tier crossover","1923670968511365389","","cerealcakes","en","","0","0","0","https://x.com/undefined/status/1923670968511365389","1815309248899006464",
"1923668898366529945","Sat May 17 09:16:20 +0000 2025","0","wts wtb photocard pc bts newjeans nj indomie postcard ina","1923668898366529945","","","en","","0","0","0","https://x.com/undefined/status/1923668898366529945","402465149",
"1921430669617680510","Sat May 17 06:13:12 +0000 2025","0","@coppamagz @Indomielovers beli indomie bonus newjeans... this is what dreams are made of ","1923622814281761054","","coppamagz","en","","0","0","0","https://x.com/undefined/status/1923622814281761054","1904036214325567488",
"1923295120394183148","Fri May 16 09:24:46 +0000 2025","0","@wloverleaf indomie spicy ramyeon sell","1923308633963577453","","wloverleaf","en","","0","1","0","https://x.com/undefined/status/1923308633963577453","1296061732977176579",
"1923291796148220021","Fri May 16 08:17:51 +0000 2025","0","WTS POSTCARD NJZ INDOMIE NEW JEANS Harga : 27k IDR/ 2$ ️Shopee https://t.co/s5yFeMxLQG ️Tokped https://t.co/ueojyXsIhp Gratis ongkir Merchandise Official Merch Hanni Haerin Minji Danielle Hyein Newjeans PC New Cheap Murah https://t.co/j58IP1w8Rv","1923291796148220021","https://pbs.twimg.com/media/GrDnsLfagAA1AO3.jpg","","en","","0","0","0","https://x.com/undefined/status/1923291796148220021","1510100491631742977",
"1922951875424403688","Thu May 15 09:47:08 +0000 2025","0","WTS POSTCARD NJZ INDOMIE NEW JEANS Harga : 27k IDR/ 2$ ️Shopee https://t.co/s5yFeMxLQG ️Tokped https://t.co/ueojyXsIhp Gratis ongkir Merchandise Official Merch Hanni Haerin Minji Danielle Hyein Newjeans PC New Cheap Murah https://t.co/K5li2baD8t","1922951875424403688","https://pbs.twimg.com/media/Gq-yifraAAI_4Tf.jpg","","en","","0","0","0","https://x.com/undefined/status/1922951875424403688","1510100491631742977",
"1922801395620597850","Wed May 14 23:49:11 +0000 2025","0","wts wtb photocard pc bts newjeans nj indomie postcard ina","1922801395620597850","","","en","","0","0","0","https://x.com/undefined/status/1922801395620597850","402465149",
"1922628716351389888","Wed May 14 12:23:01 +0000 2025","0","WTS POSTCARD NJZ INDOMIE NEW JEANS Harga : 27k IDR/ 2$ ️Shopee https://t.co/s5yFeMxLQG ️Tokped https://t.co/ueojyXsIhp Gratis ongkir Merchandise Official Merch Hanni Haerin Minji Danielle Hyein Newjeans PC New Cheap Murah https://t.co/mxdfMDZRTk","1922628716351389888","https://pbs.twimg.com/media/Gq6MnysXAAA-FVI.jpg","","en","","0","0","0","https://x.com/undefined/status/1922628716351389888","1510100491631742977",
"1922561554412667164","Wed May 14 07:56:08 +0000 2025","0","wts wtb photocard pc bts newjeans nj indomie postcard ina","1922561554412667164","","","en","","0","0","1","https://x.com/undefined/status/1922561554412667164","402465149",
"1922561001540440358","Wed May 14 07:53:56 +0000 2025","0","wts wtb photocard pc bts newjeans nj indomie postcard","1922561001540440358","","","en","","0","0","0","https://x.com/undefined/status/1922561001540440358","402465149",
"1922529267843219815","Wed May 14 05:47:50 +0000 2025","0","WTS POSTCARD NJZ INDOMIE NEW JEANS Harga : 27k IDR/ 2$ ️Shopee https://t.co/s5yFeMxLQG ️Tokped https://t.co/ueojyXsIhp Gratis ongkir Merchandise Official Merch Hanni Haerin Minji Danielle Hyein Newjeans PC New Cheap Murah https://t.co/WwaYnHTRs0","1922529267843219815","https://pbs.twimg.com/media/Gq4yLMQWkAA2RF6.jpg","","en","","0","0","0","https://x.com/undefined/status/1922529267843219815","1510100491631742977",
"1922492754296205702","Wed May 14 03:22:45 +0000 2025","3","Got to try this isukan pageto and show it off here with #OhMyGoodItsIndomie","1922492754296205702","","","en","","0","0","0","https://x.com/undefined/status/1922492754296205702","103057048",
"1922073395090354557","Mon May 12 23:36:22 +0000 2025","1","i havent eaten any instant noodles for a year and now im craving some indomie goreng or shin ramyeon with cheese sooo bad. please make me one pleaseemsksjsb","1922073395090354557","","","en","","0","0","0","https://x.com/undefined/status/1922073395090354557","1726103812044382208",
"1921458403236360499","Mon May 12 06:08:17 +0000 2025","0","@kotonnne Indomie NewJeans what about you Tonejjang?","1921809637600268510","","kotonnne","en","","0","0","0","https://x.com/undefined/status/1921809637600268510","1567506916699676674",
"1921729745697308717","Mon May 12 00:50:50 +0000 2025","0","WTS POSTCARD NJZ INDOMIE NEW JEANS Harga : 27k IDR/ 2$ ️Shopee https://t.co/s5yFeMxLQG ️Tokped https://t.co/ueojyXsIhp Gratis ongkir Merchandise Official Merch Hanni Haerin Minji Danielle Hyein Newjeans PC New Cheap Murah https://t.co/G6kgFNZPTH","1921729745697308717","https://pbs.twimg.com/media/GqtbAuKXIAA2hQj.jpg","","en","","0","0","0","https://x.com/undefined/status/1921729745697308717","1510100491631742977",
"1921586899434512656","Sun May 11 15:23:12 +0000 2025","3","Real long line for Indomie pop-up store today. Need to send off friends so just took a quick snap pic of our birthday girl Haerin. Indomie is such bunnies @Indomielovers #OhMyGoodItsIndomie #MHDHH_Friends https://t.co/iP4tnDy3iO","1921586899434512656","https://pbs.twimg.com/media/GqrZGLkakAALXcv.jpg","","en","","0","0","1","https://x.com/undefined/status/1921586899434512656","1906357194678992896",
"1921488828889538830","Sun May 11 08:53:31 +0000 2025","2","hi fren aku open jastip K-FUN FEST KVIBES ya! ° INDOMIE PACKAGE ° INDOMILK PACKAGE ° CHITATO PACKAGE fee 10k/ package packing 5k + 12% adm dom jakut cod area jabodetabek h+1 (manggarai) #zonauang #. wts wtb svt seventeen newjeans scoups wonwoo vernon https://t.co/tgglUaWWqc","1921488828889538830","https://pbs.twimg.com/media/Gqp_4j2acAAkqc7.jpg","","en","","1","1","1","https://x.com/undefined/status/1921488828889538830","1519240364044939264",
"1921431943813415253","Sun May 11 05:07:28 +0000 2025","3157","Indomie has released a new Mini Postcard Set in collaboration with NewJeans including 7 exclusive cards 5 individual member photos and 2 group shots. This set is available with a purchase of Rp35 000 across all Indomie variants until May 31st. https://t.co/rvn0qZNRJc","1921431943813415253","https://pbs.twimg.com/media/GqpMK0rasAA1Si9.jpg","","en","","81","193","375","https://x.com/undefined/status/1921431943813415253","1394211991116451843",
"1920428958304125426","Thu May 08 10:41:58 +0000 2025","0","WTS NJZ NEWJEANS X INDOMIE","1920428958304125426","","","en","","0","0","0","https://x.com/undefined/status/1920428958304125426","1312822891805728769",
"1920080334026055961","Wed May 07 11:36:39 +0000 2025","1","indomie spicy ramyeon bersama topping lima nugget️ https://t.co/2gfE3HUOe8","1920080334026055961","https://pbs.twimg.com/media/GqV-1TYaUAAbp-1.jpg","","en","","0","1","0","https://x.com/undefined/status/1920080334026055961","1064588474",
"1920030272508105081","Wed May 07 08:21:45 +0000 2025","1","@newjeans_loop Thank you so much Indomie ️ #OhMyGoodItsIndomie #밝게빛날_민지의_스물한살여름 #BLOOMINGJIDAY #HAPPY_MINJI_DAY","1920031287261512084","","newjeans_loop","en","","0","0","0","https://x.com/undefined/status/1920031287261512084","1629145820418408448",
"1920031101747368223","Wed May 07 08:21:01 +0000 2025","2","Thank you so much ️ Love Indomie @Indomielovers #OhMyGoodItsIndomie #민지 #Minji #ミンジ https://t.co/0CXCs3mPGy","1920031101747368223","https://pbs.twimg.com/media/GqVSHLIa4AA8gLd.jpg","","en","","0","0","0","https://x.com/undefined/status/1920031101747368223","1629145820418408448",
"1919899839808082194","Tue May 06 23:39:26 +0000 2025","0","WTS - nacific hyal ampoule : 30k - romand juicy lasting tint shade Cherry bomb : 90k - Clio Harry Potter shade pumpkin / sugar quill : 195k - avoskin bundling ampoule + retinol toner 175k - postcard newjeans Indomie : 20k Dom bdg bisa oren https://t.co/hWEWkVSE07","1919899839808082194","https://pbs.twimg.com/media/GqTat4ebAAETx0u.jpg","","en","","0","0","0","https://x.com/undefined/status/1919899839808082194","1522071922183327744",
"1919627801436750214","Tue May 06 05:38:27 +0000 2025","1","WTS - nacific hyal ampoule : 30k - romand juicy lasting tint shade Cherry bomb : 90k - Clio Harry Potter shade pumpkin / sugar quill : 195k - avoskin bundling ampoule + retinol toner 175k - postcard newjeans Indomie : 20k Dom bdg bisa oren https://t.co/c33GUsJYAJ","1919627801436750214","https://pbs.twimg.com/media/GqPjS3MawAAHAnE.jpg","","en","","0","1","0","https://x.com/undefined/status/1919627801436750214","1522071922183327744",
"1919294405091168630","Mon May 05 07:33:39 +0000 2025","0","WTS - nacific hyal ampoule : 30k - romand juicy lasting tint shade Cherry bomb : 90k - Clio Harry Potter shade pumpkin / sugar quill : 195k - avoskin bundling ampoule + retinol toner 175k - postcard newjeans Indomie : 20k Dom bdg bisa oren https://t.co/Swp7iVNNPt","1919294405091168630","https://pbs.twimg.com/media/GqK0FD0asAASV0K.jpg","","en","","0","1","0","https://x.com/undefined/status/1919294405091168630","1522071922183327744",
"1918698558472998975","Mon May 05 01:31:51 +0000 2025","0","@AnitaUde2 @SupreShy bcs that xiwang channel said indomie removes njz pop up when it never happened. This same rhetoric have been used before by aespajeans by saying CK end their contract with NJZ only for them to denied it and post a video of NJZ promoting CK without using the name newjeans ","1919203353621389578","","AnitaUde2","en","","0","1","0","https://x.com/undefined/status/1919203353621389578","1402113884387831810",
"1919020541442203953","Sun May 04 14:04:05 +0000 2025","0","@socwis WTS - nacific hyal ampoule : 30k - romand juicy lasting tint shade Cherry bomb : 90k - Clio Harry Potter shade pumpkin / sugar quill : 195k - avoskin bundling ampoule + retinol toner 175k - postcard newjeans Indomie : 20k Dom bdg bisa oren https://t.co/hVXbERDqHy","1919030273120837909","https://pbs.twimg.com/media/GqHD2dCb0AAD54O.jpg","socwis","en","","0","1","0","https://x.com/undefined/status/1919030273120837909","1522071922183327744",
"1919020542922777083","Sun May 04 13:25:25 +0000 2025","0","WTS NJZ NEWJEANS X INDOMIE MINI POSTCARD HANNI DANIELLE MINJI HAERIN HYEIN Want to sell SHOPEE INTERNATIONAL Malaysia my #pasarNJZ https://t.co/DYqv0a9G7H Singapore sg https://t.co/Tsxrpwxirw Philippines lfb ph https://t.co/98NARLJ13k Thailand TH https://t.co/kTwaPwaYDB https://t.co/ku30XnZek0","1919020542922777083","https://pbs.twimg.com/media/GqG7ASRbYAAkPXV.jpg","","en","","1","0","1","https://x.com/undefined/status/1919020542922777083","1312822891805728769",
"1918877520750870874","Sun May 04 03:57:06 +0000 2025","21","Hehe it s finally here ! My exclusive NewJeans (NJZ) postcard collection from Indomie is finally complete. Makasih @Indomielovers #OhMyGoodItsIndomie #KoreanRamyeonSeries #NJZ #MHDHH #MHDHH_Friends https://t.co/dcUcUqnJf2","1918877520750870874","https://pbs.twimg.com/media/GqE47lAbEAAmfXr.jpg","","en","","0","3","0","https://x.com/undefined/status/1918877520750870874","1843283756318367744",
"1918826215861105023","Sun May 04 00:33:14 +0000 2025","1","WTS - nacific hyal ampoule : 30k - romand juicy lasting tint shade Cherry bomb : 90k - Clio Harry Potter shade pumpkin / sugar quill : 195k - avoskin bundling ampoule + retinol toner 175k - postcard newjeans Indomie : 20k Dom bdg bisa oren https://t.co/6StapMqBsH","1918826215861105023","https://pbs.twimg.com/media/GqEKQxNaMAAxquU.jpg","","en","","0","0","0","https://x.com/undefined/status/1918826215861105023","1522071922183327744",
"1918825467492114730","Sun May 04 00:30:16 +0000 2025","0","WTS - nacific hyal ampoule : 30k - romand juicy lasting tint shade Cherry bomb : 90k - Clio Harry Potter shade pumpkin / sugar quill : 195k - avoskin bundling ampoule + retinol toner 175k - postcard newjeans Indomie : 20k Dom bdg bisa oren https://t.co/IdU07D7uZZ","1918825467492114730","https://pbs.twimg.com/media/GqEJlXrbQAAEpn-.jpg","","en","","0","0","0","https://x.com/undefined/status/1918825467492114730","1522071922183327744",
"1918695798109262082","Sat May 03 15:55:00 +0000 2025","0","WTS POSTCARD NJZ INDOMIE NEW JEANS Harga : 27k IDR/ 2$ ️Shopee https://t.co/s5yFeMxLQG ️Tokped https://t.co/RYar6fMGpz Gratis ongkir Merchandise Official Merch Hanni Haerin Minji Danielle Hyein Newjeans PC New Cheap Murah https://t.co/u4luiwLcFW","1918695798109262082","https://pbs.twimg.com/media/GqCTqPkagAAJ_-Y.jpg","","en","","0","0","0","https://x.com/undefined/status/1918695798109262082","1510100491631742977",
"1918611803631661478","Sat May 03 10:21:14 +0000 2025","0","Really want that indomie newjeans so bad","1918611803631661478","","","en","","0","0","0","https://x.com/undefined/status/1918611803631661478","1754050069639376896",
"1918608383612956898","Sat May 03 10:07:39 +0000 2025","101","I miss you guys #indomie #OhMyGoodItsIndomie https://t.co/b4UQjuRqwG","1918608383612956898","https://pbs.twimg.com/media/GqBEJ6NbAAA3x93.jpg","","en","","0","4","20","https://x.com/undefined/status/1918608383612956898","1505036429801402369",
"1918549794739339315","Sat May 03 06:14:50 +0000 2025","0","#s wts Mini Postcard Set Indomie x Newjeans njz sealed 50k/ea including all fee https://t.co/ACbyk8zJRr bekasi dm me if you have any questions! &lt;3 https://t.co/zUhQDlTVdI","1918549794739339315","https://pbs.twimg.com/media/GqAO3atawAII34l.jpg","","en","","1","0","0","https://x.com/undefined/status/1918549794739339315","1766041778917134336",
"1918452227770892310","Fri May 02 23:47:08 +0000 2025","1","#ADOR and #NewJeans Fandom Clash Over #Indomie #PopUpStore Personal Info Concerns Spark Tension https://t.co/TnF3G7uOWc #SouthKorea #Asia #Entertainment #Celebrities #Scandals (video your data will be collected huh? For a bag of instant noodles) #Kpop #Music #Indonesia https://t.co/mhIlzu8keL","1918452227770892310","https://pbs.twimg.com/media/Gp-2IpHWAAEOX72.jpg","","en","","1","2","0","https://x.com/undefined/status/1918452227770892310","3064266184",
"1918307830970679502","Fri May 02 14:13:21 +0000 2025","6","Indomie pop up site is real fun. I don t eat instant noodles too often but it tastes real good. And I had to buy 3 boxes and carried them around for the rest of NJZ related tour today. I had to buy since it s them #MHDHH_Friends #OhMyGoodItsIndomie #indomie https://t.co/bOh43vx7eD","1918307830970679502","https://pbs.twimg.com/amplify_video_thumb/1918307763161317377/img/zZyiqnyh5J4JfjiL.jpg","","en","","0","0","3","https://x.com/undefined/status/1918307830970679502","1906357194678992896",
"1918214504363827330","Fri May 02 08:02:31 +0000 2025","9","[Bunnies Log] how to enjoy Indomie Pop-UP store with NewJeans https://t.co/CpncIO5h50 via @YouTube","1918214504363827330","","","en","","0","0","4","https://x.com/undefined/status/1918214504363827330","1831596871695134720",
"1918205096434995246","Fri May 02 07:25:08 +0000 2025","9","njz and indomie flavor variants #OhMyGoodItsIndomie https://t.co/NSyMlDSDe5","1918205096434995246","https://pbs.twimg.com/media/Gp7VW7waAAApFe2.jpg","","en","","0","0","2","https://x.com/undefined/status/1918205096434995246","1754470113078906880",
"1917899506143953216","Fri May 02 05:28:15 +0000 2025","1","@aditharyadi_ @breadluvpham @breadluvpham @aditharyadi_ The post humorously notes Indomie's successful NewJeans campaign despite drama. The sub label likely refers to ADOR (HYBE's sub-label managing NewJeans) but no evidence suggests they tried to stop Indofood Group. The campaign launched October 2024 ","1918175682842247234","","aditharyadi_","en","","0","0","0","https://x.com/undefined/status/1918175682842247234","1720665183188922368",
"1917992351655719379","Thu May 01 17:23:30 +0000 2025","0","@heukbalhae 그니까 ㅠㅠ I'm trying hard not to step in the kitchen cz I remember I still have several packs of ramyeon and INDOMIE ","1917993294623289393","","heukbalhae","en","","0","1","0","https://x.com/undefined/status/1917993294623289393","467292387",
"1917880165310627902","Thu May 01 09:53:58 +0000 2025","0","wts postcard newjeans x indomie","1917880165310627902","","","en","","0","0","0","https://x.com/undefined/status/1917880165310627902","1503756770409336833",
"1917826490068279736","Thu May 01 07:27:22 +0000 2025","0","@Indomielovers Love this!! #OhMyGoodItsIndomie","1917843272690528492","","Indomielovers","en","","0","0","0","https://x.com/undefined/status/1917843272690528492","1491979507598823424",
"1917823783425171463","Thu May 01 06:09:56 +0000 2025","1","WTS mini postcard set newjeans x indomie Sealed 50.000 Unsealed 47.000 Inc adm &amp; pack tgr Bisa #wts #NewJeans #indomie https://t.co/a8UUlMNkGU","1917823783425171463","https://pbs.twimg.com/media/Gp16kN8bkAENh1n.jpg","","en","","0","2","0","https://x.com/undefined/status/1917823783425171463","2386518349",
"1917794228320756018","Thu May 01 04:12:29 +0000 2025","454","Indomie x NewJeans (NJZ) pop-up store has started! 1️⃣ Before entering they give you a small cup of Mi Goreng to eat. After that the first activity is gacha. The known gacha rewards are either one packet or two packets of Mi Goreng. 2️⃣ The second activity involves going https://t.co/XDFsJ3OqKM","1917794228320756018","https://pbs.twimg.com/ext_tw_video_thumb/1917794182779043840/pu/img/vO1Y042ap_C-yiTJ.jpg","","en","","2","1","107","https://x.com/undefined/status/1917794228320756018","1840724960815489024",
"1917786918781341833","Thu May 01 03:43:26 +0000 2025","889","MIGORENG POP-UP STORE #OhMyGoodItsIndomie https://t.co/V7NOI4VjVK","1917786918781341833","https://pbs.twimg.com/media/Gp1ZCdLaYAEq_d_.jpg","","en","","7","2","195","https://x.com/undefined/status/1917786918781341833","2950784053",
"1917786595140497821","Thu May 01 03:42:09 +0000 2025","504","MIGORENG POP-UP STORE #OhMyGoodItsIndomie https://t.co/jhzYXJyPxE","1917786595140497821","https://pbs.twimg.com/media/Gp1YvlTaYAQnJRX.jpg","","en","","0","1","111","https://x.com/undefined/status/1917786595140497821","2950784053",
"1917783283196387779","Thu May 01 03:29:00 +0000 2025","2","MIGORENG POP-UP STORE #OhMyGoodItsIndomie","1917783283196387779","","","en","","0","0","1","https://x.com/undefined/status/1917783283196387779","1617435394001502209",
"1917764499735732549","Thu May 01 02:21:21 +0000 2025","4","@bborbnz MIGORENG POP-UP STORE #OhMyGoodItsIndomie","1917766260642963525","","bborbnz","en","","0","0","1","https://x.com/undefined/status/1917766260642963525","1617435394001502209",
"1917764499735732549","Thu May 01 02:14:21 +0000 2025","1084","MIGORENG POP-UP STORE #OhMyGoodItsIndomie https://t.co/1SPEcL5bXW","1917764499735732549","https://pbs.twimg.com/ext_tw_video_thumb/1917764486053912578/pu/img/WA5Ew4FQ5sviJsSi.jpg","","en","","15","4","263","https://x.com/undefined/status/1917764499735732549","2950784053",
"1917727375862947885","Wed Apr 30 23:46:50 +0000 2025","17","MIGORENG POP-UP STORE Today is the day! Event Period: May 1st - May 13th Location: Indomie Migoreng Ramen pop-up store in front of Exit 3 of Seongsu-dong (120 Achasan-ro Seongdong-gu Seoul 1st and 1.5th floors of the Bethel Place building) #NJZ #OhMyGoodItsIndomie","1917727375862947885","","","en","","0","0","11","https://x.com/undefined/status/1917727375862947885","1831596871695134720",
"1917557244088250498","Wed Apr 30 12:30:48 +0000 2025","73","Indomie pop up with NewJeans tomorrow in Korea!!","1917557244088250498","","","en","","0","1","8","https://x.com/undefined/status/1917557244088250498","1491979507598823424",
"1917341520769778125","Tue Apr 29 22:13:35 +0000 2025","0","REACTION TO Kpop News: Indomie Removes NewJeans Pop-Up Ad HYBE s Girl Groups Under Fire https://t.co/r73OyKnO8d https://t.co/2d4GVAKiZT","1917341520769778125","https://pbs.twimg.com/media/GpvD898XEAAw0jT.jpg","","en","","0","0","0","https://x.com/undefined/status/1917341520769778125","1413233070933778435",
"1917031214462259630","Tue Apr 29 01:40:32 +0000 2025","0","wts postcard indomie newjeans 18k incl. all #zonajajan #zonauang","1917031214462259630","","","en","","0","0","0","https://x.com/undefined/status/1917031214462259630","1692858793472983040",
"1916793074707005585","Mon Apr 28 09:54:15 +0000 2025","0","NewJeans and ADOR Team Bunnies dispute erupts over Indomie pop-up event The NewJeans ADOR Team Bunnies dispute has reached a new level of tension with the announcement of an Indomie Mi Goreng pop-up store event. https://t.co/ckPocJTN7B","1916793074707005585","","","en","","0","0","0","https://x.com/undefined/status/1916793074707005585","1836528496102813696",
"1916783271696040145","Mon Apr 28 09:15:18 +0000 2025","23","Tensions rise between Ador and NewJeans fandom over Indomie pop-up store https://t.co/cJ0Ra6qeGE #NewJeans #TeamBunnies #Indomie #Ador #팀버니즈 #뉴진스","1916783271696040145","","","en","","0","1","2","https://x.com/undefined/status/1916783271696040145","2555928204",
"1916663986306904443","Mon Apr 28 01:34:13 +0000 2025","38","@APEMinseok Part 3: Xiumin x Indomie collab WHENNNN @Indomielovers @indofood I ve done my part introducing you guys now send the guy some noodles for his ramyeon show plssss https://t.co/NRREKwEU1K https://t.co/iyg0zro3E1","1916667236866982139","https://pbs.twimg.com/amplify_video_thumb/1916667112929828864/img/RNuuGRS7fXIxc5GD.jpg","jazxiumins","en","","1","1","13","https://x.com/undefined/status/1916667236866982139","1427943445415354369",
"1916620319487385859","Sun Apr 27 22:27:47 +0000 2025","0","NewJeans Indomie pop-up store drama: what s going on?! https://t.co/OnqTW3kwjU","1916620319487385859","","","en","","0","0","0","https://x.com/undefined/status/1916620319487385859","887762729032966145",
"1916256781405212729","Sun Apr 27 14:22:47 +0000 2025","0","@happiestarmys @mhjcommentary nope indomie the one who contacted team bunnies first. i believe it coz last year another fanbase newjeans also contacted by indomie vietnam. and again another newjeans fanbase was invited zoom by indomie","1916498263529619762","","happiestarmys","en","","0","0","0","https://x.com/undefined/status/1916498263529619762","1493843002153787394",
"1916466550489649600","Sun Apr 27 12:16:46 +0000 2025","0","Indomie Removes NewJeans PopUp Ad After Unauthorized Fan Survey Scandal #NewJeans https://t.co/THSBLBroXJ","1916466550489649600","","","en","","0","0","0","https://x.com/undefined/status/1916466550489649600","1654155074241953792",
"1916444076305494169","Sun Apr 27 10:47:28 +0000 2025","252","When i told you guys i won a xiumin fancall did i specify that i actually won four? And! Just had my second one today and it was hilarious lmao in theme with his ramyeon show i feed him Indonesian ramyeon indomie. I said aaaa and he actually opens his mouth https://t.co/rMnSQd7Rye","1916444076305494169","https://pbs.twimg.com/amplify_video_thumb/1916444019066101760/img/meU_uoAco8eMvGES.jpg","","en","","16","5","86","https://x.com/undefined/status/1916444076305494169","1427943445415354369",
"1916256781405212729","Sun Apr 27 10:34:42 +0000 2025","0","@shasa_12345 @happiestarmys @mhjcommentary The issue is about a NewJeans x Indomie Mi Goreng pop-up store in Seoul (May 1-13 2025). Team Bunnies a fan group ran a survey for pre-orders claiming the importer asked them to help. ADOR NewJeans' agency says this wasn t authorized and warned against sharing personal","1916440862873235479","","shasa_12345","en","","0","0","0","https://x.com/undefined/status/1916440862873235479","1720665183188922368",
"1916301460121309352","Sun Apr 27 04:32:36 +0000 2025","2","@RR_FR01 @newjeansmoment True ADOR supports the Indomie pop-up with NewJeans but limits promotion due to privacy and legal issues. They approved the event but distanced from fan-led efforts like Team Bunnies' promotions which caused confusion. ADOR should promote Indomie cautiously to boost NewJeans'","1916349737764327940","","RR_FR01","en","","0","0","0","https://x.com/undefined/status/1916349737764327940","1720665183188922368",
"1916324470219735288","Sun Apr 27 02:52:11 +0000 2025","3","ADOR responds to Indomie x NewJeans Pop-Up store promotion by certain fan clubs amidst ongoing legal feud https://t.co/18Yo1m1rLV","1916324470219735288","","","en","","0","0","0","https://x.com/undefined/status/1916324470219735288","1486745500669734914",
"1916000889782915550","Sat Apr 26 20:03:00 +0000 2025","0","@theletter_Y Seems Ador doing their job calmly but surely. Checked Grok. Posts on X indicate that Indomie removed the pop-up store advertisement from Instagram suggesting they may have recognized an error in coordinating with a third party instead of ADOR NewJeans' agency. https://t.co/L5OvxR2EOi","1916221495938052416","https://pbs.twimg.com/media/GpfJSb1bEAMNfBD.jpg","theletter_Y","en","","0","0","0","https://x.com/undefined/status/1916221495938052416","3595873218",
"1916026784967233658","Sat Apr 26 19:51:09 +0000 2025","0","@gyummyum @thalissuffering Just checked Grok. Posts on X indicate that Indomie removed the pop-up store advertisement from Instagram suggesting they may have recognized an error in coordinating with a third party instead of ADOR NewJeans' agency. https://t.co/f0yRGA9Efi","1916218512751931899","https://pbs.twimg.com/media/GpfGk-ubwAAPurW.jpg","gyummyum","en","","0","0","0","https://x.com/undefined/status/1916218512751931899","3595873218",
"1916023644201095264","Sat Apr 26 19:49:29 +0000 2025","2","@NJZBUBBLEGUM Checked Grok. Posts on X indicate that Indomie removed the pop-up store advertisement from Instagram suggesting they may have recognized an error in coordinating with a third party instead of ADOR NewJeans' agency. https://t.co/3RZmkAIYRI","1916218093975834978","https://pbs.twimg.com/media/GpfGMjsa8AAi30c.jpg","NJZBUBBLEGUM","en","","0","0","0","https://x.com/undefined/status/1916218093975834978","3595873218",
"1916150746912895321","Sat Apr 26 15:21:53 +0000 2025","0","ADOR and Team Bunnies Clash Over NewJeans x Indomie Pop-Up https://t.co/R24duxvULo #NewJeans #ADOR https://t.co/2pau9iUM7r","1916150746912895321","https://pbs.twimg.com/media/GpeI7xrW4AA9Tqr.jpg","","en","","0","0","0","https://x.com/undefined/status/1916150746912895321","1774557191741001730",
"1916138392024408206","Sat Apr 26 14:32:47 +0000 2025","0","NewJeans x Indomie pop-up store opens in Seoul https://t.co/Gd6WNP78YD via @allkpop","1916138392024408206","","","en","","0","0","0","https://x.com/undefined/status/1916138392024408206","1140539599011250176",
"1916130121897152617","Sat Apr 26 13:59:55 +0000 2025","1","Indomie pop up store with NewJeans!! #NJZ #Newjeans","1916130121897152617","","","en","","0","0","0","https://x.com/undefined/status/1916130121897152617","1491979507598823424",
"1835323152349659466","Sat Apr 26 13:55:02 +0000 2025","11","Indomie s NewJeans advertisement on Instagram has reportedly been deleted. https://t.co/ZgSOfYHMol https://t.co/3DCpPfiXd9","1916128891351273589","https://pbs.twimg.com/media/Gpd0-A_bEAIcMhK.png","EnShiteru","en","","0","0","2","https://x.com/undefined/status/1916128891351273589","1378202734017404929",
"1835323152349659466","Sat Apr 26 13:53:58 +0000 2025","5","Indomie has removed the advertisement for the #NewJeans pop-up store from Instagram. It seems they have recognized their mistake in contacting a third party instead of ADOR and are now backtracking. https://t.co/KHmA3CZ2U3 https://t.co/4L4SeTRA8H","1916128625600172438","https://pbs.twimg.com/media/Gpd00BraEAAitMh.png","EnShiteru","en","","0","0","0","https://x.com/undefined/status/1916128625600172438","1378202734017404929",
"1916030604698677734","Sat Apr 26 13:27:01 +0000 2025","0","@RR_FR01 @Snper22 @Snper22 No clear evidence shows illegal actions or contract breaches by Team Bunnies ADOR or Indomie. Team Bunnies' promotion of the NewJeans x Indomie pop-up may lack ADOR s approval but doesn t violate laws as they claim no personal data was collected complying with PIPA.","1916121839698628701","","RR_FR01","en","","0","0","0","https://x.com/undefined/status/1916121839698628701","1720665183188922368",
"1916085532511318221","Sat Apr 26 11:02:44 +0000 2025","371","It s honestly laughable how this situation exposes FRAUDOR's complete incompetence. https://t.co/MKQn38ET6V According to Daily Sports Indomie still holds the contract for NewJeans as their global ambassador so standard protocol requires requesting FRAUDOR's approval for any https://t.co/L2H00ulziO","1916085532511318221","https://pbs.twimg.com/media/GpdNoyIbEAMihV6.jpg","","en","","0","2","94","https://x.com/undefined/status/1916085532511318221","1840724960815489024",
"1916082637028135316","Sat Apr 26 10:51:14 +0000 2025","4","The Full Story Behind Team Bunnies and the NewJeans Indomie Controversy https://t.co/SpkrAMDLH1","1916082637028135316","","","en","","0","0","1","https://x.com/undefined/status/1916082637028135316","1300706142754992128",
"1916078825940668890","Sat Apr 26 10:36:05 +0000 2025","2751","Indomie has removed the advertisement for the #NewJeans pop-up store from Instagram. It seems they have recognized their mistake in contacting a third party instead of ADOR and are now backtracking. https://t.co/WNzIujP7Eo","1916078825940668890","https://pbs.twimg.com/media/GpdHe4KWAAAHSSU.png","","en","","22","22","169","https://x.com/undefined/status/1916078825940668890","1871231139891085312",
"1916073972959219969","Sat Apr 26 10:24:29 +0000 2025","15","@Njz_scoop Ofcourse no wonder how she scores a-list collabs w Murakami Fujiyoshi Tony Leung Dolphiners and she convinces brands to tweak their logo to add NewJeans bunny branding like Mcdo Indomie and Fortnite. Some of them would only say yes to her and never to other groups.","1916075906453356666","","Njz_scoop","en","","0","1","2","https://x.com/undefined/status/1916075906453356666","1333273573247520768",
"1916057067338551496","Sat Apr 26 09:09:38 +0000 2025","2489","Indomie s NewJeans advertisement on Instagram has reportedly been deleted. https://t.co/2jTdAvvVhC","1916057067338551496","https://pbs.twimg.com/media/GpczvrHbEAAE9-V.png","","en","","39","24","115","https://x.com/undefined/status/1916057067338551496","1827350405048860672",
"1916030604698677734","Sat Apr 26 08:07:14 +0000 2025","15","@RR_FR01 @Snper22 @Snper22 Team Bunnies actions don t seem to directly breach a contract with ADOR as their deal with Indomie is unclear. However ADOR s statement suggests they didn t authorize the promotion meaning Team Bunnies might be using NewJeans IP without permission. Legally this","1916041364644762023","","RR_FR01","en","","0","1","0","https://x.com/undefined/status/1916041364644762023","1720665183188922368",
"1916013988590325970","Sat Apr 26 06:18:27 +0000 2025","662","Full Text of ADOR's Official Statement Notice Regarding the Indomie Mi Goreng Pop-up Store Hello This is ADOR. NewJeans is currently working as an advertising model for the Indomie brand and this Indomie Mi Goreng pop-up store is an official event being conducted by a https://t.co/lJyIjF7wgj","1916013988590325970","https://pbs.twimg.com/media/GpcMkYvbEAAvnOT.jpg","","en","","2","12","52","https://x.com/undefined/status/1916013988590325970","1827350405048860672",
"1916009598542135329","Sat Apr 26 06:01:00 +0000 2025","99","ADOR &amp; Team Bunnies clash over upcoming #NewJeans x 'Indomie Mi Goreng' pop-up event https://t.co/JvxqPtBEfn","1916009598542135329","","","en","","0","3","11","https://x.com/undefined/status/1916009598542135329","21366823",
"1915981777346433194","Sat Apr 26 05:40:57 +0000 2025","0","@drinkitchamp @alldoorsoneroom Hey I get why you're confused about the NewJeans x Indomie pop-up store notice. ADOR says the event (May 1-13 2025 Seoul) is legit but some fan accounts are asking for personal info like names or emails for surveys they didn't approve. This could be a scam risk so ADOR's","1916004552186495383","","drinkitchamp","en","","0","0","0","https://x.com/undefined/status/1916004552186495383","1720665183188922368",
"1915848114184859774","Sat Apr 26 00:34:22 +0000 2025","5","@Snper22 The Indomie team once got caught up in a fanwar between ARMYs and Bunnies calming down Indo Bunnies by saying that even though NewJeans can t come rn they ll bring NJZ after all the drama with HYBE is settled.","1915927398660641035","","Snper22","en","","0","1","0","https://x.com/undefined/status/1915927398660641035","1675359679843811328",
"1915826804943950333","Sat Apr 26 00:33:12 +0000 2025","6","@a1071364 The Indomie team once got caught up in a fanwar between ARMYs and Bunnies calming down Indo Bunnies by saying that even though NewJeans can t come rn they ll bring NJZ after all the drama with HYBE is settled.","1915927102374941132","","a1071364","en","","0","1","0","https://x.com/undefined/status/1915927102374941132","1675359679843811328",
"1915848114184859774","Fri Apr 25 19:19:19 +0000 2025","789","Team Bunnies organized a demand survey + reservations for the #NewJeans Indomie pop-up store complete with a purchase link. Looks like a direct violation of the ruling against commercial activities. Kim &amp; Chang must be having a corporate spa day watching this self-incrimination. https://t.co/lO80npqwcI","1915848114184859774","https://pbs.twimg.com/media/GpZxm75WYAAm-3V.jpg","","en","","11","21","58","https://x.com/undefined/status/1915848114184859774","1871231139891085312",
"1915826631039701496","Fri Apr 25 17:53:57 +0000 2025","0","Is NewJeans Violating the Court Order Banning Them From Engaging in Independent Promotion!? NJZ s Go Ahead with Indomie Pop-Up Store! https://t.co/iDLcMIzgp1 #NewJeans #ADOR #NJZ https://t.co/ek2NFduA9e","1915826631039701496","https://pbs.twimg.com/media/GpZiKZEXEAA_3Z6.jpg","","en","","0","0","0","https://x.com/undefined/status/1915826631039701496","1774557191741001730",
"1915824356959150536","Fri Apr 25 17:44:55 +0000 2025","90","#NewJeans x Indomie pop-up store opens in Seoul https://t.co/Bkmo4fLO05","1915824356959150536","","","en","","0","2","9","https://x.com/undefined/status/1915824356959150536","21366823",
"1915790228150956256","Fri Apr 25 15:29:18 +0000 2025","299","Knets scratch head over Team Bunnies announcement for NewJeans' Indomie event https://t.co/5pEOmonRFq https://t.co/1C7e7S96JT","1915790228150956256","https://pbs.twimg.com/media/GpZA63VboAE3q6a.jpg","","en","","19","21","12","https://x.com/undefined/status/1915790228150956256","2919019624",
"1915617409467375992","Fri Apr 25 04:02:35 +0000 2025","0","WTS POSTCARD NJZ INDOMIE NEW JEANS Harga : 26k IDR/ 2$ ️Shopee https://t.co/s5yFeMyjGe ️Tokped https://t.co/9BzoezZxh3 Gratis ongkir Merchandise Official Merch Hanni Haerin Minji Danielle Hyein Newjeans PC Posca Cheap Murah https://t.co/fpGBfyEur9","1915617409467375992","https://pbs.twimg.com/media/GpWj4GBbYAIQh43.jpg","","en","","0","0","0","https://x.com/undefined/status/1915617409467375992","1510100491631742977",
"1915237577075859846","Thu Apr 24 02:53:16 +0000 2025","3","help rt/like wts photocard pc aab seventeen enhypen aespa ive newjeans toplo deco - Bandung ina - PLS READ TNC Link co: https://t.co/wI4b4CFNhZ t. Sunoo senkou soljack memorabilia sponge yeonjun txt mingyu heaven wvjp karina winter nabati wonyoung after like njz indomie https://t.co/GZ0pjYwyID","1915237577075859846","https://pbs.twimg.com/media/GpRKarzb0AARPTH.jpg","","en","","1","1","51","https://x.com/undefined/status/1915237577075859846","1442808428921978880",
"1914913317577261068","Wed Apr 23 11:58:23 +0000 2025","0","@spicycikinwings YAKAN i just ate each pack of indomie tori kara and that spicy chicken ramyeon type and i alr crave more","1915012371049054391","","spicycikinwings","en","","0","0","0","https://x.com/undefined/status/1915012371049054391","1636183301638754304",
"1914907028302315891","Wed Apr 23 05:33:47 +0000 2025","0","@MoonlovingOt7 It s 13.500 idr for 1 pack of jin ramyeon. But for local brand instant noodles like indomie it s around 3.500 idr for 1 pack","1914915584011366474","","MoonlovingOt7","en","","0","1","0","https://x.com/undefined/status/1914915584011366474","961756998",
"1914647122785517670","Tue Apr 22 11:48:14 +0000 2025","0","noodle of the month: k-rose dan spicy ramyeon (indomie korean series)","1914647431859593641","","gnneap","en","","0","0","0","https://x.com/undefined/status/1914647431859593641","1468534393761595398",
"1914521173767102521","Tue Apr 22 06:31:07 +0000 2025","0","@Gingercat1789 Gaslahh i love indomie ramyeon","1914567625906249943","","Gingercat1789","en","","0","0","0","https://x.com/undefined/status/1914567625906249943","2383278019",
"1914387570609311946","Mon Apr 21 18:35:41 +0000 2025","25","While MHJ has never claimed Illit's sound/music was plagiarized tokkis have. One example is them claiming the dance break in Illit's MAMA performance plagiarized NewJeans' indomie commercial. https://t.co/EscUridOjP","1914387579010502883","https://pbs.twimg.com/media/GpFDgxNWoAA8w7E.png","gllit_resources","en","","0","1","1","https://x.com/undefined/status/1914387579010502883","1891257097637314560",
"1913708737531138205","Sat Apr 19 21:38:12 +0000 2025","0","wts indomie newjeans postcard 18k incl. all #zonajajan #zonauang https://t.co/OBn1ck9uw9","1913708737531138205","https://pbs.twimg.com/media/Go7b9FcagAAVKRI.jpg","","en","","1","0","0","https://x.com/undefined/status/1913708737531138205","1692858793472983040",
"1913708294549696717","Sat Apr 19 21:36:27 +0000 2025","0","indomie newjeans postcard 18k incl. all #zonajajan #zonauang https://t.co/DyQ7V71tgm","1913708294549696717","https://pbs.twimg.com/media/Go7bjSoasAAyqIn.jpg","","en","","0","0","0","https://x.com/undefined/status/1913708294549696717","1692858793472983040",
"1911662010690855078","Mon Apr 14 06:12:17 +0000 2025","0","@tanyakanrl indomie spicy ramyeon","1911663782654357886","","tanyakanrl","en","","0","0","0","https://x.com/undefined/status/1911663782654357886","1631801031825956865",
"1911554730775421261","Mon Apr 14 01:16:22 +0000 2025","0","@Snper22 I have friend in jakarta he said Indomie still use Newjeans as a model.","1911589313760153696","","Snper22","en","","0","1","0","https://x.com/undefined/status/1911589313760153696","1321765441505669120",
"1911089158627668357","Sat Apr 12 16:12:58 +0000 2025","12","since sungjin is open for any ramyeon commercial.. indomie please get this man i wanna buy indomie with sungjin pc https://t.co/LgWOjNfvOj","1911090174576263269","https://pbs.twimg.com/amplify_video_thumb/1911090031868948480/img/sUaNA78-XqaPT084.jpg","eodaysix","en","","0","0","3","https://x.com/undefined/status/1911090174576263269","1850542501867999232",
"1910963811118661957","Sat Apr 12 07:50:51 +0000 2025","1","since taesan loves ramyeon sm i rly hope he gets to try indomie while he s in indonesia","1910963811118661957","","","en","","0","0","0","https://x.com/undefined/status/1910963811118661957","1856265219594674176",
"1910691612826755469","Fri Apr 11 21:14:24 +0000 2025","1","@newjeans_loop Indomie a real one ️","1910803645764886902","","newjeans_loop","en","","0","0","0","https://x.com/undefined/status/1910803645764886902","1491979507598823424",
"1910691612826755469","Fri Apr 11 15:18:13 +0000 2025","0","@newjeans_loop indomie continues to be the best noodle brand SUNSHINE DANIELLE DAY #20BloomingDanielle #AlwaysWithDanielle #어디라도_따라갈래_다니라면","1910714008870486382","","newjeans_loop","en","","0","0","0","https://x.com/undefined/status/1910714008870486382","1756336105434357760",
"1910691612826755469","Fri Apr 11 14:43:16 +0000 2025","0","@newjeans_loop Thank you Indomie SUNSHINE DANIELLE DAY #20BloomingDanielle #AlwaysWithDanielle #어디라도_따라갈래_다니라면","1910705210659659841","","newjeans_loop","en","","0","0","0","https://x.com/undefined/status/1910705210659659841","1830812449366556672",
"1910691612826755469","Fri Apr 11 14:32:34 +0000 2025","11","@newjeans_loop Another W for Indomie for being so based and supportive towards the girls.","1910702517757108477","","newjeans_loop","en","","0","0","0","https://x.com/undefined/status/1910702517757108477","1843283756318367744",
"1910691612826755469","Fri Apr 11 13:49:14 +0000 2025","2171","Indomie IG update SUNSHINE DANIELLE DAY #20BloomingDanielle #AlwaysWithDanielle #어디라도_따라갈래_다니라면 https://t.co/SkYJGRi3Hy","1910691612826755469","https://pbs.twimg.com/amplify_video_thumb/1910691559114457088/img/8isxZG35MVmO5K-h.jpg","","en","","13","36","485","https://x.com/undefined/status/1910691612826755469","1559527150197555200",
"1910668131087114487","Fri Apr 11 12:55:42 +0000 2025","12","@newjeans_loop Indomie posted on Instagram story Danielle is so loved @newjeans_loop https://t.co/D88LYkiB9k","1910678143918108711","https://pbs.twimg.com/media/GoQXpPdWUAAEK4c.jpg","newjeans_loop","en","","0","0","4","https://x.com/undefined/status/1910678143918108711","1642578009273008129",
"1910677458632008114","Fri Apr 11 12:53:00 +0000 2025","0","ended up giving them away the indomie cuz THERES NO WAY im bringing 9 indomie to class and we were like laughing so hard one of my friends said we all say thanks to newjeans in union LMAOO i turn the whole class into a tokki","1910677464332067046","","minjiggom","en","","0","0","0","https://x.com/undefined/status/1910677464332067046","1685708041533136896",
"1908417707428762054","Sat Apr 05 07:13:32 +0000 2025","0","wts indomie x newjeans postcard set inc. frame take all 30k dom semarang tags. #wts #wtb #zonauang #njz #newjeans https://t.co/Q4m5XO6mhO","1908417707428762054","https://pbs.twimg.com/media/GnwPyCDawAAhQCo.jpg","","en","","0","0","0","https://x.com/undefined/status/1908417707428762054","1024202863",
"1908116939601514778","Fri Apr 04 11:18:24 +0000 2025","0","wts postcard newjeans indomie 18k incl. all https://t.co/CLBRCXWBmb","1908116939601514778","","","en","","0","0","0","https://x.com/undefined/status/1908116939601514778","1692858793472983040",
"1907810919582937263","Thu Apr 03 15:02:23 +0000 2025","0","The indomie newjeans collab so nice SPICYYYY","1907810919582937263","","","en","","0","0","0","https://x.com/undefined/status/1907810919582937263","516274794",
"1907120462540546174","Tue Apr 01 17:18:45 +0000 2025","1","Rispekkk indomie for not mention them as NewJeans and choose to mention all the members name","1907120462540546174","","","en","","0","0","0","https://x.com/undefined/status/1907120462540546174","157151709",
"1907064622542438839","Tue Apr 01 13:36:52 +0000 2025","0","wts ini bisa ga si postcard set + frame njz newjeans x indomie #wts #wtb https://t.co/dLaQkbXcMd","1907064622542438839","https://pbs.twimg.com/media/GndBKRQakAA-lrZ.jpg","","en","","0","0","0","https://x.com/undefined/status/1907064622542438839","1351768769673060355",
"1906630529073693137","Mon Mar 31 08:51:56 +0000 2025","1","WTS postcard Indomie newjeans sealed bisa oren harga 27k free Indomie https://t.co/r98gAtAH98","1906630529073693137","https://pbs.twimg.com/media/GnW2Vlfb0AAP3_I.jpg","","en","","0","0","0","https://x.com/undefined/status/1906630529073693137","1522071922183327744",
"1906142008516964458","Sun Mar 30 00:30:43 +0000 2025","0","I made cloud egg ramyeon but with our delicious indo pride noodle indomie","1906142008516964458","","","en","","0","0","0","https://x.com/undefined/status/1906142008516964458","1277270428604493829",
"1869224714843095523","Fri Mar 28 08:16:09 +0000 2025","0","@nisinohya INDOMIE SPICY RAMYEON???? EW????","1905534360150745328","","Denjxi","en","","0","1","0","https://x.com/undefined/status/1905534360150745328","723929793054531584",
"1905373260986085482","Thu Mar 27 21:51:29 +0000 2025","0","@irisofdvalley Danielle from NewJeans likely represents you best matching your ENFP personality bubbly outgoing and creative as seen in your tweets. While no member has direct Indonesian ties the group's Indomie endorsement shows their popularity there. Hanni (INFP) could resonate in","1905377160388288783","","fleuirished","en","","0","0","0","https://x.com/undefined/status/1905377160388288783","1720665183188922368",
"1904337755783811516","Tue Mar 25 01:01:16 +0000 2025","0","Ready stock set indomie x newjeans (njz) postcard https://t.co/hxR0ltNSrI","1904337755783811516","","","en","","0","0","0","https://x.com/undefined/status/1904337755783811516","841644998",
"1903197009424904265","Fri Mar 21 21:28:21 +0000 2025","0","Indomie spicy ramyeon + the summer I turned pretty https://t.co/xaRjNtZ5so","1903197009424904265","https://pbs.twimg.com/media/GmmDmCpbIAAYsR0.jpg","","en","","0","0","0","https://x.com/undefined/status/1903197009424904265","848833676523618306",
"1902689223360270846","Thu Mar 20 11:50:35 +0000 2025","0","i just got the newjeans's indomie postcard for free","1902689223360270846","","","en","","0","1","0","https://x.com/undefined/status/1902689223360270846","1447847609784160260",
"1902248612761104485","Wed Mar 19 06:39:46 +0000 2025","12","Congratulations to Ohm&amp;Nanon on being nominated for 2025 STAR FOCUS TOP ARTIST Voting Link:https://t.co/2Y6oEkGEsS March 16 - 31 (BKK) @ohmpawatt @mynameisnanon @OhmNanon_CNFC #OhmNanon #OhMyGoodItsIndomie #nanon_korapat #StarFocus #STARFOCUSTOPARTIST https://t.co/nfDJvnq8an","1902248612761104485","https://pbs.twimg.com/media/GmYk_CCbkAAllPZ.jpg","","en","","0","0","5","https://x.com/undefined/status/1902248612761104485","1788823620929937408",
"1901920980882325566","Tue Mar 18 09:06:55 +0000 2025","0","@mintjiy Hey! Looks like you re torn between sticking with Minji (NewJeans) or returning to Seeun (STAYC) for your online vibe. NewJeans is killing it globally with hits like How Sweet and that Indomie gig so staying Minji might keep you in the hype. But if Seeun and STAYC s upcoming","1901923258905329935","","seeeunt","en","","0","1","0","https://x.com/undefined/status/1901923258905329935","1720665183188922368",
"1901549936589627539","Mon Mar 17 08:23:28 +0000 2025","0","got mine #ohmygooditsindomie https://t.co/tv3TcYIO9h","1901549936589627539","https://pbs.twimg.com/media/GmOplDZagAEd0zG.jpg","","en","","0","0","0","https://x.com/undefined/status/1901549936589627539","1704853255082422273",
"1872869750721921136","Sun Mar 16 13:53:31 +0000 2025","0","Wts indomie new jeans postcard frame SEALED 15K inc all Dom malang jawa timur ina Lfb Newjeans njz photoframe https://t.co/ZJiFSj1mrW","1901270609595973992","https://pbs.twimg.com/media/GmKriubaUAAGrgJ.jpg","indirnoona","en","","1","2","0","https://x.com/undefined/status/1901270609595973992","3236590988",
"1688763637941653504","Fri Mar 07 00:44:59 +0000 2025","0","Proof Indomie X Newjeans Tags wts wtb ph my th kr web proxy wh service 포카 양도 https://t.co/3srGhSa1rR","1897810675101319641","https://pbs.twimg.com/media/GlZgvbgaAAAsRiy.jpg","minlix99_","en","","0","1","0","https://x.com/undefined/status/1897810675101319641","1522071922183327744",
"1897757242306469998","Thu Mar 06 21:12:39 +0000 2025","0","WTS POSTCARD NEWJEANS NJZ X INDOMIE 1 set get 3 postcard + 1 frame Available shopee international available SG MY PH TH VN MX BR CL TW CO Search my shop: hhaaanniiii Shopee Indonesia: https://t.co/2ctZjRbQwO https://t.co/1lOIyfLEUz","1897757242306469998","https://pbs.twimg.com/media/GlYwJUKXcAA9N15.jpg","","en","","1","0","0","https://x.com/undefined/status/1897757242306469998","1312822891805728769",
"1897194755785933087","Wed Mar 05 19:18:46 +0000 2025","6","@sheepymcsheepy It was an old Indomie ad tie-up from when they were still under contract with ADOR. Indomie probably shot multiple ads in advance and just decided to release this video now. That's why they use NewJeans name instead of NJZ because at that time they were NewJeans.","1897366192542847485","","sheepymcsheepy","en","","0","0","0","https://x.com/undefined/status/1897366192542847485","1888206467670683648",
"1897316980237197480","Wed Mar 05 16:03:13 +0000 2025","14","Dawg just let me enjoy my Newjeans x indomie colab https://t.co/WoOfKEJ3nQ","1897316980237197480","https://pbs.twimg.com/media/GlSfvObXkAA5h6w.jpg","","en","","0","0","0","https://x.com/undefined/status/1897316980237197480","1432309340",
"1896946274009768196","Tue Mar 04 15:30:09 +0000 2025","0","WTS POSTCARD NJZ INDOMIE NEWJEANS NEW JEANS Harga : 33k IDR/ 2$ ️Shopee https://t.co/s5yFeMyjGe ️Tokped https://t.co/9BzoezZxh3 Gratis ongkir di Tokopedia WW Shipping from INA Merchandise Official Merch Hanni Haerin Minji Danielle Hyein 민지 하니 다니엘 해린 혜인 https://t.co/q7vJ03sKPq","1896946274009768196","https://pbs.twimg.com/media/GlNOk5LWYAAFLhW.jpg","","en","","0","1","0","https://x.com/undefined/status/1896946274009768196","1510100491631742977",
"1896902246216188181","Tue Mar 04 12:35:12 +0000 2025","0","want to sell wts NewJeans NJZ x indomie postcard $4/set bulk orders shipping worldwide Shopee Vietnam Singapore Malaysia Ph t. 인도미 포가 뉴진스 Indomie Indonesia hanni dannielle minji haerin hyein https://t.co/BBi8LXheWu","1896902246216188181","https://pbs.twimg.com/media/GlMmiEJaYAAAAS2.jpg","","en","","0","0","0","https://x.com/undefined/status/1896902246216188181","1717143516319768576",
"1896884269999673542","Tue Mar 04 11:23:47 +0000 2025","1","indomie x newjeans postcard I LOOPPP NJZ https://t.co/UYvWMeO3KL","1896884269999673542","https://pbs.twimg.com/media/GlMWL_zWcAAF4No.jpg","","en","","0","0","0","https://x.com/undefined/status/1896884269999673542","1378284223778320384",
"1896747056578072595","Tue Mar 04 02:18:32 +0000 2025","1","Open jastip indomie collaboration with newjeans 45. 000 IDR from depok Indonesia shopee/PayPal/bank transfer Dm if u interest #NewJeans #wts #Minji #Hanni #Danielle #HAERIN #Hyein #worldwide #zonakpop #indomie https://t.co/sW7OOzmM50","1896747056578072595","https://pbs.twimg.com/media/GlKZUTkagAAwDLA.jpg","","en","","0","0","0","https://x.com/undefined/status/1896747056578072595","1791323363463565312",
"1896574231070355882","Mon Mar 03 14:51:47 +0000 2025","3","I WANT THIS SO BAD! INDOMIE PLEASEE #newjeans #njz","1896574231070355882","","","en","","0","0","0","https://x.com/undefined/status/1896574231070355882","1491979507598823424",
"1896563012120776898","Mon Mar 03 14:07:13 +0000 2025","0","OMG i finally got the Indomie x NewJeans Postcards!!!!!! https://t.co/JSVBXtXv1x","1896563012120776898","https://pbs.twimg.com/media/GlHx_ZNaoAA_w5q.jpg","","en","","0","0","0","https://x.com/undefined/status/1896563012120776898","1423650289115041797",
"1896465063894286769","Mon Mar 03 10:08:14 +0000 2025","4","Indomie x NewJeans NJZ Postcard AR Scan https://t.co/wGCXsU3Qny","1896502869622505661","https://pbs.twimg.com/ext_tw_video_thumb/1896502847736573952/pu/img/6YuPPSW8O9KTlA3Q.jpg","ak_baraaa","en","","0","1","0","https://x.com/undefined/status/1896502869622505661","808578305561624576",
"1896465295415673103","Mon Mar 03 07:38:55 +0000 2025","0","indomie x NewJeans NJZ Postcard with frame Limited Edition https://t.co/RAtabS6wNp","1896465295415673103","","","en","","0","0","0","https://x.com/undefined/status/1896465295415673103","808578305561624576",
"1896465063894286769","Mon Mar 03 07:38:24 +0000 2025","0","Bisa beli disini indomie x NewJeans NJZ Postcard with frame Limited Edition https://t.co/RAtabS6wNp","1896465162556895287","","ak_baraaa","en","","0","0","0","https://x.com/undefined/status/1896465162556895287","808578305561624576",
"1896465063894286769","Mon Mar 03 07:38:00 +0000 2025","5","Akhirnya dapet Indomie x NewJeans NJZ Postcard with frame Limited Edition https://t.co/sfxVIrnNNx","1896465063894286769","https://pbs.twimg.com/media/GlGY7LdaUAEidtj.jpg","","en","","0","3","0","https://x.com/undefined/status/1896465063894286769","808578305561624576",
"1896104306178474035","Sun Mar 02 07:44:29 +0000 2025","2","OPEN JASTIP NEWJEANS X INDOMIE IDR 38.000 / set (postcard+frame+6mie) 6 set just 180.000 (Dapat 6 pcs mie) include adm &amp; packing keep event with dp Jatim Link co https://t.co/aIvNjWnWh1 #WTs #NewJeans #wts #NJZ #indomie https://t.co/fWcj9HMBW5","1896104306178474035","https://pbs.twimg.com/media/GlBQzgKaAAAZP6r.jpg","","en","","1","1","0","https://x.com/undefined/status/1896104306178474035","1622276916588994560",
"1896100929310769266","Sun Mar 02 07:31:04 +0000 2025","1","wts newjeans x indomie postcards $3.5 usd will sent it sealed tags hanni haerin hyein minji danielle njz https://t.co/EBT1Q2Z0Jm","1896100929310769266","https://pbs.twimg.com/media/GlBNvQsb0AAgfWu.jpg","","en","","0","0","0","https://x.com/undefined/status/1896100929310769266","1371132820937080832",
"1896094062857564445","Sun Mar 02 07:03:46 +0000 2025","1","OPEN JASTIP NEWJEANS X INDOMIE IDR 38.000 / set (postcard+frame+mie) 6 set just 180.000 (TANPA MIE) include adm &amp; packing keep event with dp Jatim #WTs #NewJeans #wts #NJZ #indomie https://t.co/SikgdtBfT3","1896094062857564445","https://pbs.twimg.com/media/GlBHfgabkAA_1CL.jpg","","en","","0","1","0","https://x.com/undefined/status/1896094062857564445","1622276916588994560",
"1896088912856301584","Sun Mar 02 06:43:19 +0000 2025","0","Tag NJZ newjeans haerin hanni danielle hyein minji postcard indomie jastip wts titip numpang zonauang oh my god it's indomie postcard set with frame","1896088912856301584","","","en","","0","0","0","https://x.com/undefined/status/1896088912856301584","1145734451428618240",
"1895801624154816581","Sat Mar 01 16:49:36 +0000 2025","0","@haerinsmatcha you won't feel lonely anymore once you get your hands on the newjeans x indomie photocards because that will accompany you :D","1895879102441406946","","haerinsmatcha","en","","0","1","0","https://x.com/undefined/status/1895879102441406946","1754845934943449088",
"1895817745922687364","Sat Mar 01 12:45:47 +0000 2025","0","Go get your photocards #OhMyGoodItsIndomie #NJZ","1895817745922687364","","","en","","0","0","0","https://x.com/undefined/status/1895817745922687364","1573636908798078977",
"1895810184934752583","Sat Mar 01 12:15:45 +0000 2025","21","Haha I got it . #njz #NJZ_REDEBUT #indomie #newjeans https://t.co/US4bcVoyPw","1895810184934752583","https://pbs.twimg.com/media/Gk9FTXla8AAs7Mv.jpg","","en","","1","3","1","https://x.com/undefined/status/1895810184934752583","1031459019905413120",
"1895761433281118603","Sat Mar 01 09:02:01 +0000 2025","8","Indomie is also using their real names instead of NewJeans Our girls will always be loved ","1895761433281118603","","","en","","0","0","1","https://x.com/undefined/status/1895761433281118603","1840724960815489024",
"1895721666694783046","Sat Mar 01 06:24:00 +0000 2025","194","[250301] NJZ X INDOMIE EXCLUSIVE GIFT SET Indomie launches an exclusive gift set featuring a postcard set with a frame including 3 photos of Minji Hanni Danielle Haerin and Hyein! #OhMyGoodItsIndomie #Indomie #NewJeansxIndomie #NJZxIndomie #엔제이지 #NJZ #Jeans_BRANDS https://t.co/j286ZVwlSM","1895721666694783046","https://pbs.twimg.com/ext_tw_video_thumb/1895721616300285952/pu/img/U3Hkw05DDF0wv--h.jpg","","en","","0","2","45","https://x.com/undefined/status/1895721666694783046","1666353316589375490",
"1895704524784017584","Sat Mar 01 05:37:30 +0000 2025","16","@SayItditto722 Not really The packaging still says 'NewJeans' since the brand deal happened right before all this went down. But seeing how they mention them individually now it s pretty clear where Indomie stands and which side they favor.","1895709963882000445","","planet_722","en","","0","0","0","https://x.com/undefined/status/1895709963882000445","1843283756318367744",
"1895706236013998457","Sat Mar 01 05:22:41 +0000 2025","13","Even Indomie calls them by their individual names instead of 'NewJeans' now. What happened to brands supposedly being confused by Ador? Fans and brands are well aware of the situation. quit gaslighting like a tantrum-throwing old man.","1895706236013998457","","","en","","0","0","0","https://x.com/undefined/status/1895706236013998457","1843283756318367744",
"1990698003917910420","Tue Nov 18 08:26:04 +0000 2025","0","하 . 간식 우리의 잼민이 맆우님이 넣으신 거래 그리고 그걸 또 앙현군이 찍으신 거고. 그리고 그 영상을 맆우님이 하늠님에게 보낸 거고 그럼 맆우님 폰으로 찍엇거나 앙현이에게 영상을 받앗거나 해서 보냇겟네요.. 그래요.. 둘이 정말 잘 어울리시네 축하해요 https://t.co/SioA2BHNLE","1990698003917910420","https://pbs.twimg.com/media/G6BhSL6bMAMpUE5.jpg","","ko","","0","0","0","https://x.com/undefined/status/1990698003917910420","1954248610977312768",
"1990697726057791759","Tue Nov 18 08:24:57 +0000 2025","0","ラブブGETした〜！！ めっちゃ可愛いまじ( ´ ω `) #LABUBU https://t.co/0nofsBoeEw","1990697726057791759","https://pbs.twimg.com/media/G6BhB6ebAAAb0H2.jpg","","ja","","0","0","0","https://x.com/undefined/status/1990697726057791759","1836008577070497792",
"1990697700879446449","Tue Nov 18 08:24:51 +0000 2025","0","รูปนี้ค่ดน่ารัก #gmmtv2026 #winmetawin @winmetawin https://t.co/koVQO87fH0","1990697700879446449","https://pbs.twimg.com/media/G6BhAXpbMAEZosW.jpg","","th","","0","0","0","https://x.com/undefined/status/1990697700879446449","1458677823992860677",
"1990694825721802852","Tue Nov 18 08:24:51 +0000 2025","0","@neongwoo67 ㅋㅋㅋㅋㅋㅋㅋㅋㅋㅋㅋㅋㅋㅋㅋㅋㅋㅋㅋㅋㅋㅋㅋㅋㅋㅋㅋㅋㅋㅋㅋㅋㅋㅋㅋㅋㅋㅋㅋㅋㅋㅋㅋㅋㅋㅋㅋ찰리 친구하자 ㄱㄱ","1990697698631229650","","neongwoo67","ko","","0","0","0","https://x.com/undefined/status/1990697698631229650","1420772853411028997",
"1990697553978097731","Tue Nov 18 08:24:16 +0000 2025","0","[181125] Jaemin Bubble Update Akhirnya parfum yang kupakai uuuung Aku jadi telat karena ngurus ini itu aigo.. Hari ini kamu juga udah bekerja keras Sijeuni Itu (parfumnya) unisex jadi siapa aja bisa pake kan? https://t.co/Hz0VDXvkdp","1990697553978097731","https://pbs.twimg.com/media/G6Bg4CSbwAAjlmv.jpg","","in","","0","0","0","https://x.com/undefined/status/1990697553978097731","1551247385657233408",
"1990697536311718307","Tue Nov 18 08:24:12 +0000 2025","0","ㅋㅋㅋㅋㅋㅋㅋㅋㅋㅋㅋㅋㅋㅋㅋㅋㅋㅋㅋㅋㅋㅋㅋㅋㅋㅋㅋㅋㅋㅋㅋㅋㅋㅋㅋㅋㅋㅋㅋㅋㅋㅋㅋㅋㅋㅋㅋㅋㅋㅋㅋㅋㅋㅋㅋㅋㅋㅋㅋㅋㅋㅋㅋㅋㅋㅋㅋㅋz https://t.co/LRdkIBOLH9","1990697536311718307","https://pbs.twimg.com/media/G6Bgy3FbQAA3Qgk.jpg","","ko","","0","0","0","https://x.com/undefined/status/1990697536311718307","1700897552407949312",
"1990605584278958348","Tue Nov 18 08:22:32 +0000 2025","0","@Jhope_Indonesia HUMAN HOPE J-HOPE X HUMAN MADE #jhope #HumanHope #jhopexHumanMade","1990697118147952675","","Jhope_Indonesia","en","","0","0","0","https://x.com/undefined/status/1990697118147952675","1906340461322625024",
"1990696816393007531","Tue Nov 18 08:21:21 +0000 2025","1","แทดอุ๋งพี่ไอซ์555555555555 MOO Bangkok x Num Eiang ꒰ #MOOBangkokNumEiang ꒱ ⋆˙ᝰ. ꒰ #TadATLAS #TadThapana ꒱ ୨୧ ˖˚ @TadThapana ྀི https://t.co/gdhsBIG4Rw","1990696816393007531","https://pbs.twimg.com/amplify_video_thumb/1990696758146670592/img/W1qxFpmn39bIN0un.jpg","","und","","0","0","2","https://x.com/undefined/status/1990696816393007531","1692765790624444416",
