conversation_id_str;created_at;favorite_count;full_text;id_str;image_url;in_reply_to_screen_name;lang;location;quote_count;reply_count;retweet_count;tweet_url;user_id_str;username
1,9799E+18;Sun Oct 19 15:24:04 +0000 2025;0;@sbtgirlgroup unsealed postcard indomie x newjeans ada 2 set yap (7.000/set);1,97993E+18;;sbtgirlgroup;in;;0;0;0;https://x.com/undefined/status/1979931561974796723;1,67555E+18;
1,93793E+18;Sun Oct 19 13:34:23 +0000 2025;0;10. indomie seblak jeletot x sedaap korean spicy soup semua cabenya dipake jadi enak banget pedes dan menurut gue ga terlalu asin;1,9799E+18;;bimilindee;in;;0;1;0;https://x.com/undefined/status/1979903957930545471;1,41825E+18;
1,97952E+18;Sat Oct 18 12:24:53 +0000 2025;0;indomie spicy ramyeon. rasanya mirip shin ramyun versi low budget.;1,97952E+18;;;in;;0;0;0;https://x.com/undefined/status/1979524079565852969;9,48751E+17;
1,97938E+18;Sat Oct 18 03:11:41 +0000 2025;1;Sarapan Indomie spicy ramyeon enak kali ya https://t.co/OW2t2go9sE;1,97938E+18;https://pbs.twimg.com/media/G3gwC9RX0AAZ5px.jpg;;in;;0;0;0;https://x.com/undefined/status/1979384866123976835;1,97216E+18;
1,97901E+18;Fri Oct 17 16:03:13 +0000 2025;3;@indomiegurl adakah yg bilang kalau he's not korean deserve to be cheated??? gurl just get ur indomie;1,97922E+18;;indomiegurl;in;;0;0;0;https://x.com/undefined/status/1979216640425214124;1,60186E+18;
1,97919E+18;Fri Oct 17 14:29:00 +0000 2025;0;pengen coklat almond beryls pengen ollate peach pengen mie instannya ramyeon carbonara bukan indomie gaada rasanya anj knp kalian jd mahal bgt seh waktu aku ngekost;1,97919E+18;;;in;;0;0;0;https://x.com/undefined/status/1979192926719635753;1,3424E+18;
1,97919E+18;Fri Oct 17 14:06:59 +0000 2025;1;hi ada yang masih nyari postcard / photocard set newjeans x indomie yang ini kah? isinya utuh semua yaaa sealed 10k/ea unsealed 9k take all 25k only t. wts want to sell jual postcard newjeans ready kamar https://t.co/kbbQ00fUn2;1,97919E+18;https://pbs.twimg.com/media/G3d8b8eWwAEFuGC.jpg;;in;;0;0;1;https://x.com/undefined/status/1979187389709873455;1284831638;
1,97914E+18;Fri Oct 17 10:45:33 +0000 2025;0;indomie spicy ramyeon enak bgt plissss;1,97914E+18;;;in;;0;1;0;https://x.com/undefined/status/1979136696412229903;1,24986E+18;
1,97878E+18;Fri Oct 17 07:15:40 +0000 2025;1;@sbyfess mie gaga blackpaper mie gaga goreng chipolette mie gaga goreng habanero sedaap goreng sedaap kari sedaap soto sedaap laksa sedaap bakso sedaap korean cheese buldak indomie rendang indomie rica rica indomie kari ayam indomie goreng aceh bihunku la;1,97908E+18;;sbyfess;in;;0;0;0;https://x.com/undefined/status/1979083877625790487;1,5997E+18;
1,97889E+18;Thu Oct 16 18:35:57 +0000 2025;0;kita bikin indomie ramyeon cintaku dulu agar tidak kelaparan;1,97889E+18;;;in;;0;0;0;https://x.com/undefined/status/1978892689467670957;1,29141E+18;
1,97874E+18;Thu Oct 16 08:32:14 +0000 2025;0;1. Mie gacoan 2. Mie ayam bakso 3. Wow spaghetti carbonara 4. Gekikara Ramen 5. Indomie Soto 6. Sarimi Rendang 7. Mie Sedap Kari Ayam 8. Buldak Ramyeon 9. Pop Mie Baso 10. Mie Gelas Protevit;1,97874E+18;;;in;;0;0;0;https://x.com/undefined/status/1978740756857897140;1,89311E+18;
1,9784E+18;Wed Oct 15 09:57:09 +0000 2025;0;Ada menu ramyeon trs gw nanya ramyeon pa dijawab ramyeon korea....baangin ke warkop trs nanya ini indomie apa dijawab indomie indonesia ajg gw lempar ya;1,9784E+18;;;in;;0;1;0;https://x.com/undefined/status/1978399738379825296;1,26718E+18;
1,97795E+18;Tue Oct 14 14:24:30 +0000 2025;0;@munvess Sedap Korean spicy yg kuah/goreng sedap lasagna Indomie geprek;1,9781E+18;;munvess;in;;0;0;0;https://x.com/undefined/status/1978104632623632470;1,15049E+18;
1,97809E+18;Tue Oct 14 13:27:39 +0000 2025;0;mie sedap yang spicy korean chicken itu ga pedes deh. kayaknya pedesan indomie aceh.;1,97809E+18;;;in;;1;1;0;https://x.com/undefined/status/1978090324841951482;1,90949E+18;
1,97803E+18;Tue Oct 14 10:34:14 +0000 2025;0;@attack_urhe4rt indomie goreng kari ayam ramyeon;1,97805E+18;;attack_urhe4rt;in;;0;1;0;https://x.com/undefined/status/1978046685759885445;1,37461E+18;
1,97795E+18;Tue Oct 14 07:57:11 +0000 2025;0;@munvess indomie yang korean series;1,97801E+18;;munvess;in;;0;0;0;https://x.com/undefined/status/1978007162057306438;1,44146E+18;
1,97795E+18;Tue Oct 14 05:22:20 +0000 2025;0;@munvess indomie: 1. mie kocok bandung 2. soto koya pedas 3. ramyeon all variant 4. mie goreng rica-rica 5. ramen all variant 6. ayam geprek 7. empal gentong 9. soto lamongan;1,97797E+18;;munvess;in;;0;0;0;https://x.com/undefined/status/1977968193705824594;1,44751E+18;
1,97795E+18;Tue Oct 14 05:01:42 +0000 2025;0;@munvess Lu harus coba indomie korean series yg merah sama pink terus mie sedap laksa mie sedap korean cheese spicy gekikara ramen pink sama indomie soto series koya + aneka dari daerah.. kalo lu ada budget lebih gua saranin lu makan samyang stew mana lag;1,97796E+18;;munvess;in;;0;0;0;https://x.com/undefined/status/1977962998586396942;1,94379E+18;
1,97795E+18;Tue Oct 14 04:10:15 +0000 2025;0;@munvess indomie soto banjar aceh tori miso mie newjeans;1,97795E+18;;munvess;in;;0;0;0;https://x.com/undefined/status/1977950051294118394;1,24357E+18;
1,97769E+18;Mon Oct 13 11:25:05 +0000 2025;0;11. indomie ramyeon adalah comfort food ak;1,9777E+18;;rikurismeee;in;;0;1;0;https://x.com/undefined/status/1977697092924576135;1,9556E+18;
1,97448E+18;Sat Oct 04 18:35:43 +0000 2025;0;@vecotesz Indomie spicy ramyeon! Pernah nyobain nggak?;1,97454E+18;;vecotesz;in;;0;0;0;https://x.com/undefined/status/1974543972933800039;1,93471E+18;
1,9745E+18;Sat Oct 04 15:47:34 +0000 2025;0;banyak jir gua tukang makan wkwkwk (dimsum ramyeon mi ayam indomie);1,9745E+18;;;in;;0;0;0;https://x.com/undefined/status/1974501658173591696;1,40759E+18;
1,97448E+18;Sat Oct 04 14:07:57 +0000 2025;0;i loaf indomie tp lebih suka mie sedaap korean spicy buldak ;1,97448E+18;;;in;;0;0;0;https://x.com/undefined/status/1974476590533984545;1,92483E+18;
1,97427E+18;Sat Oct 04 03:15:08 +0000 2025;0;@cubitski LUCU BANGET FANDOM INDOMIE SPICY RAMYEON;1,97431E+18;;cubitski;in;;0;0;0;https://x.com/undefined/status/1974312303928672627;142657558;
1,97427E+18;Sat Oct 04 01:54:34 +0000 2025;0;@namgiriu DEMI APA ADA JG SESAMA FANS INDOMIE SPICY RAMYEON? AKU SMP MAU BIKIN FANDOM RASANYA RA HAHAHA;1,97429E+18;;namgiriu;in;;0;1;0;https://x.com/undefined/status/1974292025291018587;1,29141E+18;
1,97427E+18;Sat Oct 04 00:29:37 +0000 2025;0;SAYANGKU INDOMIE SPICY RAMYEON https://t.co/R7l5rXMqK1;1,97427E+18;https://pbs.twimg.com/media/G2YEsB_bsAAX6Fx.jpg;;in;;0;6;0;https://x.com/undefined/status/1974270646730510477;1,29141E+18;
1,97418E+18;Fri Oct 03 18:34:49 +0000 2025;0;makan ramyeon di pinggir sungai han kayak makan indomie rebus di ciwidey kali ya (mau);1,97418E+18;;;in;;0;1;0;https://x.com/undefined/status/1974181362317078836;1,20939E+18;
1,97408E+18;Fri Oct 03 12:04:37 +0000 2025;0;Dah ah w pen mam shin ramyeon versi indomie + pake kimchi lalu minum obat dan bobo cefat;1,97408E+18;;;in;;0;0;0;https://x.com/undefined/status/1974083164214866101;82894862;
1,97406E+18;Fri Oct 03 11:07:33 +0000 2025;0;@muncorner Yang murah indomie spicy ramyeon gekikara shin ramyum;1,97407E+18;;muncorner;in;;0;0;0;https://x.com/undefined/status/1974068800762126597;1,7277E+18;
1,97189E+18;Sun Sep 28 10:41:44 +0000 2025;0;@0o0byb huft suka makan donat jco yg glazed dgn indomie ayam geprek/mie sedap korean spicy;1,97225E+18;;0o0byb;in;;0;0;0;https://x.com/undefined/status/1972250364402626608;1,33337E+18;
1,97182E+18;Sat Sep 27 08:13:21 +0000 2025;0;@popposirpyo dulu ada indomie iga penyet itu enak bangettt gatau sekarang masi ada atau gaaa tapi ak sekarang suka mie sedap korean spicy;1,97185E+18;;popposirpyo;in;;0;0;0;https://x.com/undefined/status/1971850634883485811;1,2699E+18;
1,97182E+18;Sat Sep 27 06:11:32 +0000 2025;0;@kuri_noona INFJ jelas introvert tapi kalo udah kenal jadi extrovert kok (ambivert hehe) indomie iga penyet dulu ada rasa ini kayanya sekarang gada lagi itu paling enak pls kalo sekarang lebih suka mie sedap korean spicy;1,97182E+18;;kuri_noona;in;;0;0;0;https://x.com/undefined/status/1971819979827040646;1,2699E+18;
1,95527E+18;Fri Sep 26 16:16:20 +0000 2025;0;@Juyeonc asli aku mau berterima kasih juga pada pencipta mie.. indomie.. shin dan nongshim ramyeon.. u___u mereka penyelamatku. KWHEKWWK lucu banget tapi kadang ada jugaa yang sejarahnya tuh lucu :o ada cap badaknya ngga abang? coba dicek dulu;1,97161E+18;;Juxyeo;in;;0;0;0;https://x.com/undefined/status/1971609795255062829;2814607188;
1,97127E+18;Thu Sep 25 17:49:05 +0000 2025;0;grgr gongk jd craving for korean ramyeon yg indomie it lho yg bungkus biru enak dan pedesnya pedes enak;1,97127E+18;;;in;;0;0;0;https://x.com/undefined/status/1971270746619150665;1,9317E+18;
1,9709E+18;Wed Sep 24 17:26:17 +0000 2025;0;kari ayam sm yg indomie biru ramyeon korea itu jg enak;1,9709E+18;;;in;;0;0;0;https://x.com/undefined/status/1970902624187912198;1,75597E+18;
1,97069E+18;Wed Sep 24 13:34:20 +0000 2025;827;@cemburuya Senin Soto Ayam Selasa Rendang Rabu Ayam Pop Kamis Empal Gentong Jumat Soto Padang Sabtu Iga Penyet Minggu Korean Spicy Chicken Nah semuanya dalam bentuk Indomie.;1,97084E+18;;cemburuya;in;;6;3;41;https://x.com/undefined/status/1970844251903992286;575028648;
1,97038E+18;Tue Sep 23 06:47:58 +0000 2025;0;Keinget pernah menang giveaway Indomie Newjeans. Menang 300k pas bgt ultah waktu itu wkwk. Meski gak banyak tapi w seneng bgt. Dimana Indomie gaet Newjeans sebagai bunnies ape gak seneng gueeehhh;1,97038E+18;;;in;;0;1;0;https://x.com/undefined/status/1970379598631477510;1,55666E+18;
1,97005E+18;Mon Sep 22 08:41:27 +0000 2025;0;Suka Indomie tapi nggak semua varian rasa cocok di lidah ndesoku. Beda sama mie Sedaap. Semua varian rasa mie Sedaap aku suka. Nggak ada yang nggak cocok. Pernah nyoba Indomie K-Rose Spicy Ramyeon Tori Kara Takoyaki. Semuanya bikin hoek ...;1,97005E+18;;;in;;0;1;0;https://x.com/undefined/status/1970045766615130361;1,96677E+18;
1,96998E+18;Mon Sep 22 04:05:25 +0000 2025;0;indomie ramyeon pink sangat tida cocok dilidah akuu;1,96998E+18;;;in;;0;0;0;https://x.com/undefined/status/1969976301860905043;1,21228E+18;
1,9697E+18;Sun Sep 21 10:05:14 +0000 2025;0;top 3 1. mie sedap laksa 2. mie sedap korean spicy 3. indomie aceh;1,9697E+18;;;in;;0;0;0;https://x.com/undefined/status/1969704467257037214;1,77004E+18;
1,96867E+18;Thu Sep 18 13:41:07 +0000 2025;0;indomie ayam geprek + mie sedaap korean keju is a good combination;1,96867E+18;;;in;;0;1;0;https://x.com/undefined/status/1968671630961557761;1,17644E+18;
1,96861E+18;Thu Sep 18 09:26:30 +0000 2025;0;pengen bikin mie sedap korean buldak cheese itu sm dumpling keju deh agak bosen sm Indomie Aceh soalnyah ;1,96861E+18;;;in;;0;1;0;https://x.com/undefined/status/1968607553425649762;1,45946E+18;
1,96792E+18;Wed Sep 17 02:13:05 +0000 2025;0;@shypinklet Itu loh indomie yg collab sama newjeans;1,96814E+18;;shypinklet;in;;0;1;0;https://x.com/undefined/status/1968136092261265633;1,74972E+18;
1,96783E+18;Tue Sep 16 06:08:31 +0000 2025;0;Shin ramyeon b aja gon nanti w kirimin indomie soto sama kari sepack;1,96783E+18;;;in;;0;1;0;https://x.com/undefined/status/1967832952345419816;1,22596E+18;
1,96684E+18;Sun Sep 14 10:14:16 +0000 2025;0;@FOOD_FESS lagi suka popmie x indomie yang spicy ramyeon umami pedas gitu;1,96717E+18;;FOOD_FESS;in;;0;0;0;https://x.com/undefined/status/1967170022146797907;1,16409E+18;
1,96693E+18;Sat Sep 13 18:32:32 +0000 2025;0;Indomie Korean series yg pake saus rose rasanya kayak sate padang;1,96693E+18;;;in;;0;0;0;https://x.com/undefined/status/1966933026761584902;1,85041E+18;
1,96684E+18;Sat Sep 13 12:16:45 +0000 2025;0;Indomie ramyeon biru telor keju kimchi ENAK BGT;1,96684E+18;;;in;;0;0;0;https://x.com/undefined/status/1966838459957735676;828975920;
1,96677E+18;Sat Sep 13 07:47:57 +0000 2025;0;@louvemeskyzz indomie aceh sedaap korean spicy soup indomie tori miso indomie seblak;1,96677E+18;;louvemeskyzz;in;;0;1;0;https://x.com/undefined/status/1966770813639479555;1,47116E+18;
1,96677E+18;Sat Sep 13 07:45:30 +0000 2025;0;@louvemeskyzz indomie korean cheese buldak terus tambahin cireng isi abang abang enak;1,96677E+18;;louvemeskyzz;in;;0;1;0;https://x.com/undefined/status/1966770195822768209;1,83392E+18;
1,9667E+18;Sat Sep 13 03:19:10 +0000 2025;0;Kuah spicy ramyeon Indomie tuh bikin pengen soju;1,9667E+18;;;in;;0;0;0;https://x.com/undefined/status/1966703171008340271;77723090;
1,96616E+18;Fri Sep 12 17:30:40 +0000 2025;0;@Animo1782 @atonaldissonans Yg Korean Spicy Chicken rasanya lebih pas di lidah saya dari pada Indomie Goreng Ayam Geprek.;1,96656E+18;;Animo1782;in;;0;1;0;https://x.com/undefined/status/1966555070910366153;1,84009E+18;
1,96609E+18;Thu Sep 11 10:25:12 +0000 2025;1;Ada gak yang mau temenan sama aku gw? Biasanya ngomongin semester 5 yang (senyum ikhlas) kangen NewJeans kisah cinta aku gw bersama dengan mie ayam dll dah kalo mau lebih lengkapnya ya langsung temenan aja gak sih?? -rl https://t.co/EFVaHQo44u;1,96609E+18;https://pbs.twimg.com/media/G0jwcTRXgAARuHb.jpg;;in;;1;33;0;https://x.com/undefined/status/1966085609249747119;8,61949E+17;
1,96608E+18;Thu Sep 11 10:19:35 +0000 2025;0; Ada gak yang mau temenan sama aku gw? Biasanya ngomongin semester 5 yang (senyum ikhlas) kangen NewJeans kisah cinta aku gw bersama dengan mie ayam dll dah kalo mau lebih lengkapnya ya langsung temenan aja gak sih?? https://t.co/f8WNkTucrb;1,96608E+18;https://pbs.twimg.com/media/G0jvKOXW4AAOb8G.jpg;;in;;0;35;0;https://x.com/undefined/status/1966084199359684637;1,28405E+18;
1,96595E+18;Thu Sep 11 01:28:07 +0000 2025;3;Indomie ramyeon k rose rasanya gak semenggugah selera bungkusnya;1,96595E+18;;;in;;0;1;0;https://x.com/undefined/status/1965950451364610379;2728877532;
1,96579E+18;Wed Sep 10 14:58:42 +0000 2025;0;@vichazkwkdjd tapi 1 bks shin ramyeon = 2 bks indomie tau;1,96579E+18;;vichazkwkdjd;in;;0;1;0;https://x.com/undefined/status/1965792052299632671;1,25923E+18;
1,96542E+18;Tue Sep 09 14:34:33 +0000 2025;0;Baru nyoba indomie spicy ramyeon. Mayan enak juga next yang merah. https://t.co/4Ukg5wQZl0;1,96542E+18;https://pbs.twimg.com/media/G0aWVbRbQAARYBh.jpg;;in;;0;0;0;https://x.com/undefined/status/1965423584991728046;1,85293E+18;
1,9654E+18;Tue Sep 09 14:25:04 +0000 2025;0;@heartforhyeon Indomie ramyeon enak deh cocok pas lagi hujan gini;1,96542E+18;;heartforhyeon;in;;0;1;0;https://x.com/undefined/status/1965421198822773120;1,28194E+18;
1,965E+18;Mon Sep 08 23:55:16 +0000 2025;0;@FOOD_FESS indomie ramyeon spicy indomie tori kara indomie seblak mie sedap laksa singapore sama indomie soto banjar top five akuu;1,9652E+18;;FOOD_FESS;in;;0;0;0;https://x.com/undefined/status/1965202306141741356;1,44899E+18;
1,965E+18;Mon Sep 08 12:08:58 +0000 2025;0;@FOOD_FESS Mie sedaap yg Korean spicy (kalo ga salah) sama Indomie goreng aceh ;1,96502E+18;;FOOD_FESS;in;;0;0;0;https://x.com/undefined/status/1965024563043226097;1543640742;
1,965E+18;Mon Sep 08 11:25:26 +0000 2025;0;@FOOD_FESS lagi suka banget sama spicy ramyeon indomie;1,96501E+18;;FOOD_FESS;in;;0;0;0;https://x.com/undefined/status/1965013607294681482;758915641;
1,95822E+18;Wed Aug 20 17:22:11 +0000 2025;2;Sedap : - karrie ayam spesial - soto ayam - ayam bawang - Korean spicy Indomie : - soto limaw kwit - indomie rendang - indomie aceh - indomie hype abis Selera pedas all varian kuah Samyang buldak Gekira ramen Pop mie laper time Mie gelas all variants;1,95822E+18;;;in;;0;0;0;https://x.com/undefined/status/1958218013863444564;1,90982E+18;
1,95813E+18;Wed Aug 20 14:28:29 +0000 2025;0;@tanyakanrl My top 3: 1. Indomie seblak (tambah telur+cabe) 2. Tori kara 3. Korean spicy chicken soup;1,95817E+18;;tanyakanrl;in;;0;0;0;https://x.com/undefined/status/1958174303436128494;1,47161E+18;
1,95813E+18;Wed Aug 20 13:36:46 +0000 2025;0;@tanyakanrl Indomie: ayam bawang mie kocok bandung torikara Mie sedap: spicy korean sama yg kuah kaldu;1,95816E+18;;tanyakanrl;in;;0;0;0;https://x.com/undefined/status/1958161287650910403;242190132;
1,95813E+18;Wed Aug 20 13:16:11 +0000 2025;0;@tanyakanrl Sedaap kari spesial sedaap soto indomie tori miso samaa shin ramyeon;1,95816E+18;;tanyakanrl;in;;0;0;0;https://x.com/undefined/status/1958156107857428821;1,38472E+18;
1,95813E+18;Wed Aug 20 12:52:24 +0000 2025;0;@tanyakanrl Indomie tori kara sama Indomie spicy ramyeon udh no debat;1,95815E+18;;tanyakanrl;in;;0;0;0;https://x.com/undefined/status/1958150122992505295;1,51303E+18;
1,95813E+18;Wed Aug 20 11:49:31 +0000 2025;0;@tanyakanrl Indomie premium collection newjeans yang varian spicy ramyeon aku ga abis makan mi kuah satu bungkus tapi kalo varian ini bisa aku makan sampe tetes kuah terakhir ️‍;1,95813E+18;;tanyakanrl;in;;0;0;0;https://x.com/undefined/status/1958134296897892703;1,297E+18;
1,95773E+18;Tue Aug 19 08:54:13 +0000 2025;0;indomie spicy ramyeon ngapa enak bgt yh https://t.co/Y2pdKgJpqi;1,95773E+18;https://pbs.twimg.com/media/Gys_DQhacAE4lmA.jpg;;in;;0;0;0;https://x.com/undefined/status/1957727792453374228;1,374E+18;
1,95674E+18;Sat Aug 16 15:10:53 +0000 2025;0;INDOMIE RAMYEON KOREA YG BUNGKUS BIRU PEDES BGT YA ALLAH;1,95674E+18;;;in;;1;0;0;https://x.com/undefined/status/1956735421121278457;1,37004E+18;
1,95663E+18;Sat Aug 16 08:19:01 +0000 2025;0;1. mie sedaap korean spicy goreng 2. indomie rendang 3. indomie goreng;1,95663E+18;;;in;;0;0;0;https://x.com/undefined/status/1956631772596216123;7,67415E+17;
1,95651E+18;Sat Aug 16 00:24:43 +0000 2025;0;Sedap korean spicy sama indomie aceh;1,95651E+18;;;in;;0;0;0;https://x.com/undefined/status/1956512411424633158;1,59469E+18;
1,95642E+18;Fri Aug 15 18:12:33 +0000 2025;1;1. Gacoan 2. Indomie rendang 3. Mie sedaap korean spicy;1,95642E+18;;;in;;0;1;0;https://x.com/undefined/status/1956418753522213039;1,22347E+18;
1,9564E+18;Fri Aug 15 17:16:05 +0000 2025;0;indomie soto banjar limau kulit sama mie sedaap korean spicy chickennn;1,9564E+18;;;in;;0;0;0;https://x.com/undefined/status/1956404541186011165;1,10248E+18;
1,95513E+18;Fri Aug 15 02:19:55 +0000 2025;0;@jaeykn semua buah juga harus habis gak sih kalau udah dipotong dan dimakan sama kita?! AKU JUGA SUKA RAMYEON TAPI VERSI LOKAL ALIAS INDOMIE. ;1,95618E+18;;jaeykn;in;;0;0;0;https://x.com/undefined/status/1956179014797885572;1,14347E+18;
1,9556E+18;Wed Aug 13 11:53:09 +0000 2025;0;INDOMIE RAMYEON ENAK BANGET ACIKIWIR;1,9556E+18;;;in;;0;1;0;https://x.com/undefined/status/1955598495374803414;1,74091E+18;
1,95525E+18;Tue Aug 12 16:06:49 +0000 2025;0;@pseudoscene @munvess Mie sedap korean cheese buldak Indomie aceh Indomie bangladesh;1,9553E+18;;pseudoscene;in;;0;0;0;https://x.com/undefined/status/1955299945533280629;1,89001E+18;
1,95529E+18;Tue Aug 12 15:37:09 +0000 2025;0;gambaran aku ketika menikah dengan heeseung. Bedanya gue indomie dia shin ramyeon https://t.co/OmoWa6KX2n;1,95529E+18;https://pbs.twimg.com/ext_tw_video_thumb/1954947621766017024/pu/img/4QqHOXXvwXzP0Sej.jpg;;in;;0;0;0;https://x.com/undefined/status/1955292481588957405;1,10821E+18;
1,95442E+18;Mon Aug 11 10:16:37 +0000 2025;0;@es_twr Walau itu origin dari belanda kan bahan bakunya dah beda jg. Itu kan inspired by berarti dia terinspirasi menjadi resep baru. Itu kan kayak pembuatan mie originnya di china terus berubah jadi ramen (jepang) ramyeon (korea) indomie (indonesia);1,95485E+18;;es_twr;in;;0;0;0;https://x.com/undefined/status/1954849427300205049;1,09158E+18;
1,95414E+18;Sat Aug 09 16:37:41 +0000 2025;0;@_____bunno aku tteoknya pake ommason trs mie indomie hanguk ramyeon! tambahin kejunya aku pake prochiz :9;1,95422E+18;;_____bunno;in;;0;0;0;https://x.com/undefined/status/1954220549439148049;1,21188E+18;
1,95414E+18;Sat Aug 09 16:35:32 +0000 2025;0;@Sarasnama GAMPAANGG. tumis bawang putih sampe wangi masukin air sampe agak mendidih. masukin tteok (aku pake ommason) sama ramyeon (aku pake indomie hanguk ramyeon). terus kurangin airnya sedikit masukin susu full cream. masukin bumbu tambahin sosis oreg;1,95422E+18;;Sarasnama;in;;1;1;0;https://x.com/undefined/status/1954220007245971915;1,21188E+18;
1,95402E+18;Sat Aug 09 03:17:03 +0000 2025;0;kangen indomie sm shin ramyeon;1,95402E+18;;;in;;0;0;0;https://x.com/undefined/status/1954019063296143466;1,52283E+18;
1,95384E+18;Fri Aug 08 15:34:43 +0000 2025;0;mootss mending masak indomie spicy ramyeon dulu atau tori miso dulu yaa? belum pernah coba 22nyaa;1,95384E+18;;;in;;0;2;0;https://x.com/undefined/status/1953842315824390625;1,78954E+18;
1,95335E+18;Thu Aug 07 08:27:02 +0000 2025;0;Indomie Spicy Ramyeon - Mie lbh keriting &amp;;;;;;;;;;;
1,95335E+18;Thu Aug 07 08:22:46 +0000 2025;0;Indomie Fiery Chikin (Korean Ramyeon) - Tekstur mie sama sausnya kek samyang - Rasanya mirip Mie Sedaap korean spicy chicken yg BAnya Siwon ntuh - Not bad tp not good jg ya okela - At least better dr yg rose ygy Score 5/10 https://t.co/nR8vPyhKtT;1,95337E+18;https://pbs.twimg.com/media/GxvExrgaQAAM0xe.jpg;teronggholland;in;;0;1;0;https://x.com/undefined/status/1953371225541038319;1,83235E+18;
1,95335E+18;Thu Aug 07 08:20:59 +0000 2025;0;Indomie Rose (Korean Ramyeon) - Mie lbh keriting &amp;;;;;;;;;;;
1,95235E+18;Thu Aug 07 03:30:20 +0000 2025;0;@seongminf @_minanism Hawooo! Kalau aku sih yang berkuah yaa kayak indomie soto indomie kari ayam indomie ayam bawang bahkan indomie korea spicy ramyeon itu. Kamu suka mie gak?;1,9533E+18;;seongminf;in;;0;1;0;https://x.com/undefined/status/1953297629582115162;2467141352;
1,95313E+18;Wed Aug 06 22:14:46 +0000 2025;0;@kdrama_menfess klo makan ramyeon bikin bengkak....klo makan indomie kagak...;1,95322E+18;;kdrama_menfess;in;;0;0;0;https://x.com/undefined/status/1953218215469019507;2516764844;
1,9531E+18;Wed Aug 06 14:26:37 +0000 2025;0;perasaan dulu makan mie newjeans biru ga sepedes ini anjir;1,9531E+18;;;in;;0;0;0;https://x.com/undefined/status/1953100402888413611;1,93177E+18;
1,95301E+18;Wed Aug 06 08:27:45 +0000 2025;0;indomie korean ramyeon yg dipromoin newjeans ga enak cok;1,95301E+18;;;in;;0;4;0;https://x.com/undefined/status/1953010090744975623;8,82505E+17;
1,95245E+18;Mon Aug 04 19:18:22 +0000 2025;0;Grgr nonton drakor ada scene mam ramyeon jadi ingin mie rebus terakhir hamba mam indomie tu 6 juli.. uda sebulan lalu Besok ah order indomie KALO MIE AYAM GAUSA DITANYA YH HAMPIR TIAP HARI AK NGEDET AMA MIE AYAM NI HATI KALO DIBONGKAR ISINYA TU MIE AYAM sama jackson wang https://t.co/a5NOoF7pCn;1,95245E+18;https://pbs.twimg.com/media/Gxh-EBcbEAAteRa.jpg;;in;;1;3;0;https://x.com/undefined/status/1952449048344207747;1,60477E+18;
1,95239E+18;Mon Aug 04 15:09:16 +0000 2025;0;Korean ramen (samyang arirang mujigae) napa gak cocok di lidahku ya? Rasa artificial aka pabrikan na berasa banget. Apalagi yg topokki tu Emang paling bener indomie goreng sih ;1,95239E+18;;;in;;0;0;0;https://x.com/undefined/status/1952386358460494138;1,89368E+18;
1,95204E+18;Sun Aug 03 16:05:21 +0000 2025;0;aku nak makan indomi ayam geprek plus iga penyet cirambay pedes sedeng seblak lv 3 ayam paha atas dokeh pake sambel geprek mi bestwok xtra spicy campur korean cheese spaghetti pop indomie yang spicy carbonara baso goreng asin pedes unjani cilor bilor asin pedes boncabe;1,95204E+18;;;in;;0;2;0;https://x.com/undefined/status/1952038086306824222;1,88452E+18;
1,952E+18;Sun Aug 03 14:27:29 +0000 2025;0;@beomtiyu Iyaa anjir padahal yj doyan ramyeon kok bisa ga ketampung ya gw makan indomie setengah aja dah kayak orang hamil bentukannya ;1,95201E+18;;beomtiyu;in;;0;1;0;https://x.com/undefined/status/1952013456816931195;1,16615E+18;
1,95146E+18;Sun Aug 03 14:27:03 +0000 2025;0;@simjaske @ENHYPEN Kenapa kok harus ramyeon abang? Aku lebih suka indomie gimana? Indomie original adalah jalan ninjaku.;1,95201E+18;;simjaske;in;;0;0;0;https://x.com/undefined/status/1952013348897472558;180702331;
1,95146E+18;Sun Aug 03 04:30:20 +0000 2025;0;@simjaske Paling suka sama ramyeon yang dibeliin temen (bercanda). Suka Indomie ya. Kamu tim Indomie atau Sedap?;1,95186E+18;;simjaske;in;;0;0;0;https://x.com/undefined/status/1951863180784816281;879364806;
1,95146E+18;Sat Aug 02 11:21:21 +0000 2025;0;@simjaske @ENHYPEN ramyeon andalan gw.. INDOMIE.... ️;1,9516E+18;;simjaske;in;;0;1;0;https://x.com/undefined/status/1951604225848574267;370173373;
1,9516E+18;Sat Aug 02 11:05:38 +0000 2025;0;abis makan indomie satu pake nasi begah bgt langsung mikir KOK BISA TZUYANG MAKAN RAMYEON BERBUNGKUS2......;1,9516E+18;;;in;;0;0;0;https://x.com/undefined/status/1951600273019080993;1,13824E+18;
1,95153E+18;Sat Aug 02 06:35:57 +0000 2025;0;@imnotYRJ Hi kok jago sih guys... 1. Merch AOS biar lu suka aja dan nonton sesuai dengan clue souls yang gue kasih ^^ 2. Indomie spicy ramyeon khas mie indo x korea enak guys sluuurp 3. Buat bumil Enjoy and be happy! https://t.co/L2Ebjdj5CI;1,95153E+18;https://pbs.twimg.com/media/GxU8YPtbAAAaMH-.jpg;SHEILspark;in;;0;1;0;https://x.com/undefined/status/1951532403354378717;1876855184;
1,95118E+18;Fri Aug 01 15:42:56 +0000 2025;0;@FFOODFESS Sedaap korean sama indomie seblak. Terus ini ga pedes sih tapi enaak indomie nyemek itu enaaaak;1,95131E+18;;FFOODFESS;in;;0;0;0;https://x.com/undefined/status/1951307669601652832;1,94979E+18;
1,95118E+18;Fri Aug 01 10:24:30 +0000 2025;0;@FFOODFESS Nissin yg item lemonilo korean Indomie seblak;1,95123E+18;;FFOODFESS;in;;0;0;0;https://x.com/undefined/status/1951227534118715510;1,5102E+18;
1,95089E+18;Thu Jul 31 12:03:24 +0000 2025;2;Dikira di yg tmpt newjeans x indomie kmrn... Ternyata di bawah euy ramenya kek apeu ini;1,95089E+18;;;in;;0;0;0;https://x.com/undefined/status/1950890032962682977;1,34049E+18;
1,95022E+18;Wed Jul 30 10:34:55 +0000 2025;0;@yappingfess Indomie kari indomie spicy ramyeon indomie cabe ijo sedap geprek sedap ayam jerit;1,95051E+18;;yappingfess;in;;0;0;0;https://x.com/undefined/status/1950505377440969206;1,80044E+18;
1,95022E+18;Tue Jul 29 15:57:27 +0000 2025;0;Rona kamu coba yang indomie korean ramyeon fiery chicken juga ga yang bungkus merah?? Soalnya aku suka yang itu dari pada y OOHH! aku pernah coba itu tapi karena udah lamaaa banget jadi lupa rasanya. cuman seingetku nggak ada impression pedes deh. https://t.co/xr9kgT0eE4;1,95022E+18;;;in;;0;0;0;https://x.com/undefined/status/1950224157079130388;1,63623E+18;
1,95014E+18;Tue Jul 29 10:22:44 +0000 2025;0;Oh My Good! It's INDOMIE x NewJeans Exclusive mini postcard set Semoga cepet kelar ya dik adik terus comeback #NewJeans #NJZ #indomie https://t.co/JwfyPc96LS;1,95014E+18;https://pbs.twimg.com/media/GxBJ60ObUAIA_Qi.jpg;;in;;0;0;0;https://x.com/undefined/status/1950139925686325504;1,24459E+18;
1,95011E+18;Tue Jul 29 08:23:34 +0000 2025;0;indomie newjeans masih ada gasih;1,95011E+18;;;in;;0;1;0;https://x.com/undefined/status/1950109934739169582;1,9468E+18;
1,94989E+18;Mon Jul 28 18:51:37 +0000 2025;0;@pinktarbery indomie ramyeon suka tp brokolinya huekk;1,94991E+18;;pinktarbery;in;;0;1;0;https://x.com/undefined/status/1949905602928386175;1,65544E+18;
1,94989E+18;Mon Jul 28 18:50:43 +0000 2025;0;@vixcycaixie deymm aku suka Indomie ramyeon pakai brokoli;1,94991E+18;;vixcycaixie;in;;0;1;0;https://x.com/undefined/status/1949905373122744477;1,84725E+18;
1,94968E+18;Mon Jul 28 03:55:17 +0000 2025;0;ada yang jual tas indomie x newjeans ini gak yaa? https://t.co/RZrrPnO22g;1,94968E+18;https://pbs.twimg.com/media/Gw6nppxbcAE4AoU.jpg;;in;;0;1;0;https://x.com/undefined/status/1949680031610921264;1,31047E+18;
1,94934E+18;Sun Jul 27 05:48:14 +0000 2025;0;@petitegalaxies @NewJeans_twt aku gatauu ka krna skrg mie di rumah cuma sisa 3 gatau jg dapet kapann aku baru tau skrggg;1,94935E+18;;silvenclaw;in;;0;0;0;https://x.com/undefined/status/1949346067318767658;1,86575E+18;
1,94913E+18;Sat Jul 26 15:17:53 +0000 2025;0;@renrkaji 1. Indomie goreng 2. Spicy ramyeon 3. Cabe ijo 4. Kari ayam 5. Ayam bawang;1,94913E+18;;renrkaji;in;;0;0;0;https://x.com/undefined/status/1949127036863234558;1,9207E+18;
1,9491E+18;Sat Jul 26 13:23:46 +0000 2025;0;Gak afdol soalbya gak ada mie ayam indomie goreng mie goreng Eh tapi Young K kalo ngelihat ini sih langsung makan ramyeon 6 bungkus sih...;1,9491E+18;;;in;;0;0;0;https://x.com/undefined/status/1949098319181152436;53892005;
1,94898E+18;Sat Jul 26 10:01:12 +0000 2025;0;@wardenight Indomie goreng rendang mie goreng Aceh Shin ramyeon;1,94905E+18;;wardenight;in;;0;1;0;https://x.com/undefined/status/1949047342843277328;8,63639E+17;
1,94902E+18;Sat Jul 26 08:05:59 +0000 2025;0;baru nyobain indomie korean spicy ramyeon ternyata enak sebenernya udh lama beli tapi baru sempet masak (ini juga karena mepet exp ) menurutku rasanya mirip shin ramyun versi lebih hemat budget;1,94902E+18;;;in;;0;0;0;https://x.com/undefined/status/1949018346432635058;1,18371E+18;
1,94874E+18;Fri Jul 25 13:45:50 +0000 2025;0;Ngeliat jaemin makan ramyeon jadi mau... Apa bikin aja ya tapi dari Indomie Aceh hmzzz enak kayaknya;1,94874E+18;;;in;;1;0;0;https://x.com/undefined/status/1948741484544409695;1,55512E+18;
1,94857E+18;Fri Jul 25 02:18:00 +0000 2025;0;makanya sampai akhir kepikiran buat kasih teman2 gift. bingkisan indo yang masih ada cuma pouch batik (PAS BANGET SISA 3) dan aku mau bgt mereka coba makanan fav aku which is indomie goreng walaupun mereka cobanya yg korean ver. (kurang gurih) tapi atleast mereka tau rasanya;1,94857E+18;;nycthophils;in;;0;1;0;https://x.com/undefined/status/1948568386465636707;1,42856E+18;
1,94831E+18;Thu Jul 24 12:06:34 +0000 2025;0;@cabiuw @tanyarlfes Mie sedap korean spicy cheese buldak indomie aceh;1,94835E+18;;cabiuw;in;;0;0;0;https://x.com/undefined/status/1948354114808852779;1,89001E+18;
1,94829E+18;Thu Jul 24 08:02:37 +0000 2025;0;udah makan pempek sop iga indomie goreng campur korean spicy alias 2 mie tapi masi laper;1,94829E+18;;;in;;0;2;0;https://x.com/undefined/status/1948292723443667125;1,08412E+18;
1,94826E+18;Thu Jul 24 06:06:06 +0000 2025;0;terakhir makan mie tgl 8 juli he he mantapppp mau indomie jumbo atau shin ramyeon biar kenyang;1,94826E+18;;liruepie_;in;;0;0;0;https://x.com/undefined/status/1948263400728940710;9,54587E+17;
1,94819E+18;Thu Jul 24 00:59:59 +0000 2025;0;mardial kan yang sama newjeans indomie juga.;1,94819E+18;;FulgentStar;in;;0;1;0;https://x.com/undefined/status/1948186362865504478;7,63943E+17;
1,94768E+18;Tue Jul 22 15:28:10 +0000 2025;0;I want drawing a fanart for celebrate newjeans anniversary. Wait i need semangkok mie ayam dulu buat ngisi energi;1,94768E+18;;;in;;0;0;0;https://x.com/undefined/status/1947680074817540421;7,51253E+17;
1,9476E+18;Tue Jul 22 11:22:10 +0000 2025;0;@khaslaqna apa ya.. indomie Korean spicy soup coba.;1,94762E+18;;szaempoerna;in;;0;1;0;https://x.com/undefined/status/1947618166047232268;1,72118E+18;
1,94729E+18;Mon Jul 21 13:52:55 +0000 2025;0;indomie spicy ramyeon bungkus biru lebih enak yg versi cup ternyata. lebih berasa jamur nya kl yg dirwbus dlu dominan manis pedesnya pun kurang;1,94729E+18;;;in;;0;0;0;https://x.com/undefined/status/1947293714021323100;9,81688E+17;
1,94717E+18;Mon Jul 21 09:47:19 +0000 2025;3;@FOOD_FESS Mie sedap goreng+korean spicy chicken &gt;;;;;;;;;;;
1,94721E+18;Mon Jul 21 08:29:50 +0000 2025;0;Indomie ramyeon yg biru pedes bgt jir tapi pedesnya gaenak wkwkw;1,94721E+18;;;in;;0;1;0;https://x.com/undefined/status/1947212407929209248;1,85658E+18;
1,93866E+18;Sun Jul 20 21:25:36 +0000 2025;1;@callmeyexia @GoodDayID biasanya suprise pc tuh terakhiran gasih nder? kaya aespa tango sama newjeans indomie;1,94705E+18;;callmeyexia;in;;0;0;0;https://x.com/undefined/status/1947045249475571963;1,42761E+18;
1,94681E+18;Sun Jul 20 14:30:12 +0000 2025;0;@cornerhunter_ Wkwk sorry bro gue analisis ulang postmu lebih dalam. Revisi lagi top 15 fokus yg sering lu mention: JKT48 LE SSERAFIM (Sakura bias) aespa (Giselle) NewJeans (collab Indomie). 1. JKT48 - Ngidol lokal sering bahas. 2. LE SSERAFIM - Stan Saku;1,94694E+18;;cornerhunter_;in;;0;0;0;https://x.com/undefined/status/1946940712219746774;1,72067E+18;
1,94679E+18;Sun Jul 20 08:00:37 +0000 2025;0;@baseconvo Indomie tori miso indomie cabe ijo mie sedaap korean spicy soupp;1,94684E+18;;baseconvo;in;;0;0;0;https://x.com/undefined/status/1946842666857296116;1,61991E+18;
1,94679E+18;Sun Jul 20 04:37:22 +0000 2025;1;@baseconvo Indomie Tori Miso Indomie ayam bawang Miesedap kari Miesedap Korean cheese buldak;1,94679E+18;;baseconvo;in;;0;0;0;https://x.com/undefined/status/1946791520092254361;1,52644E+18;
1,94637E+18;Sat Jul 19 00:38:44 +0000 2025;0;Egg cloud ramyeon Heeseung ternyata emang enak ya yg bikin enak egg cloud nya. Kyknya mulai skrg tiap gw bikin mie telornya pake cara egg cloud deh tp mie-nya ganti indomie;1,94637E+18;;;in;;0;0;0;https://x.com/undefined/status/1946369077649567833;1,09265E+18;
1,94623E+18;Fri Jul 18 15:21:47 +0000 2025;0;Indomie : Seblak Mi goreng Aceh sama Geprek Mie sedaap : mie sedaap Korean kari spesial soto ayam bawang;1,94623E+18;;;in;;0;0;0;https://x.com/undefined/status/1946228914910900317;1,43294E+18;
1,94623E+18;Fri Jul 18 15:19:25 +0000 2025;0;indomie goreng sedaap cheese buldak samyang indomie geprek sedaap korean spicy soup;1,94623E+18;;;in;;0;0;0;https://x.com/undefined/status/1946228320355647937;1,54318E+18;
1,94623E+18;Fri Jul 18 15:14:21 +0000 2025;0;kalo kuah pop mie ramyeon biru kalo goreng indomie ayam geprek;1,94623E+18;;;in;;0;0;0;https://x.com/undefined/status/1946227044867768808;1,21486E+18;
1,94617E+18;Fri Jul 18 11:52:56 +0000 2025;0;@imscaramouche @tanyarlfes Mie sedap korean buldak cheese samyang merah samyang quatro cheese indomie salted egg indomie tori miso indomie aceh;1,94618E+18;;imscaramouche;in;;0;1;0;https://x.com/undefined/status/1946176358788510028;1,89001E+18;
1,94571E+18;Fri Jul 18 02:05:49 +0000 2025;0;@munvess kalau mie kuah indomie tori miso sama mie sedaap laksa singapore. kalau mie goreng indomie rendang sama mie sedaap korean cheese buldak.;1,94603E+18;;munvess;in;;0;0;0;https://x.com/undefined/status/1946028603340439943;1968417217;
1,94585E+18;Thu Jul 17 14:00:12 +0000 2025;0;Makan Indomie afdolnya dengan NewJeans https://t.co/84xdtWo3xF;1,94585E+18;;;in;;0;0;0;https://x.com/undefined/status/1945845996052734452;1,92005E+18;
1,94583E+18;Thu Jul 17 12:59:58 +0000 2025;0;kalo makan indomie spicy ramyeon pake nasi agak sungkan ke newjeans;1,94583E+18;;;in;;0;0;0;https://x.com/undefined/status/1945830839922958712;8,83205E+17;
1,94578E+18;Thu Jul 17 10:02:19 +0000 2025;0;@maxgnumm @jungkubk Ramyeon kurang mas coba mas tawarin adek indomie ayam geprek adek langsung ngibrit masuk rumah mas;1,94579E+18;;maxgnumm;in;;0;1;0;https://x.com/undefined/status/1945786133746798910;3009000445;
1,94571E+18;Thu Jul 17 09:30:54 +0000 2025;0;@munvess Nih nder beberapa mie instan favorit aku. Indomie kuah ayam bawang Indomie goreng original Indomie ayam geprek Indomie soto spesial Mie Sedaap Singapore laksa Mie Sedaap Korean spicy chicken goreng tapi dibikin kuah Supermi kuah ayam bawang Bihun;1,94578E+18;;munvess;in;;0;1;0;https://x.com/undefined/status/1945778226355392563;1,5067E+18;
1,94575E+18;Thu Jul 17 07:38:54 +0000 2025;1;indomie aceh &amp;;;;;;;;;;;
1,94571E+18;Thu Jul 17 06:19:14 +0000 2025;0;@laaaperr mie sedap laksa Singapore indomie soto spesial enak kalo kamu suka soto biasa tpi ini agak asem dikit Indomie kaldu ayam mie sedap korean spicy chicken;1,94573E+18;;laaaperr;in;;0;1;0;https://x.com/undefined/status/1945729993251897850;1,66467E+18;
1,94571E+18;Thu Jul 17 05:41:53 +0000 2025;0;@munvess Gaga jalapeno goreng indomie ramyeon yang biru. Best bangetttt;1,94572E+18;;munvess;in;;0;0;0;https://x.com/undefined/status/1945720592696827908;7,66419E+17;
1,94327E+18;Thu Jul 10 11:56:40 +0000 2025;0;@pewsik enak enak ajaa. tapi aku tetep lebih suka yang kalimantan sih walaupun gaada bawang gorengnya. mungkin karna terbiasa dan aku emang kurang suka saos sambel gitu karna rada asem itu aku dapet indomie jawa gara gara beli di syopi biar dapet postcard;1,94328E+18;;pewsik;in;;0;1;0;https://x.com/undefined/status/1943278193265586431;2613332658;
1,94216E+18;Thu Jul 10 06:44:22 +0000 2025;0;@Xiaotinng Iyaa dong! Siapa yang engga suka sama mie coba? Biasanya sih shin ramyeon tapi kalo lagi pengen yg goreng tuh dah jelas yah apalagi kalo si Indomie goreng original yg jumbo itu! Biar puas makannya;1,9432E+18;;Xiaotinng;in;;0;0;0;https://x.com/undefined/status/1943199601538011136;571441026;
1,94319E+18;Thu Jul 10 05:49:00 +0000 2025;0;#s masih ada yang cari ini gak ya? postcard newjeans x indomie https://t.co/r1IQseIJbX;1,94319E+18;https://pbs.twimg.com/media/GveVETSagAA0Rtd.jpg;;in;;0;0;0;https://x.com/undefined/status/1943185669779763711;4480397414;
1,94288E+18;Wed Jul 09 09:41:53 +0000 2025;0;haruskah aku nanyain stok mister potato ke mas mas indomaret yg kebetulan aku save nomornya gara2 indomie newjeans waktu ntu;1,94288E+18;;;in;;0;0;0;https://x.com/undefined/status/1942881888349442291;1,78098E+18;
1,94286E+18;Wed Jul 09 07:56:21 +0000 2025;0;#s yuk di beli poscard stande set newjeans indomie nyaaa https://t.co/ud2Fj4SNOv;1,94286E+18;https://pbs.twimg.com/media/GvZonAwWYAABMPd.jpg;;in;;0;0;0;https://x.com/undefined/status/1942855329555046547;1,87002E+18;
1,94284E+18;Wed Jul 09 07:01:04 +0000 2025;0;indomie varian seblak tori miso sama spicy ramyeon tuh kenapa enak banget ya? cinta;1,94284E+18;;;in;;0;0;0;https://x.com/undefined/status/1942841414418850202;1,11213E+18;
1,94281E+18;Wed Jul 09 04:47:15 +0000 2025;0;guys kmrin ak coba masak indomie kari ayam sm enoki turns out egk cocok :// mungkin pairnya hrus sama shin ramyeon atau samyang kali ya not for local noodle ;1,94281E+18;;;in;;0;1;0;https://x.com/undefined/status/1942807740679872636;1,51753E+18;
1,94254E+18;Tue Jul 08 14:40:08 +0000 2025;0;@R_Andika4 @InfinixIndo @axioo_id Wajar itu mah Newjeans jg ga makan Indomie.;1,94259E+18;;R_Andika4;in;;0;0;0;https://x.com/undefined/status/1942594555246977057;1,88714E+18;
1,94255E+18;Tue Jul 08 11:34:35 +0000 2025;0;mending beli Indomie apa ya geprek? aceh? bangladesh? atau mie sedap korean spicy soup?;1,94255E+18;;;in;;1;28;0;https://x.com/undefined/status/1942547862874906864;1,81428E+18;
1,94225E+18;Mon Jul 07 15:44:01 +0000 2025;0;aku pengen indomie.. gara tadi liat eps kak hee bikin ramyeon cloud nya itu jirr.. di yg acara heejay sama hyel s club besok ws tak nyetok ramyeon.. mau bikin cloud ramyeon kak hee ;1,94225E+18;;;in;;0;1;0;https://x.com/undefined/status/1942248246329618697;1,11802E+18;
1,94217E+18;Mon Jul 07 10:32:44 +0000 2025;0;Mie gaga jalapeno Indomie mie aceh Gekikara hot mushroom Sedaap korean spicy soup;1,94217E+18;;;in;;0;0;0;https://x.com/undefined/status/1942169909036974464;1,67974E+18;
1,94214E+18;Mon Jul 07 08:29:39 +0000 2025;0;Indomie seblak mi sedap korean spicy mi boncabeee;1,94214E+18;;;in;;0;0;0;https://x.com/undefined/status/1942138934718304672;1,68084E+18;
1,94176E+18;Mon Jul 07 06:14:00 +0000 2025;0;@ashelasalsa @pedestrianSCBD @saouvysz ga kaya kertas photo indomie newjeans sal?;1,9421E+18;;ashelasalsa;in;;0;0;0;https://x.com/undefined/status/1942104796661756292;1,03336E+18;
1,93737E+18;Sun Jul 06 20:43:35 +0000 2025;0;Tas indomie Korean 30k isi 5pcs https://t.co/wK6kob4cTP;1,94196E+18;https://pbs.twimg.com/media/GvM7c3wXgAEDEDt.jpg;minwon_21;in;;0;1;0;https://x.com/undefined/status/1941961247324557409;1,5962E+18;
1,94179E+18;Sun Jul 06 09:28:32 +0000 2025;0;@wonyeongo Yg indomie collab new jeans itu enakk loh tpi itu ramyeon sih ;1,94179E+18;;wonyeongo;in;;0;1;0;https://x.com/undefined/status/1941791363059827166;1,81488E+18;
1,94171E+18;Sun Jul 06 04:21:12 +0000 2025;0;@bxbmfss gue gabut nih ramyeon meokgo gallae? (abis masak indomie);1,94171E+18;;bxbmfss;in;;0;0;0;https://x.com/undefined/status/1941714019565355248;1,50618E+18;
1,94038E+18;Sat Jul 05 13:31:02 +0000 2025;0;@Sendyviers enak bgt jujur itu pake bumbu indomie korean cheese buldak+keju slice+susu fullcream;1,94149E+18;;Sendyviers;in;;0;0;0;https://x.com/undefined/status/1941490002468405577;1,67327E+18;
1,9404E+18;Fri Jul 04 14:37:07 +0000 2025;0;@gelysiaaaaa @tanyakanrl indomie ramen series yang biru kak spicy ramyeon..;1,94114E+18;;gelysiaaaaa;in;;0;0;0;https://x.com/undefined/status/1941144243449569607;1,24494E+18;
1,94113E+18;Fri Jul 04 13:56:10 +0000 2025;0;gwe dah makan 3x tp nonton mereka pada makan ramyeon jd pngen indomie (tahan tahan);1,94113E+18;;;in;;0;0;0;https://x.com/undefined/status/1941133938573066523;1,53994E+18;
1,9408E+18;Thu Jul 03 15:57:29 +0000 2025;0;Tapi indomie spicy ramyeon sama mie gaga kuah yang level 5 itu enak kalau masaknya dikasih sayur yang banyaaak! Boleh sayur apa aja. Aku pernah pakai daun singkong sawi dan keciwis aman bgt rasanya...;1,9408E+18;;jiwanyaaa;in;;0;1;0;https://x.com/undefined/status/1940802081163731354;1,31278E+18;
1,93785E+18;Wed Jun 25 12:17:41 +0000 2025;0;1. Indomie soto special 2. Indomie goreng 3. Indomie ramyeon yg biru 4. Samyang carbonara 5. Mie sedaap kari special;1,93785E+18;;;in;;0;0;0;https://x.com/undefined/status/1937847664131100796;204256340;
1,93779E+18;Wed Jun 25 10:03:10 +0000 2025;0;@justfor_gyu Makan indomie spicy ramyeon pake telor + keju no debat;1,93781E+18;;justfor_gyu;in;;0;0;0;https://x.com/undefined/status/1937813814185255321;1,8261E+18;
1,93779E+18;Wed Jun 25 08:44:46 +0000 2025;0;tiap iklan indomie x newjeans lewat di tv atau yt kiamat mundur sehari;1,93779E+18;;;in;;0;0;0;https://x.com/undefined/status/1937794084187594849;1,03324E+18;
1,93756E+18;Tue Jun 24 17:06:09 +0000 2025;0;makan indomie sambil nangis krn tanggal tua dan keinget newjeans;1,93756E+18;;;in;;0;0;0;https://x.com/undefined/status/1937557874391286062;3011699600;
1,93752E+18;Tue Jun 24 14:23:29 +0000 2025;0;aku cinta indomie korea spicy ramyeon;1,93752E+18;;;in;;0;1;0;https://x.com/undefined/status/1937516936088408228;1,8415E+18;
1,9371E+18;Mon Jun 23 11:19:10 +0000 2025;0;@xuan_haohao indomie korean series yang biruuuu mirip banget sama shin ramyun;1,93711E+18;;xuan_haohao;in;;0;1;0;https://x.com/undefined/status/1937108161313526251;1,35792E+18;
1,93701E+18;Mon Jun 23 04:52:03 +0000 2025;0;JAKARTA FAIR 2025 Indomie Korean Series 36.000 NETT Isi 5pcs indomie korean series mix Free totebag (warna random) https://t.co/YxbUHrokj7;1,93701E+18;https://pbs.twimg.com/media/GuGk_1UWgAAuSrs.jpg;jastipkarepmu;in;;0;0;0;https://x.com/undefined/status/1937010743309898182;1,70828E+18;
1,937E+18;Mon Jun 23 04:49:35 +0000 2025;0;@uppifess indomie ayam geprek oke mie sedap korean cheese buldak hmm okelah indomie cabe ijo indomie rica-rica indomie aceh;1,93701E+18;;springciouss;in;;0;0;0;https://x.com/undefined/status/1937010121219154185;1,25152E+18;
1,937E+18;Mon Jun 23 04:19:10 +0000 2025;0;@uppifess sedap korean spicy sedap kari spesial sedap white curry indomie rendang indomie soto lamongan sama cobain yg baru indomie nyemek bangladesh enak nder!!;1,937E+18;;uppifess;in;;0;0;0;https://x.com/undefined/status/1937002466740240732;1,49864E+18;
1,9368E+18;Sun Jun 22 14:45:14 +0000 2025;0;@matapandaan pake indomie kuah juga enak bngt ((gasuka ramyeon));1,9368E+18;;matapandaan;in;;0;2;0;https://x.com/undefined/status/1936797632187572381;1,41309E+18;
1,93675E+18;Sun Jun 22 12:01:23 +0000 2025;0;@monicaamadeaa @nurhas_nh Adanya tas dr stand indomie ini beli indomie korean series dapet 5 pieces dan tas ini 30.000 https://t.co/tH4arSjL9x;1,93676E+18;https://pbs.twimg.com/media/GuC9rB5XMAAxFhr.jpg;monicaamadeaa;in;;0;3;0;https://x.com/undefined/status/1936756398098128935;1,84587E+18;
1,93675E+18;Sun Jun 22 11:39:11 +0000 2025;0;@coupsbongie Indomie korean series yg spicy ramyeon;1,93675E+18;;coupsbongie;in;;0;1;0;https://x.com/undefined/status/1936750811281052147;1,15719E+18;
1,93628E+18;Sat Jun 21 04:31:16 +0000 2025;0;sumpah lucu bangettt papaku tanda danielle newjeans gara-gara iklan indomie ;1,93628E+18;;;in;;0;1;0;https://x.com/undefined/status/1936280737726316840;1,24123E+18;
1,93627E+18;Sat Jun 21 03:51:23 +0000 2025;0;hii indomie lovers~ *WTS SPESIAL PROMO* yg masih ready: indomie soto koya dower indomie soto koya nagih indomie goreng indomie korean series ~ spicy ramyeon ~ fiery chikin harga start 3k an yaa free delivery area tembalang min order 15k pengiriman senin https://t.co/l78jMHGozb;1,93627E+18;https://pbs.twimg.com/media/Gt8D8DnXgAA9p1w.jpg;;in;;0;0;0;https://x.com/undefined/status/1936270697845997847;1,87616E+18;
1,93613E+18;Fri Jun 20 18:44:04 +0000 2025;0;Indomie spicy ramyeon sm tori kara enakan mana yah;1,93613E+18;;;in;;0;1;0;https://x.com/undefined/status/1936132963122790543;1,06141E+18;
1,93607E+18;Fri Jun 20 14:48:28 +0000 2025;0;@matchaaforeva Indomie Korean series enak enak pls;1,93607E+18;;matchaaforeva;in;;0;1;0;https://x.com/undefined/status/1936073669639549325;1,08822E+18;
1,93606E+18;Fri Jun 20 14:47:05 +0000 2025;0;@mahaepediaa indomie spesial laksa torikara kalo mie sedap aku suka yang korean cheese itu semua kasih susu dikit enak poll;1,93607E+18;;imarkleehc;in;;0;0;0;https://x.com/undefined/status/1936073325027147951;1,3182E+18;
1,93602E+18;Fri Jun 20 11:04:49 +0000 2025;4;Indomie sambal lemak &amp;;;;;;;;;;;
1,93594E+18;Fri Jun 20 05:52:27 +0000 2025;0;cita cita gw nikah sama indomie spicy ramyeon;1,93594E+18;;;in;;0;0;0;https://x.com/undefined/status/1935938778855883049;1,58413E+18;
1,9359E+18;Fri Jun 20 03:53:25 +0000 2025;0;@undipmfs hii indomie lovers~ *WTS SPESIAL PROMO* yg masih ready: indomie soto koya dower indomie soto koya nagih indomie goreng indomie korean series ~ spicy ramyeon ~ fiery chikin harga start 3k an yaa free delivery area tembalang min order 15k pengirim;1,93591E+18;https://pbs.twimg.com/media/Gt26zv_WoAAbx7x.jpg;undipmfs;in;;0;0;0;https://x.com/undefined/status/1935908823191240810;1,87616E+18;
1,93408E+18;Sun Jun 15 03:08:51 +0000 2025;0;@undipmfs hii indomie lovers~ WTS SPESIAL PROMO indomie soto indomie ayam bawang indomie ayam sepesial indomie goreng indomie korean series (coming soon) ~ spicy ramyeon ~ fiery chikin harga start 3k an yaa exp sampai 2026 free delivery area tembalang min;1,93409E+18;https://pbs.twimg.com/media/GtdAqGYbEAAcqSs.jpg;undipmfs;in;;0;0;0;https://x.com/undefined/status/1934085669615517892;1,87616E+18;
1,93394E+18;Sat Jun 14 17:39:41 +0000 2025;1;@FFOODFESS Indomie tori kara(mecha kara) Indomie yang series ramen tp biru lupa judulnya apaan Gaga ga begitu pedes skrg Lemonilo pedes yg korean ituu Ayam geprek;1,93394E+18;;FFOODFESS;in;;0;0;0;https://x.com/undefined/status/1933942430640046342;1,10937E+18;
1,93384E+18;Sat Jun 14 14:00:48 +0000 2025;0;@xkillucha indomie seblak mie sedaap kari spesial mie sedaap korean soup. ril;1,93389E+18;;xkillucha;in;;0;0;0;https://x.com/undefined/status/1933887348288462920;1,74545E+18;
1,93385E+18;Sat Jun 14 12:07:17 +0000 2025;0;@BurstMinji Indomie goreng ori Indomie soto mie dan Nongshim Shin Ramyeon kalau dd apaaa?;1,93386E+18;;BurstMinji;in;;0;1;0;https://x.com/undefined/status/1933858782045688188;7,812E+17;
1,93383E+18;Sat Jun 14 10:04:50 +0000 2025;0;Top five never kill yourself meals: -bakso cuanki -mie rebus (especially mie sedap korean spicy soup &amp;;;;;;;;;;;
1,93381E+18;Sat Jun 14 09:20:37 +0000 2025;0;@tanyarlfes Mie sedaap korean spicy chicken Mie sedaap singaporean spicy laksa Indomie soto padang Indomie pedas dower Gaga 100 jalapeno;1,93382E+18;;tanyarlfes;in;;0;0;0;https://x.com/undefined/status/1933816840419168275;1,3005E+18;
1,93381E+18;Sat Jun 14 08:36:38 +0000 2025;1;i indomie lovers~ *WTS SPESIAL PROMO* yg masih ready: indomie soto indomie ayam bawang indomie goreng indomie korean series (coming soon) ~ spicy ramyeon ~ fiery chikin harga start 3k an yaa exp sampai 2026 https://t.co/h54o6NkfS1;1,93381E+18;https://pbs.twimg.com/media/GtZCFu-bkAEZtoZ.jpg;;in;;0;0;0;https://x.com/undefined/status/1933805768308043929;1,87616E+18;
1,93376E+18;Sat Jun 14 05:15:16 +0000 2025;0;Kirain bakal naik banyak. Cuma naik 400 rupiah. Tapi salfok Indomie NewJeans kok mahal bgt. Perasaan 2 bulan lalu masih 5000.;1,93376E+18;;;in;;0;1;0;https://x.com/undefined/status/1933755095520510269;1,32648E+18;
1,93374E+18;Sat Jun 14 03:59:34 +0000 2025;0;hii indomie lovers~ *WTS* yg masih ready: indomie soto indomie soto sepesial indomie ayam bawang indomie ayam sepesial indomie goreng indomie korean series ~ spicy ramyeon ~ fiery chikin harga start 3k an yaa exp sampai 2026 https://t.co/hqY37frD1R;1,93374E+18;https://pbs.twimg.com/media/GtYCrV3bMAEkVT1.jpg;;in;;0;0;0;https://x.com/undefined/status/1933736043356041656;1,87616E+18;
1,93366E+18;Fri Jun 13 22:46:21 +0000 2025;0;indomie empal gentong sama korean series yang warna biru;1,93366E+18;;;in;;0;0;0;https://x.com/undefined/status/1933657220891488527;1,92166E+18;
1,93356E+18;Fri Jun 13 16:11:46 +0000 2025;0;Nyobain omoide mi udon engga zonk sih tp buat kaum mendang mending kyk gue mau beli lg ya mikir banyak. Ft daging qurban dan cabe yg selalu di hati Bisa dipake beli 2 indomie spicy ramyeon so far mi yg varian aneh2 si spicy ramyeon ini best bahkan si tori kara kalah. https://t.co/XMGPeNCJAM;1,93356E+18;https://pbs.twimg.com/media/GtVgqS-bMAEE8pg.jpg;;in;;0;0;0;https://x.com/undefined/status/1933557919184007499;1,28522E+18;
1,93354E+18;Fri Jun 13 14:53:12 +0000 2025;0;Kalo ga berkasus udah ada fanmeet Indomie x NewJeans kali ya ;1,93354E+18;;;in;;0;1;0;https://x.com/undefined/status/1933538145875997126;78568379;
1,93347E+18;Fri Jun 13 10:08:40 +0000 2025;0;indomie rendang aceh spicy ramyeon;1,93347E+18;;;in;;0;0;0;https://x.com/undefined/status/1933466542085447890;1,63919E+18;
1,93344E+18;Fri Jun 13 08:12:54 +0000 2025;0;hii indomie lovers~ WTS yg masih ready: indomie soto indomie soto sepesial indomie ayam bawang indomie ayam sepesial indomie goreng indomie korean series ~ spicy ramyeon ~ fiery chikin harga start 3k exp sampai 2026 free delivery tembalang min order 15k https://t.co/4sLaimd1kN;1,93344E+18;https://pbs.twimg.com/media/GtTzEeGaUAA2v8w.jpg;;in;;0;0;0;https://x.com/undefined/status/1933437408508539319;1,87616E+18;
1,93341E+18;Fri Jun 13 06:06:26 +0000 2025;0;Indomie goreng Indomie soto sedaap korean spicy chicken;1,93341E+18;;;in;;0;0;0;https://x.com/undefined/status/1933405580825338045;4563798019;
1,93245E+18;Thu Jun 12 16:10:26 +0000 2025;0;@sandelweis btw anomali ini yang ngebikin sama ngedirect voice di iklan Indomie x NewJeans;1,9332E+18;;sandelweis;in;;0;0;0;https://x.com/undefined/status/1933195197120471102;440403571;
1,93316E+18;Thu Jun 12 13:38:53 +0000 2025;0;Indomie ramyeon rose ga enak bener bener ga kemakan ;1,93316E+18;;;in;;0;1;0;https://x.com/undefined/status/1933157058054123739;1,38506E+18;
1,93315E+18;Thu Jun 12 13:27:09 +0000 2025;1;curiga orang orang yg marah di twit ini kelewatan twit korean banananya jadi gak paham ini template dan ini bukan berarti orang indo gak boleh pake branding indomie;1,93315E+18;;;in;;0;0;0;https://x.com/undefined/status/1933154106748838032;7,51485E+17;
1,93315E+18;Thu Jun 12 12:58:56 +0000 2025;0;Indomie original indomie sambal matah indomie yang x newjeans itu;1,93315E+18;;;in;;0;0;0;https://x.com/undefined/status/1933147003170791763;1,88136E+18;
1,93314E+18;Thu Jun 12 12:18:00 +0000 2025;0;@munvess hello.. aku lagi suka banget sama indomie yang varian korean ramyeon;1,93314E+18;;munvess;in;;0;1;0;https://x.com/undefined/status/1933136701519704427;1,92954E+18;
1,933E+18;Thu Jun 12 03:17:01 +0000 2025;2;Klo Indomie rilis mie dari konjac ato tepung lain pun juga namanya tetep INDOMIE Tapi klo INDOMILK rilis 'korean banana flavour' bedanya sama pisang depok apa ? Gk ada..ya krn pisangnya emang dari Indo bukan korea pohon pisang aja gk tumbuh disana Fun fact ++;1,933E+18;;;in;;0;1;0;https://x.com/undefined/status/1933000558073507927;1371244368;
1,93276E+18;Wed Jun 11 17:50:31 +0000 2025;52;@nigripilosum beda bjir Korean banana implies pisangnya asal korea Indomie gak imply gandumnya asal indo tapi mie asal indo;1,93286E+18;;nigripilosum;in;;1;1;0;https://x.com/undefined/status/1932857994150297980;1,15764E+18;
1,93237E+18;Wed Jun 11 08:35:16 +0000 2025;1;@awkhaaay @_mardial_ BGM iklan Indomie x Newjeans beliau yg garap;1,93272E+18;;awkhaaay;in;;0;0;0;https://x.com/undefined/status/1932718264054133218;321328094;
1,93267E+18;Wed Jun 11 05:22:40 +0000 2025;0;gue cm beli indomie.... #NewJeans https://t.co/Nbf9RRAydZ;1,93267E+18;https://pbs.twimg.com/media/GtI47evbMAAbmCE.jpg;;in;;0;0;0;https://x.com/undefined/status/1932669792747728951;1,05975E+18;
1,93249E+18;Tue Jun 10 17:30:06 +0000 2025;1;@renebxebxe bagus bgt sih aslinya emg ga salah indomie pilih new jeans *NJZ (MHDHH)@Indomielovers #NJZ #NewJeans #MHDHH;1,93249E+18;;renebxebxe;in;;0;1;1;https://x.com/undefined/status/1932490470359539893;1,35412E+18;
1,9323E+18;Tue Jun 10 04:35:31 +0000 2025;330;newjeans indomie baemon good day lambung gue sbg bunnies &amp;;;;;;;;;;;
1,93211E+18;Tue Jun 10 02:22:46 +0000 2025;0;@munvess Mie Aceh enak sender cuman kalau kamu mau selain Indomie aku sukanya Shin Ramyeon yang stir fry seri! Enak semuaaa. Aku paling suka yang Gourmet Spicy.;1,93226E+18;;munvess;in;;0;0;0;https://x.com/undefined/status/1932262129555648942;2508616250;
1,93211E+18;Mon Jun 09 16:42:31 +0000 2025;2;@munvess Pic 1 masih Indomie tapi bisa dicoba barangkali ada yang belum pernah kamu coba... Highly recommended: Sedaap laksa kari spesial korean spicy chicken korean cheese. Indomie ayam panggang iga penyet. Mie Gaga goreng jalapeno juga enak. Sama Nissin;1,93212E+18;https://pbs.twimg.com/media/GtBBXEVa0AEOf4d.jpg;munvess;in;;0;1;0;https://x.com/undefined/status/1932116107902812647;9,43854E+17;
1,93107E+18;Mon Jun 09 14:53:22 +0000 2025;0;@ccesic @jivsal Ada manisnya dikit tapi banyak pedasnyaa aku sukaa soalnya katanya kan itu dupe nya shin ramyeon nah ini yang indomie rasanya lebih masuk di lidahku ;1,93209E+18;;ccesic;in;;0;0;0;https://x.com/undefined/status/1932088639271649769;1440304772;
1,93198E+18;Mon Jun 09 07:32:34 +0000 2025;0;bokap gua beli banyak indomie sampe dikasih postcard newjeans dari indomaret ;1,93198E+18;;;in;;0;1;0;https://x.com/undefined/status/1931977706016833609;1,39487E+18;
1,93196E+18;Mon Jun 09 06:12:41 +0000 2025;0;Halo ada yang bersedia aku wawancara yang pernah ikut fan event kayak carat having fun carat go healthy carat beach party bts monochrom newjeans bunnyland newjeans indomie allo bank project Enhypen Fate Plus The City Jakarta dll buat tugas akhir aku ? please ;1,93196E+18;;;in;;0;0;1;https://x.com/undefined/status/1931957602793173284;1,57702E+18;
1,93189E+18;Mon Jun 09 01:47:37 +0000 2025;0;Jd kmrn aku nonton nana bnb yg eps 2. Lalu lalu laluuuu ak lapar sekali melihat mereka masak dan mamam Akhirnya dengan bodohnya aku masak indomie yg spicy ramyeon tapi versi cup. Itukan enak dan pedas. Gws perut.;1,93189E+18;;;in;;0;0;0;https://x.com/undefined/status/1931890898306302332;536253118;
1,93186E+18;Sun Jun 08 23:31:16 +0000 2025;0;adiknya temen gue tuh yg menang tender indomie x newjeans. jd dia ke korea buat ngedirect newjeans ngiklanin indomie. katanya anak2 newjeans tuh unyu2 bocip gt lho wkwk gemes banget.;1,93186E+18;;;in;;0;0;0;https://x.com/undefined/status/1931856583941837116;136943140;
1,93179E+18;Sun Jun 08 19:13:29 +0000 2025;0;indomie spicy ramyeon ini enak juga ya;1,93179E+18;;;in;;0;1;0;https://x.com/undefined/status/1931791711925403935;1,00325E+18;
1,93155E+18;Sun Jun 08 03:05:15 +0000 2025;1;@undipmfs hii indomie lovers~ WTS yg masih ready: indomie soto indomie soto sepesial indomie ayam bawang indomie ayam sepesial indomie goreng indomie goreng jumbo indomie goreng jumbo rendang indomie korean series ~ k-rose ~ spicy ramyeon ~ fiery chikin h;1,93155E+18;https://pbs.twimg.com/media/Gs48tbBa4AA44BX.jpg;undipmfs;in;;0;2;0;https://x.com/undefined/status/1931548048687296716;1,87616E+18;
1,93135E+18;Sat Jun 07 14:10:04 +0000 2025;0;@heeshimlovebot indomie jumbo ori MIX mie sedaap korean cheese buldak dijamin enakkkkkkkkk tp kalo kekenyangan mending indomie ori yg b aja jgn yg jumbo;1,93135E+18;;heeshimlovebot;in;;0;1;0;https://x.com/undefined/status/1931352966646350275;1,69233E+18;
1,93133E+18;Sat Jun 07 12:33:01 +0000 2025;0;ramyeon mingyu dibikin pake indomie tuh bisa ngga ya dhdhhsjsjd tbtb kepengen ramyeon mingyu tp cuma ada indomie kuah terlalu malas untuk jalan ke alfa;1,93133E+18;;;in;;0;0;0;https://x.com/undefined/status/1931328541687496989;7,98022E+17;
1,93127E+18;Sat Jun 07 08:29:44 +0000 2025;0;*WTS* yg masih ready tinggal soto ayam bawang ayam sepesial coming soon indomie goreng indomie korean series 3k/pcs. beli 1 karton lebih murah pengiriman selasa yaa https://t.co/V0HlVAKVoH;1,93127E+18;https://pbs.twimg.com/media/Gs09Y81bYAAFzbf.jpg;;in;;0;0;0;https://x.com/undefined/status/1931267318207988040;1,87616E+18;
1,93107E+18;Sat Jun 07 08:06:22 +0000 2025;0;@jivsal yg satu tori misoo yg satu yg spicy ramyeon gituu. indomie semua :3;1,93126E+18;;jivsal;in;;0;2;0;https://x.com/undefined/status/1931261438875832390;2364989947;
1,931E+18;Fri Jun 06 15:53:05 +0000 2025;1;@kkruuby Bener banget skskskk waktu itu aku nonton its ngeliat mingyu masak ramyeon jadi ikutan masak indomie 3 bungkus ;1,93102E+18;;kkruuby;in;;0;0;0;https://x.com/undefined/status/1931016504520429683;1,31007E+18;
1,93101E+18;Fri Jun 06 15:20:37 +0000 2025;0;@L0VESC0RE Indomie korean chicken gaenakkk;1,93101E+18;;L0VESC0RE;in;;0;1;0;https://x.com/undefined/status/1931008331461828745;1,15719E+18;
1,93079E+18;Fri Jun 06 01:00:09 +0000 2025;0;indomie korean spicy chicken kenapa rasanya kek sambel rujak bjir aneh banget;1,93079E+18;;;in;;0;0;0;https://x.com/undefined/status/1930791790648680882;1,90088E+18;
1,93015E+18;Thu Jun 05 15:21:37 +0000 2025;0;@tanyarlfes Indomie cabe ijo mie aceh mie sedap korean spicy chicken;1,93065E+18;;tanyarlfes;in;;0;0;0;https://x.com/undefined/status/1930646194449261053;1,71846E+18;
1,93015E+18;Thu Jun 05 09:26:42 +0000 2025;1;@tanyarlfes Aku suka modelan kuah kek gini pedes gurih asin nder. Kadang shin ramyun kadang indomie spicy ramyeon. https://t.co/KFdTIFVKiS;1,93056E+18;https://pbs.twimg.com/media/Gsq3PeqaoAARYl4.jpg;tanyarlfes;in;;0;0;0;https://x.com/undefined/status/1930556876691030085;1,59092E+18;
1,93015E+18;Thu Jun 05 06:00:47 +0000 2025;1;@tanyarlfes indomie ramyeon yg warna biru GA BOONG RASANYA PERSIS RAMYEON CUMA VER INDO JADI DI LIDAH GUE PAS AJA GITUU;1,93051E+18;;tanyarlfes;in;;0;0;0;https://x.com/undefined/status/1930505056115396734;1,72481E+18;
1,93015E+18;Thu Jun 05 04:48:04 +0000 2025;0;@tanyarlfes No debat sekarang kalau ke hypermart belanja bulanan mie yg dibeli 2 ini.. Mie Gaga Lada Hitam sama Indomie Spicy Ramyeon https://t.co/CVj6fSZQYL;1,93049E+18;https://pbs.twimg.com/media/Gsp3SXSasAEyhv5.jpg;tanyarlfes;in;;0;0;0;https://x.com/undefined/status/1930486758065709499;573264515;
1,93046E+18;Thu Jun 05 03:18:21 +0000 2025;1;indomie tori miso mie sedaap korean cheese buldak samyang carbonara omoide carbonara udon;1,93046E+18;;;in;;0;0;0;https://x.com/undefined/status/1930464181540794755;1,54901E+18;
1,93015E+18;Thu Jun 05 01:54:51 +0000 2025;1;@tanyarlfes Indomie rendang sama mie sedaap yang korean spicy ;1,93044E+18;;tanyarlfes;in;;0;0;0;https://x.com/undefined/status/1930443165095620901;8,87247E+17;
1,93015E+18;Thu Jun 05 00:09:02 +0000 2025;0;@tanyarlfes indomie mie instant premium korean spicy ramyeon 3 varian semuanya enak sih cuman yang paling enak menurutku ini;1,93042E+18;;tanyarlfes;in;;0;0;0;https://x.com/undefined/status/1930416538433270095;2166167010;
1,9302E+18;Wed Jun 04 15:56:02 +0000 2025;0;@ranahbingkuang @strootsys Lebih ajaib kalau di bawahnya lagi ada iklan indomie newjeans.;1,93029E+18;;ranahbingkuang;in;;0;0;0;https://x.com/undefined/status/1930292469700407647;1,24029E+18;
1,93026E+18;Wed Jun 04 13:42:26 +0000 2025;0;mie goreng: indomie rendang mie sedap korean spicy chicken mie kuah: indomie korean spicy ramyeon mie sedap white curry honorable mention: wow spageti carbonara &amp;;;;;;;;;;;
1,93025E+18;Wed Jun 04 13:12:34 +0000 2025;0;Pokoknya indomie seblak hot jeletot itu tahta mie instan paling lejat disusul tori kara. Habis itu ada sedaap singapore laksa salero padang korean buldak cheese kari spesial;1,93025E+18;;hongmurr;in;;0;0;0;https://x.com/undefined/status/1930251332386210195;1,3409E+18;
1,93015E+18;Wed Jun 04 13:06:25 +0000 2025;0;@tanyarlfes indomie rendang sedap soto special sm sedap korean spicy soup dah 3 itu ter debest;1,93025E+18;;tanyarlfes;in;;0;0;0;https://x.com/undefined/status/1930249782079173021;8,10122E+17;
1,93015E+18;Wed Jun 04 11:59:31 +0000 2025;1;@tanyarlfes indomie rendang aceh cabe ijo sedap kari spesial ayam jerit laksa korean spicy soup mie gaga jalapeno kuah;1,93023E+18;;tanyarlfes;in;;0;0;0;https://x.com/undefined/status/1930232948584006017;1,40423E+18;
1,93015E+18;Wed Jun 04 11:35:20 +0000 2025;0;@tanyarlfes Indomie x newjeans yg biru;1,93023E+18;;tanyarlfes;in;;0;0;0;https://x.com/undefined/status/1930226860841197617;1,38167E+18;
1,93015E+18;Wed Jun 04 11:34:38 +0000 2025;0;@tanyarlfes Sedap laksa sedap korean spicy sedap kari special. Kalo goreng cuma suka indomie jumbo sapi panggang.;1,93023E+18;;tanyarlfes;in;;0;0;0;https://x.com/undefined/status/1930226687989690531;1,88089E+18;
1,93015E+18;Wed Jun 04 11:16:54 +0000 2025;0;@tanyarlfes indomie ayam bawang indomie soto lamongan sakura kuah sedap korean spicy lemonilo korean spicy;1,93022E+18;;tanyarlfes;in;;0;0;0;https://x.com/undefined/status/1930222225338040386;7,409E+17;
1,9302E+18;Wed Jun 04 09:56:49 +0000 2025;0;bulddak ramyeon yg bungkus item super pedes sama carbonara neoguri shin ramen rasa jamur smaa udang gekikara ramen yg bungkus item indomie ramen premium collection yg rasa takoyaki dan tori miso ;1,9302E+18;;;in;;0;0;0;https://x.com/undefined/status/1930202069174235570;289906628;
1,93015E+18;Wed Jun 04 09:24:36 +0000 2025;1;@tanyarlfes Indomie soto Lamongan Gaga kuah jalapeno lvl 5 Sedap Korean spicy;1,93019E+18;;tanyarlfes;in;;0;0;0;https://x.com/undefined/status/1930193962775523650;1,53961E+18;
1,93019E+18;Wed Jun 04 09:05:39 +0000 2025;0;INDOMIE SPICY RAMYEON JUARAAA POKONYAAA;1,93019E+18;;;in;;0;0;0;https://x.com/undefined/status/1930189191650128328;2872180999;
1,93015E+18;Wed Jun 04 08:58:29 +0000 2025;0;@tanyarlfes Mie sedaap korean buldak indomie seblak hot jeletot laksa ama mie sedaap ala chef Devina . Gila sih enak bgt yg ala chef;1,93019E+18;;tanyarlfes;in;;0;0;0;https://x.com/undefined/status/1930187387742892531;1,01845E+18;
1,93015E+18;Wed Jun 04 08:53:22 +0000 2025;0;@tanyarlfes Nissin gekikara kuah sama goreng enak semua minusnya agak lebih mahal tapi ttep kubeli. Sama akhir-akhir ini suka beli indomie korean spicy ramyeon;1,93019E+18;;tanyarlfes;in;;0;0;0;https://x.com/undefined/status/1930186104101318747;1,11161E+18;
1,93015E+18;Wed Jun 04 08:42:45 +0000 2025;0;@tanyarlfes Indomie goreng cabe ijo tapi sayangnya dah ga pernah nemu d sulawesi selatan indomie spicy ramyeon juga enak;1,93018E+18;;tanyarlfes;in;;0;0;0;https://x.com/undefined/status/1930183429947306479;1,21088E+18;
1,93015E+18;Wed Jun 04 08:27:52 +0000 2025;0;@tanyarlfes AKU SETUJUUU SAMA KM NDER. Indomie yg tori mechaa kara juga enakk poll nyamnyam. Tapi sedaap spicy soup korean juga enak pls sama yang singapore laksa(?) aku belinya pasti antara 3 itu kalau kuah. Kalau varian goreng aku suka sedaap goreng yan;1,93018E+18;;tanyarlfes;in;;0;0;0;https://x.com/undefined/status/1930179683594760464;1,39167E+18;
1,93015E+18;Wed Jun 04 08:18:19 +0000 2025;0;@tanyarlfes mie sedaap white curry sama yang korean cheese itu apa ya terus indomie rendang sama ayam geprekkk;1,93018E+18;;tanyarlfes;in;;0;0;0;https://x.com/undefined/status/1930177281085059195;1,1224E+18;
1,93018E+18;Wed Jun 04 08:12:51 +0000 2025;0;*WTS* yg masih ready tinggal soto ayam bawang ayam sepesial coming soon indomie goreng indomie korean series 3k/pcs. beli 1 karton lebih murah https://t.co/iumpmqi5g0;1,93018E+18;https://pbs.twimg.com/media/GslcwdKasAcOyqW.jpg;;in;;0;0;0;https://x.com/undefined/status/1930175905521119501;1,87616E+18;
1,93015E+18;Wed Jun 04 08:02:53 +0000 2025;0;@tanyarlfes Mie aceh mie korean spicy ori + keju indomie jumbo ayam panggang indomie double kriuk sarimi isi 2 ayam kecap + kremes sedaap laksa kari soto.;1,93017E+18;;tanyarlfes;in;;0;0;0;https://x.com/undefined/status/1930173396375220368;1,30833E+18;
1,93015E+18;Wed Jun 04 07:51:49 +0000 2025;0;@tanyarlfes Sedaap laksa singapur yg spicyyy sedaap goreng ayam bakar limau mie gaga Indomie tori kara spicy ramyeon;1,93017E+18;;tanyarlfes;in;;0;0;0;https://x.com/undefined/status/1930170612510798019;1,07072E+18;
1,93015E+18;Wed Jun 04 07:38:21 +0000 2025;0;@tanyarlfes Indomie tori kara/miso indomie soto banjar limau kulit mie sedaap korean spicy chicken Ya cuma tiga ini aja sih kalau di list satu persatu kebanyakan ntar awokwowkaowkawk;1,93017E+18;;tanyarlfes;in;;0;0;0;https://x.com/undefined/status/1930167223189987673;1,56679E+18;
1,93017E+18;Wed Jun 04 07:36:57 +0000 2025;0;indomie mie goreeng aceh. gekikara ramen hot chicken mie sedaap korean spicy chicken mie sedaap baso bleduk indomie ayam geprek :3;1,93017E+18;;;in;;0;1;0;https://x.com/undefined/status/1930166873095807322;1,55957E+18;
1,93015E+18;Wed Jun 04 07:27:04 +0000 2025;1;@tanyarlfes indomie aceh indomie rendang indomie mi keriting indomie spicy ramyeon indomie fiery chikin sm indomie tori miso enak polll;1,93016E+18;;tanyarlfes;in;;0;0;0;https://x.com/undefined/status/1930164384652771356;1,09462E+18;
1,93015E+18;Wed Jun 04 07:15:20 +0000 2025;0;@tanyarlfes indomie rendang Aceh sedap korean spicy chicken;1,93016E+18;;tanyarlfes;in;;0;0;0;https://x.com/undefined/status/1930161431217090571;1,48982E+18;
1,93015E+18;Wed Jun 04 06:17:09 +0000 2025;1;@tanyarlfes indomie korean series biru;1,93015E+18;;tanyarlfes;in;;0;0;0;https://x.com/undefined/status/1930146787702256135;1,90761E+18;
1,92986E+18;Wed Jun 04 06:17:01 +0000 2025;0;@fishiikimura ak jarang makan indomie sih prefer ke sedaap yg variannya bagus dan enak enakk btw korean spicy chicken sedaap juga mienya tebel makanya ak kira km makan itu;1,93015E+18;;chamomilce;in;;0;2;0;https://x.com/undefined/status/1930146753686450578;1,89137E+18;
1,92987E+18;Wed Jun 04 04:40:35 +0000 2025;0;@chorong2x wkwkwkw betul enakan indomie tori miso maksudnya yang sejenis kuahnya itu kan. Tapi yang korean ramyeon juga enak ;1,93012E+18;;chorong2x;in;;0;1;0;https://x.com/undefined/status/1930122488887029817;7,30559E+17;
1,92987E+18;Wed Jun 04 04:16:28 +0000 2025;0;@gimochiii Wkwkwkwk mantap gi aku jadi ikut ngebayangin rasanya jadi kesimpulannya mending beli yg asli atau kalau mau mie instant mending ramyeon indomie yak ;1,93012E+18;;gimochiii;in;;0;1;0;https://x.com/undefined/status/1930116417720078708;1,03762E+18;
1,9301E+18;Wed Jun 04 03:16:25 +0000 2025;0;@undipmfs *WTS* yg masih ready tinggal soto ayam bawang ayam sepesial coming soon indomie goreng indomie korean series 3k/pcs. beli 1 karton lebih murah https://t.co/iyEYgwZZtz;1,9301E+18;https://pbs.twimg.com/media/GskY57hagAAHpTv.jpg;undipmfs;in;;0;0;0;https://x.com/undefined/status/1930101306213183536;1,87616E+18;
1,9301E+18;Wed Jun 04 03:13:07 +0000 2025;0;*WTS* yg masih ready tinggal soto ayam bawang ayam sepesial coming soon indomie goreng indomie korean series 3k/pcs. beli 1 karton lebih murah https://t.co/RPrIcxMW2u;1,9301E+18;https://pbs.twimg.com/media/GskYJk5a8AAjb7h.jpg;;in;;0;0;0;https://x.com/undefined/status/1930100475736539490;1,87616E+18;
1,92989E+18;Tue Jun 03 14:07:36 +0000 2025;1;@A_FionyJKT48 antara indomie goreng aceh kalo ga mie sedap korean spicy chicken;1,9299E+18;;A_FionyJKT48;in;;0;0;0;https://x.com/undefined/status/1929902795433619940;1,59208E+18;
1,92989E+18;Tue Jun 03 13:42:33 +0000 2025;6;@A_FionyJKT48 Kalau goreng cobain : - gekikara ramen carbonara** - indomie goreng aceh - mie sedaap buldak cheese** Kalau kuah : - mie sedaap singapore laksa** - mie sedaap korean spicy soup - indomie kari ayam - indomie tori kara** Ket : **paling aku rek;1,9299E+18;;A_FionyJKT48;in;;0;0;0;https://x.com/undefined/status/1929896490522292668;1,06981E+18;
1,92989E+18;Tue Jun 03 13:40:30 +0000 2025;0;@A_FionyJKT48 Goreng: best wok original samyang rose indomie goreng Kuah: shin ramyeon original mie sedaap kaldu ayam spesial;1,9299E+18;;A_FionyJKT48;in;;0;0;0;https://x.com/undefined/status/1929895973540770190;1,64608E+18;
1,92987E+18;Tue Jun 03 13:31:33 +0000 2025;0;@chorong2x duh aku g pinter repiu zi tp yaaaa gabisa dibandingin sm yg asli si namanya juga instan. Aku tuh lebih suka shoyu dibanding ekstrim jadi tadi tuh keknya aku pake bubuk lemonnya kebanyakan jd rasanya asem gitu wkwwkkw rasanya asin gurih asem aja;1,92989E+18;;chorong2x;in;;0;1;0;https://x.com/undefined/status/1929893719366610981;7,30559E+17;
1,92981E+18;Tue Jun 03 08:14:48 +0000 2025;0;*WTS* yg masih ready tinggal soto ayam bawang ayam sepesial coming soon indomie goreng indomie korean series 3k/pcs https://t.co/QQ3ebf5erZ;1,92981E+18;https://pbs.twimg.com/media/GsgTnF5b0AINYVF.jpg;;in;;0;0;0;https://x.com/undefined/status/1929814008531767530;1,87616E+18;
1,92979E+18;Tue Jun 03 06:43:57 +0000 2025;0;indomie k-series yg hanguk ramyeon ini pedes bener buat aku... lebih pedes daripada shin ramyeon nongshim;1,92979E+18;;;in;;0;0;0;https://x.com/undefined/status/1929791146181738600;104410124;
1,92973E+18;Tue Jun 03 04:10:07 +0000 2025;0;@undipmfs yg masih ready tinggal soto ayam bawang ayam sepesial coming soon indomie goreng indomie korean series 3k/pcs. beli 1 karton lebih murah https://t.co/1EOL9MRK9M;1,92975E+18;https://pbs.twimg.com/media/Gsfbmzub0AEe7QX.jpg;undipmfs;in;;0;1;0;https://x.com/undefined/status/1929752433758294535;1,87616E+18;
1,92974E+18;Tue Jun 03 03:33:28 +0000 2025;0;hari ini mama bikin lauk kari ayam saatnya gue masak mie instan... enaknya mie sedaapp korean cheese buldak atau indomie goreng aceh yh...;1,92974E+18;;;in;;0;1;0;https://x.com/undefined/status/1929743208273400234;1,49849E+18;
1,92973E+18;Tue Jun 03 02:28:26 +0000 2025;3;Awokwwowkwok emak nanyain Erine habis nonton iklan Indomie newjeans. Emak : kok di hp kamu ga ada yang kayak mereka (karena wa pake foto Intun). Gw : oh itu orang Bogor. Emak : terus yang cina-cina itu mana? Siapa namanya? Gw : ....... Lanjut makan Uli ️;1,92973E+18;;;in;;0;1;0;https://x.com/undefined/status/1929726842585702560;2246898924;
1,92833E+18;Mon Jun 02 08:39:14 +0000 2025;0;@umjite Semua attention udah dikasih dari NewJeans ia Kaaak. Waktu itu lg mau aktipes walaupun aku harus ngangon terus bt liat x kok kena kiamat kecil...! Fix aku harus naik jadi petinggi x hft. AKU SUKA HUNTING MAKANAN ENAK KAAA. Kemarin aku coba mie aya;1,92946E+18;;umjite;in;;0;1;0;https://x.com/undefined/status/1929457768076853521;2533920433;
1,92933E+18;Mon Jun 02 00:23:01 +0000 2025;0;EHEHEHE awal aku makan yang Korean Spicy Chicken juga aku takut kaya ini pedes banget apa engga tapi kalau dibandingin sama Indomie Ayam Geprek Indomie Ayam Gepreknya lebih kerasaaa IYAA aku pernah coba tapi yang kuahh enak ituu Lumayan dehh;1,92933E+18;;;in;;0;0;0;https://x.com/undefined/status/1929332893161079114;1,67613E+18;
1,92914E+18;Sun Jun 01 11:20:31 +0000 2025;0;every papa as my favorite insutanto ramen: primo buldak jjajang. secondo shin ramyeon. terzo indomie seblak. copia sedaap korean cheese buldak. perpy sedaap singapore spicy laksa.;1,92914E+18;;;in;;0;1;0;https://x.com/undefined/status/1929135971888488949;1,51547E+18;
1,92867E+18;Sat May 31 14:59:38 +0000 2025;0;@jerukjepang indomie udah sama newjeans;1,92883E+18;;jerukjepang;in;;0;0;0;https://x.com/undefined/status/1928828722766815635;83586867;
1,92879E+18;Sat May 31 12:39:40 +0000 2025;0;rehat dl mau beli indomie ramyeon;1,92879E+18;;;in;;0;1;0;https://x.com/undefined/status/1928793501182968165;1,30221E+18;
1,92873E+18;Sat May 31 08:38:36 +0000 2025;0;WTS Postcard Frame + Photo New Jeans x Indomie READY Sealed &amp;;;;;;;;;;;
1,92864E+18;Sat May 31 02:44:55 +0000 2025;6;Indomie: Jadikan NewJeans BA kita! Mie Sedaap: Santai kawan kita pakai produk lokal https://t.co/C1yuJe5p7g;1,92864E+18;https://pbs.twimg.com/media/GsPrVsVboAAoDEs.jpg;;in;;0;0;2;https://x.com/undefined/status/1928643826669007256;282245805;
1,92142E+18;Fri May 30 15:58:43 +0000 2025;0;@ivewonno Pasti sunghoon kan (menjawab dengan nada tidak kegeeran) betul NewJeans seleranya indomie. Apalagi yang bikinnya kamu apa gak melejit harga indomie;1,92848E+18;;ivewonno;in;;0;0;0;https://x.com/undefined/status/1928481206351319140;2936358876;
1,92816E+18;Thu May 29 18:32:06 +0000 2025;1;Mau beli indomie yg mie aceh kari ayam sama yg korean spicy tapi masih mikir2 dulu. Mahal soalnya 1bks 70₺ ;1,92816E+18;;;in;;0;2;0;https://x.com/undefined/status/1928157416077586641;1,35647E+18;
1,92808E+18;Thu May 29 13:05:12 +0000 2025;0;Saya menjual 3 SET INDOMIE X NEWJEANS POSTCARD OFFICIAL (NEW/SEGEL) seharga Rp40.000. Ayo beli di Shopee! https://t.co/ZSt7Y200v8;1,92808E+18;;;in;;0;0;0;https://x.com/undefined/status/1928075151431606335;841644998;
1,92798E+18;Thu May 29 06:27:35 +0000 2025;0;Indomie newjeans yg biru yg versi cup lebih enak ik;1,92798E+18;;;in;;0;0;0;https://x.com/undefined/status/1927975087887835214;263603762;
1,92755E+18;Wed May 28 02:31:17 +0000 2025;0;@shaquirreloveu nanti siapin indomie telur cabe 2 biji yaa biar nyobain ramyeon versi indo ;1,92755E+18;;shaquirreloveu;in;;0;1;0;https://x.com/undefined/status/1927553231443402800;1,6966E+18;
1,92745E+18;Tue May 27 19:55:10 +0000 2025;0;#NewJeans 8 pcs Bundling 2 Goreng &amp;;;;;;;;;;;
1,92518E+18;Tue May 27 14:19:02 +0000 2025;0;@warin @sooink Hihihi happy sekaliiii satu rumah sama DD anin!! Kenalan lagi dari awal sampai sedekat perangko? KOPI TERUSSSS tapi itu Indomie ramyeon kasih bon cabe apa ga makin pedes? Bukannya tanpa bon cabe juga udah pedes banget ya? Aku tim air putih ;1,92737E+18;;warin;in;;0;0;0;https://x.com/undefined/status/1927368957062684754;1,55288E+18;
1,92518E+18;Tue May 27 14:11:50 +0000 2025;0;@warin @sooink Hihihi happy sekaliiii satu rumah sama DD anin!! Kenalan lagi dari awal sampai sedekat perangko? KOPI TERUSSSS tapi itu Indomie ramyeon kasih bon cabe apa ga makin pedes? Bukannya tanpa bon cabe juga udah pedes banget ya? Aku tim air putih ;1,92737E+18;;warin;in;;0;0;0;https://x.com/undefined/status/1927367142392975514;1,55288E+18;
1,92735E+18;Tue May 27 13:03:56 +0000 2025;0;@onyourremm02 indomie korean series yang spicy ramen enak bgttt;1,92735E+18;;onyourremm02;in;;0;0;0;https://x.com/undefined/status/1927350056882987027;1,80019E+18;
1,92732E+18;Tue May 27 12:09:24 +0000 2025;0;@alfhabet99 aku paling suka indomie geprek sedap laksa sama sedap korean spicy soup itu ;1,92734E+18;;alfhabet99;in;;0;1;0;https://x.com/undefined/status/1927336331253797296;1,72733E+18;
1,92703E+18;Mon May 26 16:08:01 +0000 2025;2;indomie korean bulgogi . itu enak bnget . tapi udh gaada jir ;1,92703E+18;;;in;;0;0;0;https://x.com/undefined/status/1927033994132021592;1,89209E+18;
1,92687E+18;Mon May 26 12:35:51 +0000 2025;0;@FOOD_FESS Seminggu sekali atau 2 kali. Belinya beda rasa beda varian Kadang seminggu produk lokal kek indomie/sedap Seminggu lagi korean Seminggu kemudian japan biar ga bosen;1,92698E+18;;FOOD_FESS;in;;0;0;0;https://x.com/undefined/status/1926980600121930220;7,2409E+17;
1,92685E+18;Mon May 26 03:47:17 +0000 2025;0;indomie tori miso mi sedap singapore laksa mi sedap korean buldak cheese;1,92685E+18;;;in;;0;0;0;https://x.com/undefined/status/1926847583495819696;1,89073E+18;
1,92681E+18;Mon May 26 01:36:58 +0000 2025;0;Ada yg mau Indomie harganya 2.800 - 5.000 varian nya sekarang ada cabe ijo Korean series dll bisa co oren yaa aku juga jual postcard baru newjeans isi 7 postcard harga 25k/set detail harga ada dibawah yaa boleh tinggalin jejak dulu exp masih aman semua yaa https://t.co/79ZVkwsIl2;1,92681E+18;https://pbs.twimg.com/media/Gr1rzSUXIAAgVoY.jpg;;in;;0;0;0;https://x.com/undefined/status/1926814788883009871;7,64191E+17;
1,92655E+18;Sun May 25 15:28:46 +0000 2025;0;@munvess (indomie only) CHEESE BULDAK KOREAN SPICY RENDANG;1,92666E+18;;munvess;in;;0;0;0;https://x.com/undefined/status/1926661730035241169;1,87223E+18;
1,92666E+18;Sun May 25 15:21:59 +0000 2025;0;indomie gf ramyeon bf gpplhhh;1,92666E+18;;hisengism;in;;0;0;0;https://x.com/undefined/status/1926660020994715813;1140142003;
1,92666E+18;Sun May 25 15:16:04 +0000 2025;0;MI SEDAP KOREAN FRIED CHICKEN YANG KEJU. LIKE HOW TF PEOPLE HATE THAT. terus mi sedap jg tapi yang varian rawit bingit rasa ayam jerit. And Indomie goreng yang rendang;1,92666E+18;;;in;;0;1;0;https://x.com/undefined/status/1926658534613073992;1,6488E+18;
1,92655E+18;Sun May 25 13:30:11 +0000 2025;0;@munvess 1. mie sedaap korean spicy yang dulu (ada bawang gorengnya) 2. indomie rendang 3. mie sedaap goreng;1,92663E+18;;munvess;in;;0;0;0;https://x.com/undefined/status/1926631888619286777;1,64835E+18;
1,92661E+18;Sun May 25 12:21:29 +0000 2025;0;1. aceh aceh aceh 2. sedaap korean spicy 3. indomie goreng salted egg (udh punah);1,92661E+18;;;in;;0;0;0;https://x.com/undefined/status/1926614598481784887;3286177411;
1,92661E+18;Sun May 25 12:17:00 +0000 2025;0;1. wanpis 2. h2h 3. indomie 4. dimsum 5. shin ramyeon 6. bebek madura 7. nasi goreng 8. gudeg 9. efootball 10. banyak deh;1,92661E+18;;;in;;0;1;0;https://x.com/undefined/status/1926613470515953934;1,40759E+18;
1,92655E+18;Sun May 25 10:33:06 +0000 2025;0;@munvess Itu Indomie. Kalau Sedaap cheese buldak korean spicy laksa.;1,92659E+18;;GiostGirl;in;;0;0;0;https://x.com/undefined/status/1926587321136091499;1,34526E+18;
1,92654E+18;Sun May 25 09:15:07 +0000 2025;0;@ayumi_cells lucunya lagi (ini aku baru tau setelah ador mention tim bunnies yg kerjasama sama indomie soal eent newjeans) ternyata di tahun sebelumnya indomie udah hubungin beberapa fanbase newjeans lain dan adain meeting sama mereka. like.. brands lebih;1,92657E+18;;onevzaa;in;;0;0;0;https://x.com/undefined/status/1926567696998490567;1,49384E+18;
1,92655E+18;Sun May 25 09:09:54 +0000 2025;0;@munvess Indomie aceh Mie sedap korean cheese buldak Samyang merah;1,92657E+18;;munvess;in;;0;0;0;https://x.com/undefined/status/1926566384701452501;1,89001E+18;
1,92655E+18;Sun May 25 08:56:46 +0000 2025;0;@munvess Indomie goreng rendang mie sedaap korean spicy soup indomie goreng ori.;1,92656E+18;;munvess;in;;0;0;0;https://x.com/undefined/status/1926563077777957017;1,02197E+18;
1,92655E+18;Sun May 25 08:02:10 +0000 2025;0;indomie aceh korean spicy chicken indomie rendang;1,92655E+18;;;in;;0;0;0;https://x.com/undefined/status/1926549338198601803;1,45049E+18;
1,92556E+18;Fri May 23 22:48:51 +0000 2025;0;@kodeliciouss RILLLL.. Indomie yg ramyeon tori miso sama rose itu enak2 bgtttttttt woiiii;1,92605E+18;;sprintevent;in;;0;0;0;https://x.com/undefined/status/1926047703663845862;1,34602E+18;
1,92582E+18;Fri May 23 07:25:31 +0000 2025;0;Tp varian indomie yg baru2 keluar emg kurang semua si dibandingin sm yg dulu. Kek ramen series ramyeon series trs ada soto koya semuanya kuranggg;1,92582E+18;;deep_darkred;in;;0;0;0;https://x.com/undefined/status/1925815341361324529;1,74586E+18;
1,92556E+18;Fri May 23 07:17:58 +0000 2025;1;@sweetcurze @kodeliciouss Varian spesial indomie emang gila banget natriumnya yang spicy ramyeon kelar makan mulut keset banget berasa nyeruput kuah garem;1,92581E+18;;sweetcurze;in;;0;0;0;https://x.com/undefined/status/1925813439936495844;383042998;
1,92558E+18;Thu May 22 15:36:09 +0000 2025;0;sama kagetnya kayak pas liat Indomie Newjeans;1,92558E+18;;;in;;0;0;0;https://x.com/undefined/status/1925576421931614528;102003336;
1,92484E+18;Thu May 22 11:49:45 +0000 2025;0;@vnxsmoke aku baru bikin indomie rose ramyeon enakk;1,92552E+18;;;in;;0;0;0;https://x.com/undefined/status/1925519449672884573;1,92397E+18;
1,92535E+18;Thu May 22 05:30:49 +0000 2025;0;@ramiiwuvu wkwk bener juga tpi indomie korean spicy ramyeon 6k'an;1,92542E+18;;ramibaemonina;in;;0;1;0;https://x.com/undefined/status/1925424086928576816;1,53766E+18;
1,9254E+18;Thu May 22 03:50:10 +0000 2025;1;aku indomie ga terlalu eksplor banyak rasa sih ini paling dicampur sama mi sedap yak 1. mi sedap yang korean cheese buldak 2. mi sedap laksa 3. indomie ayam geprek 4. indomie aceh 5. indomies seblak special mentionnya buat mi sedap ayam jerit dan korean spicy chicken;1,9254E+18;;;in;;0;3;0;https://x.com/undefined/status/1925398757421850811;1,89361E+18;
1,92518E+18;Wed May 21 14:35:17 +0000 2025;0;@wsooin @sooink hawo akhirnya satu rumah sama kakakku yang keren ini. beneran akhirnya kewujud buat satu rumah (selain satu dorm) kita mau kenalan lagi sampe mana kakak? :c kalo untuk makanan aku mau pilih indomie ramyeon soalnya i love it cita rasa bumbu;1,9252E+18;;meovwsooin;in;;0;2;0;https://x.com/undefined/status/1925198716975403375;8,92441E+17;
1,92221E+18;Wed May 21 13:21:53 +0000 2025;0;@YOKARllNA Soalnya kamu umpetin indomie rendangku.. kamu sih malesin maunya makan ramyeon asli dari korea.. aku tuh bosen tau ngerti gak sih?! ;1,92518E+18;;YOKARllNA;in;;0;1;0;https://x.com/undefined/status/1925180245050814961;2198246146;
1,92512E+18;Wed May 21 09:13:53 +0000 2025;0;kenapa ya indomie spicy ramyeon enak bgt? apalagi ditambahin sosis kanzler yg hot ;1,92512E+18;;;in;;0;0;0;https://x.com/undefined/status/1925117835992535146;1,47286E+18;
1,92505E+18;Wed May 21 04:59:08 +0000 2025;0;@muerdhy Indomie cabe ijo &amp;;;;;;;;;;;
1,9248E+18;Tue May 20 12:37:55 +0000 2025;0;@tanyakanrl Mie richeese varian tanpa keju mie 100 goreng / kuah jalapeno mie ABC selera pedas goreng Indomie seblak mie sedaap Korean spicy chicken Aku biasanya diantara itu makan pake sumpit bikin 2 bungkus + fried chicken minuman dingin ;1,92481E+18;;tanyakanrl;in;;0;0;0;https://x.com/undefined/status/1924806793836036507;1,15403E+18;
1,92478E+18;Tue May 20 11:08:00 +0000 2025;0;Wkwk ada indomie XIUMIN S RAMYEON STORE OPENING #XIUMIN_STORE #XIUMIN #시우민 #슈밍의라면가게 https://t.co/nO7bMhOHy8;1,92478E+18;https://pbs.twimg.com/media/GrY0_XnbAAIsH0A.jpg;;in;;0;0;0;https://x.com/undefined/status/1924784166463570000;1159745875;
1,92474E+18;Tue May 20 08:07:37 +0000 2025;0;@thisapearl Semua korean noodle emang gila cal nya... Makanya i stick to indomie... Ayam bawang paling sedikit...;1,92474E+18;;thisapearl;in;;0;0;0;https://x.com/undefined/status/1924738772752814294;1,22243E+18;
1,92468E+18;Tue May 20 04:29:27 +0000 2025;0;Indomie tapi aku suka varian mie sedaap juga salah satunya soto sama laksa Singapore sama korean spicy soup;1,92468E+18;;;in;;0;0;0;https://x.com/undefined/status/1924683865819644374;1,67723E+18;
1,92448E+18;Mon May 19 14:43:29 +0000 2025;0;8 pcs Bundling 2 Goreng &amp;;;;;;;;;;;
1,92447E+18;Mon May 19 14:10:03 +0000 2025;0;Beli Indomie @indomie 5 bungkus Di Indomaret @indomaret Rasa Indomie Goreng Kari Ayam dan Ramen Series Free 3 Postcards New Jeans @newjeans_official &amp;;;;;;;;;;;
1,92258E+18;Sun May 18 14:52:28 +0000 2025;0;@MayaRara369192 bisa beli di Super Indo atau di official storenya kak lewat tokopedia/tiktok shop ini linknya kak https://t.co/r6vfBr1fGf;1,92412E+18;;MayaRara369192;in;;0;0;0;https://x.com/undefined/status/1924115877848609205;1,24815E+18;
1,92258E+18;Sun May 18 14:50:49 +0000 2025;0;@RataY16466 bisa beli langsung di Super Indo atau lewat official storenya di tokopedia/tiktok shop ya kak! ini linknya https://t.co/hBdjbFcxrr;1,92412E+18;;RataY16466;in;;0;0;0;https://x.com/undefined/status/1924115461782065224;1,24815E+18;
1,92258E+18;Sun May 18 14:49:28 +0000 2025;0;@yooxni ayooo kak belii duluuu di Super Indo atau di link ini supaya bisa dapet indomie + postcardnya https://t.co/r6vfBr1fGf;1,92412E+18;;yooxni;in;;0;0;0;https://x.com/undefined/status/1924115123721114056;1,24815E+18;
1,92258E+18;Sun May 18 14:48:31 +0000 2025;0;@hwameliaa bisa beli di superindo kak atau lewat official storenya langsung di tokopedia/tiktok shop kak ini link nya yaa https://t.co/hBdjbFcxrr;1,92411E+18;;hwameliaa;in;;0;0;0;https://x.com/undefined/status/1924114884817834062;1,24815E+18;
1,92258E+18;Sun May 18 14:47:35 +0000 2025;0;@NiscalaMananta yahh kurang tau kak kalo di Super Indo :(( soalnya aku beli online langsung di official storenya lewat tiktok shop https://t.co/r6vfBr1fGf;1,92411E+18;;NiscalaMananta;in;;0;0;0;https://x.com/undefined/status/1924114649437655529;1,24815E+18;
1,92258E+18;Sun May 18 14:40:58 +0000 2025;0;@Rindaput bener kak hihi soalnya kapan lagi kaaaannn beli indomie bisa dapet postcard newjeans yang cantik cantik kaya gini;1,92411E+18;;Rindaput;in;;0;0;0;https://x.com/undefined/status/1924112985347465364;1,24815E+18;
1,92258E+18;Sun May 18 14:38:49 +0000 2025;0;@sisoleh2195 ini ya kak link official storenya https://t.co/r6vfBr1fGf selamat membelii;1,92411E+18;;sisoleha2195;in;;0;0;0;https://x.com/undefined/status/1924112443825147958;1,24815E+18;
1,92258E+18;Sun May 18 14:37:56 +0000 2025;0;@tyas_wulan99 bisa beli di Super Indo atau di official storenya kak lewat tokopedia/tiktok shop ini linknya ya kak https://t.co/r6vfBr1fGf;1,92411E+18;;tyas_wulan99;in;;0;0;0;https://x.com/undefined/status/1924112221057269847;1,24815E+18;
1,92258E+18;Sun May 18 14:36:44 +0000 2025;0;@SintaAja2195 bisa beli di Super Indo atau di official storenya kak lewat tokopedia/tiktok shop ini linknya https://t.co/r6vfBr1fGf;1,92411E+18;;SintaAja2195;in;;0;0;0;https://x.com/undefined/status/1924111917783961806;1,24815E+18;
1,92258E+18;Sun May 18 14:31:08 +0000 2025;0;@titi_yara bisa beli di Super Indo atau di official storenya kak lewat tokopedia/tiktok shop ini linknya https://t.co/r6vfBr1fGf;1,92411E+18;;titi_yara;in;;0;0;0;https://x.com/undefined/status/1924110509995069867;1,24815E+18;
1,92258E+18;Sun May 18 14:28:42 +0000 2025;0;@donistwwn beli lewat link ini bisa langsung dapet 6 pcs indomie sama postcard nya complete set kak ada 7 foto 5 foto member dan 2 foto group https://t.co/r6vfBr1fGf;1,92411E+18;;donistwwn;in;;0;0;0;https://x.com/undefined/status/1924109896620052757;1,24815E+18;
1,92258E+18;Sun May 18 14:26:25 +0000 2025;0;@KutuMini beli lewat sini langsung dapet 6 pcs + postcard loh kak! https://t.co/r6vfBr1fGf;1,92411E+18;;KutuMini;in;;0;0;0;https://x.com/undefined/status/1924109324533780667;1,24815E+18;
1,92258E+18;Sun May 18 14:25:49 +0000 2025;0;@NawawiZoelva bisa beli di Super Indo atau di official storenya kak lewat tokopedia/tiktok shop ini linknya kak https://t.co/r6vfBr1fGf;1,92411E+18;;zuzu_nawa;in;;0;0;0;https://x.com/undefined/status/1924109170254733438;1,24815E+18;
1,92258E+18;Sun May 18 14:21:15 +0000 2025;0;@mybaby2195 yuk kak bisa beli langsung lewat official storenya di tokopedia/tiktok shop ya kak! ini linknya https://t.co/hBdjbFcxrr;1,92411E+18;;mybaby2195;in;;0;0;0;https://x.com/undefined/status/1924108023284564404;1,24815E+18;
1,92258E+18;Sun May 18 14:19:49 +0000 2025;0;@Cintasejati2195 bisa beli langsung lewat official storenya di tokopedia/tiktok shop ya kak! ini linknya https://t.co/r6vfBr1fGf;1,92411E+18;;Cintasejati2195;in;;0;0;0;https://x.com/undefined/status/1924107662159237286;1,24815E+18;
1,92258E+18;Sun May 18 14:19:00 +0000 2025;0;@jonosaputra456 bisa beli di superindo kak atau lewat official storenya langsung di tokopedia/tiktok shop kak ini link nya yaa https://t.co/r6vfBr1fGf;1,92411E+18;;zahrania456;in;;0;0;0;https://x.com/undefined/status/1924107455661056401;1,24815E+18;
1,92258E+18;Sun May 18 14:17:17 +0000 2025;0;@Zoelvaaja99 beli lewat link ini yaa langsung di official storenya kak https://t.co/r6vfBr1fGf;1,92411E+18;;Zulfaaja99;in;;0;0;0;https://x.com/undefined/status/1924107026470482244;1,24815E+18;
1,92258E+18;Sun May 18 14:16:32 +0000 2025;0;@hanya61411 beli di official storenya bisa kak lewat tokopedia tiktok ya ini aku kasih linknya https://t.co/r6vfBr1fGf atau beli di superindo juga ada ko kak!;1,92411E+18;;hanya61411;in;;0;0;0;https://x.com/undefined/status/1924106835923272087;1,24815E+18;
1,92258E+18;Sun May 18 14:14:20 +0000 2025;0;@julviana99 beli di sini ya kak! https://t.co/r6vfBr1fGf;1,92411E+18;;julviana99;in;;0;0;0;https://x.com/undefined/status/1924106280400286035;1,24815E+18;
1,92401E+18;Sun May 18 13:47:04 +0000 2025;0;@freysjelfjh Eh iyaa akupun aneka merk paling pas emang indomie goreng.. Tpi coba deh kamu incip yg misedaap korea yg miekuah pedes sama migoreng pedesnya rasanya mirip ramyeon instant yg lebih mahal ituuuenakk sii klo misedaap yg itu mnurut aku yaaaa;1,9241E+18;;freyelfwzn;in;;0;1;0;https://x.com/undefined/status/1924099422138614233;1,83792E+18;
1,92406E+18;Sun May 18 11:14:58 +0000 2025;0;Open PO Indomie Korean Series Include : 1 Tas PVC Putih + Tali Indomie Korean Series 5 Pcs 3 Varian Rasa Rose Spicy Ramyeon Fiery Chikin IDR. 60.000 Pengiriman dari Jakarta Barat Via Shopee #Indomie #KoreanSeries #WTS #Jakarta #NewJeans https://t.co/t4dRosln83;1,92406E+18;https://pbs.twimg.com/media/GrOjacCXgAAt_s7.jpg;;in;;0;0;0;https://x.com/undefined/status/1924061144588935240;61091603;
1,92404E+18;Sun May 18 10:10:07 +0000 2025;5;Ada yg mau Indomie harganya 2.800 - 5.000 varian nya sekarang ada cabe ijo Korean series dll bisa co oren yaa aku juga jual postcard baru newjeans isi 7 postcard harga 25k/set detail harga ada dibawah yaa boleh tinggalin jejak dulu exp masih aman semua yaa https://t.co/QGRMjQ3oqn;1,92404E+18;https://pbs.twimg.com/media/GrOUiSiXEAE5H7a.jpg;;in;;0;1;1;https://x.com/undefined/status/1924044821758669056;7,64191E+17;
1,92372E+18;Sun May 18 02:59:35 +0000 2025;2;@FOOD_FESS terlihat sangat micin alias akan aku masukin list. so far kuah favoritku masih indomie soto lamongan sama spicy ramyeon;1,92394E+18;;FOOD_FESS;in;;0;0;0;https://x.com/undefined/status/1923936476099903720;1,09594E+18;
1,92259E+18;Sat May 17 12:49:24 +0000 2025;0;@crushnyareece Pecinta indomie dan penggemar newjeans wajib beli dan dapetin ini juga sih;1,92372E+18;;crushnyareece;in;;0;0;0;https://x.com/undefined/status/1923722520743850356;1,91238E+18;
1,92257E+18;Sat May 17 11:41:14 +0000 2025;0;@akununa_ mantap pada fomo ga rugi kok nder beli indomie korean karena bonus nyujins ;1,92371E+18;;akununa_;in;;0;0;0;https://x.com/undefined/status/1923705364727595334;1,90152E+18;
1,92259E+18;Sat May 17 11:37:09 +0000 2025;0;@dhelsadell Mau postcard NewJeans nya ka. Minta link nya dong gue mau co Indomie nya;1,9237E+18;;dhelsadell;in;;0;0;0;https://x.com/undefined/status/1923704339639697574;1,90581E+18;
1,92257E+18;Sat May 17 10:06:11 +0000 2025;0;@fryuputrii Ini mie atau tiket ketemu NewJeans versi mini ;1,92368E+18;;fryuputrii;in;;0;0;0;https://x.com/undefined/status/1923681445899534837;1,88206E+18;
1,92257E+18;Sat May 17 09:56:12 +0000 2025;1;@luckyloeyli NewJeans bener-bener bikin Indomie naik level ;1,92368E+18;;luckyloeyli;in;;0;0;0;https://x.com/undefined/status/1923678934241337647;1,82084E+18;
1,92257E+18;Sat May 17 09:51:10 +0000 2025;0;@luckyloeyli Indomie udah enak dapet bonus NewJeans pula... hidup makin indah ;1,92368E+18;;luckyloeyli;in;;0;0;0;https://x.com/undefined/status/1923677664273104979;1,87299E+18;
1,92257E+18;Sat May 17 09:49:50 +0000 2025;0;@luckyloeyli NewJeans makan Indomie aja cakep banget ;1,92368E+18;;luckyloeyli;in;;0;0;0;https://x.com/undefined/status/1923677329454399670;1,87698E+18;
1,92257E+18;Sat May 17 09:44:26 +0000 2025;0;@luckyloeyli Waduh makin ngiler beli Indomie demi postcard NewJeans ;1,92368E+18;;luckyloeyli;in;;0;0;0;https://x.com/undefined/status/1923675971628232877;1,62611E+18;
1,92258E+18;Sat May 17 09:27:33 +0000 2025;0;@cerealcakes Newjeans bikin aku makin rajin makan Indomie nih ;1,92367E+18;;cerealcakes;in;;0;1;0;https://x.com/undefined/status/1923671724845039667;1,82881E+18;
1,92258E+18;Sat May 17 09:27:15 +0000 2025;0;@cerealcakes Di Superindo Deket rumah tinggal dikit Indomie nya langsung kuborong biar dapet NewJeans;1,92367E+18;;cerealcakes;in;;0;0;0;https://x.com/undefined/status/1923671647225249842;1,56965E+18;
1,92258E+18;Sat May 17 09:26:45 +0000 2025;0;@cerealcakes Aku juga baru beli gara gara ada postcardnya NewJeans jadi beli Indomie banyak deh hehe;1,92367E+18;;cerealcakes;in;;0;0;0;https://x.com/undefined/status/1923671523325509820;1857547664;
1,92258E+18;Sat May 17 09:26:19 +0000 2025;0;@cerealcakes Makin lahap deh makan Indomie nya gara gara diliatin sama NewJeans;1,92367E+18;;cerealcakes;in;;0;1;0;https://x.com/undefined/status/1923671411018826224;2254394252;
1,92258E+18;Sat May 17 09:25:59 +0000 2025;0;@cerealcakes Kapan lagi kan makan Indomie ditemenin sama NewJeans gini ;1,92367E+18;;cerealcakes;in;;0;0;0;https://x.com/undefined/status/1923671327355138104;2428270723;
1,92258E+18;Sat May 17 09:25:37 +0000 2025;0;@cerealcakes Lumayan nih beli Indomie banyak buat stok di kos eh malah dapet postcardnya NewJeans;1,92367E+18;;cerealcakes;in;;0;0;0;https://x.com/undefined/status/1923671237303337231;3018658546;
1,92258E+18;Sat May 17 09:25:08 +0000 2025;0;@cerealcakes Disini cantik bgt NewJeans nya jadi beli Indomie banyak deh aku;1,92367E+18;;cerealcakes;in;;0;0;0;https://x.com/undefined/status/1923671112866726250;1,81831E+18;
1,92258E+18;Sat May 17 09:24:45 +0000 2025;0;@cerealcakes Ada aja gebrakan Indomie bikin gw pengen bawa pulang postcardnya NewJeans;1,92367E+18;;cerealcakes;in;;0;0;0;https://x.com/undefined/status/1923671016590671894;1892839699;
1,92257E+18;Sat May 17 09:22:25 +0000 2025;0;@luckyloeyli newjeans + indomie tuh combo paling nggak bisa ditolak ;1,92367E+18;;luckyloeyli;in;;0;0;0;https://x.com/undefined/status/1923670432894550488;1,81682E+18;
1,92258E+18;Sat May 17 09:22:00 +0000 2025;0;@cerealcakes Pas tau dapet postcard NewJeans aku langsung checkout Indomie banyak banyak;1,92367E+18;;cerealcakes;in;;0;1;0;https://x.com/undefined/status/1923670324710867203;2234792678;
1,92258E+18;Sat May 17 09:20:49 +0000 2025;0;@cerealcakes Rak Indomie Superindo gw kosongin biar bisa bawa pulang NewJeans ;1,92367E+18;;cerealcakes;in;;0;0;0;https://x.com/undefined/status/1923670030434304324;1590599798;
1,92258E+18;Sat May 17 09:20:25 +0000 2025;0;@cerealcakes Indomie makanan favorit sama NewJeans grup favorit udah klop sih ini ️;1,92367E+18;;cerealcakes;in;;0;0;0;https://x.com/undefined/status/1923669928642740421;2290570478;
1,92257E+18;Sat May 17 09:20:21 +0000 2025;0;@fryuputrii nggak nyangka Indomie bisa collab sama NewJeans keren banget ih;1,92367E+18;;fryuputrii;in;;0;0;0;https://x.com/undefined/status/1923669911144128906;1,81606E+18;
1,92258E+18;Sat May 17 09:19:52 +0000 2025;0;@cerealcakes Senengnya beli Indomie bisa dapet koleksi postcardnya NewJeans ;1,92367E+18;;cerealcakes;in;;0;0;0;https://x.com/undefined/status/1923669789312156017;1,58338E+18;
1,92258E+18;Sat May 17 09:18:03 +0000 2025;0;@cerealcakes Indomie ngerti banget cara bikin fans NewJeans bahagia;1,92367E+18;;cerealcakes;in;;0;0;0;https://x.com/undefined/status/1923669331566789116;1,7705E+18;
1,92257E+18;Sat May 17 09:16:32 +0000 2025;0;@luckyloeyli gemooyyy nya ya Ampun tolong. mau belii indomie yang banyak biar bisa ngumpulin postcard nya newjeans ️;1,92367E+18;;luckyloeyli;in;;0;0;0;https://x.com/undefined/status/1923668949952233810;1,81676E+18;
1,92257E+18;Sat May 17 09:08:24 +0000 2025;0;@pramuhtialll Cuma di Superindo sama official Indomie aja ya kak yang bisa dapetin postcard NewJeans?;1,92367E+18;;pramuhtialll;in;;0;0;0;https://x.com/undefined/status/1923666904251818473;1,8169E+18;
1,92257E+18;Sat May 17 09:06:37 +0000 2025;0;@pramuhtialll Pas bgt lagi hujan Indomie nya dimakan NewJeans nya nemenin makan ;1,92367E+18;;pramuhtialll;in;;0;0;0;https://x.com/undefined/status/1923666456836976782;1,85003E+18;
1,92257E+18;Sat May 17 09:03:17 +0000 2025;0;@pramuhtialll Emang gemesin banget NewJeans tuh ngga rugi deh beli Indomie banyak banyak;1,92367E+18;;pramuhtialll;in;;0;0;0;https://x.com/undefined/status/1923665617263178073;1,80742E+18;
1,92258E+18;Sat May 17 09:02:05 +0000 2025;0;@Nurafilah__ Indomie makanan fav gue tambah ada newjeans makin gue beli terus;1,92367E+18;;Nurafilah__;in;;0;0;0;https://x.com/undefined/status/1923665312064602469;1,90462E+18;
1,92257E+18;Sat May 17 09:01:20 +0000 2025;0;@pramuhtialll Siap deh tiap hari makan Indomie demi punya postcardnya NewJeans ;1,92367E+18;;pramuhtialll;in;;0;0;0;https://x.com/undefined/status/1923665126118523203;1,81691E+18;
1,92257E+18;Sat May 17 08:57:36 +0000 2025;0;@pramuhtialll akan aku usahain dapetin postcard newjeans via indomie ;1,92366E+18;;pramuhtialll;in;;0;0;0;https://x.com/undefined/status/1923664185470443570;1,72468E+18;
1,92257E+18;Sat May 17 08:57:09 +0000 2025;0;@pramuhtialll Seriusan ini beli Indomie dapet postcard newjeans?? Mauu jugaa spill dong beli nya dimanaa;1,92366E+18;;pramuhtialll;in;;0;0;0;https://x.com/undefined/status/1923664072505164183;1,73122E+18;
1,92257E+18;Sat May 17 08:54:51 +0000 2025;0;@pramuhtialll Demi dapet postcard NewJeans hujan² nekat beli indomie ;1,92366E+18;;pramuhtialll;in;;0;0;0;https://x.com/undefined/status/1923663492856545414;1,82607E+18;
1,92257E+18;Sat May 17 08:40:04 +0000 2025;0;@luckyloeyli NewJeans aku datang mau borong indomie goreng dulu;1,92366E+18;;luckyloeyli;in;;0;0;0;https://x.com/undefined/status/1923659774081777892;1,87979E+18;
1,92279E+18;Sat May 17 08:35:37 +0000 2025;0;@paracetamoods Postcard nya Newjeans ada di Indomie beneran?? Mauu;1,92366E+18;;paracetamoods;in;;0;0;0;https://x.com/undefined/status/1923658654819156230;1,78899E+18;
1,92257E+18;Sat May 17 08:31:25 +0000 2025;0;@luckyloeyli Demi NewJeans gw langsung borong Indomie sepuluh bungkus! hahah;1,92366E+18;;luckyloeyli;in;;0;0;0;https://x.com/undefined/status/1923657595635761249;1,90344E+18;
1,92257E+18;Sat May 17 08:31:09 +0000 2025;0;@luckyloeyli Kesukaan gue indomie dapet poscard newjeans lagi yakali ga borong ;1,92366E+18;;luckyloeyli;in;;0;0;0;https://x.com/undefined/status/1923657531119018414;1,90459E+18;
1,92279E+18;Sat May 17 08:29:20 +0000 2025;0;@paracetamoods Borong Indomie suka banget sama postcard nya newjeans;1,92366E+18;;paracetamoods;in;;0;0;0;https://x.com/undefined/status/1923657070529872243;1,81375E+18;
1,92258E+18;Sat May 17 08:27:37 +0000 2025;0;@Nurafilah__ Oke fix abis ini gue nyari Indomie rasa Korea demi NewJeans;1,92366E+18;;Nurafilah__;in;;0;0;0;https://x.com/undefined/status/1923656641901363681;1,80707E+18;
1,92143E+18;Sat May 17 06:45:07 +0000 2025;0;@IndoPopBase @Indomielovers indomie jadi makin berkelas karena newjeans;1,92363E+18;;IndoPopBase;in;;0;0;0;https://x.com/undefined/status/1923630843903541728;1,81673E+18;
1,92143E+18;Sat May 17 06:42:31 +0000 2025;0;@IndoPopBase @Indomielovers ini combo paling gila sih newjeans x indomie;1,92363E+18;;IndoPopBase;in;;0;0;0;https://x.com/undefined/status/1923630192989438306;1,81574E+18;
1,92143E+18;Sat May 17 06:42:10 +0000 2025;0;@koreanindo gila sih ini fix bisa jadi koleksi newjeans x indomie;1,92363E+18;;koreanindo;in;;0;0;0;https://x.com/undefined/status/1923630101373255815;1,66745E+18;
1,92242E+18;Wed May 14 00:47:45 +0000 2025;0;@not_odi Indomie korean ramyeon!enak deh cobain bub;1,92245E+18;;;in;;0;0;0;https://x.com/undefined/status/1922453748736991468;1,7533E+18;
1,9223E+18;Tue May 13 14:22:27 +0000 2025;0;Siapa mau beli pc newjeans indomie edition #wts;1,9223E+18;;;in;;0;0;0;https://x.com/undefined/status/1922296384507506894;1,5429E+18;
1,92226E+18;Tue May 13 13:05:18 +0000 2025;0;@woosanpride 8. Indomie yg spicy ramyeon itu enak bgt klo ditambahin telur bubuk cabe sm keju slice 27. Mie ayamm aku tim mie ayamm;1,92228E+18;;woosanpride;in;;0;0;0;https://x.com/undefined/status/1922276970458382779;1,82221E+18;
1,92227E+18;Tue May 13 12:49:54 +0000 2025;0;Muak gua dgn indomie goreng demi photocard newjeans ;1,92227E+18;;;in;;0;0;0;https://x.com/undefined/status/1922273096058257412;1,49712E+18;
1,92209E+18;Tue May 13 12:45:06 +0000 2025;0;@puzzleaerim Intinya: sami mawon toksiknya wkwk.. Tp sekarang lebih suka benda pakai kayak hoodie Paling kalo postcard sejenisnya cuma nyari yg murah2 kayak bonus indomie kemaren. Sekedar punya-punyaan aja ujung2nya tergeletak di rak https://t.co/iNCv4jzu;1,92227E+18;https://pbs.twimg.com/media/Gq1HlyCW8AAgY0B.jpg;Masmas_NewJeans;in;;0;0;0;https://x.com/undefined/status/1922271885909217774;273977169;
1,92226E+18;Tue May 13 11:57:54 +0000 2025;0;Indomie spicy ramyeon!!! ENAK BGT;1,92226E+18;;;in;;0;0;0;https://x.com/undefined/status/1922260009498333545;1,86594E+18;
1,92223E+18;Tue May 13 10:02:29 +0000 2025;0;Kena racun wkwk. Tiba tiba checkout indomie .-. Tp yg korean series emang enak sih;1,92223E+18;;;in;;0;0;0;https://x.com/undefined/status/1922230964077425138;318866102;
1,92218E+18;Tue May 13 06:47:49 +0000 2025;0;@4tobimaru MAU HOI Indomie newjeans yah;1,92218E+18;;4tobimaru;in;;0;1;0;https://x.com/undefined/status/1922181973872640045;1,76535E+18;
1,92216E+18;Tue May 13 05:38:42 +0000 2025;6566;NewJeans emg betulan idola! Nambah lagi koleksi gue Gue beli mini postcard set-nya Indomie ini di Super Indo Cilandak. Ada yang udh dapet? https://t.co/NrvmzvqbId;1,92216E+18;https://pbs.twimg.com/media/GqzmfIEW0AA5jF7.jpg;;in;;64;245;262;https://x.com/undefined/status/1922164577464119344;1,31517E+18;
1,92216E+18;Tue May 13 05:11:40 +0000 2025;0; wts aab bts photocard jk v ina ୨୧ co ୨୧ include all ୨୧ dm for condition batam ୨୧ karna batam ada biaya cukai jadi kena pajak 18% yaa ୨୧ biaya pajak spay pas paket mau dikirim wts wtb photocard pc bts newjeans nj indomie postcard https://t.co/QoQw0Ma6ni;1,92216E+18;https://pbs.twimg.com/media/GqzgTf5XMAAQfc8.jpg;;in;;1;0;0;https://x.com/undefined/status/1922157778174362042;402465149;
1,92174E+18;Mon May 12 16:02:32 +0000 2025;0;@tanyarlfes Indomie ramyeon yang biru asli itu pedes bukan yg pedes di idung doang ;1,92196E+18;;tanyarlfes;in;;0;0;0;https://x.com/undefined/status/1921959182762148346;1,46878E+18;
1,92193E+18;Mon May 12 15:18:50 +0000 2025;0;@suncterry pls mawu sm junet mamam ramyeon indomie;1,92195E+18;;suncterry;in;;0;0;0;https://x.com/undefined/status/1921948187264254151;1,62738E+18;
1,92174E+18;Mon May 12 10:52:18 +0000 2025;0;@tanyarlfes mie gaga 100 (kuah jalapeno) indomie (spicy ramyeon);1,92188E+18;;tanyarlfes;in;;0;0;0;https://x.com/undefined/status/1921881111338115093;1,16394E+18;
1,92187E+18;Mon May 12 09:53:52 +0000 2025;1;@boospresso indomie x popmie yg spicy ramyeon enaaaak;1,92187E+18;;boospresso;in;;0;1;0;https://x.com/undefined/status/1921866408415085051;1,16186E+18;
1,92184E+18;Mon May 12 08:26:58 +0000 2025;0;Masa skrg beli indomie dapet pc NewJeans? ;1,92184E+18;;;in;;0;0;0;https://x.com/undefined/status/1921844536893927907;1,46059E+18;
1,92144E+18;Mon May 12 04:51:09 +0000 2025;0;@powerpopgal @Masmas_NewJeans memang gapapaaa tp aku udh liat banyak konten gini dan malah komennya mendukung untuk minta 2x sampe minta pop mie (di maskapaiku dan sebelah pop mie itu bkn jatah passengers) there are so many layers into this sebenernya dan;1,92179E+18;;powerpopgal;in;;0;1;0;https://x.com/undefined/status/1921790224624951539;562734504;
1,92179E+18;Mon May 12 04:51:07 +0000 2025;0;Sedangkan top 3 mie instan favorit gw mostly yg rasa lokal nggk cocok jadi WNA kayaknya 1. Indomie rendang 2. Mie sedaap soto 3. Indomie Karo ayam 4. Mie sedaap Korean spicy chicken;1,92179E+18;;;in;;0;0;0;https://x.com/undefined/status/1921790218685833627;1,60072E+18;
1,92174E+18;Mon May 12 03:00:59 +0000 2025;1;@daisyand3j 07 indomie korean spicy Aquarius @89taylorversion Chibi maruko chan punya kk (ak ank bungsu);1,92176E+18;;daisyand3j;in;;0;0;0;https://x.com/undefined/status/1921762500745298357;1,83965E+18;
1,92167E+18;Sun May 11 20:38:22 +0000 2025;0;abis masak indomie korean series tapi ternyata ga doyan.....;1,92167E+18;;;in;;1;0;0;https://x.com/undefined/status/1921666213098250675;1,7806E+18;
1,92127E+18;Sun May 11 16:13:37 +0000 2025;1;@orangitemm Indomie korean yg collab sama newjeans mas;1,9216E+18;;orangitemm;in;;0;1;0;https://x.com/undefined/status/1921599585413214513;1,37695E+18;
1,64402E+18;Thu May 08 05:07:55 +0000 2025;0;#94 Indomie Korean Series: K-Rose. Di antara Indomie Korean Series ini yang paling mending tapi tetap bukan yang enak banget. Bumbu micinnya asli bikin kerongkongan seret jadi gue tambahin air dikit. Nilai dariku 7.5/10 https://t.co/gQY6vBOYmI;1,92034E+18;https://pbs.twimg.com/media/GqZvgRjWMAARtqC.jpg;dekinoreborn;in;;0;1;0;https://x.com/undefined/status/1920344893555372213;1,11159E+18;
1,92034E+18;Thu May 08 04:50:59 +0000 2025;2;Hari ini Minji dari NewJeans membuat kejutan manis dengan mengunjungi birthday cafe event yang diselenggarakan oleh para penggemarnya. Dalam momen tersebut gadis kelahiran 7 Mei 2004 itu tidak lupa mempromosikan mempromosikan produk Indomie menunjukkan dukungannya secara https://t.co/j7FK8X519J;1,92034E+18;https://pbs.twimg.com/media/GqZrntWWoAAL-tX.jpg;;in;;0;0;0;https://x.com/undefined/status/1920340632834592986;430845087;
1,92016E+18;Wed May 07 16:57:50 +0000 2025;0;fak this shit bro tangan gw ga kuat nulis dan gw salah pake tinta im gonna make indomie korean flavor and review how it tastes;1,92016E+18;;;in;;0;1;0;https://x.com/undefined/status/1920161162383286637;1,45333E+18;
1,92012E+18;Wed May 07 14:28:38 +0000 2025;0;@dind0y gua kata sih enak mix indomie ayam geprek sama mie sedap korean spicy;1,92012E+18;;dind0y;in;;0;1;0;https://x.com/undefined/status/1920123613375836569;1,08553E+18;
1,92006E+18;Wed May 07 10:32:46 +0000 2025;0;Fak ramen ramyeon dan sejenisnya. Indomie paling enak sedunia.;1,92006E+18;;;in;;0;0;0;https://x.com/undefined/status/1920064254595784856;782015418;
1,92002E+18;Wed May 07 10:32:33 +0000 2025;0;@holly111i @with_koma COY IYA LG ANJIR???? KURANG MECIN AJGGGG buat klen pecinta indomie mau yg mecin bgt indomie varian ayam geprek yg rasanya masih mecin bgt ges ayo cobain (dengan nada brand ambassador seperti newjeans);1,92006E+18;;leitedeomca;in;;0;1;0;https://x.com/undefined/status/1920064200556310705;1,67945E+18;
1,92005E+18;Wed May 07 09:32:44 +0000 2025;0;gua beli indomie kuah 100 rebu kirain dapet postcard newjeans ternyata harus beli yg GORENG ;1,92005E+18;;;in;;0;1;0;https://x.com/undefined/status/1920049146830213155;1,21459E+18;
1,92003E+18;Wed May 07 08:39:51 +0000 2025;1;@newjeans_loop indomie seleraku iyah ga minj?;1,92004E+18;;newjeans_loop;in;;0;0;0;https://x.com/undefined/status/1920035842166489494;888704610;
1,91995E+18;Wed May 07 05:31:36 +0000 2025;0;@newjeans_loop Ada Indomie coy;1,91999E+18;;newjeans_loop;in;;0;0;0;https://x.com/undefined/status/1919988464885604539;1,04194E+18;
1,91995E+18;Wed May 07 04:07:19 +0000 2025;0;@newjeans_loop Ada indomie goreng cuy Minjiyaa sehat selalu yaaa;1,91997E+18;;newjeans_loop;in;;0;0;0;https://x.com/undefined/status/1919967256504655908;67866459;
1,91982E+18;Tue May 06 18:03:09 +0000 2025;0;nyesel makan indomie korean rose langsung muntah gw;1,91982E+18;;;in;;0;1;0;https://x.com/undefined/status/1919815209621061735;1,24208E+18;
1,91979E+18;Tue May 06 16:23:00 +0000 2025;0;kimchi emang lebih masuk buat indomie spicy ramyeon daripada shin ramyeon https://t.co/5i6WwmfwHe;1,91979E+18;https://pbs.twimg.com/media/GqR21VAbQAAlzCm.jpg;;in;;0;0;0;https://x.com/undefined/status/1919790008711667952;815172133;
1,91974E+18;Tue May 06 13:23:52 +0000 2025;0;Maem mie dalam keadaan newjeans https://t.co/iX5LorytzI;1,91974E+18;https://pbs.twimg.com/media/GqRN1jMbAAQ5Rxo.jpg;sugarthomcat;in;;0;0;0;https://x.com/undefined/status/1919744926247440610;9,95844E+17;
1,91968E+18;Tue May 06 09:01:01 +0000 2025;0;Indomie x NewJeans dapet mini Postcard set Bisa cek disini https://t.co/swKqfBddXS https://t.co/Klng7R4POj;1,91968E+18;https://pbs.twimg.com/media/GqQRqoZbAAADOEF.jpg;;in;;0;0;0;https://x.com/undefined/status/1919678778013323661;8,08578E+17;
1,91962E+18;Tue May 06 07:54:15 +0000 2025;0;@yourjisooloves @tanyarlfes Iya beda rasanya soalny lebih light Kalau yg lama lebi pisang banget Skrg tu kek cuma aroma pisang Pertama. Kali beli indomie pisang tu kata kemasan pertama Yg kedua kemasan skrg coba kamu beli yg kidsnya harusnya aga beda kare;1,91966E+18;https://pbs.twimg.com/media/GqQCZCBb0AAdLMQ.jpg;yourjisooloves;in;;0;0;0;https://x.com/undefined/status/1919661975296004594;8,11473E+17;
1,91951E+18;Mon May 05 21:35:52 +0000 2025;0;akhirnya memberanikan diri mencoba spicy ramyeon indomie. rasanya 8/10 namun aku tidak menyukainya karena pedas.;1,91951E+18;;;in;;0;1;0;https://x.com/undefined/status/1919506355620348305;2759024542;
1,91938E+18;Mon May 05 13:33:02 +0000 2025;0;@DeathRails iyaa tadi abis makan indomie newjeans;1,91938E+18;;DeathRails;in;;0;1;0;https://x.com/undefined/status/1919384844653777024;2240729012;
1,91936E+18;Mon May 05 11:51:10 +0000 2025;0;trying indomie x newjeans yang varian k rose oh god ternyata emang lidah gue gak bisa menyatu dengan yang bau bau carbonara atau rose gitu kecuali rose tokpokinya red dog :) indomie nomor satu masih aceh ;1,91936E+18;;;in;;0;0;0;https://x.com/undefined/status/1919359212347691452;1,37131E+18;
1,91935E+18;Mon May 05 11:16:48 +0000 2025;0;klo makan indomie korean series make nasi kira2 melawan hukum makanan korea gak;1,91935E+18;;;in;;0;1;0;https://x.com/undefined/status/1919350561595408485;9,45591E+17;
1,91934E+18;Mon May 05 10:22:44 +0000 2025;0;@skeloveska ada indomie collab newjeans itu;1,91934E+18;;skeloveska;in;;0;0;0;https://x.com/undefined/status/1919336957739425989;1,41574E+18;
1,91926E+18;Mon May 05 06:30:08 +0000 2025;0;@changjogoon Saya nanya mereka nggak punya malah nawarin indofood newjeans. Tapi sumpah mie nya pedesssss saya nggak bisa makan;1,91928E+18;;changjogoon;in;;0;0;0;https://x.com/undefined/status/1919278420988695029;3300598886;
1,91925E+18;Mon May 05 04:49:20 +0000 2025;0;saatnya mencoba indomie spicy ramyeon ntu;1,91925E+18;;;in;;1;0;0;https://x.com/undefined/status/1919253051874955352;1572044911;
1,64402E+18;Sun May 04 18:02:27 +0000 2025;1;#93 Indomie Korean Series Spicy Ramyeon. A nongshim wannabe yang rasanya tentu belum bisa menyamakan nongshim. Tapi dari harga anggap saja ini versi bpjs nya yang masih bisa dijangkau kalau lagi kepengen nongshim di akhir bulan. 7/10 https://t.co/O7GPKYnbln;1,91909E+18;https://pbs.twimg.com/media/GqH6a2VaoAAMsyQ.jpg;dekinoreborn;in;;0;1;0;https://x.com/undefined/status/1919090258102059309;1,11159E+18;
1,64402E+18;Sun May 04 17:59:58 +0000 2025;0;#92 Indomie Korean Series - Fiery Chicken. Alasan gue ngabisin cuma karna lagi laper aja. 5/10 https://t.co/LOIhKub8yu;1,91909E+18;https://pbs.twimg.com/media/GqH52gkbMAAYpJ7.jpg;dekinoreborn;in;;0;1;0;https://x.com/undefined/status/1919089633360552447;1,11159E+18;
1,91897E+18;Sun May 04 10:47:35 +0000 2025;0;@potepopapa padahal di indo juga ada indomie yang ga kalah enak dari toko ramyeon langganan dia itu;1,91898E+18;;potepopapa;in;;0;1;0;https://x.com/undefined/status/1918980822759022753;8,16517E+17;
1,91865E+18;Sat May 03 13:11:11 +0000 2025;1;wts postcard newjeans | indomie x new jeans bisa co di oren #wts #NewJeans #photocard https://t.co/Axa2w4qn5o;1,91865E+18;https://pbs.twimg.com/media/GqBuJ7baYAAXmve.jpg;;in;;0;0;0;https://x.com/undefined/status/1918654572823994384;1,20115E+18;
1,91863E+18;Sat May 03 11:31:25 +0000 2025;0;indomie spivy ramyeon pedes banget tapi spicy chicken ga ada pedesnya samsek. spicy ramyeon masi masuk di lidah ak tapi spicy chicken issa no no skrng ak bingung gimana ngabisinnya;1,91863E+18;;;in;;0;0;0;https://x.com/undefined/status/1918629465154032068;1,78261E+18;
1,91862E+18;Sat May 03 11:07:28 +0000 2025;4;Ya lo bawa² logical fallacy Gw tanya skrng lo masih mempermasalahkan indomie X Newjeans itu kan ? Gw dritadi baca mana ada lo bawa2 ador. Touch some grass;1,91862E+18;;;in;;0;0;0;https://x.com/undefined/status/1918623436328640526;1,87807E+18;
1,91862E+18;Sat May 03 11:04:17 +0000 2025;0;siyal dia ngomong gini di saat gue lg makan indomie spicy korean double https://t.co/00wGj6hfAU;1,91862E+18;https://pbs.twimg.com/media/GqBRHX6aIAAXNBB.jpg;;in;;0;0;0;https://x.com/undefined/status/1918622635032035332;9,8191E+17;
1,91787E+18;Fri May 02 15:10:51 +0000 2025;0;@minesuga27 @tanyarlfes indomie goreng indomie aceh mie sedap korean spicy chicken;1,91832E+18;;minesuga27;in;;0;0;0;https://x.com/undefined/status/1918322299956281804;1,82753E+18;
1,91829E+18;Fri May 02 13:47:24 +0000 2025;0;@minjisuroboyo Ga konsisten apa njir Ya emg jarang mention newjeans cuma nama member Plus yg gw suruh tuntut krn ngadain survey lewat third party Lagian akhirnya sempet ditakedown artinya indomie_kr aware sama pengumuman ador ttg masalah survei2 itu proba;1,9183E+18;;minjisuroboyo;in;;0;0;0;https://x.com/undefined/status/1918301299449495920;1,85305E+18;
1,91822E+18;Fri May 02 13:27:02 +0000 2025;0;@dontbebIu @wndfJIHYE Ko kocak lu melenceng kemana2 KALAU-pun indomie ngerasa DIRUGIIN atas situasi sengketa hukum antara njz sama ador Indomie BISA nuntut ke ador atas tidak kondusif situasi promosi brand indomie dgn newjeans ;1,9183E+18;;dontbebIu;in;;0;0;0;https://x.com/undefined/status/1918296174148374713;1,85305E+18;
1,91822E+18;Fri May 02 12:52:14 +0000 2025;0;@dontbebIu @wndfJIHYE Terus apa ngaruhnya indomie yg teken sm manajemen lama? Lu kira indomie kaya newjeans?? Ngebatalin kontrak/ga ngehormati ador AS company/agency;;;;;;;;;;;
1,91822E+18;Fri May 02 12:47:38 +0000 2025;1;@XhefEl65720 @wndfJIHYE Lu ngomong apa sih? Varian mie goreng aja udah ada dr sebelum newjeans ada terus tbtb mie goreng mau jadi produk khusus newjeans? Ternyata yg drtd gue ajak ngobrol begini yaudah deh lu yapping aja males gue nanggepinnya wkwk;1,91829E+18;;XhefEl65720;in;;0;1;0;https://x.com/undefined/status/1918286257400234346;1,8632E+18;
1,91801E+18;Fri May 02 12:31:31 +0000 2025;5;@722whp @Ayrien_Kim Lihat ig nya indomie wkwk. Udh jelas² Indomie | NewJeans https://t.co/cE7W6RB4aD;1,91828E+18;https://pbs.twimg.com/media/Gp8bXeEboAAGTdF.jpg;722whp;in;;0;0;0;https://x.com/undefined/status/1918282202737185056;3038820883;
1,91822E+18;Fri May 02 12:28:57 +0000 2025;1;@XhefEl65720 @wndfJIHYE Kocak deh gaada produk khusus sama newjeans mereka tuh gba bukan model produk korean series lu mau gua kasih liat ga yg dipromoin di korea tuh produk apa? Mie gorengnya njir ;1,91828E+18;;XhefEl65720;in;;0;1;0;https://x.com/undefined/status/1918281556755661323;1,8632E+18;
1,91822E+18;Fri May 02 12:16:06 +0000 2025;0;@dontbebIu @wndfJIHYE Ador scr hukum pny copyright atas brand newjeans Tp setelah ador ngumumin kalo tindakan njz illegal mengganti nama sepihak sblm proses hukum indomie ttp nulis nama member doang 2) yg gw tulis itu tuntut krn pake pihak KETIGA utk surv;1,91828E+18;;dontbebIu;in;;0;1;0;https://x.com/undefined/status/1918278323979075765;1,85305E+18;
1,91827E+18;Fri May 02 11:43:35 +0000 2025;0;Indomie yang spicy ramyeon enak banget pls https://t.co/5HmDmp7maK;1,91827E+18;https://pbs.twimg.com/media/Gp8QhOnbwAAlRHc.jpg;;in;;0;0;0;https://x.com/undefined/status/1918270138912260198;9,81573E+17;
1,91819E+18;Fri May 02 06:39:00 +0000 2025;0;1. indomie rebus ayam bawang 2. korean spicy soup 3. Singapore laksa (?);1,91819E+18;;;in;;0;0;0;https://x.com/undefined/status/1918193486530285726;1,46229E+18;
1,91816E+18;Fri May 02 04:29:53 +0000 2025;0;3. Shin ramyeon 2. Mie yamin 1. Indomie goreng jumbo keriting;1,91816E+18;;;in;;0;0;0;https://x.com/undefined/status/1918160996226744752;1,24325E+18;
1,91816E+18;Fri May 02 04:18:39 +0000 2025;0;pake tas mission no.9? entar aku bawa tas pvc indomie newjeans;1,91816E+18;;;in;;0;0;0;https://x.com/undefined/status/1918158166715756681;8,1958E+17;
1,90379E+18;Fri May 02 02:55:27 +0000 2025;1;@nanabuntoori @Indomielovers emang ga makan indomie yang korean ramyeon series wkwkwk enek liat muka2 orang ga tau diri WKWKW;1,91814E+18;;nanabuntoori;in;;0;1;0;https://x.com/undefined/status/1918137229400281281;565162274;
1,91801E+18;Thu May 01 18:32:03 +0000 2025;0;postcard newjeans yg indomie sedus bjir banyak banget niiii mo gua buka in sayang;1,91801E+18;;;in;;0;1;0;https://x.com/undefined/status/1918010546697412804;9,29912E+17;
1,91799E+18;Thu May 01 17:25:12 +0000 2025;0;@woongandpie semenjak kena trauma maag dari indomie aku dah ga gitu doyan indomie lagi sih (ramyeon kadang masih tapi karena mahal suka mikir juga kalo mau beli wkwkwkwk);1,91799E+18;;woongandpie;in;;0;1;0;https://x.com/undefined/status/1917993722530398487;3242115217;
1,91796E+18;Thu May 01 15:27:45 +0000 2025;0;indomie goreng indomie ramyeon indomie ayam bawang;1,91796E+18;;;in;;0;0;0;https://x.com/undefined/status/1917964165593137519;1,65988E+18;
1,91795E+18;Thu May 01 14:45:47 +0000 2025;0;Indomie original nongshim korean claypot Indomie rendang;1,91795E+18;;;in;;0;0;0;https://x.com/undefined/status/1917953602192310440;1,40759E+18;
1,91794E+18;Thu May 01 14:38:19 +0000 2025;0;Bahkan u know.. Indomie... Dari akhir tahun lalu mereka hubungin beberapa fanbase NewJeans. Bahkan ajakin zoom meeting. Terus yg baru kemarin sama tim bunnies dan meskipun ada kendala dari ADOR dan bbrp komentar negatif dari haters acaranya tetap berjalan dengan lancar;1,91795E+18;;onevzaa;in;;0;1;0;https://x.com/undefined/status/1917951724251480434;1,49384E+18;
1,91793E+18;Thu May 01 13:10:46 +0000 2025;591; Kasian CK putusin kontraknya sama NJ gara gara rebranding jadi NJZ *Gak lama langsung kolab official dan gak pake nama NewJeans tapi pake nama member Pop up Indomie batal dan ador bisa nuntut Indomie kalo maksa buat acaranya Acara tetep jadi dan iklan di mana mana ;1,91793E+18;;;in;;4;4;101;https://x.com/undefined/status/1917929691744501874;1,88698E+18;
1,91792E+18;Thu May 01 12:36:11 +0000 2025;0;indomie goreng ori indomie korean fiery chikin mie sedaap kari spesial;1,91792E+18;;;in;;0;0;0;https://x.com/undefined/status/1917920986323996937;1,39078E+18;
1,91791E+18;Thu May 01 12:18:16 +0000 2025;7;@maewishie tapi karna emg pop up indomie newjeans ini ada disleuruh dunia dan legal tetep di buka meskipun udah dibikin medplay sama diserang buzzer kuning segala macem maju terus indofood nih tweet ador dan team bunnies https://t.co/L6WN4pnZzM https://t.;1,91792E+18;;gcrlhyein;in;;0;0;0;https://x.com/undefined/status/1917916477946306887;2795641115;
1,91791E+18;Thu May 01 12:00:35 +0000 2025;0;@munvess 1 indomie soto medan 2 indomie ayam bawang 3 shin ramyeon;1,91791E+18;;munvess;in;;0;0;0;https://x.com/undefined/status/1917912029303898432;1,55481E+18;
1,91783E+18;Thu May 01 11:51:03 +0000 2025;0;@minjyyi Iya nih aku gak terlalu suka sama yang varian korean seriesnya indomie ;1,91791E+18;;minjyyi;in;;0;0;0;https://x.com/undefined/status/1917909631856447647;94803836;
1,9179E+18;Thu May 01 11:14:47 +0000 2025;0;indomie goreng indomie rendang sama mie sedap korean cheese buldak;1,9179E+18;;;in;;0;0;0;https://x.com/undefined/status/1917900505239654806;1,49849E+18;
1,91789E+18;Thu May 01 10:19:11 +0000 2025;0;#nwask cinta ada yang tau ga newjeans x indomie postcard yg ver 2 ini dimana dapetnya https://t.co/FbrSiQNBOg;1,91789E+18;https://pbs.twimg.com/media/Gp2zndsbIAAAnum.jpg;;in;;0;0;0;https://x.com/undefined/status/1917886509568704981;1,87621E+18;
1,91788E+18;Thu May 01 09:50:10 +0000 2025;0;indomie keluarin postcard newjeans baru lagi ada di shopee atau tiktok shop https://t.co/X99cIceWoa https://t.co/iuY2HCoggv;1,91788E+18;https://pbs.twimg.com/media/Gp2s-GCbUAAJklL.jpg;;in;;0;0;0;https://x.com/undefined/status/1917879208107454873;1,37113E+18;
1,91786E+18;Thu May 01 08:39:25 +0000 2025;0;BURUAN beli indomie bisa langsung dapet Mini Postcard Set Indomie x NewJeans NJZ https://t.co/0i9xoZHqe0 https://t.co/wHdUXtgF3n;1,91786E+18;https://pbs.twimg.com/media/Gp2cxsMawAA29IC.jpg;;in;;0;0;0;https://x.com/undefined/status/1917861404193026170;8,08578E+17;
1,91784E+18;Thu May 01 08:32:04 +0000 2025;0;@Dantyonna Ya kan gue juga sejauh ini liat yg japanese cuma tinggal tori miso karena rasanya beneran enak kayak bisa lah kalo lagi pengen makan ramen tapi butuh cepet. Lagian nj kan gba indomie anjer bukan cuma buat yg korean series kocak emg;1,91786E+18;;Dantyonna;in;;0;0;0;https://x.com/undefined/status/1917859553104039978;1,8632E+18;
1,9178E+18;Thu May 01 06:07:36 +0000 2025;0;@fenziel ahh gituu jd beli 40 tuh semuany indomie korean ramyeon kh byy?? atau dicampur sm indomie yg biasa?;1,91782E+18;;;in;;0;0;0;https://x.com/undefined/status/1917823199150235873;1,24353E+18;
1,9178E+18;Thu May 01 04:18:48 +0000 2025;0;pas banget indomie korean series gue udah abis wkwkwk;1,9178E+18;;;in;;0;0;0;https://x.com/undefined/status/1917795816556880349;1,133E+18;
1,91776E+18;Thu May 01 01:52:26 +0000 2025;0;@FOODFESS2 mie korean ramyeon (indomie korean series yg biru sama sosis) beuh enak bgt https://t.co/vRu5PR23fP;1,91776E+18;https://pbs.twimg.com/media/Gp0_oHlaYAACyG1.jpg;FOODFESS2;in;;0;0;0;https://x.com/undefined/status/1917758982107849152;242691538;
1,91762E+18;Wed Apr 30 16:27:48 +0000 2025;0;guys ada yang nyari postcard newjeans indomie atau pc itzy skz ultramilk gak?? gue punya banyak banget yang mau adopsi boleh bangett;1,91762E+18;;;in;;0;2;0;https://x.com/undefined/status/1917616887019794786;1,53403E+18;
1,91758E+18;Wed Apr 30 13:48:36 +0000 2025;0;eh drpd besok gue dipanggil ke lt2 mending gue kerjain sekarang sambil menyantap mie newjeans;1,91758E+18;;;in;;0;0;0;https://x.com/undefined/status/1917576823921336651;1,77255E+18;
1,91725E+18;Tue Apr 29 15:51:05 +0000 2025;0;1. indomie mie goreng 2. shin ramyeon 3. samyang;1,91725E+18;;;in;;0;0;0;https://x.com/undefined/status/1917245262105657779;1,58304E+18;
1,91725E+18;Tue Apr 29 15:50:45 +0000 2025;0;Indomie ayam special Indomie goreng cabe ijo sedaap korean spicy soup;1,91725E+18;;;in;;0;0;0;https://x.com/undefined/status/1917245175417766381;1,65617E+18;
1,91721E+18;Tue Apr 29 13:41:15 +0000 2025;0;Indomie goreng Indomie kare ayam Mie sedap korean spicy;1,91721E+18;;;in;;0;0;0;https://x.com/undefined/status/1917212585180758148;9,57827E+17;
1,91721E+18;Tue Apr 29 13:33:49 +0000 2025;0;mi instan carbonara nissin indomie goreng sama mie sedap korean cheese buldak;1,91721E+18;;;in;;0;0;0;https://x.com/undefined/status/1917210717536804974;821488980;
1,91611E+18;Tue Apr 29 07:28:26 +0000 2025;0;@Listalivia @Snper22 tanya karena ga ngikutin jadi indomie collab ma newjeans tu ga lewat ador???;1,91712E+18;;Listalivia;in;;0;1;0;https://x.com/undefined/status/1917118764912677297;418276741;
1,91706E+18;Tue Apr 29 04:12:02 +0000 2025;0;@ednmza rawon juga enak! indomie newjeans yang ramen itu? paling enak yang mana din?;1,91707E+18;;ednmza;in;;0;1;0;https://x.com/undefined/status/1917069340643659987;1,53922E+18;
1,91706E+18;Tue Apr 29 04:10:10 +0000 2025;0;@dhirggi UDAH PERNAH. Itu enak bangeet yang rawon juga enaaak tapi aku lagi suka Indomie NEWJEANS WKWKWKWK.;1,91707E+18;;dhirggi;in;;0;1;0;https://x.com/undefined/status/1917068870604685705;1,5798E+18;
1,91689E+18;Mon Apr 28 16:04:07 +0000 2025;0;bingung mau masak mie sedaap korean spicy kuah atau indomie goreng k-rose ‍;1,91689E+18;;;in;;0;0;0;https://x.com/undefined/status/1916886154571629041;2576355210;
1,9168E+18;Mon Apr 28 10:04:10 +0000 2025;0;@dazaigojo sedap spicy korean chicken x Indomie aceh kak umeee;1,9168E+18;;dazaigojo;in;;0;1;0;https://x.com/undefined/status/1916795567339958704;1,78674E+18;
1,91677E+18;Mon Apr 28 08:23:03 +0000 2025;0;Ternyata Indomie kprean spicy ramyeon enaaaaaaak bgt hehe;1,91677E+18;;;in;;0;0;0;https://x.com/undefined/status/1916770119985901877;1603059799;
1,91606E+18;Mon Apr 28 04:53:30 +0000 2025;1;@Danielkyugf @etaernalmin @daratatawarning @a1071364 @Indomielovers Kayaknya brand Indomie udah terlalu besar sih untuk sekedar hancur keseret NewJeans. Kecuali ADOR atau pengadilan Korea mau menegur Indomie karena lancang melangkahi keputusan hukum penga;1,91672E+18;;weirdpastelrest;in;;0;1;0;https://x.com/undefined/status/1916717388583895323;1,46686E+18;
1,85186E+18;Sun Apr 27 20:46:42 +0000 2025;0;@Indomielovers Lagi rame nih di korea katanya Indomie batalin iklan bareng NewJeans ini hahaha.;1,91659E+18;;Indomielovers;in;;0;0;0;https://x.com/undefined/status/1916594879809065437;538184084;
1,91612E+18;Sun Apr 27 14:15:32 +0000 2025;0;@Melody_doremi3 nah form itu untuk data demografi konsumen yg ada di korea. karena ini pop up store indomie x newjeans pertama di korea jadi indomie butuh data perkiraan berapa banyak stok yg harus dijual disana. nah nanti yg po bisa beli lewat email yg d;1,9165E+18;;onevzaa;in;;0;0;0;https://x.com/undefined/status/1916496437115789524;1,49384E+18;
1,91612E+18;Sun Apr 27 14:11:25 +0000 2025;0;@Melody_doremi3 fyi team bunnies ini akun fanbase newjeans kak yg ada di korea. nah acara indomie ini kan nggak cuma di korea aja tapi diluar korea juga ada. tahun lalu juga indomie vietnam hubungin fanbase newjeans fund dan diajak zoom bareng juga. jadi ;1,9165E+18;;Melody_doremi3;in;;0;1;0;https://x.com/undefined/status/1916495405090767148;1,49384E+18;
1,91612E+18;Sun Apr 27 14:07:30 +0000 2025;0;@Listalivia @Melody_doremi3 ngurusin transaksi bisnis newjeans terus2an whenn? source please. yg indomie itu jg nggak cuma team bunnies tapi indomie hubungin akun fanbase newjeans lain diajak zoom bareng juga;1,91649E+18;;Listalivia;in;;0;0;0;https://x.com/undefined/status/1916494418745721322;1,49384E+18;
1,91649E+18;Sun Apr 27 14:06:52 +0000 2025;0;Indomie ramyeon pedes banget anying;1,91649E+18;;;in;;0;1;0;https://x.com/undefined/status/1916494259823480982;1,37233E+18;
1,91608E+18;Sun Apr 27 10:38:46 +0000 2025;0;@ChinguStars @Listalivia @Snper22 @Listalivia @Snper22 Ya bener. Pop-up store NewJeans x Indomie resmi di Seoul (1-13 Mei 2025) tapi ada akun fan tidak resmi seperti Team Bunnies yang coba kumpulin data pribadi lewat survei tanpa izin ADOR. Indomie hapus ;1,91644E+18;;ChinguStars;in;;0;0;0;https://x.com/undefined/status/1916441887277453687;1,72067E+18;
1,91608E+18;Sun Apr 27 08:30:46 +0000 2025;1;@screwp0cket @Listalivia @emgmales @Snper22 Yaelah kalo mau bicara masalah hukum sekalian aja noh brand CK yg gaet mereka tanpa embel2 NewJeans itu kan pake pake nama PERSONAL MEMBER sekalian tuntut brand CK nya wkwkwkwk klo Indomie x NJ apakah mau dilapo;1,91641E+18;;screwp0cket;in;;0;1;0;https://x.com/undefined/status/1916409673760096464;1,63733E+18;
1,91602E+18;Sat Apr 26 06:58:15 +0000 2025;2;Kontroversi Toko Pop Up Indomie x NewJeans: ADOR Angkat Bicara Soal Brand Ambassador dan Informasi di Luar Akun Resmi #NewJeans https://t.co/mjtBKnAMvH;1,91602E+18;;;in;;0;0;0;https://x.com/undefined/status/1916024006253408545;972179486;
1,91601E+18;Sat Apr 26 06:05:10 +0000 2025;0;ADOR Peringatkan Akun Fan Tidak Resmi #NewJeans Terkait Survei Data Pribadi Sementara #TeamBunnies Terlibat dalam Promosi #PopUpStore #Indomie di Tengah Konflik dengan #ADOR Selengkapnya https://t.co/NdiiRBairN -K.Gaeul https://t.co/yxYFnvu664;1,91601E+18;https://pbs.twimg.com/media/GpcJhW_bEAEz_NX.jpg;;in;;0;0;0;https://x.com/undefined/status/1916010648133341605;1,68709E+18;
1,91601E+18;Sat Apr 26 05:46:36 +0000 2025;0;Kontroversi Pop-Up Indomie #NewJeans: Antara Dukungan #ADOR dan Kekhawatiran Pengumpulan Data Pribadi #Fans Selengkapnya https://t.co/3vp3ms1bWR -K.Gaeul https://t.co/9eZ2Bs6i86;1,91601E+18;https://pbs.twimg.com/media/GpcFRZxagAAfabn.jpg;;in;;0;0;0;https://x.com/undefined/status/1916005974772748350;1,68709E+18;
1,91583E+18;Fri Apr 25 17:49:07 +0000 2025;0;#NewJeans x #Indomie Mi Goreng: Pop-Up Store Eksklusif di Seoul Bunnies Merapat! Selengkapnya https://t.co/7PuakFPd29 -K.Gaeul https://t.co/5DlS6UJNH9;1,91583E+18;https://pbs.twimg.com/media/GpZhDWHbEAEu_DT.jpg;;in;;0;0;0;https://x.com/undefined/status/1915825414427316341;1,68709E+18;
1,91582E+18;Fri Apr 25 17:45:59 +0000 2025;1;Indomie X NJZ: Kebocoran Pop-Up Store Seoul oleh Akun Fans Picu Pertanyaan #Indomie #NewJeans #ADOR #TeamBunnies #PopUpStore #Seoul Selengkapnya https://t.co/BuNGnLQOro -K.Gaeul https://t.co/pzTPkNMZnX;1,91582E+18;https://pbs.twimg.com/media/GpZgVYqbEAIJY_7.jpg;;in;;0;0;0;https://x.com/undefined/status/1915824624082030601;1,68709E+18;
1,91576E+18;Fri Apr 25 13:20:49 +0000 2025;0;mam malam pake nasi + ayam tepung spicy ala korea mamasuka + indomie tori miso dicampur spicy ramyeon https://t.co/QAgpCHvY4o;1,91576E+18;https://pbs.twimg.com/media/GpYjplEbEAAsFRu.jpg;;in;;0;0;0;https://x.com/undefined/status/1915757894580211999;1,80984E+18;
1,91573E+18;Fri Apr 25 11:28:03 +0000 2025;0;@Bamtan97 Naspad didukung Atau kalau indomie yang ramyeon aja pake cabe rawit lagi Mantap ;1,91573E+18;;Bamtan97;in;;0;1;0;https://x.com/undefined/status/1915729512710701116;1,55302E+18;
1,91569E+18;Fri Apr 25 08:41:58 +0000 2025;38;Di Kereta Api udah bisa masak Indomie Ramyeon Odeng &amp;;;;;;;;;;;
1,91542E+18;Thu Apr 24 14:55:47 +0000 2025;0;eh sama inii indomie yg tori kara tori miso itu enak trs yg korean series warna biru itu enak cmn pedes bgt;1,91542E+18;;;in;;0;0;0;https://x.com/undefined/status/1915419405724365063;1230136963;
1,91539E+18;Thu Apr 24 14:51:49 +0000 2025;0;@unsoedmfs - Masak Nasi - Indomie Rendang - Mie Sedap Korean Spicy - Telor dadar - Masak Air Kalo mau step stepnya DM aja der panjang;1,91542E+18;;unsoedmfs;in;;0;0;0;https://x.com/undefined/status/1915418404623933606;8,74825E+17;
1,91541E+18;Thu Apr 24 13:59:10 +0000 2025;0;Indomie aceh indomie takoyaki (tp udh gak produksi) indomie spicy ramyeon soup noodle gekikara ramen carbonara;1,91541E+18;;;in;;0;0;0;https://x.com/undefined/status/1915405156558266791;1,06192E+18;
1,91538E+18;Thu Apr 24 12:11:36 +0000 2025;0;Gamau nonton reality show yg ada makan ramyeon nya aku dah puasa indomie 3 minggu moga ttp kuat;1,91538E+18;;;in;;0;0;0;https://x.com/undefined/status/1915378086788686079;1,39415E+18;
1,91537E+18;Thu Apr 24 11:21:14 +0000 2025;0;selain samyang carbonara indomie ramyeon yg biru tuh enak banget sumpil kaya rasa shin ramyun tp lebih enak menurut gue ;1,91537E+18;;;in;;0;0;0;https://x.com/undefined/status/1915365412373463361;1,75597E+18;
1,9152E+18;Thu Apr 24 00:12:06 +0000 2025;0;indomie goreng rendang samyang stew type mie sedaap korean cheese buldak.;1,9152E+18;;;in;;0;0;0;https://x.com/undefined/status/1915197018160738309;3227452340;
1,9151E+18;Wed Apr 23 17:55:55 +0000 2025;0;#NAME?;1,9151E+18;;;in;;0;0;0;https://x.com/undefined/status/1915102350811000994;1,31861E+18;
1,91501E+18;Wed Apr 23 12:13:34 +0000 2025;0;@kebooked mie indomie apa itu namanya galiat wana pinky pinky korean konnichiwa;1,91502E+18;;kebooked;in;;0;1;0;https://x.com/undefined/status/1915016194253545610;1,7196E+18;
1,91498E+18;Wed Apr 23 09:49:45 +0000 2025;0;my sad kit : indomie pedas 2 bungkus + kopi susu jumbo ((and ofc my lovely korean variety show sebagai pelengkap));1,91498E+18;;lullabyiiee;in;;0;1;0;https://x.com/undefined/status/1914980002623373400;1,59285E+18;
1,91469E+18;Tue Apr 22 15:33:38 +0000 2025;0;@Saiberkrimjkt iyakah? lain kali deh aku ambil indomie spicy ramyeōn sama torikara tadi;1,9147E+18;;Saiberkrimjkt;in;;0;0;0;https://x.com/undefined/status/1914704154125385996;1,84008E+18;
1,91469E+18;Tue Apr 22 14:28:57 +0000 2025;0;@alfamart min yg beli 3pcs indomie Korean series dapat sendok kok di Alfagift gaada ya don Jateng min;1,91469E+18;;alfamart;in;;0;1;0;https://x.com/undefined/status/1914687877805682844;1702478929;
1,91464E+18;Tue Apr 22 11:36:22 +0000 2025;0;@whimsocal mie gaga atauga indomie yang spicy ramyeon. kalaau suka berkuah bisa coba shin ramyun atau gekikara ramen;1,91464E+18;;whimsocal;in;;0;1;0;https://x.com/undefined/status/1914644445665853620;1,32576E+18;
1,91456E+18;Tue Apr 22 05:49:50 +0000 2025;0;list makanan n minuman favorit gwe 1. risol mayo 2. cireng kuah seblak 3. redvelvet 4. good day coolin 5. ayam teriyaki 6. es kopi susu nya bento 7. strawberry nya belikopi 8. strawberry sundae mixue 9. indomie iga penyet 10. mie sedaap korean cheese;1,91456E+18;;;in;;0;0;0;https://x.com/undefined/status/1914557234971050491;1,77406E+18;
1,91455E+18;Tue Apr 22 05:37:58 +0000 2025;0;Gak lagi lagi deh w makan indomie korean cheese buldak melilit perut w bjirr;1,91455E+18;;;in;;0;3;0;https://x.com/undefined/status/1914554248970559895;1,48848E+18;
1,91453E+18;Tue Apr 22 04:57:13 +0000 2025;0;@starfess Indomie Korean Ramyon mah favoritku apalagi yg k rose tp sayangnya bukan dom jakarta nder;1,91454E+18;;starfess;in;;0;0;0;https://x.com/undefined/status/1914543993578205251;4214307793;
1,91431E+18;Mon Apr 21 13:45:59 +0000 2025;0;HAMPIR JAWAB MIE NEWJEANS HARUSNYA KUIKUT KATA HATIKU.;1,91431E+18;;;in;;0;1;0;https://x.com/undefined/status/1914314677003452804;8,63941E+17;
1,91429E+18;Mon Apr 21 13:43:29 +0000 2025;0;cukub ngeongnya jawaban benarnya dia mau mie indomie newjeans dan pepero newjeans di rak makanan instan ya ^^ yang jawabnya ke rak makanan instan betul yang lain salah nyebut mie + pepero: + 50 nyebut salah satu mie/pepero: +25 ngeong: +30 like dan rt tambahin ky sblmnya https://t.co/0OOvx0Q6Zq;1,91431E+18;https://pbs.twimg.com/media/GpECJbEbQAAq3Nf.png;RantauSelasa;in;;10;1;0;https://x.com/undefined/status/1914314045823570418;7,58189E+17;
1,91414E+18;Mon Apr 21 02:18:06 +0000 2025;0;Habis nyoba indomie spicy ramyeon dan menurut aku bukan jadi mie yang akan aku stock setiap belanja bulanan. Rasanya bagi aku kaya pop mie ver bakso tp kental atau mungkin aku bisa salah menginterpretasikan rasanya tp pas mencoba kuahnya itu yg pertama kali muncul di pikiran. https://t.co/y6GRtbbOZt;1,91414E+18;https://pbs.twimg.com/media/GpBlm20aoAAjGTq.jpg;;in;;0;0;0;https://x.com/undefined/status/1914141561929302132;1,28309E+18;
1,91361E+18;Sat Apr 19 15:05:33 +0000 2025;0;Mau makan tahu baxo yg dikasih muridku dr semarang pake kuah sisa indomie spicy ramyeon tp ku simpen di freezer &amp;;;;;;;;;;;
1,9136E+18;Sat Apr 19 14:37:42 +0000 2025;0;Menurut kalian mendingan Indomie Mie Goreng atau Shin Ramyeon?;1,9136E+18;;;in;;0;1;0;https://x.com/undefined/status/1913602914314321969;420981971;
1,91356E+18;Sat Apr 19 11:54:09 +0000 2025;0;1. Indomie goreng aceh 2. Indomie soto 3. Indomie ramyun newjeans;1,91356E+18;;;in;;0;0;0;https://x.com/undefined/status/1913561754334089660;2654801917;
1,91345E+18;Sat Apr 19 04:27:30 +0000 2025;0;Abis nyoba cloud ramyeon nya hee (meskipun pake indomie sih aslinya) ini bener gasi tp dia gabisa yg textured bgt gitu jadinya mulus tp nekuk nekuk https://t.co/trIHaG23wG;1,91345E+18;https://pbs.twimg.com/media/Go3wCQxbAAAjy7O.jpg;;in;;0;0;0;https://x.com/undefined/status/1913449354297589995;945080816;
1,91324E+18;Fri Apr 18 14:23:26 +0000 2025;0;@gurlzjk sedap laksa? indomie korean spicy?;1,91324E+18;;gurlzjk;in;;0;1;0;https://x.com/undefined/status/1913236935491166589;1,68168E+18;
1,9132E+18;Fri Apr 18 13:55:58 +0000 2025;0;@hsgd___ 1. yumyum. mie tomyum 2. mi sedap ayam bakar limau 3. mi sedap korean spicy 4. indomie ayam bawang 5. gekikara carbonara;1,91323E+18;;hsgd___;in;;0;0;0;https://x.com/undefined/status/1913230024616120756;8,36162E+17;
1,91321E+18;Fri Apr 18 12:27:49 +0000 2025;0;Jangankan shun ramyeon sekarang kalo makan indomie aja eggnya harus cloud egg https://t.co/G5m78AAWsH;1,91321E+18;https://pbs.twimg.com/ext_tw_video_thumb/1913172734324232192/pu/img/8Ujh_xX2OyYgIubf.jpg;;in;;0;0;0;https://x.com/undefined/status/1913207841604964688;9,47181E+17;
1,91286E+18;Thu Apr 17 13:41:26 +0000 2025;1;Indomie fav gua dah discontinue Rasa korean bulgogi;1,91286E+18;;;in;;0;0;0;https://x.com/undefined/status/1912863979074101605;3278977044;
1,91273E+18;Thu Apr 17 04:39:31 +0000 2025;0;kek nya paling bnr indomie jgn bkin varian korean deh awowkwkw;1,91273E+18;;basotebu;in;;0;0;0;https://x.com/undefined/status/1912727599094374470;1,36969E+18;
1,91256E+18;Wed Apr 16 17:47:36 +0000 2025;0;Kali ini indomie rawit pedas mercon X mie sedap korean spicy https://t.co/OUX1iFtQ2Q;1,91256E+18;https://pbs.twimg.com/media/GorKZ0yacAAhCKg.jpg;;in;;0;0;0;https://x.com/undefined/status/1912563540323705105;1,49904E+18;
1,91248E+18;Wed Apr 16 12:23:41 +0000 2025;0;@togesher indomie yang spicy ramyeon enak;1,91248E+18;;togesher;in;;0;1;0;https://x.com/undefined/status/1912482026240065963;1,91067E+18;
1,91216E+18;Tue Apr 15 15:56:33 +0000 2025;0;@jheonsa OOOH ABIS RAMEN. ramen mah jepun. iyaaah hrs ramyeon meokgo gallae pake indomie kuah telor plus cabe rawit ;1,91217E+18;;jheonsa;in;;0;0;0;https://x.com/undefined/status/1912173205256851508;9,68667E+17;
1,90767E+18;Tue Apr 15 14:44:05 +0000 2025;0;@woewoo MASA RAMYEON. T___T emangnya di sana gak ada ramyeon? Nanti kakak bawain indomie 5 kardus oke? :3 BiSA gak dd permintaannya yang masih bisa diterima akal sehat.. kalau bawa pacar dd nanti kakak dimarahin sama CARAT gimana.. ;1,91215E+18;;woewoo;in;;0;0;0;https://x.com/undefined/status/1912154967621722444;707097319;
1,91211E+18;Tue Apr 15 11:53:18 +0000 2025;0;Apakah aku ramyeon indomie atau tokushima ramen hidup adalah pilihan;1,91211E+18;;;in;;0;0;0;https://x.com/undefined/status/1912111990384021966;64715722;
1,9117E+18;Tue Apr 15 05:52:43 +0000 2025;0;@acenaraa Itu indomie spicy ramyeon terus dikasih sayur sesuai selera aja terus gue tambahin saos keju sama mayonnaise dikit biar nggak terlalu pedes Maap banget baru bales ;1,91202E+18;;acenaraa;in;;0;1;0;https://x.com/undefined/status/1912021246604349688;1,25667E+18;
1,9117E+18;Tue Apr 15 05:51:27 +0000 2025;1;@marabelongsyou Mon maap banget baru dijawab indomie yang spicy ramyeon nihhh;1,91202E+18;;marabelongsyou;in;;0;0;0;https://x.com/undefined/status/1912020929183727947;1,25667E+18;
1,91166E+18;Tue Apr 15 05:47:44 +0000 2025;20;@tanyakanrl Versi kuah : Sedaap Singapore Spicy Laksa sama Indomie Tori Kara Versi goreng : Sedaap Korean Spicy Chicken sama Indomie Goreng Rendang https://t.co/xi3giIWXTF;1,91202E+18;https://pbs.twimg.com/media/GojcDMfW0AAQVrX.jpg;tanyakanrl;in;;0;0;2;https://x.com/undefined/status/1912019994336251980;899736948;
1,91166E+18;Tue Apr 15 05:15:18 +0000 2025;3;@tanyakanrl - sedap ayam jerit - indomie ayam pop - Indomie goreng - sedap soto - sedap kari - Samyang spicy - Samyang jjajang - shin ramyeon - pop mie pedas gledek Maaf kl soal mie aku rakus;1,91201E+18;;tanyakanrl;in;;0;0;0;https://x.com/undefined/status/1912011831838949494;1,24099E+18;
1,912E+18;Tue Apr 15 04:45:29 +0000 2025;0;1. Gekikara ramen kuah tapi mie nya dituker make yg gekikara ramen goreng 2. Indomie ayam spesial 3. Sedaap korean spicy soup 4. Sedaap kari spesial Duh jadi pengen makan mie ;1,912E+18;;;in;;0;0;0;https://x.com/undefined/status/1912004326094197094;7,57407E+17;
1,91166E+18;Tue Apr 15 04:11:10 +0000 2025;0;@tanyakanrl Gekikara mie sedap korean spicy chicken sama Indomie yg biru itu spicy ramyeon kalo nggak salah. Behhh mantep bgt;1,912E+18;;tanyakanrl;in;;0;0;0;https://x.com/undefined/status/1911995688738762866;1,437E+18;
1,91104E+18;Mon Apr 14 17:16:41 +0000 2025;0;@FOODFESS2 Indomie seblak sedap korean spicy sleection wkwk;1,91183E+18;;FOODFESS2;in;;0;0;0;https://x.com/undefined/status/1911830982900293769;1,64676E+18;
1,91169E+18;Mon Apr 14 07:38:16 +0000 2025;1;1. TORI KARA 2. TORI MISO 3. SPICY LAKSA 4. POP MIE PANGSIT YG WARNA UNGU 5. HYPE ABIS AYAM GEPREK 6. SUKSES 2 AYAM GEPREK DAN RENDANG 7. MIE NEWJEANS YANG PINK 8. INDOMIE IJO 9. INDOMIE SAMBAL MATAH 10. INDOMIE RICA RICA 11. SPAGHETTI WOW ALL VARIAN 12. INDOMIE KARI 13. ACEH;1,91169E+18;;;in;;0;0;0;https://x.com/undefined/status/1911685421832221181;1,81683E+18;
1,91168E+18;Mon Apr 14 07:10:36 +0000 2025;0;Ga terlalu suka yg nendang tp ini enak dan light bgt Sedaap ayam bawang Indomie sambal matah Indomie kriuk3x Popmie Sedaap kari spesial Sedaap korean spicy goreng Sedaap goreng Indomie goreng biru itu Indomie salted egg sama Sedaap yg tasty itu ak suka semua;1,91168E+18;;;in;;0;0;0;https://x.com/undefined/status/1911678459652542519;1,43644E+18;
1,91166E+18;Mon Apr 14 06:18:33 +0000 2025;0;@tanyakanrl Buldak shin ramyeon gaga soto indomie goreng;1,91167E+18;;tanyakanrl;in;;0;0;0;https://x.com/undefined/status/1911665358580404497;1,31155E+18;
1,91139E+18;Mon Apr 14 04:43:09 +0000 2025;0;@yourmuffin_s @FOODFESS2 Indomie soto tapi ini di campur saos sambal sama kecap. Kalo mau pure merah + pedes dari kuah mie nya coba pake pop mie spicy ramyeon biru. ;1,91164E+18;;yourmuffin_s;in;;0;1;0;https://x.com/undefined/status/1911641353521631425;1,61315E+18;
1,91162E+18;Mon Apr 14 03:10:55 +0000 2025;0;ternyata indomie yg BAnya newjeans ada kemasan yg cup yaa kupikir cuma ada buat kemasan mie pada umumnya aja (soalnya kebanyakan) https://t.co/sGGB4Mc7VK;1,91162E+18;https://pbs.twimg.com/media/GodukVPWQAE9xpB.jpg;;in;;0;1;0;https://x.com/undefined/status/1911618141408641185;1,03554E+18;
1,91104E+18;Mon Apr 14 00:09:03 +0000 2025;0;@FOODFESS2 indomie aceh mie sedaap laksa ayam bakar limau korean spicy chicken salero padang;1,91157E+18;;FOODFESS2;in;;0;0;0;https://x.com/undefined/status/1911572373943554225;1,26907E+18;
1,91104E+18;Sun Apr 13 19:59:28 +0000 2025;0;@FOODFESS2 indomie tori kara sama tori yg pedes itu sama yg korean series;1,91151E+18;;FOODFESS2;in;;0;0;0;https://x.com/undefined/status/1911509563037417571;1,30481E+18;
1,91149E+18;Sun Apr 13 18:29:25 +0000 2025;0;2 Karton Indomie + T-Shirt 144rban Pakai voucher 20% s/d 75rb minbel 200rb + koin 23% Ongkirnya bersahabat untuk daerah tertentu (?) Korean Series https://t.co/wBLqJPAZhr https://t.co/6NgPlInFpC https://t.co/xK8Dqif9mY https://t.co/8C0ssKQe4I Produk lain cek toko rata2 https://t.co/HIhX3WvS0D;1,91149E+18;https://pbs.twimg.com/media/Gob3NRaW4AAxr4l.jpg;;in;;0;0;0;https://x.com/undefined/status/1911486902538260899;1,64045E+18;
1,90304E+18;Sun Apr 13 14:51:00 +0000 2025;0;@rdino @pledis_17 tapi gue laundry.. boleh nggak khusus gue souvernirnya ganti jadi mie goreng newjeans aja hyung??;1,91143E+18;;rdino;in;;0;1;0;https://x.com/undefined/status/1911431932946100327;9,84465E+17;
1,91104E+18;Sun Apr 13 13:55:20 +0000 2025;3;@FOODFESS2 Mi goreng : mie sedap Mi rasa rasa : 1. Indomie rasa mie aceh 2. Mie sedap ayam krispi 3. Mie sedap korean spicy chicken 4. Indomie rasa rendang dan kebab rendang 5. Indomie cabe ijo 6. Indomie rica rica dan iga penyet 7. Mie sedap korean spicy;1,91142E+18;;FOODFESS2;in;;0;1;0;https://x.com/undefined/status/1911417926403448886;1,19092E+18;
1,91104E+18;Sun Apr 13 11:36:38 +0000 2025;0;@FOODFESS2 Indomie tori kara mie sedap laksa dan korean spicy soup!!! ;1,91138E+18;;FOODFESS2;in;;0;0;0;https://x.com/undefined/status/1911383018452951336;1,07545E+18;
1,91104E+18;Sun Apr 13 10:24:52 +0000 2025;0;@FOODFESS2 Indomie Goreng Indomie Aceh Indomie ayama geprek Indomie Soto Tori Kara/Miso Sedaap Spicy Soup Korean Spicy rawit bingitt;1,91136E+18;;FOODFESS2;in;;0;0;0;https://x.com/undefined/status/1911364957930922372;1,06047E+18;
1,91104E+18;Sun Apr 13 07:43:18 +0000 2025;0;@FOODFESS2 Pertama Laksa Singapur Trus nemu Indomie Ramyeon yg bungkus warna biru Menyusul lagi nemu Indomie Tori Kara Dan sekarang Jagoan aku Indomie Tori Kara di tambahi irisan kol yg di rebus Udahlah manteppp bangettt;1,91132E+18;;FOODFESS2;in;;0;0;0;https://x.com/undefined/status/1911324298289066143;475672653;
1,91104E+18;Sun Apr 13 07:39:57 +0000 2025;0;@FOODFESS2 SEDAP kari INDOMIE aceh rendang soto spicy ramyeon tori miso SAMYANG cheese carbo ABC sup tomat SHIN RAMYUN tp sekarang uda jarang beli indomie sm abc.. masuk boikot list soalny (tp bukan yg paling urgent untuk diboikot seingetku);1,91132E+18;;FOODFESS2;in;;0;0;0;https://x.com/undefined/status/1911323456136003735;1,85882E+18;
1,91131E+18;Sun Apr 13 06:48:21 +0000 2025;0;Indomie rendang sedap kari sedap white kari sedap korean spicy chicken... Banyak si;1,91131E+18;;;in;;0;0;0;https://x.com/undefined/status/1911310472898613524;2925367658;
1,91131E+18;Sun Apr 13 06:44:12 +0000 2025;0;Indomie: ori aceh rendang ayam geprek ayam bawang kari ayam soto mie soto Banjar limau kuit soto Lamongan rawon mercon mie celor Tori miso chikin ramen Mie sedap: Korean spicy chicken laksa kari ayam Sarimi: sarimi isi 2 ayam kremes/kecap Wow spaghetti: carbonara;1,91131E+18;;;in;;0;0;0;https://x.com/undefined/status/1911309428487602307;1,74204E+18;
1,91104E+18;Sun Apr 13 04:28:58 +0000 2025;0;@FOODFESS2 - Indomie Tori kara -Indomie ayam geprek -indomie Singapore spicy laksa -mie sedaap korean spicy chicken -mie sedaap rasa ayam jerit Kalau suka campur² mie -indomie ayam geprek campur mie sedaap korean spicy chicken -indomie ayam geprek campur;1,91128E+18;;FOODFESS2;in;;0;0;0;https://x.com/undefined/status/1911275393228951789;1,54388E+18;
1,91104E+18;Sun Apr 13 04:19:33 +0000 2025;1;@FOODFESS2 Korean spicy chicken laksa Singapore kari ayam mie oven varian goreng Indomie goreng rendang mie gaga jalapeno pop mie pedes gledek/pedes dower pop mie pangsit jontor Indomie tori kara mie sedap rawit bingit mie sedap white curry Indomie goreng;1,91127E+18;;FOODFESS2;in;;0;0;0;https://x.com/undefined/status/1911273025460453627;1,84183E+18;
1,91104E+18;Sun Apr 13 04:13:28 +0000 2025;0;@FOODFESS2 1. Nissin gekikara carbonara 2. Indomie seblak jeletot 3. Sedap goreng 4. Sedap korean spicy 5. Indomie geprek;1,91127E+18;;FOODFESS2;in;;0;0;0;https://x.com/undefined/status/1911271493025337433;1,23102E+18;
1,91126E+18;Sun Apr 13 03:22:13 +0000 2025;1;@Indomielovers min kenalin ini ada vocalist guitarist dan leader dari Korean Band namanya DAY6. Mungkin minat buat next jadiin dia BA Indomie. Hubungin agencynya aja ya min kasian dia soalnya pengen banget ngiklan. Dedikasi kalo dia jd BA juga ga main2 ko;1,91126E+18;;Indomielovers;in;;0;0;1;https://x.com/undefined/status/1911258594391236769;1,16928E+18;
1,91104E+18;Sun Apr 13 03:13:38 +0000 2025;0;@FOODFESS2 1. Indomie goreng yang jumbo 2. Indomie kriuk (yang bungkusnya warna oren) 3. Mie sedap laksa 4. Ramyeon antara neoguri atau shin ramyeon. Tapi aku lebih suka neoguri:);1,91126E+18;;FOODFESS2;in;;0;0;0;https://x.com/undefined/status/1911256435356581934;1,5899E+18;
1,91104E+18;Sat Apr 12 23:43:43 +0000 2025;0;@FOODFESS2 sedaap korean spicy soup indomie goreng rendang sedaap kari special. ini tahta tertinggi peremihanku.;1,9112E+18;;FOODFESS2;in;;0;0;0;https://x.com/undefined/status/1911203607816683541;634433163;
1,91104E+18;Sat Apr 12 22:56:46 +0000 2025;0;@FOODFESS2 indomie yg x njz itu yg biru enak bgt mirip shin ramyeon;1,91119E+18;;FOODFESS2;in;;0;0;0;https://x.com/undefined/status/1911191794257457259;1,56883E+18;
1,91104E+18;Sat Apr 12 22:24:40 +0000 2025;0;@FOODFESS2 Indome geprek indomie aceh sama mie sedaap korean spicy;1,91118E+18;;FOODFESS2;in;;0;0;0;https://x.com/undefined/status/1911183714383777924;1,57629E+18;
1,91116E+18;Sat Apr 12 20:49:41 +0000 2025;0;indomie cabe ijo iga penyet rendang mie sedaap korean spicy buldak;1,91116E+18;;;in;;0;0;0;https://x.com/undefined/status/1911159813016588700;1,35764E+18;
1,91104E+18;Sat Apr 12 17:53:12 +0000 2025;1;@FOODFESS2 Indomie : Soto ayam Kari ayam ayam bawang mie goreng aceh seblak jeletot ayam geprek Mie sedaap : Korean spicy chicken Laksa mie goreng ala chef daviena Mie gaga 100 : Kuah jalapeno Pop mie : Indomie pedes dower Bihunku : Rasa Soto GABISAAA PIL;1,91112E+18;;FOODFESS2;in;;0;0;0;https://x.com/undefined/status/1911115398411657600;2906469384;
1,91104E+18;Sat Apr 12 17:16:32 +0000 2025;0;@FOODFESS2 dah pernah nyobain hampir seluruh varian indomi ampe merk lain tapi bener2 nemu yg aseli enak nih ya INDOMIE NEWJEANS alias varian terbaru Indomie rasa korea (ada 3 varian 2 goreng 1 kuah HIGHLY RECOMMEND YG WARNA PINK demi apapun enak bgt ) ht;1,91111E+18;https://pbs.twimg.com/tweet_video_thumb/GoWc7U6WcAA86ps.jpg;FOODFESS2;in;;0;0;0;https://x.com/undefined/status/1911106170372370789;1,8212E+18;
1,91104E+18;Sat Apr 12 15:32:30 +0000 2025;0;@FOODFESS2 1. indomie rendang 2. sedap white curry 3. wow spageti carbonara 4. sedap korean spicy 5. kwetiaw;1,91108E+18;;FOODFESS2;in;;0;0;0;https://x.com/undefined/status/1911079991238119528;1,26242E+18;
1,91104E+18;Sat Apr 12 15:29:45 +0000 2025;0;@FOODFESS2 Indomie seblak mie sedap korean soup udah itu aja bes;1,91108E+18;;FOODFESS2;in;;0;0;0;https://x.com/undefined/status/1911079299215761911;1,01888E+18;
1,91108E+18;Sat Apr 12 15:27:57 +0000 2025;0;Sumpah indomie spicy ramyeon pedes banget ternyata hidung gue meleleh ;1,91108E+18;;;in;;0;0;0;https://x.com/undefined/status/1911078844007850163;1,441E+18;
1,91104E+18;Sat Apr 12 14:54:12 +0000 2025;544;@FOODFESS2 Sedaap : Tasty Teriyaki &amp;;;;;;;;;;;
1,91107E+18;Sat Apr 12 14:51:39 +0000 2025;0;spicy ramyeon nya indomie enak banget cokk;1,91107E+18;;;in;;0;0;0;https://x.com/undefined/status/1911069709564535209;1,65988E+18;
1,91104E+18;Sat Apr 12 14:04:26 +0000 2025;0;@FOODFESS2 Indomie ayam geprek sedaap korean spicy chicken indomie aceh;1,91106E+18;;FOODFESS2;in;;0;0;0;https://x.com/undefined/status/1911057825893405103;1,71233E+18;
1,91104E+18;Sat Apr 12 13:40:15 +0000 2025;0;@FOODFESS2 Indomie coto makassar Sedaap korean series Abc selera pedas gulai (kuahnya kasi mayones dikit biar makin creamy kental) Wow yg orens Semuanya mesti pake telur setengah mateng ;1,91105E+18;;FOODFESS2;in;;0;0;0;https://x.com/undefined/status/1911051743523377426;1,57935E+18;
1,91104E+18;Sat Apr 12 13:29:22 +0000 2025;0;@FOODFESS2 shin ramyeon indomie soto dower bestwok yg pink;1,91105E+18;;FOODFESS2;in;;0;0;0;https://x.com/undefined/status/1911049002214441076;1,60596E+18;
1,91104E+18;Sat Apr 12 13:21:54 +0000 2025;3;@FOODFESS2 Sedap Laksa singapore sedap selection korean spicy sm buldak indomie tori miso Indomie aceh Sedap white curry masih ada gsie??;1,91105E+18;;FOODFESS2;in;;0;1;0;https://x.com/undefined/status/1911047125494018348;1,7208E+18;
1,91104E+18;Sat Apr 12 13:17:22 +0000 2025;0;@FOODFESS2 Indomie goreng ori rica2 rendang aceh ayam panggang ayam geprek tori ramen empal gentong Sedaap spicy korean chicken cheese buldak ayam jerit baso spesial kari spesial Gaga lada hitam Nissin ramen Untuk yg korea2an aku juga suka tapi ga tau mer;1,91105E+18;;FOODFESS2;in;;0;0;0;https://x.com/undefined/status/1911045984110665829;7,59349E+17;
1,91104E+18;Sat Apr 12 13:09:51 +0000 2025;0;tori kara indomie ramyeon biru;1,91104E+18;;;in;;0;0;0;https://x.com/undefined/status/1911044091288359074;9,467E+17;
1,91098E+18;Sat Apr 12 08:57:27 +0000 2025;1;Indomie NewJeans Rose menurut gue kemahalan porsi terlalu sedikit sangat jauh dari ekspektasi. Masih lebih enak produk Nissin sih menurut gue dengan harga yang mirip. https://t.co/HP9CTjM7D7;1,91098E+18;https://pbs.twimg.com/media/GoUqs7iW0AACUJg.jpg;;in;;0;0;0;https://x.com/undefined/status/1910980574048895158;1,32648E+18;
1,91089E+18;Sat Apr 12 06:08:02 +0000 2025;0;@YukMuncak Popmie gledek mie sedaap ayam jerit Indomie tori kara ramen Indomie korean special spicy ramyeon Indomie kari ayam superbubur kuah kari ️;1,91094E+18;;YukMuncak;in;;0;0;0;https://x.com/undefined/status/1910937936151142875;2300705724;
1,91094E+18;Sat Apr 12 05:57:10 +0000 2025;0;Mi goreng indomie newjeans enak gak;1,91094E+18;;;in;;0;2;0;https://x.com/undefined/status/1910935201666281611;8,57963E+17;
1,91089E+18;Sat Apr 12 03:15:05 +0000 2025;2;jangan benci nanti malah suka ternyata bener (mulai cinta indomie ramyeon jir) https://t.co/Zrnk14374y;1,91089E+18;https://pbs.twimg.com/media/GoTcVVRWIAMd-sl.jpg;;in;;0;4;0;https://x.com/undefined/status/1910894412290544120;1,85954E+18;
1,9107E+18;Fri Apr 11 14:11:16 +0000 2025;0;Recook ramyeon mingyu tapi pake indomie trnyt enak jg jirr;1,9107E+18;;;in;;0;1;0;https://x.com/undefined/status/1910697160838131868;1,54725E+18;
1,91069E+18;Fri Apr 11 13:55:03 +0000 2025;0;@pitahabit kapita udah pernah cobain indomie ramyeon yang biru belum?;1,91069E+18;;pitahabit;in;;0;0;0;https://x.com/undefined/status/1910693080204009589;1,30044E+18;
1,91068E+18;Fri Apr 11 12:49:19 +0000 2025;2;Kenapa Indomie dan Pop Mie tidak memproduksi Chinese Lamian (Mie China) tapi hanya memproduksi Japanese Ramen (Mie Jepang) dan Korean Ramyeon (Mie Korea) Series? #Indomie #Makanan #Foods https://t.co/OIao1SuSl4;1,91068E+18;https://pbs.twimg.com/media/GoQVk5Sa0AAPHfZ.jpg;;in;;0;1;1;https://x.com/undefined/status/1910676534882689436;1,78274E+18;
1,91064E+18;Fri Apr 11 11:05:04 +0000 2025;0;@convomf mie indomie korean ramyeon rasa jamur pedas enak bangettt 100/10;1,91065E+18;;convomf;in;;0;0;0;https://x.com/undefined/status/1910650298772619409;1,89044E+18;
1,91058E+18;Fri Apr 11 06:46:21 +0000 2025;0;@shjayine HAHAHHAHAAH KETAWA KUBRO MAAF SEUNG AKU GA TERLALU SUKA MAKAN INDOMIE ATAU RAMYEON;1,91059E+18;;shjayine;in;;0;0;0;https://x.com/undefined/status/1910585192248418817;1,62606E+18;
1,91048E+18;Thu Apr 10 23:59:15 +0000 2025;0;1. Indomie goreng aceh 2. Mie sedap selection korean spicy chicken 3. Indomie original;1,91048E+18;;;in;;0;1;0;https://x.com/undefined/status/1910482741952655746;1,44861E+18;
1,90989E+18;Thu Apr 10 16:01:13 +0000 2025;0;@kirishibma @can_lialeyy @bemylight_____ @Hop3OnTheStage @archive4nad @latierravita Setauku photocards itu bisa untuk paket promosi bonusan album atau promo brand tertentu misalnya McD atau indomie. Seumpama indofood bayar 10 miliar ke ADOR untuk lisensin;1,91036E+18;;kirishibma;in;;0;1;0;https://x.com/undefined/status/1910362440577294736;2934688181;
1,90996E+18;Wed Apr 09 19:14:00 +0000 2025;0;@tanyarlfes Indomie spicy ramyeon yg warna biru itu enak bgt beneran pedes gurih;1,91005E+18;;tanyarlfes;in;;0;0;0;https://x.com/undefined/status/1910048567336796246;1,17755E+18;
1,91E+18;Wed Apr 09 17:04:32 +0000 2025;0;@ye_vely67 Tahu Indomie seri ramyeon yang baru keluar enggak? Itu lumayan pedas.;1,91002E+18;;alirhayuu;in;;0;1;0;https://x.com/undefined/status/1910015987245879388;1,76471E+18;
1,90999E+18;Wed Apr 09 15:01:25 +0000 2025;0;indomie cakalang yg kuah dan yg goreng!! trs mie sedap kuah yg korean spicy itu enak zekali;1,90999E+18;;;in;;0;0;0;https://x.com/undefined/status/1909985002278023495;1363685058;
1,90996E+18;Wed Apr 09 13:35:19 +0000 2025;1;@tanyarlfes Pokonya Indomie. Klu sedap cuma suka mie goreng Salero Padang jeruk limau sama Korean spicy Siwon;1,90996E+18;;tanyarlfes;in;;0;0;0;https://x.com/undefined/status/1909963336630124809;2440779344;
1,90558E+18;Fri Mar 28 10:59:51 +0000 2025;0;Senang bisa bikin mie lagi️ hari ini bikin indomie spicy ramyeon + bakso (ik gk nyambung tp stok di rumah adanya bakso);1,90558E+18;;;in;;0;0;0;https://x.com/undefined/status/1905575557930385413;1,45955E+18;
1,90551E+18;Fri Mar 28 06:50:53 +0000 2025;0;@cheshireith Makasih ya! Kalau idol 4th gen NewJeans populer banget di Indo apalagi buat Gen-Z soalnya media sosial mereka kuat &amp;;;;;;;;;;;
1,90527E+18;Thu Mar 27 14:38:29 +0000 2025;0;nyoba ramyeon egg cloud nya heeseung (pake indomie soalnya mau beli ramyeon keburu hujan). cuma kok bentukan punyaku jelek banget ya anjay kenapa orang-orang kok bisa estetik bagus gitu ya tapi ini enak guyss suerrr https://t.co/IFMc1ybk6u;1,90527E+18;https://pbs.twimg.com/media/GnDfUr1bMAAnA9p.jpg;;in;;0;3;0;https://x.com/undefined/status/1905268191896768680;1,76785E+18;
1,90527E+18;Thu Mar 27 14:32:38 +0000 2025;0;indomie spicy ramyeon enak bgt sumpahhh bakalan repurchase barengan soto lamongan sih ini;1,90527E+18;;;in;;0;0;0;https://x.com/undefined/status/1905266719373021681;1,09594E+18;
1,90519E+18;Thu Mar 27 09:45:41 +0000 2025;0;indomie varian yang collab sama newjeans warna biru enakkkk! buat yang gak bisa makan pedes itu gak pedes ;1,90519E+18;;;in;;0;4;0;https://x.com/undefined/status/1905194507131609186;1,44238E+18;
1,90503E+18;Wed Mar 26 23:20:23 +0000 2025;0;@shotayuntuan Korean indomie Rasa korean snack Makeup apa korean Baju kekorean Musik Korea Fuck korea;1,90504E+18;;yunliangtism;in;;0;1;0;https://x.com/undefined/status/1905037143325708741;1,70921E+18;
1,90503E+18;Wed Mar 26 22:37:35 +0000 2025;0;1. Indomie kuah ramyeon + Kuahnya lumayan kental jadi bumbunya kerasa enak + Pedesnya pas (aslinya agak kepedesan sih di gw ‍↔️) + Mienya tipis kecil kecil suka + Isinya banyak (ntah karna gw makannya dalam keadaan perut terisi atau karna emang banyak https://t.co/QYajKHVY8S;1,90503E+18;https://pbs.twimg.com/media/GnADYPgbUAApteE.jpg;piithcyy_;in;;0;1;0;https://x.com/undefined/status/1905026371128311964;1,16801E+18;
1,90486E+18;Wed Mar 26 11:30:46 +0000 2025;0;btw sebenrnya gak mau beli lagi indomie korean series tapi karena ngincer postcard njz doang ni demi mereka ni jadinya beli dah tapi ini aku lagi makan krose rasanya agak improve dikit gak kek kemarin nyegit rasa obat bgt;1,90486E+18;;;in;;0;1;0;https://x.com/undefined/status/1904858562008146046;1,45132E+18;
1,9047E+18;Wed Mar 26 01:16:36 +0000 2025;0;indomie Korean ver;1,9047E+18;;;in;;0;0;0;https://x.com/undefined/status/1904704002916499516;1,25399E+18;
1,9046E+18;Tue Mar 25 18:28:34 +0000 2025;0;indomie newjeans yang pink rose ga enak anjir;1,9046E+18;;;in;;0;0;0;https://x.com/undefined/status/1904601318494556609;1,76362E+18;
1,90458E+18;Tue Mar 25 17:21:56 +0000 2025;0;open jastip Postcard New Jeans special edition collab with Indomie (for serious buyer only) 46.000 (postcard + frame + Indomie goreng 12pcs) Karanganyar Jateng ️ melayani cod untuk Kra-Solo bisa co oren (blm termasuk ongkir) #postcard #newjeans #kpopsale #zonauang️ https://t.co/bDAixNfuNZ;1,90458E+18;https://pbs.twimg.com/media/Gm5xi9_a8AAam7q.jpg;;in;;0;0;0;https://x.com/undefined/status/1904584548530479181;1044147115;
1,90454E+18;Tue Mar 25 14:27:51 +0000 2025;0;ada yang cari postcard newjeans bonusan dari indomie gaa??? aku punya 2 set soalnya (krn bapakku dpt terus );1,90454E+18;;;in;;0;1;0;https://x.com/undefined/status/1904540737875968252;9,53621E+17;
1,90453E+18;Tue Mar 25 13:45:11 +0000 2025;0;indomie korean spicy ramyeon enak bangett https://t.co/sYiZgVUUwu;1,90453E+18;https://pbs.twimg.com/media/Gm4_4lnbMAAc_yG.jpg;;in;;0;1;0;https://x.com/undefined/status/1904530000977817646;1,39274E+18;
1,9045E+18;Tue Mar 25 11:43:08 +0000 2025;0;gue baru aja nemu resep indomie ramyeon enak bgt.... pake putih telur pake sawi hijau sama gue tambahin 5 biji cabe (diulek krn gabisa makan cabe potongan) garem micin sama tambahin rumput laut. enak bgt yaAllah ;1,9045E+18;;;in;;0;0;0;https://x.com/undefined/status/1904499288350298330;1,44018E+18;
1,90414E+18;Mon Mar 24 11:54:59 +0000 2025;0;Aku udah nyobain indomie korean series paling enak yang biru. Kalo yang japanese series paling enak yang merah;1,90414E+18;;;in;;0;0;0;https://x.com/undefined/status/1904139880877162779;1,52463E+18;
1,90404E+18;Mon Mar 24 05:36:54 +0000 2025;1;gais aku dikasih abangku postcard newjeans gini sampe 3 set mau diapain ya postcard indomie https://t.co/3QVhXrHW1f;1,90404E+18;https://pbs.twimg.com/media/GmyGi7FbsAA2nN_.jpg;;in;;0;1;0;https://x.com/undefined/status/1904044733464523228;1,82983E+18;
1,90404E+18;Mon Mar 24 05:36:45 +0000 2025;0;#a guyss aku dikasih abangku postcard newjeans indomie ini sampe 3 set bingung mau diapainn https://t.co/mRG05plLcf;1,90404E+18;https://pbs.twimg.com/media/GmyGhF0aAAA3mSb.jpg;;in;;0;1;0;https://x.com/undefined/status/1904044696500097144;1,82983E+18;
1,90403E+18;Mon Mar 24 04:33:34 +0000 2025;0;*direktur ke meja gw* ‍: ini siapa? : newjeans pak BA nya indomie ‍: cantik2 ya bisa kali ya kita pake BA korea? dalem ati gw ud mau teriak BOLEH PAK PAKE AESPA BOLEH BANGET SAYA BIKIN DECK NYA GPP https://t.co/Dfjbmno1J2;1,90403E+18;https://pbs.twimg.com/media/Gmx4GHxbUAEkt_p.jpg;;in;;0;3;0;https://x.com/undefined/status/1904028795587445000;1,65971E+18;
1,90382E+18;Sun Mar 23 21:04:05 +0000 2025;0;@131smart Wahhh ku belom nyoba hahaha Udah pernah nyoba yg korean selection tapi kurang masih pedes indomie geprek. Next time nyoba ah ;1,90392E+18;;131smart;in;;0;1;0;https://x.com/undefined/status/1903915677335101767;1,83555E+18;
1,90385E+18;Sun Mar 23 16:37:22 +0000 2025;0;Memasak indomie ramyeon dengan wajah bersedih:( https://t.co/kQR3VzYTKT;1,90385E+18;https://pbs.twimg.com/media/GmvUIdIbQAAX7Nd.jpg;;in;;0;0;0;https://x.com/undefined/status/1903848556043321557;1,28491E+18;
1,90383E+18;Sun Mar 23 15:33:10 +0000 2025;1;indomie spicy ramyeon kinda taste kaya shin ramyun tpi lebih light tpi spicynya berasa tpi not too spicy buat yg suka pedes;1,90383E+18;;;in;;0;0;0;https://x.com/undefined/status/1903832398946852956;9,8012E+17;
1,9037E+18;Sun Mar 23 12:23:47 +0000 2025;0;@anggaaa_23 maybe besok/lusa puasa tapi kayanya Indomie Spicy Korean + Melting cheese kayanya enak;1,90378E+18;;anggaaa_23;in;;0;0;0;https://x.com/undefined/status/1903784740878233865;1,30002E+18;
1,90377E+18;Sun Mar 23 11:34:19 +0000 2025;3;@FOODFESS2 Jujur dari sekian korean series indomie aku paling suka yg warna biru enak bgt nder yg warna biru wajib cobaa meskipun emang paling pedes sii wkwk;1,90377E+18;;FOODFESS2;in;;0;1;1;https://x.com/undefined/status/1903772291483435068;1,30918E+18;
1,90339E+18;Sat Mar 22 10:27:09 +0000 2025;0;@convomf indomie spicy ramyeon geikara ramen hot chicken (ini kalau mau nyari mie kayak samyang) pop mie ndower ofc mie sedap yang ayam jerit (ga se pedes itu sih tapi);1,90339E+18;;convomf;in;;0;0;0;https://x.com/undefined/status/1903393002912952352;1,05257E+18;
1,9026E+18;Thu Mar 20 06:18:23 +0000 2025;0;dari tekstur easily #1 indomie korean ramen series. tapi rasa yang ingin dideliver tuh apa ya wkwkwkw aneh bukan yang enak banget tapi juga bukan ga enak. acceptable bisa dibeli lagi tapi kalo pas promo aja ;1,90261E+18;;platinumddisco;in;;0;0;0;https://x.com/undefined/status/1902605620920119590;1,20185E+18;
1,90258E+18;Thu Mar 20 04:37:13 +0000 2025;0;@fotnatt Cukupny beli indomie ramyeon segini mah wkkwkw;1,90258E+18;;fotnatt;in;;0;1;0;https://x.com/undefined/status/1902580163902378103;1,23912E+18;
1,90236E+18;Wed Mar 19 14:11:52 +0000 2025;0;indomie ramyeon bungkus biru + sate jengkol + sate kerang + sambal lamongan https://t.co/qlSQjsrmy9;1,90236E+18;https://pbs.twimg.com/media/GmaMgBRa4AEBpBU.jpg;;in;;0;1;0;https://x.com/undefined/status/1902362388449653162;741872131;
1,90235E+18;Wed Mar 19 14:04:03 +0000 2025;0;@giejin7 jadi Indonesia kpan nih gapapa sekali² pindah dari Indomie 3 rebu ke jin ramyeon yang sudah pasti ini up 3rebu wkwkwk;1,90236E+18;;giejin7;in;;0;1;0;https://x.com/undefined/status/1902360422969413849;3919167793;
1,90204E+18;Tue Mar 18 16:36:22 +0000 2025;0;cinta banget sama Indomie korean ramyeon yg merah enak dari kemaren makanin itu mulu;1,90204E+18;;;in;;0;0;0;https://x.com/undefined/status/1902036367909285975;1,36242E+18;
1,90179E+18;Tue Mar 18 00:35:37 +0000 2025;0;Lucu ya tiap konten viral dibikin challenge padahal aslinya cuma nyari engagement buat jualan. Kalo lo nonton drakor sambil makan ramyeon di mall bukan jadi wibu tapi kalo nonton anime sambil makan indomie di kamar kos tiba-tiba jadi kurang gaul.;1,90179E+18;;;in;;0;0;0;https://x.com/undefined/status/1901794584541467060;1,88138E+18;
1,90169E+18;Mon Mar 17 17:28:49 +0000 2025;0;ternyata indomie korean spicy chicken + cakwe enak bgt ;1,90169E+18;;;in;;0;0;0;https://x.com/undefined/status/1901687176485867934;1,47404E+18;
1,90164E+18;Mon Mar 17 14:24:32 +0000 2025;1;@ENHYPEN_members Heeseung makasih banyak ya resepnya ENAK BANGET MIE REBUS TELUR DADARNYA (ALIAS CLOUDY EGG RAMYEON) Btw aku ga pake RAMYEON wkwkwk. Aku pake Indomie Torimiso. Enak banget ga boong https://t.co/4PpAexoPpm;1,90164E+18;https://pbs.twimg.com/media/GmP8Oppa8AEzsvR.jpg;ENHYPEN_members;in;;0;0;0;https://x.com/undefined/status/1901640800179769770;1,7083E+18;
1,8997E+18;Mon Mar 17 03:20:45 +0000 2025;16;@cheezeny @coppamagz Benar chinguuu 35k pada 1 struk berisi varian Indomie Korean Ramyeon Series dan bisa di mix dengan varian rasa lainnya ya .;1,90147E+18;;cheezeny;in;;2;3;1;https://x.com/undefined/status/1901473756515586171;284428760;
1,90136E+18;Sun Mar 16 19:48:44 +0000 2025;0;postcard set indomie x newjeans (njz) udah hadir di batam rupanya https://t.co/LvWQPC24tb;1,90136E+18;https://pbs.twimg.com/media/GmL814raQAAa_PI.jpg;;in;;0;0;0;https://x.com/undefined/status/1901360002830626918;503873317;
1,90128E+18;Sun Mar 16 14:13:24 +0000 2025;0;kemarin pengennya indomie newjeans giliran udah beli malah pengen indomie soto;1,90128E+18;;;in;;0;0;0;https://x.com/undefined/status/1901275611995218240;3285130260;
1,90126E+18;Sun Mar 16 13:23:46 +0000 2025;4;LUCU BANGETT mamah pulang dari indomaret nenteng postcard newjeans × indomie : Kakk mama bawa ini~ kata mbak nya beli minimal 30an dapet ini : Ihh kirain gaada disini kok dapett beli berapa dah? : mama beli mie 20 bungkus ya dapet https://t.co/RJQyzfbeOe;1,90126E+18;https://pbs.twimg.com/media/GmKku3aaoAAxWT0.jpg;;in;;0;1;0;https://x.com/undefined/status/1901263122125729842;1,50291E+18;
1,90126E+18;Sun Mar 16 12:57:36 +0000 2025;1;nyobain spicy ramyeon punyanya indomie~ https://t.co/KG516SEFPy;1,90126E+18;https://pbs.twimg.com/media/GmKeuxQboAA0LTZ.jpg;;in;;0;2;0;https://x.com/undefined/status/1901256536007364940;1950381282;
1,90123E+18;Sun Mar 16 11:43:19 +0000 2025;0;@swastamitta indomie ramyeon yang biru ituloh;1,90124E+18;;swastamitta;in;;0;0;0;https://x.com/undefined/status/1901237840937427334;1,89846E+18;
1,90124E+18;Sun Mar 16 11:41:56 +0000 2025;0;sumpah porsi ramyeon indomie yang biru 1 aja tuh BANYAK BGT ANJIR;1,90124E+18;;;in;;0;2;0;https://x.com/undefined/status/1901237496002019590;1,89846E+18;
1,90119E+18;Sun Mar 16 08:17:13 +0000 2025;0;@enginafess Aku kalo buat pake Indomie bumbunya gk aku masak soalnya gk boleh kan Tapi kalo pake ramyeon baru ikutin resep Hee;1,90119E+18;;enginafess;in;;0;0;0;https://x.com/undefined/status/1901185975365365981;1,32643E+18;
1,90096E+18;Sat Mar 15 17:23:23 +0000 2025;0;Indomie spicy ramyeon enak! Meski pedes tapi gk bikin pencernaanku babak belur ️;1,90096E+18;;;in;;0;0;0;https://x.com/undefined/status/1900961033218637971;1,14516E+18;
1,90094E+18;Sat Mar 15 16:10:26 +0000 2025;0;@tomkira88 Ga suka indomie ramyeon atau tori kara kah?;1,90094E+18;;tomkira88;in;;0;1;0;https://x.com/undefined/status/1900942675999944840;1,16627E+18;
1,9009E+18;Sat Mar 15 14:53:53 +0000 2025;0;@ilovjakez ituu akuu pake shin ramyeon raaa boleehh bgtt ihh aku juga pernah bikin pake indomie kari sama soto tetep enakk bgt!! yg penting telurnya itu sih;1,90092E+18;;ilovjakez;in;;0;0;0;https://x.com/undefined/status/1900923411939111180;1,69174E+18;
1,90091E+18;Sat Mar 15 13:51:38 +0000 2025;0;Aku pengen coba resep ramyeon Heeseung di Indomie soto ;1,90091E+18;;;in;;1;1;0;https://x.com/undefined/status/1900907747849203716;2613097489;
1,90088E+18;Sat Mar 15 11:54:39 +0000 2025;4;Aku open lg Indomie murah harganya 2.700 - 4.500 aja yaa limited stock jd cepet cepetan aja yaa buat postcard newjeans nya aku masih jual yaa udah free Indomie juga https://t.co/SXzxxUtkm3;1,90088E+18;https://pbs.twimg.com/media/GmFGu0kbcAQ-GdD.jpg;;in;;0;2;0;https://x.com/undefined/status/1900878305303375991;1,52207E+18;
1,90087E+18;Sat Mar 15 11:29:31 +0000 2025;2;budak! Beli Indomie yang dapat postcard newjeans tu bise di semue toko ke budak? Atau cuma di indomar*t same Alf*mart? https://t.co/YvjNm1XRWi;1,90087E+18;https://pbs.twimg.com/media/GmFA_fqaQAACcsO.jpg;;in;;0;3;0;https://x.com/undefined/status/1900871979756122572;1,21272E+18;
1,90056E+18;Sat Mar 15 09:54:51 +0000 2025;0;@sunmitshaper Beli indomie yg versi korean + yg lain (bisa mix yg penting ada indomie korean) total 35K brou https://t.co/vHj4jjsCel;1,90085E+18;https://pbs.twimg.com/media/GmErUfJbAAEJlHx.jpg;sunmitshaper;in;;0;1;0;https://x.com/undefined/status/1900848157216641407;1,67487E+18;
1,90026E+18;Sat Mar 15 07:26:08 +0000 2025;0;@dnyar_ @pajeon98 @bewthoven @tang__kira @Indomielovers kalo mie biasanya bubuk cabainya dipisah sama bubuk bawangnya kalau bubuk cabai iya bisa optional tapi kalau bubuk bawang yg putih itu cuma separo apa ga hambar rasanya? nah kasusnya indomie spicy ra;1,90081E+18;;dnyar_;in;;0;1;0;https://x.com/undefined/status/1900810733555704225;2229082393;
1,90067E+18;Fri Mar 14 22:04:56 +0000 2025;3;udah coba semua rasa indomie Korean series enak semua si yang paling ak suka spicy ramyeon karena berkuah dan pedes enak bangettt https://t.co/rE6JdxlUkU;1,90067E+18;;awayyae;in;;0;0;2;https://x.com/undefined/status/1900669499734716525;7,60822E+17;
1,90067E+18;Fri Mar 14 22:04:55 +0000 2025;16;OMG Indomie Korean Series x NewJeans kalau beli bundle dapet postcard NewJeans! jadi bundle ini dapet 6pcs indomie Korean series 1 set postcard NewJeans https://t.co/rE6JdxlUkU #Minji #Hanni #Danielle #Haerin #hyein #Kpop #NJZ @Indomielovers https://t.co/vdsnaliwRR;1,90067E+18;https://pbs.twimg.com/media/GmCI1BUaEAAAd1A.jpg;;in;;1;1;10;https://x.com/undefined/status/1900669496811286698;7,60822E+17;
1,89557E+18;Fri Mar 14 21:21:12 +0000 2025;0;Day 15. Mie part 2 kali ini indome spicy ramyeon. Menurut gw ya indomie yang versi kr ini enak semua. https://t.co/VLqEdTL0dM;1,90066E+18;https://pbs.twimg.com/media/GmB-0-6X0AADwEU.jpg;anansd;in;;0;1;0;https://x.com/undefined/status/1900658496011382855;69581816;
1,90056E+18;Fri Mar 14 20:15:36 +0000 2025;0;@viachandesu Indomie nya yg Korean ver. Kalo ABC nya yg bawa dari Indonesia itu;1,90064E+18;;viachandesu;in;;0;0;0;https://x.com/undefined/status/1900641984936899041;1,61474E+18;
1,90058E+18;Fri Mar 14 16:54:30 +0000 2025;0;@mucolele mie newjeans yang chickin fire apalah itu;1,90059E+18;;mucolele;in;;0;1;0;https://x.com/undefined/status/1900591376120901894;1,34849E+18;
1,90058E+18;Fri Mar 14 15:51:43 +0000 2025;0;Btw kemaren ke alfamart nanya soal pack indomie newjeans. Katanya udh gak adaadanya di online doang;1,90058E+18;;;in;;0;0;0;https://x.com/undefined/status/1900575579113443756;1,28917E+18;
1,90057E+18;Fri Mar 14 15:29:13 +0000 2025;0;Abis ketipu sama indomie ramyeon yang bungkusnya warna biru itu;1,90057E+18;;;in;;0;8;0;https://x.com/undefined/status/1900569916182614272;1,20328E+18;
1,90054E+18;Fri Mar 14 15:12:50 +0000 2025;0;@soboroppang aku pake indomie ramyeon yg biru itu;1,90057E+18;;soboroppang;in;;0;0;0;https://x.com/undefined/status/1900565794607845406;1,46803E+18;
1,90055E+18;Fri Mar 14 14:12:43 +0000 2025;0;asikkk akhirnya dapet postcard newjeans x indomie trs di swalayan domku ada yg dapet gift kipas lipat mantep bener https://t.co/yScWcYb5NG;1,90055E+18;https://pbs.twimg.com/media/GmAcvvgaoAAXE9m.jpg;;in;;0;0;0;https://x.com/undefined/status/1900550664486260964;1,49896E+18;
1,90052E+18;Fri Mar 14 12:17:51 +0000 2025;3;Dapet dari indomie yg NewJeans set itu https://t.co/CkHVO4cNwD;1,90052E+18;https://pbs.twimg.com/media/GmACdkdbYAAVwL9.jpg;;in;;0;0;0;https://x.com/undefined/status/1900521757137662186;1,15459E+18;
1,90052E+18;Fri Mar 14 12:14:53 +0000 2025;0;bikin ini versi indomie kali ya? mager keluar buat beli ramyeon nya tapi pengen ;1,90052E+18;;;in;;0;0;0;https://x.com/undefined/status/1900521009465491586;1,43051E+18;
1,9005E+18;Fri Mar 14 11:04:27 +0000 2025;0;terima kasih newjeans aku jadi beli varian indomie selain indomi goreng ;1,9005E+18;;;in;;0;0;0;https://x.com/undefined/status/1900503283216601165;1,54562E+18;
1,89984E+18;Thu Mar 13 00:34:40 +0000 2025;1;@heeseungfess aku sudah mencoba resep mie heeseung ini bolak balik tpi pake mie indomie yg spicy ramyeon soalnya micin dan pedesnya nampol huhu;1,89998E+18;;heeseungfess;in;;0;1;0;https://x.com/undefined/status/1899982406066856285;1,80959E+18;
1,89985E+18;Wed Mar 12 16:01:50 +0000 2025;1;gue gasuka ramyeon ntar coba pake indomie ajadah;1,89985E+18;;;in;;0;3;0;https://x.com/undefined/status/1899853347706036304;1,41309E+18;
1,89985E+18;Wed Mar 12 15:40:42 +0000 2025;0;indomie aceh x mie sedap selection korean cheese buldak best combo bgt;1,89985E+18;;;in;;0;0;0;https://x.com/undefined/status/1899848029047566752;1,37453E+18;
1,89984E+18;Wed Mar 12 15:09:50 +0000 2025;0;Newjeans literally nyuruh kita untuk makan indomie sama minum cocacola banyak-banyak. Oke ;1,89984E+18;;;in;;0;0;0;https://x.com/undefined/status/1899840262727459277;9,52005E+17;
1,89983E+18;Wed Mar 12 14:19:39 +0000 2025;0;kenapa lidah gue cocoknya indomie bukan shin ramyeon;1,89983E+18;;;in;;0;11;0;https://x.com/undefined/status/1899827632000438689;1,82913E+18;
1,89978E+18;Wed Mar 12 12:31:08 +0000 2025;0;@kat56op Dituang di mangkok dulu tapi khusus indomie yang ramyeon itu ku masak langsung bareng mie nya;1,8998E+18;;BaerriAllen;in;;0;0;0;https://x.com/undefined/status/1899800323335819576;1,15603E+18;
1,8998E+18;Wed Mar 12 12:11:45 +0000 2025;0;gak expect Indomie spicy ramyeon bakal sepedes itu;1,8998E+18;;;in;;0;0;0;https://x.com/undefined/status/1899795447851651484;1,37347E+18;
1,89918E+18;Wed Mar 12 09:32:23 +0000 2025;0;@GoesEdit @serenarcissism @koucilok @Baaariie @idextratime 35k tapi harus ada varian Indomie Korean Ramyeon Series ya gan ;1,89976E+18;;GoesEdit;in;;0;2;0;https://x.com/undefined/status/1899755340314603709;284428760;
1,89958E+18;Tue Mar 11 21:37:16 +0000 2025;0;ketika lo salah liat jam pas sahur dikira 3.18 taunya 4.18 dan lo malah makan indomie spicy ramyeon;1,89958E+18;;;in;;0;1;0;https://x.com/undefined/status/1899575373412843783;1132889438;
1,23666E+18;Tue Mar 11 17:08:36 +0000 2025;0;Indomie korean rasa K-Rose https://t.co/f7m3p0tUPT;1,89951E+18;https://pbs.twimg.com/media/GlxoPKEXgAAAHh2.jpg;Jejuorangee;in;;0;1;0;https://x.com/undefined/status/1899507762322878816;1353782520;
1,8995E+18;Tue Mar 11 16:57:00 +0000 2025;4;Indomie korean special K-Rose ena juga nich lumayan pedes aromatik agak creamy gimana gitu rasanya campur https://t.co/t6t1NvrYvC;1,8995E+18;https://pbs.twimg.com/media/GlxlXqzb0AMk9fa.jpg;;in;;0;4;0;https://x.com/undefined/status/1899504845591380271;1233069637;
1,89933E+18;Tue Mar 11 11:15:37 +0000 2025;0;@NEKOCHiiNG btw kmu harus cobain indomie cuo rasa ramyeon spicy itu enak bingitss gila mampus cup nya warna biru. keliatan gk pedes aslinya pedes bingitsss;1,89942E+18;;NEKOCHiiNG;in;;0;1;0;https://x.com/undefined/status/1899418930244211062;3243675267;
1,89934E+18;Tue Mar 11 08:01:39 +0000 2025;0;@OrenjiiOrenjiii Pedes gak kak? Mending indomie japanese series/korean series biru?;1,89937E+18;;OrenjiiOrenjiii;in;;0;1;0;https://x.com/undefined/status/1899370117005525238;1,64825E+18;
1,89933E+18;Tue Mar 11 05:41:24 +0000 2025;0;@NEKOCHiiNG hus hus huss indomie cup rasa ramyeon spicy enak bgt lohhh rii;1,89933E+18;;NEKOCHiiNG;in;;0;1;0;https://x.com/undefined/status/1899334821442396468;3243675267;
1,89931E+18;Tue Mar 11 03:54:08 +0000 2025;0;INDOMIE NEWJEANS KALO DI PYK CARI DIMANA WOI ....;1,89931E+18;;;in;;0;1;0;https://x.com/undefined/status/1899307827233161511;1,26983E+18;
1,89909E+18;Tue Mar 11 02:19:52 +0000 2025;0;@breadluvpham Yang boikot gk akan tau seenak apa indomie spicy ramyeon pedes nampolllll;1,89928E+18;;breadluvpham;in;;0;0;0;https://x.com/undefined/status/1899284107508720046;1,20821E+18;
1,89909E+18;Tue Mar 11 00:04:51 +0000 2025;0;@breadluvpham Meanwhile ibuku yang hampir tiap hari beli indomie yang korean series buat sahur ;1,89925E+18;;breadluvpham;in;;0;0;0;https://x.com/undefined/status/1899250125861765477;1,66171E+18;
1,89909E+18;Mon Mar 10 22:58:20 +0000 2025;0;@breadluvpham indomie korean ramen yummyyyy;1,89923E+18;;breadluvpham;in;;0;0;0;https://x.com/undefined/status/1899233389934473265;1,46562E+18;
1,89916E+18;Mon Mar 10 18:05:03 +0000 2025;6;gue seneng banget naik krl yang isinya iklan indomie njz segede gaban soalnya visually pleasing. terus lu bayangin di antara desakan manusia itu ada antis yang lagi naber dan penumpang lainnya membahas mana rasa yang paling enak antara rose fiery chickin sama spicy ramyeon;1,89916E+18;;;in;;0;0;0;https://x.com/undefined/status/1899159581378699279;1,16761E+18;
1,89909E+18;Mon Mar 10 13:27:41 +0000 2025;0;Saya cinta indomie dan newjeans https://t.co/M7xjrrveje;1,89909E+18;https://pbs.twimg.com/media/GlrrrHubUAADu73.jpg;;in;;0;1;0;https://x.com/undefined/status/1899089778420977749;1,46707E+18;
1,89909E+18;Mon Mar 10 13:19:25 +0000 2025;9124;NewJeans/NJZ jadi GBA Indomie antis sok boikot tapi gak ngaruh ke penjualan Indomie ada iklan NJZ di KRL boikot naik ke transum lain TAPI nyatanya gak ngaruh juga masih desek desekan. Lucu nih kalo NJZ jadi BA PLN kayanya mereka juga rela pake lilin / lampu semprong demi ego;1,89909E+18;;;in;;155;93;973;https://x.com/undefined/status/1899087697458983366;9,53734E+17;
1,89885E+18;Mon Mar 10 13:17:22 +0000 2025;0;@justskr39 kalau aku sering makan mie ya hype abis mie aceh gledek mie dower mie indomie kriuk pedas dan sarimi korean spicy kalau lokal. kalau luar mah sering beli samyang sama nongshim varian pedes nah terus sesuai mood aku lah mau nyampurin soalnya set;1,89909E+18;;justskr39;in;;0;1;0;https://x.com/undefined/status/1899087181681193103;1,78375E+18;
1,89908E+18;Mon Mar 10 12:35:06 +0000 2025;57;Ini bahkan indomie aja tetep mertahanin mereka dan yg lucunya direktur indofood langsung nyebut mereka udah bukan newjeans tapi nama member satu2;1,89908E+18;;;in;;0;1;5;https://x.com/undefined/status/1899076545270120682;1,3333E+18;
1,89906E+18;Mon Mar 10 11:51:28 +0000 2025;0;@viachandesu indomie goreng NewJeans bareng sama Minji nya langsung;1,89907E+18;;viachandesu;in;;0;1;0;https://x.com/undefined/status/1899065565668598131;1,2454E+18;
1,89886E+18;Mon Mar 10 04:28:24 +0000 2025;0;@CakRedi @idextratime 2025 battle of hybe le sserafim vs newjeans vs illit saya fearnot komcad cuma nyimak sambil makan mie ayam;1,89895E+18;;CakRedi;in;;0;0;0;https://x.com/undefined/status/1898954064261726277;9,04034E+17;
1,89884E+18;Sun Mar 09 21:09:03 +0000 2025;0;mie aceh adalah mie terenak sepanjang masa aku tiap beli indomie ya beli ini terus selang seling sm gaga korean spicy sama mie geprek wkwkw;1,89884E+18;;;in;;0;0;0;https://x.com/undefined/status/1898843496834052586;1,86803E+18;
1,89838E+18;Sun Mar 09 17:48:44 +0000 2025;0;@aaloesungjae Ke indomaret beli indomie 35k ( tp tnya dlu ke kasir kek mas/mba bli indomie ada bonus poscard ga ) klo ada km beli deh udh psti dpt kok klo avail tp variasi indomienya setau ak hrus yg sm newjeans jg by;1,89879E+18;;aaloesungjae;in;;0;1;0;https://x.com/undefined/status/1898793085821476935;1,49022E+18;
1,89876E+18;Sun Mar 09 15:39:55 +0000 2025;0;indomie yg collab sama newjeans enak enak jir kecuali yg ramyeon itu kurang suka;1,89876E+18;;;in;;0;0;0;https://x.com/undefined/status/1898760667278319654;1,38861E+18;
1,89874E+18;Sun Mar 09 14:35:31 +0000 2025;0;Indomie newjeans yang ramyun pedes bgt gakuattt;1,89874E+18;;;in;;0;0;0;https://x.com/undefined/status/1898744464015053100;1,66796E+18;
1,89869E+18;Sun Mar 09 10:59:30 +0000 2025;10;kasian mau main game favorit jadi susah mau makan indomie ga bisa mau ke korea takut disambut foto newjeans di airport ;1,89869E+18;;;in;;0;0;1;https://x.com/undefined/status/1898690098113532260;1,70031E+18;
1,89869E+18;Sun Mar 09 10:58:47 +0000 2025;0;indomie spicy korean ramyeon pedesnya melebihi ekspektasi ternyata;1,89869E+18;;;in;;0;0;0;https://x.com/undefined/status/1898689920979632281;1,31348E+18;
1,89859E+18;Sun Mar 09 05:39:12 +0000 2025;0;@bluesky_lovee indomie adalah ramyeon indonesa;1,89861E+18;;bluesky_lovee;in;;0;1;0;https://x.com/undefined/status/1898609492616692071;1,88927E+18;
1,8986E+18;Sun Mar 09 05:00:47 +0000 2025;3;Yuk aku open lg Indomie X Newjeans yaa rasanya macem macem nih harganya masih sama yaa 2.700 - 4.000 aja buat yg mau beli postcard nya aja aku ada yaa https://t.co/aG28wnUKRN;1,8986E+18;https://pbs.twimg.com/media/GlkudUJa0AAXRoO.jpg;;in;;0;2;3;https://x.com/undefined/status/1898599824485912870;1,52207E+18;
1,89859E+18;Sun Mar 09 04:52:17 +0000 2025;0;@pyapinkism Kak ramyeon kak bukan indomie wkwkwk;1,8986E+18;;pyapinkism;in;;0;1;0;https://x.com/undefined/status/1898597687450341442;1,63781E+18;
1,89857E+18;Sun Mar 09 03:14:51 +0000 2025;1;Ya Allah Indomie newjeans ;1,89857E+18;;;in;;0;0;0;https://x.com/undefined/status/1898573165183525287;1,7199E+18;
1,89857E+18;Sun Mar 09 03:07:40 +0000 2025;0;kebangun karena wangi semerbak indomie korean spicy chicken;1,89857E+18;;;in;;0;0;0;https://x.com/undefined/status/1898571360127103118;1,77105E+18;
1,89838E+18;Sat Mar 08 14:12:42 +0000 2025;7;tas indomie newjeans warna biru rem udah sampe https://t.co/UFBHmRj36M;1,89838E+18;https://pbs.twimg.com/media/GlhjNewa4AAOORl.jpg;;in;;0;5;0;https://x.com/undefined/status/1898376333052514612;1,44238E+18;
1,89835E+18;Sat Mar 08 13:03:15 +0000 2025;0;@hellaplace ini beli indomie nya bisa bebas atau harus yg collab sama newjeans?;1,89836E+18;;hellaplace;in;;0;1;0;https://x.com/undefined/status/1898358853718233141;1,88212E+18;
1,89832E+18;Sat Mar 08 11:22:56 +0000 2025;1;@skynieszmn Mau nyobain indomie × newjeans. Telat bgt ya aku;1,89833E+18;;skynieszmn;in;;0;0;0;https://x.com/undefined/status/1898333608454009084;1,71486E+18;
1,89832E+18;Sat Mar 08 10:12:38 +0000 2025;0;sedih banget beli indomie newjeans tapi gak dibolehin ambil fotonya ;1,89832E+18;;;in;;0;1;0;https://x.com/undefined/status/1898315918272602209;1,7844E+18;
1,8983E+18;Sat Mar 08 08:59:25 +0000 2025;2;seriusan yg udah dapet ini bagi pengalaman please #njz #NJZ_REDEBUT #indomie #newjeans https://t.co/L7Mnshwbr1;1,8983E+18;https://pbs.twimg.com/media/GlgbX1kaMAA2JqF.jpg;;in;;0;0;0;https://x.com/undefined/status/1898297493391135020;581013467;
1,89825E+18;Sat Mar 08 06:01:34 +0000 2025;0;nyari indomie x newjeans di alfamidi malah ketemu ini indomienya gak ada https://t.co/KSLxTlD45C;1,89825E+18;https://pbs.twimg.com/media/Glfyy-obwAA4cbm.jpg;;in;;0;1;0;https://x.com/undefined/status/1898252735423955216;8,01247E+17;
1,89759E+18;Fri Mar 07 22:24:05 +0000 2025;0;@Adelfjkt48 @convomf Gais seriusan tanya odeng yang keras di Indomie Korean Rose ini langsung kalian makan apa direbus bareng mie?;1,89814E+18;;Adelfjkt48;in;;0;0;0;https://x.com/undefined/status/1898137605641994528;162252736;
1,89802E+18;Fri Mar 07 14:48:23 +0000 2025;1;buset berasa ngaca ini mah indomie x newjeans https://t.co/203W6Tl4IT;1,89802E+18;https://pbs.twimg.com/media/Glchx5jbwAI0skH.jpg;;in;;0;0;0;https://x.com/undefined/status/1898022925451903190;1,09405E+18;
1,89802E+18;Fri Mar 07 14:32:24 +0000 2025;0;@fightSUNGHOON Indomie Seblak Ayam geprek Ayam goreng Ayam krispi Cumi goreng Udang goreng Nasi padang Nasi campur Bakso Soto Kari ayam Rendang Ikan goreng Ikan bakar Sosis Sushi Pizza Pisang goreng Hot dog Burger Steak Pasta Ramen Ramyeon Mie ayam Mie go;1,89802E+18;;fightSUNGHOON;in;;0;1;1;https://x.com/undefined/status/1898018900505460798;4802146236;
1,89801E+18;Fri Mar 07 14:12:04 +0000 2025;0;tadi pas ke alfamart kegoda beli indomie korean ramyun tp inget sang yan aja beli mi sedap langsung ngambil sedap goreng;1,89801E+18;;;in;;0;0;0;https://x.com/undefined/status/1898013786088652926;1,45442E+18;
1,898E+18;Fri Mar 07 13:24:08 +0000 2025;2;wah dapet postcard NJ ternyata... #ตลาดนัดนิวจีนส์ #NewJeans #NJZ #indomie https://t.co/uOQ2E9pnwF;1,898E+18;https://pbs.twimg.com/media/GlcOZwlbcAEh_4U.jpg;;in;;0;0;0;https://x.com/undefined/status/1898001720833429583;1,64808E+18;
1,89799E+18;Fri Mar 07 12:44:45 +0000 2025;0;#wts yukk jajan ada aab enhypen sunoo seventeen mingyu txt yeonjun aespa winter karina ive wonyoung newjeans x indomie https://t.co/y7HrlqtaUG;1,89799E+18;;;in;;0;0;0;https://x.com/undefined/status/1897991810661994847;1,44281E+18;
1,89799E+18;Fri Mar 07 12:42:13 +0000 2025;0;#s yukk jajan ada aespa wonyoung ive newjeans x indomie https://t.co/y7HrlqtaUG;1,89799E+18;;;in;;0;0;0;https://x.com/undefined/status/1897991174126027032;1,44281E+18;
1,89799E+18;Fri Mar 07 12:41:29 +0000 2025;0;#wts yukk jajan ada aespa wonyoung ive newjeans x indomie https://t.co/y7HrlqtaUG;1,89799E+18;;;in;;0;0;0;https://x.com/undefined/status/1897990991103377569;1,44281E+18;
1,89799E+18;Fri Mar 07 12:40:52 +0000 2025;0;#gs yukk jajan ada aespa wonyoung sama newjeans x indomie https://t.co/y7HrlqtaUG;1,89799E+18;;;in;;0;0;0;https://x.com/undefined/status/1897990835620430089;1,44281E+18;
1,89794E+18;Fri Mar 07 09:29:31 +0000 2025;0;Aku beli di Alfamart ya guys daerah aku masuknya pedesaan di kabupaten tapi udah adaa. Tinggal beli Indomie 35 ribu terserah varian apa ajaaa. Aku beli 1 yg varian Korean sisanya random. Dapet 3 postcard sama 1 frame. ;1,89794E+18;;nikiichoco;in;;0;0;0;https://x.com/undefined/status/1897942678236807664;1,42242E+18;
1,89794E+18;Fri Mar 07 09:06:34 +0000 2025;1;kita rayakan kemenangan itu dengan indomie newjeans;1,89794E+18;;;in;;0;0;0;https://x.com/undefined/status/1897936903242236381;1233069637;
1,8979E+18;Fri Mar 07 06:58:27 +0000 2025;3;akhirnyaaa jangan ampe mami tau gw beli mie sebanyak enihh @scrdtolivew @Indomielovers #NewJeans https://t.co/mCK2AkNH94;1,8979E+18;https://pbs.twimg.com/media/Gla2NAubwAEiYy-.jpg;;in;;0;0;0;https://x.com/undefined/status/1897904663984591356;1,80181E+18;
1,89787E+18;Fri Mar 07 04:46:43 +0000 2025;1;Kpoper jateng sama jatim udh nyikat indomie newjeans nih diliat-liat ‍↕️;1,89787E+18;;;in;;1;1;0;https://x.com/undefined/status/1897871511656317131;1321907196;
1,89728E+18;Fri Mar 07 03:55:20 +0000 2025;0;@Woosetok Ramyeon dong kk pilihanku indomie di dadakuh. Btw kk suka main gim apatuh?!;1,89786E+18;;Woosetok;in;;0;1;0;https://x.com/undefined/status/1897858577395859912;1044981194;
1,89759E+18;Fri Mar 07 00:15:03 +0000 2025;0;@convomf Buang2 plastik tw ni yg ada kondiment2 kering tp isinya sak uprit. Ini 4 butir setipis tisu. Yg mie nya newjeans atau apa gt ada kek fishcake kering kotak sebiji pake bungkus juga‍️;1,8978E+18;;convomf;in;;0;0;0;https://x.com/undefined/status/1897803141904732352;1538015586;
1,89779E+18;Thu Mar 06 23:33:11 +0000 2025;0;daripada indomie ramyeon yg pink ada odengnya dan cuman sebiji anjritttt bener bener sebiji‍↕️;1,89779E+18;;;in;;0;2;0;https://x.com/undefined/status/1897792609034420600;1,43909E+18;
1,89759E+18;Thu Mar 06 16:05:18 +0000 2025;3;@Adelfjkt48 @convomf Dan fyi... Untuk semua varian Korea terbaru dari Indomie itu pedas semua yaa kalo kalian suka yg kuah bisa cobain varian spicy ramyeon rasa sup jamur. Dan tekstur mie nya agak tebal dikarenakan premium. Cmiiw;1,89768E+18;;cahrska;in;;0;0;0;https://x.com/undefined/status/1897679892176855370;1,29156E+18;
1,89767E+18;Thu Mar 06 15:20:51 +0000 2025;0;besok gw mau ke indomaret beli indomie+pc newjeans bodoamat #fomo;1,89767E+18;;;in;;0;0;0;https://x.com/undefined/status/1897668708576948488;1,10693E+18;
