conversation_id_str;created_at;favorite_count;full_text;id_str;image_url;in_reply_to_screen_name;lang;location;quote_count;reply_count;retweet_count;tweet_url;user_id_str;username
1,98E+18;Sun Oct 19 15:24:04 +0000 2025;0;@sbtgirlgroup unsealed postcard indomie x newjeans ada 2 set yap (7.000/set);1,98E+18;;sbtgirlgroup;in;;0;0;0;https://x.com/undefined/status/1979931561974796723;1,68E+18;
1,98E+18;Sat Oct 18 12:24:53 +0000 2025;0;indomie spicy ramyeon. rasanya mirip shin ramyun versi low budget.;1,98E+18;;;in;;0;0;0;https://x.com/undefined/status/1979524079565852969;9,49E+17;
1,98E+18;Sat Oct 18 03:11:41 +0000 2025;1;Sarapan Indomie spicy ramyeon enak kali ya https://t.co/OW2t2go9sE;1,98E+18;https://pbs.twimg.com/media/G3gwC9RX0AAZ5px.jpg;;in;;0;0;0;https://x.com/undefined/status/1979384866123976835;1,97E+18;
1,98E+18;Fri Oct 17 14:29:00 +0000 2025;0;pengen coklat almond beryls pengen ollate peach pengen mie instannya ramyeon carbonara bukan indomie gaada rasanya anj knp kalian jd mahal bgt seh waktu aku ngekost;1,98E+18;;;in;;0;0;0;https://x.com/undefined/status/1979192926719635753;1,34E+18;
1,98E+18;Fri Oct 17 10:45:33 +0000 2025;0;indomie spicy ramyeon enak bgt plissss;1,98E+18;;;in;;0;1;0;https://x.com/undefined/status/1979136696412229903;1,25E+18;
1,98E+18;Thu Oct 16 18:35:57 +0000 2025;0;kita bikin indomie ramyeon cintaku dulu agar tidak kelaparan;1,98E+18;;;in;;0;0;0;https://x.com/undefined/status/1978892689467670957;1,29E+18;
1,98E+18;Thu Oct 16 08:32:14 +0000 2025;0;1. Mie gacoan 2. Mie ayam bakso 3. Wow spaghetti carbonara 4. Gekikara Ramen 5. Indomie Soto 6. Sarimi Rendang 7. Mie Sedap Kari Ayam 8. Buldak Ramyeon 9. Pop Mie Baso 10. Mie Gelas Protevit;1,98E+18;;;in;;0;0;0;https://x.com/undefined/status/1978740756857897140;1,89E+18;
1,98E+18;Wed Oct 15 09:57:09 +0000 2025;0;Ada menu ramyeon trs gw nanya ramyeon pa dijawab ramyeon korea....baangin ke warkop trs nanya ini indomie apa dijawab indomie indonesia ajg gw lempar ya;1,98E+18;;;in;;0;1;0;https://x.com/undefined/status/1978399738379825296;1,27E+18;
1,98E+18;Tue Oct 14 10:34:14 +0000 2025;0;@attack_urhe4rt indomie goreng kari ayam ramyeon;1,98E+18;;attack_urhe4rt;in;;0;1;0;https://x.com/undefined/status/1978046685759885445;1,37E+18;
1,98E+18;Tue Oct 14 05:22:20 +0000 2025;0;@munvess indomie: 1. mie kocok bandung 2. soto koya pedas 3. ramyeon all variant 4. mie goreng rica-rica 5. ramen all variant 6. ayam geprek 7. empal gentong 9. soto lamongan;1,98E+18;;munvess;in;;0;0;0;https://x.com/undefined/status/1977968193705824594;1,45E+18;
1,98E+18;Tue Oct 14 04:10:15 +0000 2025;0;@munvess indomie soto banjar aceh tori miso mie newjeans;1,98E+18;;munvess;in;;0;0;0;https://x.com/undefined/status/1977950051294118394;1,24E+18;
1,98E+18;Mon Oct 13 11:25:05 +0000 2025;0;11. indomie ramyeon adalah comfort food ak;1,98E+18;;rikurismeee;in;;0;1;0;https://x.com/undefined/status/1977697092924576135;1,96E+18;
1,98E+18;Sun Oct 12 16:48:56 +0000 2025;0;kenapa ya indomie yg varian mie tebel2 tu cuma pas awal2 doang seterusnya mienya menipis :/ kayak mie aceh trs seblak skrg yg ramyeon series;1,98E+18;;;in;;0;0;0;https://x.com/undefined/status/1977416204508901417;1,26E+18;
1,98E+18;Sun Oct 12 14:57:52 +0000 2025;1;@2Saucy2Handle ricebowl sambal matah tteobokki lawson seblak mie gaga kuah jalapeno indomie spicy ramyeon. kamuu?;1,98E+18;;2Saucy2Handle;in;;0;0;0;https://x.com/undefined/status/1977388255935897947;7,03E+17;
1,98E+18;Sun Oct 12 12:09:44 +0000 2025;0;dunia harus tau Indomie spicy ramyeon enak banget banget banget;1,98E+18;;;in;;0;0;0;https://x.com/undefined/status/1977345941892964481;1,10E+18;
1,98E+18;Sun Oct 12 11:41:57 +0000 2025;0;@laviehoon indomie goreng hype abis ayam geprek sm soto mie sih pasti suka ga kalah sm shin ramyeon️;1,98E+18;;laviehoon;in;;0;0;0;https://x.com/undefined/status/1977338950667956496;1,34E+18;
1,98E+18;Fri Oct 10 04:45:12 +0000 2025;0;@pyeonqii aku ttp bikin egg cloud ramyeon heeseung pake indomie;1,98E+18;;pyeonqii;in;;0;1;0;https://x.com/undefined/status/1976509295991849201;1,48E+18;
1,98E+18;Fri Oct 10 04:35:51 +0000 2025;1;Semenjak tau egg cloud ramyeon heeseung gw jadi gapernah makan indomie lg;1,98E+18;;;in;;0;4;0;https://x.com/undefined/status/1976506943683629166;1,95E+18;
1,98E+18;Thu Oct 09 17:20:56 +0000 2025;0;Tolol ancrit. Gue mau beli pocky HoloID malah ditawarin indomie Newjeans.;1,98E+18;;;in;;0;0;0;https://x.com/undefined/status/1976337096009974166;1,31E+18;
1,98E+18;Tue Oct 07 23:59:23 +0000 2025;0;@tanyarlfes Baru nyoba tori miso sama tori kara dan besttt kalo yang ramyeon gapernah coba soalnya kata temenku pedes banget tapi aku merindukan indomie chitato;1,98E+18;;tanyarlfes;in;;0;0;0;https://x.com/undefined/status/1975712593773011308;1,86E+18;
1,96E+18;Mon Sep 01 12:52:45 +0000 2025;0;njf! hi bunnies apakah disini ada yg pernah screenshot postingan iklan indomie x newjeans? kalau ada yg punya boleh minta ga yaa? soalnya postingannya udah ga ada trimakasii sebelumnyaa;1,96E+18;;;in;;0;0;0;https://x.com/undefined/status/1962498865128710348;1,57E+18;
1,96E+18;Wed Aug 27 04:39:43 +0000 2025;0;Gua jarang makan siang tiba pengen mie karna liat orang mukbang dan akhirnya buat Indomie spicy ramyeon ternyata beneran pedes kirain boong;1,96E+18;;;in;;0;1;0;https://x.com/undefined/status/1960562848154959910;1,95E+18;
1,96E+18;Wed Aug 27 03:51:33 +0000 2025;0;@meowieppu @roblox_fess Tadi aku mampir ke menara Indomie x Newjeans;1,96E+18;;meowieppu;in;;0;0;0;https://x.com/undefined/status/1960550727136489809;1,02E+18;
1,95E+18;Tue Aug 26 12:18:24 +0000 2025;0;@seongminf abis masang susuk ya? ah yang bener kalau nemu gimana? beliin gua satu dus ramyeon ya? emang asw tapi gua ngga mau juga se OA sama nih bokem. ngga mau gua udah punya OA. lu mah indomie;1,96E+18;;seongminf;in;;0;1;0;https://x.com/undefined/status/1960315892056903977;1,12E+18;
1,96E+18;Mon Aug 25 14:50:55 +0000 2025;2;Indomie thankyou udah ciptain mie yang enak kayak spicy ramyeon ini mie nagih banget apalagi makan ditemani es teh dan tictac jadi salah satu rasa favorit selain rendang https://t.co/ubeKwfMZSw;1,96E+18;https://pbs.twimg.com/media/GzNKOt0aMAA0DAI.jpg;;in;;0;0;0;https://x.com/undefined/status/1959991886871158823;1,61E+18;
1,96E+18;Mon Aug 25 06:42:13 +0000 2025;0;@raabbilt Minat indomie newjeans ngidam dari kemarin;1,96E+18;;raabbilt;in;;0;0;0;https://x.com/undefined/status/1959868902156210439;1,61E+18;
1,96E+18;Sun Aug 24 23:58:56 +0000 2025;0;aku nyobain resep ramyeon mingyu tadi sore apa lidah aku yang kebiasaan makan micin indomie mie enak cuma kurang kuat rasanya maybe karena itu resep korea tapi overall enak awokaqoakqok kelihatannya kayak mie nyemek;1,96E+18;;;in;;0;0;0;https://x.com/undefined/status/1959767413358252177;1,68E+18;
1,96E+18;Fri Aug 22 13:17:41 +0000 2025;0;Indomie goreng spicy ramyeon pedes juga ia;1,96E+18;;;in;;0;0;0;https://x.com/undefined/status/1958881262506049679;1,37E+18;
1,96E+18;Fri Aug 22 12:25:33 +0000 2025;0;@urashnti @dubudubudibdub Sebelum beli mampir dulu kak ke kasir tanya stok Saya pas newjeans indomie bgitu;1,96E+18;;urashnti;in;;0;0;0;https://x.com/undefined/status/1958868141431562624;273977169;
1,96E+18;Fri Aug 22 07:07:34 +0000 2025;0;tzuyang gile jg makan ramyeon 10 bungkus. gw maksimal bgt indomie kuah 2 bungkus tambah telor kol dan nasi. gw rasa ruang di perut gw cukup banyak dan gatau kenapa bb gw tuh stuck paling turun krn stress.;1,96E+18;;;in;;0;1;0;https://x.com/undefined/status/1958788118745948403;8,83E+17;
1,96E+18;Fri Aug 22 02:23:27 +0000 2025;0;@moonstars_night Ih aku juga tadi ke indomart masih belum ada si mbaknya malah nunjukin pc indomie newjeans udh punya kata aku teh;1,96E+18;;moonstars_night;in;;0;1;0;https://x.com/undefined/status/1958716619326419362;1,29E+18;
1,96E+18;Thu Aug 21 13:52:02 +0000 2025;0;@tanyakanrl mie sedaap ayam special sama indomie yang ramyeon yg biru;1,96E+18;;tanyakanrl;in;;0;0;0;https://x.com/undefined/status/1958527515506680106;1,46E+18;
1,96E+18;Thu Aug 21 07:24:17 +0000 2025;0;maaaaciiii sarannyaa guada jadinya makan chicken katsu dulu sama nasi terus bikin indomie spicy ramyeon nya (^_^) terus sekarang guada lagi pesen pancong lumer https://t.co/MmLxFTdcFE;1,96E+18;https://pbs.twimg.com/media/Gy29pl0a8AAHkWd.jpg;;in;;0;3;0;https://x.com/undefined/status/1958429938677101035;1,90E+18;
1,96E+18;Thu Aug 21 05:53:46 +0000 2025;0;@tanyakanrl MIE SEDAP KOREAN SPICY SOUP INDOMIE TORI KARA INDOMIE SPICY RAMYEON;1,96E+18;;tanyakanrl;in;;0;0;0;https://x.com/undefined/status/1958407156874744318;1,49E+18;
1,96E+18;Thu Aug 21 00:23:42 +0000 2025;0;bantuu guadaa pilihhh sarapann mending guadaa makan chicken katsu atau cobain indomie spicy ramyeon?;1,96E+18;;;in;;1;3;0;https://x.com/undefined/status/1958324095214629066;1,90E+18;
1,96E+18;Wed Aug 20 19:48:47 +0000 2025;0;Skeptis tapi enak jg ramyeon indomie https://t.co/0KUZUUnG6s;1,96E+18;https://pbs.twimg.com/media/Gy0ebceaoAAIjlK.jpg;;in;;0;0;0;https://x.com/undefined/status/1958254910170161194;1,32E+18;
1,96E+18;Wed Aug 20 13:16:11 +0000 2025;0;@tanyakanrl Sedaap kari spesial sedaap soto indomie tori miso samaa shin ramyeon;1,96E+18;;tanyakanrl;in;;0;0;0;https://x.com/undefined/status/1958156107857428821;1,38E+18;
1,96E+18;Wed Aug 20 12:52:24 +0000 2025;0;@tanyakanrl Indomie tori kara sama Indomie spicy ramyeon udh no debat;1,96E+18;;tanyakanrl;in;;0;0;0;https://x.com/undefined/status/1958150122992505295;1,51E+18;
1,96E+18;Wed Aug 20 11:49:31 +0000 2025;0;@tanyakanrl Indomie premium collection newjeans yang varian spicy ramyeon aku ga abis makan mi kuah satu bungkus tapi kalo varian ini bisa aku makan sampe tetes kuah terakhir ️‍;1,96E+18;;tanyakanrl;in;;0;0;0;https://x.com/undefined/status/1958134296897892703;1,30E+18;
1,96E+18;Tue Aug 19 08:54:13 +0000 2025;0;indomie spicy ramyeon ngapa enak bgt yh https://t.co/Y2pdKgJpqi;1,96E+18;https://pbs.twimg.com/media/Gys_DQhacAE4lmA.jpg;;in;;0;0;0;https://x.com/undefined/status/1957727792453374228;1,37E+18;
1,96E+18;Sat Aug 16 15:10:53 +0000 2025;0;INDOMIE RAMYEON KOREA YG BUNGKUS BIRU PEDES BGT YA ALLAH;1,96E+18;;;in;;1;0;0;https://x.com/undefined/status/1956735421121278457;1,37E+18;
1,96E+18;Fri Aug 15 02:19:55 +0000 2025;0;@jaeykn semua buah juga harus habis gak sih kalau udah dipotong dan dimakan sama kita?! AKU JUGA SUKA RAMYEON TAPI VERSI LOKAL ALIAS INDOMIE. ;1,96E+18;;jaeykn;in;;0;0;0;https://x.com/undefined/status/1956179014797885572;1,14E+18;
1,96E+18;Wed Aug 13 11:53:09 +0000 2025;0;INDOMIE RAMYEON ENAK BANGET ACIKIWIR;1,96E+18;;;in;;0;1;0;https://x.com/undefined/status/1955598495374803414;1,74E+18;
1,96E+18;Tue Aug 12 15:37:09 +0000 2025;0;gambaran aku ketika menikah dengan heeseung. Bedanya gue indomie dia shin ramyeon https://t.co/OmoWa6KX2n;1,96E+18;https://pbs.twimg.com/ext_tw_video_thumb/1954947621766017024/pu/img/4QqHOXXvwXzP0Sej.jpg;;in;;0;0;0;https://x.com/undefined/status/1955292481588957405;1,11E+18;
1,95E+18;Mon Aug 11 10:16:37 +0000 2025;0;@es_twr Walau itu origin dari belanda kan bahan bakunya dah beda jg. Itu kan inspired by berarti dia terinspirasi menjadi resep baru. Itu kan kayak pembuatan mie originnya di china terus berubah jadi ramen (jepang) ramyeon (korea) indomie (indonesia);1,95E+18;;es_twr;in;;0;0;0;https://x.com/undefined/status/1954849427300205049;1,09E+18;
1,95E+18;Sat Aug 09 16:37:41 +0000 2025;0;@_____bunno aku tteoknya pake ommason trs mie indomie hanguk ramyeon! tambahin kejunya aku pake prochiz :9;1,95E+18;;_____bunno;in;;0;0;0;https://x.com/undefined/status/1954220549439148049;1,21E+18;
1,95E+18;Sat Aug 09 16:35:32 +0000 2025;0;@Sarasnama GAMPAANGG. tumis bawang putih sampe wangi masukin air sampe agak mendidih. masukin tteok (aku pake ommason) sama ramyeon (aku pake indomie hanguk ramyeon). terus kurangin airnya sedikit masukin susu full cream. masukin bumbu tambahin sosis oreg;1,95E+18;;Sarasnama;in;;1;1;0;https://x.com/undefined/status/1954220007245971915;1,21E+18;
1,95E+18;Sat Aug 09 03:17:03 +0000 2025;0;kangen indomie sm shin ramyeon;1,95E+18;;;in;;0;0;0;https://x.com/undefined/status/1954019063296143466;1,52E+18;
1,95E+18;Fri Aug 08 15:34:43 +0000 2025;0;mootss mending masak indomie spicy ramyeon dulu atau tori miso dulu yaa? belum pernah coba 22nyaa;1,95E+18;;;in;;0;2;0;https://x.com/undefined/status/1953842315824390625;1,79E+18;
1,95E+18;Thu Aug 07 08:27:02 +0000 2025;0;Indomie Spicy Ramyeon - Mie lbh keriting &amp;;;;;;;;;;;
1,95E+18;Thu Aug 07 08:22:46 +0000 2025;0;Indomie Fiery Chikin (Korean Ramyeon) - Tekstur mie sama sausnya kek samyang - Rasanya mirip Mie Sedaap korean spicy chicken yg BAnya Siwon ntuh - Not bad tp not good jg ya okela - At least better dr yg rose ygy Score 5/10 https://t.co/nR8vPyhKtT;1,95E+18;https://pbs.twimg.com/media/GxvExrgaQAAM0xe.jpg;teronggholland;in;;0;1;0;https://x.com/undefined/status/1953371225541038319;1,83E+18;
1,95E+18;Thu Aug 07 08:20:59 +0000 2025;0;Indomie Rose (Korean Ramyeon) - Mie lbh keriting &amp;;;;;;;;;;;
1,95E+18;Thu Aug 07 03:30:20 +0000 2025;0;@seongminf @_minanism Hawooo! Kalau aku sih yang berkuah yaa kayak indomie soto indomie kari ayam indomie ayam bawang bahkan indomie korea spicy ramyeon itu. Kamu suka mie gak?;1,95E+18;;seongminf;in;;0;1;0;https://x.com/undefined/status/1953297629582115162;2467141352;
1,95E+18;Wed Aug 06 22:14:46 +0000 2025;0;@kdrama_menfess klo makan ramyeon bikin bengkak....klo makan indomie kagak...;1,95E+18;;kdrama_menfess;in;;0;0;0;https://x.com/undefined/status/1953218215469019507;2516764844;
1,95E+18;Wed Aug 06 08:27:45 +0000 2025;0;indomie korean ramyeon yg dipromoin newjeans ga enak cok;1,95E+18;;;in;;0;4;0;https://x.com/undefined/status/1953010090744975623;8,83E+17;
1,95E+18;Mon Aug 04 19:18:22 +0000 2025;0;Grgr nonton drakor ada scene mam ramyeon jadi ingin mie rebus terakhir hamba mam indomie tu 6 juli.. uda sebulan lalu Besok ah order indomie KALO MIE AYAM GAUSA DITANYA YH HAMPIR TIAP HARI AK NGEDET AMA MIE AYAM NI HATI KALO DIBONGKAR ISINYA TU MIE AYAM sama jackson wang https://t.co/a5NOoF7pCn;1,95E+18;https://pbs.twimg.com/media/Gxh-EBcbEAAteRa.jpg;;in;;1;3;0;https://x.com/undefined/status/1952449048344207747;1,60E+18;
1,95E+18;Sun Aug 03 14:27:29 +0000 2025;0;@beomtiyu Iyaa anjir padahal yj doyan ramyeon kok bisa ga ketampung ya gw makan indomie setengah aja dah kayak orang hamil bentukannya ;1,95E+18;;beomtiyu;in;;0;1;0;https://x.com/undefined/status/1952013456816931195;1,17E+18;
1,95E+18;Sun Aug 03 14:27:03 +0000 2025;0;@simjaske @ENHYPEN Kenapa kok harus ramyeon abang? Aku lebih suka indomie gimana? Indomie original adalah jalan ninjaku.;1,95E+18;;simjaske;in;;0;0;0;https://x.com/undefined/status/1952013348897472558;180702331;
1,95E+18;Sun Aug 03 04:30:20 +0000 2025;0;@simjaske Paling suka sama ramyeon yang dibeliin temen (bercanda). Suka Indomie ya. Kamu tim Indomie atau Sedap?;1,95E+18;;simjaske;in;;0;0;0;https://x.com/undefined/status/1951863180784816281;879364806;
1,95E+18;Sat Aug 02 11:21:21 +0000 2025;0;@simjaske @ENHYPEN ramyeon andalan gw.. INDOMIE.... ️;1,95E+18;;simjaske;in;;0;1;0;https://x.com/undefined/status/1951604225848574267;370173373;
1,95E+18;Sat Aug 02 11:05:38 +0000 2025;0;abis makan indomie satu pake nasi begah bgt langsung mikir KOK BISA TZUYANG MAKAN RAMYEON BERBUNGKUS2......;1,95E+18;;;in;;0;0;0;https://x.com/undefined/status/1951600273019080993;1,14E+18;
1,95E+18;Sat Aug 02 06:35:57 +0000 2025;0;@imnotYRJ Hi kok jago sih guys... 1. Merch AOS biar lu suka aja dan nonton sesuai dengan clue souls yang gue kasih ^^ 2. Indomie spicy ramyeon khas mie indo x korea enak guys sluuurp 3. Buat bumil Enjoy and be happy! https://t.co/L2Ebjdj5CI;1,95E+18;https://pbs.twimg.com/media/GxU8YPtbAAAaMH-.jpg;SHEILspark;in;;0;1;0;https://x.com/undefined/status/1951532403354378717;1876855184;
1,95E+18;Thu Jul 31 12:03:24 +0000 2025;2;Dikira di yg tmpt newjeans x indomie kmrn... Ternyata di bawah euy ramenya kek apeu ini;1,95E+18;;;in;;0;0;0;https://x.com/undefined/status/1950890032962682977;1,34E+18;
1,95E+18;Wed Jul 30 10:34:55 +0000 2025;0;@yappingfess Indomie kari indomie spicy ramyeon indomie cabe ijo sedap geprek sedap ayam jerit;1,95E+18;;yappingfess;in;;0;0;0;https://x.com/undefined/status/1950505377440969206;1,80E+18;
1,95E+18;Tue Jul 29 15:57:27 +0000 2025;0;Rona kamu coba yang indomie korean ramyeon fiery chicken juga ga yang bungkus merah?? Soalnya aku suka yang itu dari pada y OOHH! aku pernah coba itu tapi karena udah lamaaa banget jadi lupa rasanya. cuman seingetku nggak ada impression pedes deh. https://t.co/xr9kgT0eE4;1,95E+18;;;in;;0;0;0;https://x.com/undefined/status/1950224157079130388;1,64E+18;
1,95E+18;Tue Jul 29 10:22:44 +0000 2025;0;Oh My Good! It's INDOMIE x NewJeans Exclusive mini postcard set Semoga cepet kelar ya dik adik terus comeback #NewJeans #NJZ #indomie https://t.co/JwfyPc96LS;1,95E+18;https://pbs.twimg.com/media/GxBJ60ObUAIA_Qi.jpg;;in;;0;0;0;https://x.com/undefined/status/1950139925686325504;1,24E+18;
1,95E+18;Tue Jul 29 08:23:34 +0000 2025;0;indomie newjeans masih ada gasih;1,95E+18;;;in;;0;1;0;https://x.com/undefined/status/1950109934739169582;1,95E+18;
1,95E+18;Mon Jul 28 18:51:37 +0000 2025;0;@pinktarbery indomie ramyeon suka tp brokolinya huekk;1,95E+18;;pinktarbery;in;;0;1;0;https://x.com/undefined/status/1949905602928386175;1,66E+18;
1,95E+18;Mon Jul 28 18:50:43 +0000 2025;0;@vixcycaixie deymm aku suka Indomie ramyeon pakai brokoli;1,95E+18;;vixcycaixie;in;;0;1;0;https://x.com/undefined/status/1949905373122744477;1,85E+18;
1,95E+18;Mon Jul 28 03:55:17 +0000 2025;0;ada yang jual tas indomie x newjeans ini gak yaa? https://t.co/RZrrPnO22g;1,95E+18;https://pbs.twimg.com/media/Gw6nppxbcAE4AoU.jpg;;in;;0;1;0;https://x.com/undefined/status/1949680031610921264;1,31E+18;
1,95E+18;Sat Jul 26 15:17:53 +0000 2025;0;@renrkaji 1. Indomie goreng 2. Spicy ramyeon 3. Cabe ijo 4. Kari ayam 5. Ayam bawang;1,95E+18;;renrkaji;in;;0;0;0;https://x.com/undefined/status/1949127036863234558;1,92E+18;
1,95E+18;Sat Jul 26 13:23:46 +0000 2025;0;Gak afdol soalbya gak ada mie ayam indomie goreng mie goreng Eh tapi Young K kalo ngelihat ini sih langsung makan ramyeon 6 bungkus sih...;1,95E+18;;;in;;0;0;0;https://x.com/undefined/status/1949098319181152436;53892005;
1,95E+18;Sat Jul 26 10:01:12 +0000 2025;0;@wardenight Indomie goreng rendang mie goreng Aceh Shin ramyeon;1,95E+18;;wardenight;in;;0;1;0;https://x.com/undefined/status/1949047342843277328;8,64E+17;
1,95E+18;Sat Jul 26 08:05:59 +0000 2025;0;baru nyobain indomie korean spicy ramyeon ternyata enak sebenernya udh lama beli tapi baru sempet masak (ini juga karena mepet exp ) menurutku rasanya mirip shin ramyun versi lebih hemat budget;1,95E+18;;;in;;0;0;0;https://x.com/undefined/status/1949018346432635058;1,18E+18;
1,95E+18;Fri Jul 25 13:45:50 +0000 2025;0;Ngeliat jaemin makan ramyeon jadi mau... Apa bikin aja ya tapi dari Indomie Aceh hmzzz enak kayaknya;1,95E+18;;;in;;1;0;0;https://x.com/undefined/status/1948741484544409695;1,56E+18;
1,95E+18;Thu Jul 24 06:06:06 +0000 2025;0;terakhir makan mie tgl 8 juli he he mantapppp mau indomie jumbo atau shin ramyeon biar kenyang;1,95E+18;;liruepie_;in;;0;0;0;https://x.com/undefined/status/1948263400728940710;9,55E+17;
1,95E+18;Thu Jul 24 00:59:59 +0000 2025;0;mardial kan yang sama newjeans indomie juga.;1,95E+18;;FulgentStar;in;;0;1;0;https://x.com/undefined/status/1948186362865504478;7,64E+17;
1,95E+18;Mon Jul 21 13:52:55 +0000 2025;0;indomie spicy ramyeon bungkus biru lebih enak yg versi cup ternyata. lebih berasa jamur nya kl yg dirwbus dlu dominan manis pedesnya pun kurang;1,95E+18;;;in;;0;0;0;https://x.com/undefined/status/1947293714021323100;9,82E+17;
1,95E+18;Mon Jul 21 08:29:50 +0000 2025;0;Indomie ramyeon yg biru pedes bgt jir tapi pedesnya gaenak wkwkw;1,95E+18;;;in;;0;1;0;https://x.com/undefined/status/1947212407929209248;1,86E+18;
1,94E+18;Sun Jul 20 21:25:36 +0000 2025;1;@callmeyexia @GoodDayID biasanya suprise pc tuh terakhiran gasih nder? kaya aespa tango sama newjeans indomie;1,95E+18;;callmeyexia;in;;0;0;0;https://x.com/undefined/status/1947045249475571963;1,43E+18;
1,94E+18;Thu Jul 10 06:44:22 +0000 2025;0;@Xiaotinng Iyaa dong! Siapa yang engga suka sama mie coba? Biasanya sih shin ramyeon tapi kalo lagi pengen yg goreng tuh dah jelas yah apalagi kalo si Indomie goreng original yg jumbo itu! Biar puas makannya;1,94E+18;;Xiaotinng;in;;0;0;0;https://x.com/undefined/status/1943199601538011136;571441026;
1,94E+18;Thu Jul 10 05:49:00 +0000 2025;0;#s masih ada yang cari ini gak ya? postcard newjeans x indomie https://t.co/r1IQseIJbX;1,94E+18;https://pbs.twimg.com/media/GveVETSagAA0Rtd.jpg;;in;;0;0;0;https://x.com/undefined/status/1943185669779763711;4480397414;
1,94E+18;Wed Jul 09 09:41:53 +0000 2025;0;haruskah aku nanyain stok mister potato ke mas mas indomaret yg kebetulan aku save nomornya gara2 indomie newjeans waktu ntu;1,94E+18;;;in;;0;0;0;https://x.com/undefined/status/1942881888349442291;1,78E+18;
1,94E+18;Wed Jul 09 07:56:21 +0000 2025;0;#s yuk di beli poscard stande set newjeans indomie nyaaa https://t.co/ud2Fj4SNOv;1,94E+18;https://pbs.twimg.com/media/GvZonAwWYAABMPd.jpg;;in;;0;0;0;https://x.com/undefined/status/1942855329555046547;1,87E+18;
1,94E+18;Wed Jul 09 07:01:04 +0000 2025;0;indomie varian seblak tori miso sama spicy ramyeon tuh kenapa enak banget ya? cinta;1,94E+18;;;in;;0;0;0;https://x.com/undefined/status/1942841414418850202;1,11E+18;
1,94E+18;Wed Jul 09 04:47:15 +0000 2025;0;guys kmrin ak coba masak indomie kari ayam sm enoki turns out egk cocok :// mungkin pairnya hrus sama shin ramyeon atau samyang kali ya not for local noodle ;1,94E+18;;;in;;0;1;0;https://x.com/undefined/status/1942807740679872636;1,52E+18;
1,94E+18;Tue Jul 08 14:40:08 +0000 2025;0;@R_Andika4 @InfinixIndo @axioo_id Wajar itu mah Newjeans jg ga makan Indomie.;1,94E+18;;R_Andika4;in;;0;0;0;https://x.com/undefined/status/1942594555246977057;1,89E+18;
1,94E+18;Mon Jul 07 15:44:01 +0000 2025;0;aku pengen indomie.. gara tadi liat eps kak hee bikin ramyeon cloud nya itu jirr.. di yg acara heejay sama hyel s club besok ws tak nyetok ramyeon.. mau bikin cloud ramyeon kak hee ;1,94E+18;;;in;;0;1;0;https://x.com/undefined/status/1942248246329618697;1,12E+18;
1,94E+18;Mon Jul 07 06:14:00 +0000 2025;0;@ashelasalsa @pedestrianSCBD @saouvysz ga kaya kertas photo indomie newjeans sal?;1,94E+18;;ashelasalsa;in;;0;0;0;https://x.com/undefined/status/1942104796661756292;1,03E+18;
1,94E+18;Sun Jul 06 09:28:32 +0000 2025;0;@wonyeongo Yg indomie collab new jeans itu enakk loh tpi itu ramyeon sih ;1,94E+18;;wonyeongo;in;;0;1;0;https://x.com/undefined/status/1941791363059827166;1,81E+18;
1,94E+18;Sun Jul 06 04:21:12 +0000 2025;0;@bxbmfss gue gabut nih ramyeon meokgo gallae? (abis masak indomie);1,94E+18;;bxbmfss;in;;0;0;0;https://x.com/undefined/status/1941714019565355248;1,51E+18;
1,94E+18;Fri Jul 04 14:37:07 +0000 2025;0;@gelysiaaaaa @tanyakanrl indomie ramen series yang biru kak spicy ramyeon..;1,94E+18;;gelysiaaaaa;in;;0;0;0;https://x.com/undefined/status/1941144243449569607;1,24E+18;
1,94E+18;Fri Jul 04 13:56:10 +0000 2025;0;gwe dah makan 3x tp nonton mereka pada makan ramyeon jd pngen indomie (tahan tahan);1,94E+18;;;in;;0;0;0;https://x.com/undefined/status/1941133938573066523;1,54E+18;
1,94E+18;Thu Jul 03 15:57:29 +0000 2025;0;Tapi indomie spicy ramyeon sama mie gaga kuah yang level 5 itu enak kalau masaknya dikasih sayur yang banyaaak! Boleh sayur apa aja. Aku pernah pakai daun singkong sawi dan keciwis aman bgt rasanya...;1,94E+18;;jiwanyaaa;in;;0;1;0;https://x.com/undefined/status/1940802081163731354;1,31E+18;
1,94E+18;Thu Jul 03 11:38:51 +0000 2025;0;WTS NewJeans Mini Postcard (Indomie Ver.) Kondisi: Baru (sealed) Versi: Indomie Collab Harga: 18k + packaging Lokasi: Depok kirim via ekspedisi Minat? DM #wts #newjeans #indomie #indomienewjeans #newjeans #wts https://t.co/v4dxCNXlv7;1,94E+18;https://pbs.twimg.com/media/Gu7h_c0awAAXq9e.jpg;;in;;0;0;0;https://x.com/undefined/status/1940736995258736896;8,04E+17;
1,94E+18;Wed Jul 02 11:41:50 +0000 2025;78;njf! haloo bunnies aku boleh minta tolong bantu isi kuesioner aku ga yaaa? skripsi aku bahas tentang pengaruh newjeans sebagai BA Indomie nihh. buat pertanyaan awal jawab ya aja yaa biar bisa lanjut ke pertanyaan selanjutnya. maaciii banyak https://t.co/pfT5EYKSdR https://t.co/ziyF9cBXMq;1,94E+18;https://pbs.twimg.com/media/Gu2ZF5VWwAAs5Lo.jpg;;in;;2;18;29;https://x.com/undefined/status/1940375358261584059;1,57E+18;
1,94E+18;Tue Jul 01 08:13:07 +0000 2025;1;indomie spicy ramyeon pedes bgt faaaak. ini lebih pedes dari gekikara ramen. rasanya sih mirip2. tapi pedesnya pedesan ini. sampe ingusan idungku. kalo gekikara ramen pedesnya di ending aja https://t.co/ize2Fh1bSe;1,94E+18;https://pbs.twimg.com/media/Guwfu5DXYAA0OH5.jpg;;in;;0;3;0;https://x.com/undefined/status/1939960444816400576;1,26E+18;
1,94E+18;Tue Jul 01 03:31:58 +0000 2025;1;Pepero indomie dulu di kota gue yang terbilang kecil juga ada muka newjeans terpampang di banner mcd;1,94E+18;;;in;;0;0;0;https://x.com/undefined/status/1939889692033568933;1,82E+18;
1,94E+18;Mon Jun 30 13:52:47 +0000 2025;1;Aku pengen makan indomie goreng jdnya setelah liat iklan indomie bareng newjeans. Tp td siang baru makan mie pecel HIDEANDSIS FIRST EP #HideAndSisEP1;1,94E+18;;;in;;0;0;1;https://x.com/undefined/status/1939683538057773087;1,25E+18;
1,94E+18;Mon Jun 30 12:16:54 +0000 2025;5;bro belum liat billboard newjeans indomie yang mukanya segede gaban di kabupaten;1,94E+18;;;in;;0;0;0;https://x.com/undefined/status/1939659408398794765;1,11E+18;
1,94E+18;Mon Jun 30 05:06:34 +0000 2025;0;jujur after tastenya indomie rose ramyeon itu gak cocok bgt di lidah gw....;1,94E+18;;;in;;0;0;0;https://x.com/undefined/status/1939551109728567491;1,73E+18;
1,94E+18;Sat Jun 28 04:18:50 +0000 2025;0;@prayuyal Iyaa ya lg hiatus itu eh mereka kalah di pengadilan ya huhu bner2 ni hybe. Aku ga pernah merhatiin iklan indomie newjeans sih tp barangnya kan masih dijual kalo ga salah si hehe;1,94E+18;;prayuyal;in;;0;0;0;https://x.com/undefined/status/1938814321590706573;120101857;
1,94E+18;Sat Jun 28 02:56:53 +0000 2025;0;@ngalamfess indomie spicy ramyeon! bumbunya dulu nanti lek wes agak blebek-blebek masuk telur diaduk biar pecah terakhir mienya. enaak pol!!!;1,94E+18;;ngalamfess;in;;0;0;0;https://x.com/undefined/status/1938793699863076981;1,10E+18;
1,94E+18;Fri Jun 27 15:35:02 +0000 2025;0;Mending masak ramyeon/Indomie ya‍️;1,94E+18;;;in;;0;2;0;https://x.com/undefined/status/1938622106776027161;1,49E+18;
1,94E+18;Fri Jun 27 05:35:50 +0000 2025;0;@notCarasuma Aku pernah coba ramyeon tapi gak inget merk apa dan menurutku indomie mie aceh masih lebih pedes ;1,94E+18;;notCarasuma;in;;0;0;0;https://x.com/undefined/status/1938471310226821420;1,18E+18;
1,94E+18;Thu Jun 26 13:53:11 +0000 2025;0;Indomie ramyeon yg biru enak bgt ;1,94E+18;;;in;;0;0;0;https://x.com/undefined/status/1938234084922429886;1,93E+18;
1,94E+18;Wed Jun 25 18:05:18 +0000 2025;0;sumpaaa indomie ramyeon yg varian Minjii enak bgttt jadi kepo yg varian Hanni yang Danielle gaenak skip https://t.co/Xz2wHgAV8W;1,94E+18;https://pbs.twimg.com/media/GuTtvVCbEAEvVVS.jpg;;in;;0;0;0;https://x.com/undefined/status/1937935143756566958;1,53E+18;
1,94E+18;Wed Jun 25 12:17:41 +0000 2025;0;1. Indomie soto special 2. Indomie goreng 3. Indomie ramyeon yg biru 4. Samyang carbonara 5. Mie sedaap kari special;1,94E+18;;;in;;0;0;0;https://x.com/undefined/status/1937847664131100796;204256340;
1,94E+18;Wed Jun 25 10:03:10 +0000 2025;0;@justfor_gyu Makan indomie spicy ramyeon pake telor + keju no debat;1,94E+18;;justfor_gyu;in;;0;0;0;https://x.com/undefined/status/1937813814185255321;1,83E+18;
1,94E+18;Wed Jun 25 08:44:46 +0000 2025;0;tiap iklan indomie x newjeans lewat di tv atau yt kiamat mundur sehari;1,94E+18;;;in;;0;0;0;https://x.com/undefined/status/1937794084187594849;1,03E+18;
1,94E+18;Tue Jun 24 17:06:09 +0000 2025;0;makan indomie sambil nangis krn tanggal tua dan keinget newjeans;1,94E+18;;;in;;0;0;0;https://x.com/undefined/status/1937557874391286062;3011699600;
1,94E+18;Tue Jun 24 14:23:29 +0000 2025;0;aku cinta indomie korea spicy ramyeon;1,94E+18;;;in;;0;1;0;https://x.com/undefined/status/1937516936088408228;1,84E+18;
1,94E+18;Sun Jun 22 14:45:14 +0000 2025;0;@matapandaan pake indomie kuah juga enak bngt ((gasuka ramyeon));1,94E+18;;matapandaan;in;;0;2;0;https://x.com/undefined/status/1936797632187572381;1,41E+18;
1,94E+18;Sun Jun 22 11:39:11 +0000 2025;0;@coupsbongie Indomie korean series yg spicy ramyeon;1,94E+18;;coupsbongie;in;;0;1;0;https://x.com/undefined/status/1936750811281052147;1,16E+18;
1,94E+18;Sat Jun 21 04:31:16 +0000 2025;0;sumpah lucu bangettt papaku tanda danielle newjeans gara-gara iklan indomie ;1,94E+18;;;in;;0;1;0;https://x.com/undefined/status/1936280737726316840;1,24E+18;
1,94E+18;Sat Jun 21 03:51:23 +0000 2025;0;hii indomie lovers~ *WTS SPESIAL PROMO* yg masih ready: indomie soto koya dower indomie soto koya nagih indomie goreng indomie korean series ~ spicy ramyeon ~ fiery chikin harga start 3k an yaa free delivery area tembalang min order 15k pengiriman senin https://t.co/l78jMHGozb;1,94E+18;https://pbs.twimg.com/media/Gt8D8DnXgAA9p1w.jpg;;in;;0;0;0;https://x.com/undefined/status/1936270697845997847;1,88E+18;
1,94E+18;Fri Jun 20 18:44:04 +0000 2025;0;Indomie spicy ramyeon sm tori kara enakan mana yah;1,94E+18;;;in;;0;1;0;https://x.com/undefined/status/1936132963122790543;1,06E+18;
1,94E+18;Fri Jun 20 05:52:27 +0000 2025;0;cita cita gw nikah sama indomie spicy ramyeon;1,94E+18;;;in;;0;0;0;https://x.com/undefined/status/1935938778855883049;1,58E+18;
1,94E+18;Fri Jun 20 03:53:25 +0000 2025;0;@undipmfs hii indomie lovers~ *WTS SPESIAL PROMO* yg masih ready: indomie soto koya dower indomie soto koya nagih indomie goreng indomie korean series ~ spicy ramyeon ~ fiery chikin harga start 3k an yaa free delivery area tembalang min order 15k pengirim;1,94E+18;https://pbs.twimg.com/media/Gt26zv_WoAAbx7x.jpg;undipmfs;in;;0;0;0;https://x.com/undefined/status/1935908823191240810;1,88E+18;
1,94E+18;Fri Jun 20 03:51:44 +0000 2025;0;hii indomie lovers~ *WTS SPESIAL PROMO* yg masih ready: indomie soto koya dower indomie soto koya nagih indomie goreng indomie korean series ~ spicy ramyeon ~ fiery chikin harga start 3k an yaa free delivery area tembalang min order 15k pengiriman senin https://t.co/gY17vXZ60p;1,94E+18;https://pbs.twimg.com/media/Gt26bC7XMAAzgia.jpg;;in;;0;0;0;https://x.com/undefined/status/1935908399394570611;1,88E+18;
1,94E+18;Thu Jun 19 15:07:54 +0000 2025;1;Ceritanya habis belanja bulanan pas bayar dikasih postcard newjeans pdhl gue beli indomie nya bukan korean edition. Mana warna framenya carat coded bgt ntar aku mau print postcard seventeen ahh trus pajang di situ xixi sementara pake foto dede2 newjeans dulu https://t.co/rvTnSqmzfu;1,94E+18;https://pbs.twimg.com/media/Gt0LkzlWsAAivBM.jpg;;in;;0;1;0;https://x.com/undefined/status/1935716173762679244;1,27E+18;
1,94E+18;Thu Jun 19 03:57:58 +0000 2025;0;hii indomie lovers~ *WTS SPESIAL PROMO* yg masih ready: indomie soto koya dower indomie soto koya nagih indomie goreng indomie korean series ~ spicy ramyeon ~ fiery chikin harga start 3k an yaa exp sampai 2026 free delivery area tembalang min order 15k https://t.co/C7a4WZYI0C;1,94E+18;https://pbs.twimg.com/media/GtxyRBmaAAAeU1t.jpg;;in;;0;0;0;https://x.com/undefined/status/1935547579108130927;1,88E+18;
1,94E+18;Wed Jun 18 05:36:53 +0000 2025;0;indomie ayam bawang mi sedap white curry wonhae cheese ramyeon;1,94E+18;;;in;;0;0;0;https://x.com/undefined/status/1935210087452393837;1,25E+18;
1,94E+18;Wed Jun 18 03:15:38 +0000 2025;0;hii indomie lovers~ *WTS SPESIAL PROMO* yg masih ready: indomie soto indomie goreng indomie korean series ~ spicy ramyeon ~ fiery chikin harga start 3k an yaa exp sampai 2026 baru banget dateng dari pabrik nii free delivery area tembalang min order 15k https://t.co/rdJElYz4Y1;1,94E+18;https://pbs.twimg.com/media/Gtse-6faYAANYM3.jpg;;in;;0;0;0;https://x.com/undefined/status/1935174539631362082;1,88E+18;
1,94E+18;Wed Jun 18 03:11:29 +0000 2025;0;@undipmfs hii indomie lovers~ *WTS SPESIAL PROMO* yg masih ready: indomie soto indomie goreng indomie korean series ~ spicy ramyeon ~ fiery chikin harga start 3k an yaa exp sampai 2026 baru banget dateng dari pabrik nii free delivery area tembalang min or;1,94E+18;https://pbs.twimg.com/media/GtseCAnaQAA_-nX.jpg;undipmfs;in;;0;0;0;https://x.com/undefined/status/1935173492984660220;1,88E+18;
1,94E+18;Wed Jun 18 01:39:06 +0000 2025;0;@undipmfs hii indomie lovers~ *WTS SPESIAL PROMO* yg masih ready: indomie soto indomie goreng indomie korean series ~ spicy ramyeon ~ fiery chikin harga start 3k an yaa exp sampai 2026 free delivery area tembalang min order 15k pengirimannya mulai besok k;1,94E+18;https://pbs.twimg.com/media/GtsI4kNaEAAdHqG.jpg;undipmfs;in;;0;0;0;https://x.com/undefined/status/1935150243785617581;1,88E+18;
1,93E+18;Mon Jun 16 03:44:37 +0000 2025;0;@aaleshals Halo Kak untuk Indomie Korean Ramyeon Series varian K-Rose memang tidak ada minyaknya Jadi yang Kakak miliki sudah sesuai ya. Jika menginginkan yang ada minyaknya Kakak bisa mencoba varian Fiery Chikin ;1,93E+18;;aaleshals;in;;0;0;0;https://x.com/undefined/status/1934457055584370952;284428760;
1,93E+18;Sun Jun 15 12:59:29 +0000 2025;0;@FFOODFESS Shin ramyeon indomie yg baru yg ramyeon itu juga enak;1,93E+18;;FFOODFESS;in;;0;0;0;https://x.com/undefined/status/1934234306408517637;1160288978;
1,93E+18;Sun Jun 15 12:33:09 +0000 2025;0;indomie spicy ramyeon + keju https://t.co/FcosJz26bJ;1,93E+18;https://pbs.twimg.com/media/GtfB0WpbEAAWq9b.jpg;;in;;0;0;0;https://x.com/undefined/status/1934227680687518092;1,11E+18;
1,93E+18;Sun Jun 15 10:14:38 +0000 2025;2;#wts postcard Indomie x Newjeans bisa ambil satu set atau per member https://t.co/PA3csf0Jd3;1,93E+18;https://pbs.twimg.com/media/GteiHAVacAELRAX.jpg;;in;;0;0;1;https://x.com/undefined/status/1934192818563760619;1,05E+18;
1,93E+18;Sun Jun 15 10:13:11 +0000 2025;3;wts Postcard Indomie x NewJeans bisa ambil satu set atau permember #wts #zonajajan️️ #zonauang️ #indomie #NewJeans #indomiexnewjeans #pc #POSTCARD #photocard #kpop #kpoptwt https://t.co/GrKYWWB9bP;1,93E+18;https://pbs.twimg.com/media/GtehyFeasAAze6d.jpg;;in;;0;0;2;https://x.com/undefined/status/1934192455525798139;1,05E+18;
1,93E+18;Sun Jun 15 03:28:24 +0000 2025;0;hii indomie lovers~ WTS SPESIAL PROMO indomie soto indomie ayam bawang indomie ayam sepesial indomie goreng indomie korean series (coming soon) ~ spicy ramyeon ~ fiery chikin harga start 3k an yaa exp sampai 2026 free delivery area tembalang min order 15k https://t.co/LAYhFK5KHH;1,93E+18;https://pbs.twimg.com/media/GtdFIUlbcAAURXq.jpg;;in;;0;1;0;https://x.com/undefined/status/1934090586212159642;1,88E+18;
1,93E+18;Sun Jun 15 03:08:51 +0000 2025;0;@undipmfs hii indomie lovers~ WTS SPESIAL PROMO indomie soto indomie ayam bawang indomie ayam sepesial indomie goreng indomie korean series (coming soon) ~ spicy ramyeon ~ fiery chikin harga start 3k an yaa exp sampai 2026 free delivery area tembalang min;1,93E+18;https://pbs.twimg.com/media/GtdAqGYbEAAcqSs.jpg;undipmfs;in;;0;0;0;https://x.com/undefined/status/1934085669615517892;1,88E+18;
1,93E+18;Sat Jun 14 12:07:17 +0000 2025;0;@BurstMinji Indomie goreng ori Indomie soto mie dan Nongshim Shin Ramyeon kalau dd apaaa?;1,93E+18;;BurstMinji;in;;0;1;0;https://x.com/undefined/status/1933858782045688188;7,81E+17;
1,93E+18;Sat Jun 14 08:36:38 +0000 2025;1;i indomie lovers~ *WTS SPESIAL PROMO* yg masih ready: indomie soto indomie ayam bawang indomie goreng indomie korean series (coming soon) ~ spicy ramyeon ~ fiery chikin harga start 3k an yaa exp sampai 2026 https://t.co/h54o6NkfS1;1,93E+18;https://pbs.twimg.com/media/GtZCFu-bkAEZtoZ.jpg;;in;;0;0;0;https://x.com/undefined/status/1933805768308043929;1,88E+18;
1,93E+18;Sat Jun 14 03:59:34 +0000 2025;0;hii indomie lovers~ *WTS* yg masih ready: indomie soto indomie soto sepesial indomie ayam bawang indomie ayam sepesial indomie goreng indomie korean series ~ spicy ramyeon ~ fiery chikin harga start 3k an yaa exp sampai 2026 https://t.co/hqY37frD1R;1,93E+18;https://pbs.twimg.com/media/GtYCrV3bMAEkVT1.jpg;;in;;0;0;0;https://x.com/undefined/status/1933736043356041656;1,88E+18;
1,93E+18;Fri Jun 13 16:11:46 +0000 2025;0;Nyobain omoide mi udon engga zonk sih tp buat kaum mendang mending kyk gue mau beli lg ya mikir banyak. Ft daging qurban dan cabe yg selalu di hati Bisa dipake beli 2 indomie spicy ramyeon so far mi yg varian aneh2 si spicy ramyeon ini best bahkan si tori kara kalah. https://t.co/XMGPeNCJAM;1,93E+18;https://pbs.twimg.com/media/GtVgqS-bMAEE8pg.jpg;;in;;0;0;0;https://x.com/undefined/status/1933557919184007499;1,29E+18;
1,93E+18;Fri Jun 13 14:53:12 +0000 2025;0;Kalo ga berkasus udah ada fanmeet Indomie x NewJeans kali ya ;1,93E+18;;;in;;0;1;0;https://x.com/undefined/status/1933538145875997126;78568379;
1,93E+18;Fri Jun 13 10:08:40 +0000 2025;0;indomie rendang aceh spicy ramyeon;1,93E+18;;;in;;0;0;0;https://x.com/undefined/status/1933466542085447890;1,64E+18;
1,93E+18;Fri Jun 13 08:12:54 +0000 2025;0;hii indomie lovers~ WTS yg masih ready: indomie soto indomie soto sepesial indomie ayam bawang indomie ayam sepesial indomie goreng indomie korean series ~ spicy ramyeon ~ fiery chikin harga start 3k exp sampai 2026 free delivery tembalang min order 15k https://t.co/4sLaimd1kN;1,93E+18;https://pbs.twimg.com/media/GtTzEeGaUAA2v8w.jpg;;in;;0;0;0;https://x.com/undefined/status/1933437408508539319;1,88E+18;
1,93E+18;Thu Jun 12 16:10:26 +0000 2025;0;@sandelweis btw anomali ini yang ngebikin sama ngedirect voice di iklan Indomie x NewJeans;1,93E+18;;sandelweis;in;;0;0;0;https://x.com/undefined/status/1933195197120471102;440403571;
1,93E+18;Thu Jun 12 13:38:53 +0000 2025;0;Indomie ramyeon rose ga enak bener bener ga kemakan ;1,93E+18;;;in;;0;1;0;https://x.com/undefined/status/1933157058054123739;1,39E+18;
1,93E+18;Thu Jun 12 12:58:56 +0000 2025;0;Indomie original indomie sambal matah indomie yang x newjeans itu;1,93E+18;;;in;;0;0;0;https://x.com/undefined/status/1933147003170791763;1,88E+18;
1,93E+18;Thu Jun 12 12:18:00 +0000 2025;0;@munvess hello.. aku lagi suka banget sama indomie yang varian korean ramyeon;1,93E+18;;munvess;in;;0;1;0;https://x.com/undefined/status/1933136701519704427;1,93E+18;
1,93E+18;Wed Jun 11 08:35:16 +0000 2025;1;@awkhaaay @_mardial_ BGM iklan Indomie x Newjeans beliau yg garap;1,93E+18;;awkhaaay;in;;0;0;0;https://x.com/undefined/status/1932718264054133218;321328094;
1,93E+18;Wed Jun 11 05:22:40 +0000 2025;0;gue cm beli indomie.... #NewJeans https://t.co/Nbf9RRAydZ;1,93E+18;https://pbs.twimg.com/media/GtI47evbMAAbmCE.jpg;;in;;0;0;0;https://x.com/undefined/status/1932669792747728951;1,06E+18;
1,93E+18;Tue Jun 10 17:30:06 +0000 2025;1;@renebxebxe bagus bgt sih aslinya emg ga salah indomie pilih new jeans *NJZ (MHDHH)@Indomielovers #NJZ #NewJeans #MHDHH;1,93E+18;;renebxebxe;in;;0;1;1;https://x.com/undefined/status/1932490470359539893;1,35E+18;
1,93E+18;Tue Jun 10 04:35:31 +0000 2025;329;newjeans indomie baemon good day lambung gue sbg bunnies &amp;;;;;;;;;;;
1,93E+18;Tue Jun 10 03:32:24 +0000 2025;1;@minjejeong @undipmfs indomie newjeans berapaan kaak;1,93E+18;;minjejeong;in;;0;1;0;https://x.com/undefined/status/1932279656486732010;1,23E+18;
1,93E+18;Tue Jun 10 02:22:46 +0000 2025;0;@munvess Mie Aceh enak sender cuman kalau kamu mau selain Indomie aku sukanya Shin Ramyeon yang stir fry seri! Enak semuaaa. Aku paling suka yang Gourmet Spicy.;1,93E+18;;munvess;in;;0;0;0;https://x.com/undefined/status/1932262129555648942;2508616250;
1,93E+18;Mon Jun 09 14:53:22 +0000 2025;0;@ccesic @jivsal Ada manisnya dikit tapi banyak pedasnyaa aku sukaa soalnya katanya kan itu dupe nya shin ramyeon nah ini yang indomie rasanya lebih masuk di lidahku ;1,93E+18;;ccesic;in;;0;0;0;https://x.com/undefined/status/1932088639271649769;1440304772;
1,93E+18;Mon Jun 09 07:32:34 +0000 2025;0;bokap gua beli banyak indomie sampe dikasih postcard newjeans dari indomaret ;1,93E+18;;;in;;0;1;0;https://x.com/undefined/status/1931977706016833609;1,39E+18;
1,93E+18;Mon Jun 09 06:12:41 +0000 2025;0;Halo ada yang bersedia aku wawancara yang pernah ikut fan event kayak carat having fun carat go healthy carat beach party bts monochrom newjeans bunnyland newjeans indomie allo bank project Enhypen Fate Plus The City Jakarta dll buat tugas akhir aku ? please ;1,93E+18;;;in;;0;0;1;https://x.com/undefined/status/1931957602793173284;1,58E+18;
1,93E+18;Mon Jun 09 01:47:37 +0000 2025;0;Jd kmrn aku nonton nana bnb yg eps 2. Lalu lalu laluuuu ak lapar sekali melihat mereka masak dan mamam Akhirnya dengan bodohnya aku masak indomie yg spicy ramyeon tapi versi cup. Itukan enak dan pedas. Gws perut.;1,93E+18;;;in;;0;0;0;https://x.com/undefined/status/1931890898306302332;536253118;
1,93E+18;Sun Jun 08 23:31:16 +0000 2025;0;adiknya temen gue tuh yg menang tender indomie x newjeans. jd dia ke korea buat ngedirect newjeans ngiklanin indomie. katanya anak2 newjeans tuh unyu2 bocip gt lho wkwk gemes banget.;1,93E+18;;;in;;0;0;0;https://x.com/undefined/status/1931856583941837116;136943140;
1,93E+18;Sun Jun 08 19:13:29 +0000 2025;0;indomie spicy ramyeon ini enak juga ya;1,93E+18;;;in;;0;1;0;https://x.com/undefined/status/1931791711925403935;1,00E+18;
1,93E+18;Sun Jun 08 03:05:15 +0000 2025;1;@undipmfs hii indomie lovers~ WTS yg masih ready: indomie soto indomie soto sepesial indomie ayam bawang indomie ayam sepesial indomie goreng indomie goreng jumbo indomie goreng jumbo rendang indomie korean series ~ k-rose ~ spicy ramyeon ~ fiery chikin h;1,93E+18;https://pbs.twimg.com/media/Gs48tbBa4AA44BX.jpg;undipmfs;in;;0;2;0;https://x.com/undefined/status/1931548048687296716;1,88E+18;
1,93E+18;Sat Jun 07 12:33:01 +0000 2025;0;ramyeon mingyu dibikin pake indomie tuh bisa ngga ya dhdhhsjsjd tbtb kepengen ramyeon mingyu tp cuma ada indomie kuah terlalu malas untuk jalan ke alfa;1,93E+18;;;in;;0;0;0;https://x.com/undefined/status/1931328541687496989;7,98E+17;
1,93E+18;Sat Jun 07 08:06:22 +0000 2025;0;@jivsal yg satu tori misoo yg satu yg spicy ramyeon gituu. indomie semua :3;1,93E+18;;jivsal;in;;0;2;0;https://x.com/undefined/status/1931261438875832390;2364989947;
1,93E+18;Fri Jun 06 15:53:05 +0000 2025;1;@kkruuby Bener banget skskskk waktu itu aku nonton its ngeliat mingyu masak ramyeon jadi ikutan masak indomie 3 bungkus ;1,93E+18;;kkruuby;in;;0;0;0;https://x.com/undefined/status/1931016504520429683;1,31E+18;
1,93E+18;Thu Jun 05 09:26:42 +0000 2025;1;@tanyarlfes Aku suka modelan kuah kek gini pedes gurih asin nder. Kadang shin ramyun kadang indomie spicy ramyeon. https://t.co/KFdTIFVKiS;1,93E+18;https://pbs.twimg.com/media/Gsq3PeqaoAARYl4.jpg;tanyarlfes;in;;0;0;0;https://x.com/undefined/status/1930556876691030085;1,59E+18;
1,93E+18;Thu Jun 05 06:00:47 +0000 2025;1;@tanyarlfes indomie ramyeon yg warna biru GA BOONG RASANYA PERSIS RAMYEON CUMA VER INDO JADI DI LIDAH GUE PAS AJA GITUU;1,93E+18;;tanyarlfes;in;;0;0;0;https://x.com/undefined/status/1930505056115396734;1,72E+18;
1,93E+18;Thu Jun 05 04:48:04 +0000 2025;0;@tanyarlfes No debat sekarang kalau ke hypermart belanja bulanan mie yg dibeli 2 ini.. Mie Gaga Lada Hitam sama Indomie Spicy Ramyeon https://t.co/CVj6fSZQYL;1,93E+18;https://pbs.twimg.com/media/Gsp3SXSasAEyhv5.jpg;tanyarlfes;in;;0;0;0;https://x.com/undefined/status/1930486758065709499;573264515;
1,93E+18;Thu Jun 05 00:09:02 +0000 2025;0;@tanyarlfes indomie mie instant premium korean spicy ramyeon 3 varian semuanya enak sih cuman yang paling enak menurutku ini;1,93E+18;;tanyarlfes;in;;0;0;0;https://x.com/undefined/status/1930416538433270095;2166167010;
1,93E+18;Wed Jun 04 15:56:02 +0000 2025;0;@ranahbingkuang @strootsys Lebih ajaib kalau di bawahnya lagi ada iklan indomie newjeans.;1,93E+18;;ranahbingkuang;in;;0;0;0;https://x.com/undefined/status/1930292469700407647;1,24E+18;
1,93E+18;Wed Jun 04 13:42:26 +0000 2025;0;mie goreng: indomie rendang mie sedap korean spicy chicken mie kuah: indomie korean spicy ramyeon mie sedap white curry honorable mention: wow spageti carbonara &amp;;;;;;;;;;;
1,93E+18;Wed Jun 04 11:35:20 +0000 2025;0;@tanyarlfes Indomie x newjeans yg biru;1,93E+18;;tanyarlfes;in;;0;0;0;https://x.com/undefined/status/1930226860841197617;1,38E+18;
1,93E+18;Wed Jun 04 09:56:49 +0000 2025;0;bulddak ramyeon yg bungkus item super pedes sama carbonara neoguri shin ramen rasa jamur smaa udang gekikara ramen yg bungkus item indomie ramen premium collection yg rasa takoyaki dan tori miso ;1,93E+18;;;in;;0;0;0;https://x.com/undefined/status/1930202069174235570;289906628;
1,93E+18;Wed Jun 04 09:05:39 +0000 2025;0;INDOMIE SPICY RAMYEON JUARAAA POKONYAAA;1,93E+18;;;in;;0;0;0;https://x.com/undefined/status/1930189191650128328;2872180999;
1,93E+18;Wed Jun 04 08:53:22 +0000 2025;0;@tanyarlfes Nissin gekikara kuah sama goreng enak semua minusnya agak lebih mahal tapi ttep kubeli. Sama akhir-akhir ini suka beli indomie korean spicy ramyeon;1,93E+18;;tanyarlfes;in;;0;0;0;https://x.com/undefined/status/1930186104101318747;1,11E+18;
1,93E+18;Wed Jun 04 08:42:45 +0000 2025;0;@tanyarlfes Indomie goreng cabe ijo tapi sayangnya dah ga pernah nemu d sulawesi selatan indomie spicy ramyeon juga enak;1,93E+18;;tanyarlfes;in;;0;0;0;https://x.com/undefined/status/1930183429947306479;1,21E+18;
1,93E+18;Wed Jun 04 07:51:49 +0000 2025;0;@tanyarlfes Sedaap laksa singapur yg spicyyy sedaap goreng ayam bakar limau mie gaga Indomie tori kara spicy ramyeon;1,93E+18;;tanyarlfes;in;;0;0;0;https://x.com/undefined/status/1930170612510798019;1,07E+18;
1,93E+18;Wed Jun 04 07:27:04 +0000 2025;1;@tanyarlfes indomie aceh indomie rendang indomie mi keriting indomie spicy ramyeon indomie fiery chikin sm indomie tori miso enak polll;1,93E+18;;tanyarlfes;in;;0;0;0;https://x.com/undefined/status/1930164384652771356;1,09E+18;
1,93E+18;Wed Jun 04 04:40:35 +0000 2025;0;@chorong2x wkwkwkw betul enakan indomie tori miso maksudnya yang sejenis kuahnya itu kan. Tapi yang korean ramyeon juga enak ;1,93E+18;;chorong2x;in;;0;1;0;https://x.com/undefined/status/1930122488887029817;7,31E+17;
1,93E+18;Wed Jun 04 04:16:28 +0000 2025;0;@gimochiii Wkwkwkwk mantap gi aku jadi ikut ngebayangin rasanya jadi kesimpulannya mending beli yg asli atau kalau mau mie instant mending ramyeon indomie yak ;1,93E+18;;gimochiii;in;;0;1;0;https://x.com/undefined/status/1930116417720078708;1,04E+18;
1,93E+18;Tue Jun 03 13:40:30 +0000 2025;0;@A_FionyJKT48 Goreng: best wok original samyang rose indomie goreng Kuah: shin ramyeon original mie sedaap kaldu ayam spesial;1,93E+18;;A_FionyJKT48;in;;0;0;0;https://x.com/undefined/status/1929895973540770190;1,65E+18;
1,93E+18;Tue Jun 03 13:31:33 +0000 2025;0;@chorong2x duh aku g pinter repiu zi tp yaaaa gabisa dibandingin sm yg asli si namanya juga instan. Aku tuh lebih suka shoyu dibanding ekstrim jadi tadi tuh keknya aku pake bubuk lemonnya kebanyakan jd rasanya asem gitu wkwwkkw rasanya asin gurih asem aja;1,93E+18;;chorong2x;in;;0;1;0;https://x.com/undefined/status/1929893719366610981;7,31E+17;
1,93E+18;Tue Jun 03 06:43:57 +0000 2025;0;indomie k-series yg hanguk ramyeon ini pedes bener buat aku... lebih pedes daripada shin ramyeon nongshim;1,93E+18;;;in;;0;0;0;https://x.com/undefined/status/1929791146181738600;104410124;
1,93E+18;Tue Jun 03 02:28:26 +0000 2025;3;Awokwwowkwok emak nanyain Erine habis nonton iklan Indomie newjeans. Emak : kok di hp kamu ga ada yang kayak mereka (karena wa pake foto Intun). Gw : oh itu orang Bogor. Emak : terus yang cina-cina itu mana? Siapa namanya? Gw : ....... Lanjut makan Uli ️;1,93E+18;;;in;;0;1;0;https://x.com/undefined/status/1929726842585702560;2246898924;
1,93E+18;Sun Jun 01 11:20:31 +0000 2025;0;every papa as my favorite insutanto ramen: primo buldak jjajang. secondo shin ramyeon. terzo indomie seblak. copia sedaap korean cheese buldak. perpy sedaap singapore spicy laksa.;1,93E+18;;;in;;0;1;0;https://x.com/undefined/status/1929135971888488949;1,52E+18;
1,93E+18;Sat May 31 14:59:38 +0000 2025;0;@jerukjepang indomie udah sama newjeans;1,93E+18;;jerukjepang;in;;0;0;0;https://x.com/undefined/status/1928828722766815635;83586867;
1,93E+18;Sat May 31 12:39:40 +0000 2025;0;rehat dl mau beli indomie ramyeon;1,93E+18;;;in;;0;1;0;https://x.com/undefined/status/1928793501182968165;1,30E+18;
1,93E+18;Sat May 31 08:38:36 +0000 2025;0;WTS Postcard Frame + Photo New Jeans x Indomie READY Sealed &amp;;;;;;;;;;;
1,93E+18;Sat May 31 02:44:55 +0000 2025;6;Indomie: Jadikan NewJeans BA kita! Mie Sedaap: Santai kawan kita pakai produk lokal https://t.co/C1yuJe5p7g;1,93E+18;https://pbs.twimg.com/media/GsPrVsVboAAoDEs.jpg;;in;;0;0;2;https://x.com/undefined/status/1928643826669007256;282245805;
1,92E+18;Fri May 30 15:58:43 +0000 2025;0;@ivewonno Pasti sunghoon kan (menjawab dengan nada tidak kegeeran) betul NewJeans seleranya indomie. Apalagi yang bikinnya kamu apa gak melejit harga indomie;1,93E+18;;ivewonno;in;;0;0;0;https://x.com/undefined/status/1928481206351319140;2936358876;
1,93E+18;Thu May 29 13:05:12 +0000 2025;0;Saya menjual 3 SET INDOMIE X NEWJEANS POSTCARD OFFICIAL (NEW/SEGEL) seharga Rp40.000. Ayo beli di Shopee! https://t.co/ZSt7Y200v8;1,93E+18;;;in;;0;0;0;https://x.com/undefined/status/1928075151431606335;841644998;
1,93E+18;Thu May 29 06:27:35 +0000 2025;0;Indomie newjeans yg biru yg versi cup lebih enak ik;1,93E+18;;;in;;0;0;0;https://x.com/undefined/status/1927975087887835214;263603762;
1,93E+18;Wed May 28 02:31:17 +0000 2025;0;@shaquirreloveu nanti siapin indomie telur cabe 2 biji yaa biar nyobain ramyeon versi indo ;1,93E+18;;shaquirreloveu;in;;0;1;0;https://x.com/undefined/status/1927553231443402800;1,70E+18;
1,93E+18;Tue May 27 19:55:10 +0000 2025;0;#NewJeans 8 pcs Bundling 2 Goreng &amp;;;;;;;;;;;
1,93E+18;Tue May 27 14:19:02 +0000 2025;0;@warin @sooink Hihihi happy sekaliiii satu rumah sama DD anin!! Kenalan lagi dari awal sampai sedekat perangko? KOPI TERUSSSS tapi itu Indomie ramyeon kasih bon cabe apa ga makin pedes? Bukannya tanpa bon cabe juga udah pedes banget ya? Aku tim air putih ;1,93E+18;;warin;in;;0;0;0;https://x.com/undefined/status/1927368957062684754;1,55E+18;
1,93E+18;Tue May 27 14:11:50 +0000 2025;0;@warin @sooink Hihihi happy sekaliiii satu rumah sama DD anin!! Kenalan lagi dari awal sampai sedekat perangko? KOPI TERUSSSS tapi itu Indomie ramyeon kasih bon cabe apa ga makin pedes? Bukannya tanpa bon cabe juga udah pedes banget ya? Aku tim air putih ;1,93E+18;;warin;in;;0;0;0;https://x.com/undefined/status/1927367142392975514;1,55E+18;
1,93E+18;Mon May 26 01:36:58 +0000 2025;0;Ada yg mau Indomie harganya 2.800 - 5.000 varian nya sekarang ada cabe ijo Korean series dll bisa co oren yaa aku juga jual postcard baru newjeans isi 7 postcard harga 25k/set detail harga ada dibawah yaa boleh tinggalin jejak dulu exp masih aman semua yaa https://t.co/79ZVkwsIl2;1,93E+18;https://pbs.twimg.com/media/Gr1rzSUXIAAgVoY.jpg;;in;;0;0;0;https://x.com/undefined/status/1926814788883009871;7,64E+17;
1,93E+18;Sun May 25 12:17:00 +0000 2025;0;1. wanpis 2. h2h 3. indomie 4. dimsum 5. shin ramyeon 6. bebek madura 7. nasi goreng 8. gudeg 9. efootball 10. banyak deh;1,93E+18;;;in;;0;1;0;https://x.com/undefined/status/1926613470515953934;1,41E+18;
1,93E+18;Sun May 25 09:15:07 +0000 2025;0;@ayumi_cells lucunya lagi (ini aku baru tau setelah ador mention tim bunnies yg kerjasama sama indomie soal eent newjeans) ternyata di tahun sebelumnya indomie udah hubungin beberapa fanbase newjeans lain dan adain meeting sama mereka. like.. brands lebih;1,93E+18;;onevzaa;in;;0;0;0;https://x.com/undefined/status/1926567696998490567;1,49E+18;
1,93E+18;Fri May 23 22:48:51 +0000 2025;0;@kodeliciouss RILLLL.. Indomie yg ramyeon tori miso sama rose itu enak2 bgtttttttt woiiii;1,93E+18;;sprintevent;in;;0;0;0;https://x.com/undefined/status/1926047703663845862;1,35E+18;
1,93E+18;Fri May 23 07:25:31 +0000 2025;0;Tp varian indomie yg baru2 keluar emg kurang semua si dibandingin sm yg dulu. Kek ramen series ramyeon series trs ada soto koya semuanya kuranggg;1,93E+18;;deep_darkred;in;;0;0;0;https://x.com/undefined/status/1925815341361324529;1,75E+18;
1,93E+18;Fri May 23 07:17:58 +0000 2025;1;@sweetcurze @kodeliciouss Varian spesial indomie emang gila banget natriumnya yang spicy ramyeon kelar makan mulut keset banget berasa nyeruput kuah garem;1,93E+18;;sweetcurze;in;;0;0;0;https://x.com/undefined/status/1925813439936495844;383042998;
1,93E+18;Thu May 22 15:36:09 +0000 2025;0;sama kagetnya kayak pas liat Indomie Newjeans;1,93E+18;;;in;;0;0;0;https://x.com/undefined/status/1925576421931614528;102003336;
1,92E+18;Thu May 22 11:49:45 +0000 2025;0;@vnxsmoke aku baru bikin indomie rose ramyeon enakk;1,93E+18;;;in;;0;0;0;https://x.com/undefined/status/1925519449672884573;1,92E+18;
1,93E+18;Thu May 22 05:30:49 +0000 2025;0;@ramiiwuvu wkwk bener juga tpi indomie korean spicy ramyeon 6k'an;1,93E+18;;ramibaemonina;in;;0;1;0;https://x.com/undefined/status/1925424086928576816;1,54E+18;
1,92E+18;Sat May 17 09:25:59 +0000 2025;0;@cerealcakes Kapan lagi kan makan Indomie ditemenin sama NewJeans gini ;1,92E+18;;cerealcakes;in;;0;0;0;https://x.com/undefined/status/1923671327355138104;2428270723;
1,92E+18;Sat May 17 09:25:37 +0000 2025;0;@cerealcakes Lumayan nih beli Indomie banyak buat stok di kos eh malah dapet postcardnya NewJeans;1,92E+18;;cerealcakes;in;;0;0;0;https://x.com/undefined/status/1923671237303337231;3018658546;
1,92E+18;Sat May 17 09:25:08 +0000 2025;0;@cerealcakes Disini cantik bgt NewJeans nya jadi beli Indomie banyak deh aku;1,92E+18;;cerealcakes;in;;0;0;0;https://x.com/undefined/status/1923671112866726250;1,82E+18;
1,92E+18;Sat May 17 09:24:45 +0000 2025;0;@cerealcakes Ada aja gebrakan Indomie bikin gw pengen bawa pulang postcardnya NewJeans;1,92E+18;;cerealcakes;in;;0;0;0;https://x.com/undefined/status/1923671016590671894;1892839699;
1,92E+18;Sat May 17 09:22:25 +0000 2025;0;@luckyloeyli newjeans + indomie tuh combo paling nggak bisa ditolak ;1,92E+18;;luckyloeyli;in;;0;0;0;https://x.com/undefined/status/1923670432894550488;1,82E+18;
1,92E+18;Sat May 17 09:22:00 +0000 2025;0;@cerealcakes Pas tau dapet postcard NewJeans aku langsung checkout Indomie banyak banyak;1,92E+18;;cerealcakes;in;;0;1;0;https://x.com/undefined/status/1923670324710867203;2234792678;
1,92E+18;Sat May 17 09:20:49 +0000 2025;0;@cerealcakes Rak Indomie Superindo gw kosongin biar bisa bawa pulang NewJeans ;1,92E+18;;cerealcakes;in;;0;0;0;https://x.com/undefined/status/1923670030434304324;1590599798;
1,92E+18;Sat May 17 09:20:25 +0000 2025;0;@cerealcakes Indomie makanan favorit sama NewJeans grup favorit udah klop sih ini ️;1,92E+18;;cerealcakes;in;;0;0;0;https://x.com/undefined/status/1923669928642740421;2290570478;
1,92E+18;Sat May 17 09:20:21 +0000 2025;0;@fryuputrii nggak nyangka Indomie bisa collab sama NewJeans keren banget ih;1,92E+18;;fryuputrii;in;;0;0;0;https://x.com/undefined/status/1923669911144128906;1,82E+18;
1,92E+18;Sat May 17 09:19:52 +0000 2025;0;@cerealcakes Senengnya beli Indomie bisa dapet koleksi postcardnya NewJeans ;1,92E+18;;cerealcakes;in;;0;0;0;https://x.com/undefined/status/1923669789312156017;1,58E+18;
1,92E+18;Sat May 17 09:18:03 +0000 2025;0;@cerealcakes Indomie ngerti banget cara bikin fans NewJeans bahagia;1,92E+18;;cerealcakes;in;;0;0;0;https://x.com/undefined/status/1923669331566789116;1,77E+18;
1,92E+18;Sat May 17 09:16:32 +0000 2025;0;@luckyloeyli gemooyyy nya ya Ampun tolong. mau belii indomie yang banyak biar bisa ngumpulin postcard nya newjeans ️;1,92E+18;;luckyloeyli;in;;0;0;0;https://x.com/undefined/status/1923668949952233810;1,82E+18;
1,92E+18;Sat May 17 09:08:24 +0000 2025;0;@pramuhtialll Cuma di Superindo sama official Indomie aja ya kak yang bisa dapetin postcard NewJeans?;1,92E+18;;pramuhtialll;in;;0;0;0;https://x.com/undefined/status/1923666904251818473;1,82E+18;
1,92E+18;Sat May 17 09:06:37 +0000 2025;0;@pramuhtialll Pas bgt lagi hujan Indomie nya dimakan NewJeans nya nemenin makan ;1,92E+18;;pramuhtialll;in;;0;0;0;https://x.com/undefined/status/1923666456836976782;1,85E+18;
1,92E+18;Sat May 17 09:03:17 +0000 2025;0;@pramuhtialll Emang gemesin banget NewJeans tuh ngga rugi deh beli Indomie banyak banyak;1,92E+18;;pramuhtialll;in;;0;0;0;https://x.com/undefined/status/1923665617263178073;1,81E+18;
1,92E+18;Sat May 17 09:02:05 +0000 2025;0;@Nurafilah__ Indomie makanan fav gue tambah ada newjeans makin gue beli terus;1,92E+18;;Nurafilah__;in;;0;0;0;https://x.com/undefined/status/1923665312064602469;1,90E+18;
1,92E+18;Sat May 17 09:01:20 +0000 2025;0;@pramuhtialll Siap deh tiap hari makan Indomie demi punya postcardnya NewJeans ;1,92E+18;;pramuhtialll;in;;0;0;0;https://x.com/undefined/status/1923665126118523203;1,82E+18;
1,92E+18;Sat May 17 08:57:36 +0000 2025;0;@pramuhtialll akan aku usahain dapetin postcard newjeans via indomie ;1,92E+18;;pramuhtialll;in;;0;0;0;https://x.com/undefined/status/1923664185470443570;1,72E+18;
1,92E+18;Sat May 17 08:57:09 +0000 2025;0;@pramuhtialll Seriusan ini beli Indomie dapet postcard newjeans?? Mauu jugaa spill dong beli nya dimanaa;1,92E+18;;pramuhtialll;in;;0;0;0;https://x.com/undefined/status/1923664072505164183;1,73E+18;
1,92E+18;Sat May 17 08:54:51 +0000 2025;0;@pramuhtialll Demi dapet postcard NewJeans hujan² nekat beli indomie ;1,92E+18;;pramuhtialll;in;;0;0;0;https://x.com/undefined/status/1923663492856545414;1,83E+18;
1,92E+18;Sat May 17 08:40:04 +0000 2025;0;@luckyloeyli NewJeans aku datang mau borong indomie goreng dulu;1,92E+18;;luckyloeyli;in;;0;0;0;https://x.com/undefined/status/1923659774081777892;1,88E+18;
1,92E+18;Sat May 17 08:35:37 +0000 2025;0;@paracetamoods Postcard nya Newjeans ada di Indomie beneran?? Mauu;1,92E+18;;paracetamoods;in;;0;0;0;https://x.com/undefined/status/1923658654819156230;1,79E+18;
1,92E+18;Sat May 17 08:31:25 +0000 2025;0;@luckyloeyli Demi NewJeans gw langsung borong Indomie sepuluh bungkus! hahah;1,92E+18;;luckyloeyli;in;;0;0;0;https://x.com/undefined/status/1923657595635761249;1,90E+18;
1,92E+18;Sat May 17 08:31:09 +0000 2025;0;@luckyloeyli Kesukaan gue indomie dapet poscard newjeans lagi yakali ga borong ;1,92E+18;;luckyloeyli;in;;0;0;0;https://x.com/undefined/status/1923657531119018414;1,90E+18;
1,92E+18;Sat May 17 08:29:20 +0000 2025;0;@paracetamoods Borong Indomie suka banget sama postcard nya newjeans;1,92E+18;;paracetamoods;in;;0;0;0;https://x.com/undefined/status/1923657070529872243;1,81E+18;
1,92E+18;Sat May 17 08:27:37 +0000 2025;0;@Nurafilah__ Oke fix abis ini gue nyari Indomie rasa Korea demi NewJeans;1,92E+18;;Nurafilah__;in;;0;0;0;https://x.com/undefined/status/1923656641901363681;1,81E+18;
1,92E+18;Sat May 17 06:45:07 +0000 2025;0;@IndoPopBase @Indomielovers indomie jadi makin berkelas karena newjeans;1,92E+18;;IndoPopBase;in;;0;0;0;https://x.com/undefined/status/1923630843903541728;1,82E+18;
1,92E+18;Sat May 17 06:42:31 +0000 2025;0;@IndoPopBase @Indomielovers ini combo paling gila sih newjeans x indomie;1,92E+18;;IndoPopBase;in;;0;0;0;https://x.com/undefined/status/1923630192989438306;1,82E+18;
1,92E+18;Sat May 17 06:42:10 +0000 2025;0;@koreanindo gila sih ini fix bisa jadi koleksi newjeans x indomie;1,92E+18;;koreanindo;in;;0;0;0;https://x.com/undefined/status/1923630101373255815;1,67E+18;
1,92E+18;Sat May 17 06:38:56 +0000 2025;0;@IndoPopBase @Indomielovers newjeans bawa rejeki buat indomie sih ini;1,92E+18;;IndoPopBase;in;;0;0;0;https://x.com/undefined/status/1923629288676524395;1,71E+18;
1,92E+18;Sat May 17 06:19:59 +0000 2025;0;@officialkvibes @Indomielovers big thanks to Indomie udah bikin fans NewJeans bahagia bgt bgt bgttt ;1,92E+18;;officialkvibes;in;;0;0;0;https://x.com/undefined/status/1923624519132119120;1,87E+18;
1,92E+18;Sat May 17 06:12:32 +0000 2025;0;@coppamagz @Indomielovers newjeans di packaging indomie??? GILA MAU ;1,92E+18;;coppamagz;in;;0;0;0;https://x.com/undefined/status/1923622643410018702;1,91E+18;
1,92E+18;Sat May 17 06:11:02 +0000 2025;0;@officialkvibes @Indomielovers ngga nyangka beli Indomie bisa dapet postcard NewJeans combo terbaik tahun ini ;1,92E+18;;officialkvibes;in;;0;0;0;https://x.com/undefined/status/1923622267688452266;1,83E+18;
1,92E+18;Sat May 17 06:08:21 +0000 2025;0;@strootsys ni ngeborong Indomie buat dapet PC newjeans juga ga bkal rugi si;1,92E+18;;strootsys;in;;0;0;0;https://x.com/undefined/status/1923621591994466723;1,84E+18;
1,92E+18;Sat May 17 06:06:15 +0000 2025;0;@coppamagz @Indomielovers Wajib punya sih ini NewJeans + Indomie?? Gak kuat ;1,92E+18;;coppamagz;in;;0;0;0;https://x.com/undefined/status/1923621063755485451;1,73E+18;
1,92E+18;Sat May 17 06:02:27 +0000 2025;0;@officialkvibes @Indomielovers Makasih Indomie bikin fans NewJeans bahagia ;1,92E+18;;officialkvibes;in;;0;0;0;https://x.com/undefined/status/1923620105910616197;1,71E+18;
1,92E+18;Sat May 17 05:06:07 +0000 2025;0;@IndoPopBase @Indomielovers Dapet Indomie + NewJeans? Combo sempurna ;1,92E+18;;IndoPopBase;in;;0;0;0;https://x.com/undefined/status/1923605930245226556;2754491747;
1,92E+18;Sat May 17 05:03:37 +0000 2025;0;@IndoPopBase @Indomielovers Demi postcard NewJeans rela makan Indomie tiap hari ;1,92E+18;;IndoPopBase;in;;0;0;0;https://x.com/undefined/status/1923605301967933915;1,91E+18;
1,92E+18;Sat May 17 05:03:02 +0000 2025;0;@IndoPopBase @Indomielovers NewJeans x Indomie tuh definisi kolaborasi impian ;1,92E+18;;IndoPopBase;in;;0;0;0;https://x.com/undefined/status/1923605155867656287;1,50E+18;
1,92E+18;Sat May 17 04:59:13 +0000 2025;0;@koreanindo ini serius kalau beli Indomie dapet postcard nya newjeans y min;1,92E+18;;koreanindo;in;;0;0;0;https://x.com/undefined/status/1923604193706934546;1,70E+18;
1,92E+18;Wed May 14 08:37:33 +0000 2025;111;Tadi beli Indomie karena laper terus pas buka dapet Indomie postcard NewJeans ya ampun seneng banget https://t.co/srCiFBVoVI;1,92E+18;https://pbs.twimg.com/media/Gq5Y_SKb0AAjjY-.jpg;;in;;0;157;61;https://x.com/undefined/status/1922571977455198477;1,27E+18;
1,92E+18;Wed May 14 07:50:04 +0000 2025;0;@Dantyonna Stok indomie korean ramyeon aja masih banyak;1,92E+18;;Dantyonna;in;;0;0;0;https://x.com/undefined/status/1922560025320391088;3652889303;
1,92E+18;Wed May 14 00:47:45 +0000 2025;0;@not_odi Indomie korean ramyeon!enak deh cobain bub;1,92E+18;;;in;;0;0;0;https://x.com/undefined/status/1922453748736991468;1,75E+18;
1,92E+18;Tue May 13 14:22:27 +0000 2025;0;Siapa mau beli pc newjeans indomie edition #wts;1,92E+18;;;in;;0;0;0;https://x.com/undefined/status/1922296384507506894;1,54E+18;
1,92E+18;Tue May 13 13:05:18 +0000 2025;0;@woosanpride 8. Indomie yg spicy ramyeon itu enak bgt klo ditambahin telur bubuk cabe sm keju slice 27. Mie ayamm aku tim mie ayamm;1,92E+18;;woosanpride;in;;0;0;0;https://x.com/undefined/status/1922276970458382779;1,82E+18;
1,92E+18;Tue May 13 12:49:54 +0000 2025;0;Muak gua dgn indomie goreng demi photocard newjeans ;1,92E+18;;;in;;0;0;0;https://x.com/undefined/status/1922273096058257412;1,50E+18;
1,92E+18;Tue May 13 12:45:06 +0000 2025;0;@puzzleaerim Intinya: sami mawon toksiknya wkwk.. Tp sekarang lebih suka benda pakai kayak hoodie Paling kalo postcard sejenisnya cuma nyari yg murah2 kayak bonus indomie kemaren. Sekedar punya-punyaan aja ujung2nya tergeletak di rak https://t.co/iNCv4jzu;1,92E+18;https://pbs.twimg.com/media/Gq1HlyCW8AAgY0B.jpg;Masmas_NewJeans;in;;0;0;0;https://x.com/undefined/status/1922271885909217774;273977169;
1,92E+18;Tue May 13 11:57:54 +0000 2025;0;Indomie spicy ramyeon!!! ENAK BGT;1,92E+18;;;in;;0;0;0;https://x.com/undefined/status/1922260009498333545;1,87E+18;
1,92E+18;Tue May 13 06:47:49 +0000 2025;0;@4tobimaru MAU HOI Indomie newjeans yah;1,92E+18;;4tobimaru;in;;0;1;0;https://x.com/undefined/status/1922181973872640045;1,77E+18;
1,92E+18;Tue May 13 05:38:42 +0000 2025;6565;NewJeans emg betulan idola! Nambah lagi koleksi gue Gue beli mini postcard set-nya Indomie ini di Super Indo Cilandak. Ada yang udh dapet? https://t.co/NrvmzvqbId;1,92E+18;https://pbs.twimg.com/media/GqzmfIEW0AA5jF7.jpg;;in;;64;245;262;https://x.com/undefined/status/1922164577464119344;1,32E+18;
1,92E+18;Tue May 13 05:11:40 +0000 2025;0; wts aab bts photocard jk v ina ୨୧ co ୨୧ include all ୨୧ dm for condition batam ୨୧ karna batam ada biaya cukai jadi kena pajak 18% yaa ୨୧ biaya pajak spay pas paket mau dikirim wts wtb photocard pc bts newjeans nj indomie postcard https://t.co/QoQw0Ma6ni;1,92E+18;https://pbs.twimg.com/media/GqzgTf5XMAAQfc8.jpg;;in;;1;0;0;https://x.com/undefined/status/1922157778174362042;402465149;
1,92E+18;Mon May 12 16:02:32 +0000 2025;0;@tanyarlfes Indomie ramyeon yang biru asli itu pedes bukan yg pedes di idung doang ;1,92E+18;;tanyarlfes;in;;0;0;0;https://x.com/undefined/status/1921959182762148346;1,47E+18;
1,92E+18;Mon May 12 15:18:50 +0000 2025;0;@suncterry pls mawu sm junet mamam ramyeon indomie;1,92E+18;;suncterry;in;;0;0;0;https://x.com/undefined/status/1921948187264254151;1,63E+18;
1,92E+18;Mon May 12 10:52:18 +0000 2025;0;@tanyarlfes mie gaga 100 (kuah jalapeno) indomie (spicy ramyeon);1,92E+18;;tanyarlfes;in;;0;0;0;https://x.com/undefined/status/1921881111338115093;1,16E+18;
1,92E+18;Mon May 12 09:53:52 +0000 2025;1;@boospresso indomie x popmie yg spicy ramyeon enaaaak;1,92E+18;;boospresso;in;;0;1;0;https://x.com/undefined/status/1921866408415085051;1,16E+18;
1,92E+18;Mon May 12 08:26:58 +0000 2025;0;Masa skrg beli indomie dapet pc NewJeans? ;1,92E+18;;;in;;0;0;0;https://x.com/undefined/status/1921844536893927907;1,46E+18;
1,92E+18;Sun May 11 16:13:37 +0000 2025;1;@orangitemm Indomie korean yg collab sama newjeans mas;1,92E+18;;orangitemm;in;;0;1;0;https://x.com/undefined/status/1921599585413214513;1,38E+18;
1,92E+18;Sun May 11 12:40:38 +0000 2025;0;GUSY JUJURLY MIE SEDAP&gt;;;;;;;;;;;
1,92E+18;Sun May 11 12:40:07 +0000 2025;0;wtf no one told me kalo mie sedap lebih gak micin dr indomie kayak WOYYY BISA BISANYA W SEUMUR IDUP MAKAN INDOMIE ok mksi. No offense y mff utk pecinta newjeans(aku);1,92E+18;;;in;;0;3;0;https://x.com/undefined/status/1921545856177651988;1,46E+18;
1,92E+18;Sun May 11 12:20:05 +0000 2025;1;Semua ramyeon ny dia jadi otot..... Indomie ku jd lemak.....;1,92E+18;;;in;;0;0;0;https://x.com/undefined/status/1921540815303721337;1,62E+18;
1,92E+18;Sun May 11 12:00:43 +0000 2025;0;@pharitakecil 8. indomie ayam geprek &amp;;;;;;;;;;;
1,92E+18;Sun May 11 05:48:39 +0000 2025;1;OPEN JASTIP K-FUN FEST X Indomilk Chitato Indomie (edisi Seventeen &amp;;;;;;;;;;;
1,92E+18;Sun May 11 04:57:27 +0000 2025;0;OPEN JASTIP K-FUN FEST X Indomilk Chitato Indomie (edisi Seventeen &amp;;;;;;;;;;;
1,92E+18;Sat May 10 08:19:24 +0000 2025;0;@briankhrisna Ikut meramaikan #PERSIBDAY dengan seporsi indomie spicy ramyeon enak bgt . Wish me luck menang bukunya ️. Mie ayam fav https://t.co/uTYdyoNNVg;1,92E+18;https://pbs.twimg.com/media/GqkugNFbcCIYk5D.jpg;briankhrisna;in;;0;0;0;https://x.com/undefined/status/1921117859314389383;1,51E+18;
1,92E+18;Sat May 10 08:04:02 +0000 2025;8;Antara lagi mood makan indomie yg speciall edition ramyeon an sama emg gada duet jembt;1,92E+18;;;in;;0;0;0;https://x.com/undefined/status/1921113989016125581;1,73E+18;
1,92E+18;Sat May 10 06:22:56 +0000 2025;0;#everyvvonu_jastip secured 3 chitato + ls bag 2 indomilk 2 indomie yg masih mau jastip chitato (kecuali warna rqs) with ls bag indomie newjeans njz indomilk scoups wonwoo vernon cherry kucing bear bisa lgsng dm yah!! https://t.co/pB7K8ABDe6;1,92E+18;https://pbs.twimg.com/media/GqkTzrpbcAI2KQe.jpg;everyvvonu;in;;1;2;0;https://x.com/undefined/status/1921088546149928994;1,33E+18;
1,92E+18;Fri May 09 18:23:44 +0000 2025;0;@heesunnoona Udah paling bener emang Indomie aja gausa ramyeon ramyeon-an;1,92E+18;;heesunnoona;in;;0;1;0;https://x.com/undefined/status/1920907556509069463;7,67E+17;
1,92E+18;Fri May 09 18:17:22 +0000 2025;0;Cloud egg aku lebih berhasil di Indomie dibandingkan di Shin ramyeon. https://t.co/FBZcp1BsOL;1,92E+18;https://pbs.twimg.com/media/GqhtxUFWkAAjxH5.jpg;;in;;0;2;0;https://x.com/undefined/status/1920905952137511421;7,67E+17;
1,92E+18;Fri May 09 11:18:31 +0000 2025;0;up. jastip k-fun kvibes chitato cp indomie dan indomilk package fee jastip 10k (indomilk indomie) fee jastip 15k (chitato) bisa cod langsung sekitar jakbar bisa via oren atau gosend/grbxpress t. chitato rqs indomilk pvc bag vernon scoups wonwoo newjeans indomie;1,92E+18;;;in;;0;0;1;https://x.com/undefined/status/1920800546631348388;1,33E+18;
1,92E+18;Fri May 09 11:13:42 +0000 2025;1201; Ada yang baru dari Indomie! Beli varian apa aja min. 35K di Super Indo dan Indomie official store kamu bisa dapet Mini Postcard Set terbaru dari Indomie &amp;;;;;;;;;;;
1,92E+18;Fri May 09 09:29:53 +0000 2025;0;Newjeans tetiba indomie pulak dah;1,92E+18;;;in;;0;0;0;https://x.com/undefined/status/1920773206371082505;511887138;
1,92E+18;Thu May 08 15:59:16 +0000 2025;0;Indomie spicy ramyeon enak jg;1,92E+18;;;in;;0;1;0;https://x.com/undefined/status/1920508811195961495;1,64E+18;
1,92E+18;Thu May 08 11:14:11 +0000 2025;11;Indomielovers udah siap belum nyobain Authentic Taste yang Korea banget dan Playful Journey bareng Indomie Korean Ramyeon Series? Yuk datang ke K-FUN FEST Hari Sabtu &amp;;;;;;;;;;;
1,92E+18;Thu May 08 04:50:59 +0000 2025;2;Hari ini Minji dari NewJeans membuat kejutan manis dengan mengunjungi birthday cafe event yang diselenggarakan oleh para penggemarnya. Dalam momen tersebut gadis kelahiran 7 Mei 2004 itu tidak lupa mempromosikan mempromosikan produk Indomie menunjukkan dukungannya secara https://t.co/j7FK8X519J;1,92E+18;https://pbs.twimg.com/media/GqZrntWWoAAL-tX.jpg;;in;;0;0;0;https://x.com/undefined/status/1920340632834592986;430845087;
1,92E+18;Wed May 07 10:32:46 +0000 2025;0;Fak ramen ramyeon dan sejenisnya. Indomie paling enak sedunia.;1,92E+18;;;in;;0;0;0;https://x.com/undefined/status/1920064254595784856;782015418;
1,92E+18;Wed May 07 10:32:33 +0000 2025;0;@holly111i @with_koma COY IYA LG ANJIR???? KURANG MECIN AJGGGG buat klen pecinta indomie mau yg mecin bgt indomie varian ayam geprek yg rasanya masih mecin bgt ges ayo cobain (dengan nada brand ambassador seperti newjeans);1,92E+18;;leitedeomca;in;;0;1;0;https://x.com/undefined/status/1920064200556310705;1,68E+18;
1,92E+18;Wed May 07 09:32:44 +0000 2025;0;gua beli indomie kuah 100 rebu kirain dapet postcard newjeans ternyata harus beli yg GORENG ;1,92E+18;;;in;;0;1;0;https://x.com/undefined/status/1920049146830213155;1,21E+18;
1,92E+18;Wed May 07 08:39:51 +0000 2025;1;@newjeans_loop indomie seleraku iyah ga minj?;1,92E+18;;newjeans_loop;in;;0;0;0;https://x.com/undefined/status/1920035842166489494;888704610;
1,92E+18;Wed May 07 05:31:36 +0000 2025;0;@newjeans_loop Ada Indomie coy;1,92E+18;;newjeans_loop;in;;0;0;0;https://x.com/undefined/status/1919988464885604539;1,04E+18;
1,92E+18;Wed May 07 04:07:19 +0000 2025;0;@newjeans_loop Ada indomie goreng cuy Minjiyaa sehat selalu yaaa;1,92E+18;;newjeans_loop;in;;0;0;0;https://x.com/undefined/status/1919967256504655908;67866459;
1,92E+18;Tue May 06 16:23:00 +0000 2025;0;kimchi emang lebih masuk buat indomie spicy ramyeon daripada shin ramyeon https://t.co/5i6WwmfwHe;1,92E+18;https://pbs.twimg.com/media/GqR21VAbQAAlzCm.jpg;;in;;0;0;0;https://x.com/undefined/status/1919790008711667952;815172133;
1,92E+18;Tue May 06 09:01:01 +0000 2025;0;Indomie x NewJeans dapet mini Postcard set Bisa cek disini https://t.co/swKqfBddXS https://t.co/Klng7R4POj;1,92E+18;https://pbs.twimg.com/media/GqQRqoZbAAADOEF.jpg;;in;;0;0;0;https://x.com/undefined/status/1919678778013323661;8,09E+17;
1,92E+18;Mon May 05 21:35:52 +0000 2025;0;akhirnya memberanikan diri mencoba spicy ramyeon indomie. rasanya 8/10 namun aku tidak menyukainya karena pedas.;1,92E+18;;;in;;0;1;0;https://x.com/undefined/status/1919506355620348305;2759024542;
1,92E+18;Mon May 05 13:33:02 +0000 2025;0;@DeathRails iyaa tadi abis makan indomie newjeans;1,92E+18;;DeathRails;in;;0;1;0;https://x.com/undefined/status/1919384844653777024;2240729012;
1,92E+18;Mon May 05 11:51:10 +0000 2025;0;trying indomie x newjeans yang varian k rose oh god ternyata emang lidah gue gak bisa menyatu dengan yang bau bau carbonara atau rose gitu kecuali rose tokpokinya red dog :) indomie nomor satu masih aceh ;1,92E+18;;;in;;0;0;0;https://x.com/undefined/status/1919359212347691452;1,37E+18;
1,92E+18;Mon May 05 10:22:44 +0000 2025;0;@skeloveska ada indomie collab newjeans itu;1,92E+18;;skeloveska;in;;0;0;0;https://x.com/undefined/status/1919336957739425989;1,42E+18;
1,92E+18;Mon May 05 04:49:20 +0000 2025;0;saatnya mencoba indomie spicy ramyeon ntu;1,92E+18;;;in;;1;0;0;https://x.com/undefined/status/1919253051874955352;1572044911;
1,64E+18;Sun May 04 18:02:27 +0000 2025;1;#93 Indomie Korean Series Spicy Ramyeon. A nongshim wannabe yang rasanya tentu belum bisa menyamakan nongshim. Tapi dari harga anggap saja ini versi bpjs nya yang masih bisa dijangkau kalau lagi kepengen nongshim di akhir bulan. 7/10 https://t.co/O7GPKYnbln;1,92E+18;https://pbs.twimg.com/media/GqH6a2VaoAAMsyQ.jpg;dekinoreborn;in;;0;1;0;https://x.com/undefined/status/1919090258102059309;1,11E+18;
1,92E+18;Sun May 04 10:47:35 +0000 2025;0;@potepopapa padahal di indo juga ada indomie yang ga kalah enak dari toko ramyeon langganan dia itu;1,92E+18;;potepopapa;in;;0;1;0;https://x.com/undefined/status/1918980822759022753;8,17E+17;
1,92E+18;Sat May 03 13:11:11 +0000 2025;1;wts postcard newjeans | indomie x new jeans bisa co di oren #wts #NewJeans #photocard https://t.co/Axa2w4qn5o;1,92E+18;https://pbs.twimg.com/media/GqBuJ7baYAAXmve.jpg;;in;;0;0;0;https://x.com/undefined/status/1918654572823994384;1,20E+18;
1,92E+18;Sat May 03 11:31:25 +0000 2025;0;indomie spivy ramyeon pedes banget tapi spicy chicken ga ada pedesnya samsek. spicy ramyeon masi masuk di lidah ak tapi spicy chicken issa no no skrng ak bingung gimana ngabisinnya;1,92E+18;;;in;;0;0;0;https://x.com/undefined/status/1918629465154032068;1,78E+18;
1,92E+18;Sat May 03 11:07:28 +0000 2025;4;Ya lo bawa² logical fallacy Gw tanya skrng lo masih mempermasalahkan indomie X Newjeans itu kan ? Gw dritadi baca mana ada lo bawa2 ador. Touch some grass;1,92E+18;;;in;;0;0;0;https://x.com/undefined/status/1918623436328640526;1,88E+18;
1,92E+18;Fri May 02 13:47:24 +0000 2025;0;@minjisuroboyo Ga konsisten apa njir Ya emg jarang mention newjeans cuma nama member Plus yg gw suruh tuntut krn ngadain survey lewat third party Lagian akhirnya sempet ditakedown artinya indomie_kr aware sama pengumuman ador ttg masalah survei2 itu proba;1,92E+18;;minjisuroboyo;in;;0;0;0;https://x.com/undefined/status/1918301299449495920;1,85E+18;
1,92E+18;Fri May 02 13:27:02 +0000 2025;0;@dontbebIu @wndfJIHYE Ko kocak lu melenceng kemana2 KALAU-pun indomie ngerasa DIRUGIIN atas situasi sengketa hukum antara njz sama ador Indomie BISA nuntut ke ador atas tidak kondusif situasi promosi brand indomie dgn newjeans ;1,92E+18;;dontbebIu;in;;0;0;0;https://x.com/undefined/status/1918296174148374713;1,85E+18;
1,92E+18;Fri May 02 12:52:14 +0000 2025;0;@dontbebIu @wndfJIHYE Terus apa ngaruhnya indomie yg teken sm manajemen lama? Lu kira indomie kaya newjeans?? Ngebatalin kontrak/ga ngehormati ador AS company/agency;;;;;;;;;;;
1,92E+18;Fri May 02 12:31:31 +0000 2025;5;@722whp @Ayrien_Kim Lihat ig nya indomie wkwk. Udh jelas² Indomie | NewJeans https://t.co/cE7W6RB4aD;1,92E+18;https://pbs.twimg.com/media/Gp8bXeEboAAGTdF.jpg;722whp;in;;0;0;0;https://x.com/undefined/status/1918282202737185056;3038820883;
1,92E+18;Fri May 02 12:16:06 +0000 2025;0;@dontbebIu @wndfJIHYE Ador scr hukum pny copyright atas brand newjeans Tp setelah ador ngumumin kalo tindakan njz illegal mengganti nama sepihak sblm proses hukum indomie ttp nulis nama member doang 2) yg gw tulis itu tuntut krn pake pihak KETIGA utk surv;1,92E+18;;dontbebIu;in;;0;1;0;https://x.com/undefined/status/1918278323979075765;1,85E+18;
1,92E+18;Fri May 02 11:43:35 +0000 2025;0;Indomie yang spicy ramyeon enak banget pls https://t.co/5HmDmp7maK;1,92E+18;https://pbs.twimg.com/media/Gp8QhOnbwAAlRHc.jpg;;in;;0;0;0;https://x.com/undefined/status/1918270138912260198;9,82E+17;
1,92E+18;Fri May 02 04:29:53 +0000 2025;0;3. Shin ramyeon 2. Mie yamin 1. Indomie goreng jumbo keriting;1,92E+18;;;in;;0;0;0;https://x.com/undefined/status/1918160996226744752;1,24E+18;
1,92E+18;Fri May 02 04:18:39 +0000 2025;0;pake tas mission no.9? entar aku bawa tas pvc indomie newjeans;1,92E+18;;;in;;0;0;0;https://x.com/undefined/status/1918158166715756681;8,20E+17;
1,90E+18;Fri May 02 02:55:27 +0000 2025;1;@nanabuntoori @Indomielovers emang ga makan indomie yang korean ramyeon series wkwkwk enek liat muka2 orang ga tau diri WKWKW;1,92E+18;;nanabuntoori;in;;0;1;0;https://x.com/undefined/status/1918137229400281281;565162274;
1,92E+18;Thu May 01 18:32:03 +0000 2025;0;postcard newjeans yg indomie sedus bjir banyak banget niiii mo gua buka in sayang;1,92E+18;;;in;;0;1;0;https://x.com/undefined/status/1918010546697412804;9,30E+17;
1,92E+18;Thu May 01 17:25:12 +0000 2025;0;@woongandpie semenjak kena trauma maag dari indomie aku dah ga gitu doyan indomie lagi sih (ramyeon kadang masih tapi karena mahal suka mikir juga kalo mau beli wkwkwkwk);1,92E+18;;woongandpie;in;;0;1;0;https://x.com/undefined/status/1917993722530398487;3242115217;
1,92E+18;Thu May 01 15:27:45 +0000 2025;0;indomie goreng indomie ramyeon indomie ayam bawang;1,92E+18;;;in;;0;0;0;https://x.com/undefined/status/1917964165593137519;1,66E+18;
1,92E+18;Thu May 01 14:38:19 +0000 2025;0;Bahkan u know.. Indomie... Dari akhir tahun lalu mereka hubungin beberapa fanbase NewJeans. Bahkan ajakin zoom meeting. Terus yg baru kemarin sama tim bunnies dan meskipun ada kendala dari ADOR dan bbrp komentar negatif dari haters acaranya tetap berjalan dengan lancar;1,92E+18;;onevzaa;in;;0;1;0;https://x.com/undefined/status/1917951724251480434;1,49E+18;
1,92E+18;Thu May 01 13:10:46 +0000 2025;590; Kasian CK putusin kontraknya sama NJ gara gara rebranding jadi NJZ *Gak lama langsung kolab official dan gak pake nama NewJeans tapi pake nama member Pop up Indomie batal dan ador bisa nuntut Indomie kalo maksa buat acaranya Acara tetep jadi dan iklan di mana mana ;1,92E+18;;;in;;4;4;100;https://x.com/undefined/status/1917929691744501874;1,89E+18;
1,92E+18;Thu May 01 12:18:16 +0000 2025;7;@maewishie tapi karna emg pop up indomie newjeans ini ada disleuruh dunia dan legal tetep di buka meskipun udah dibikin medplay sama diserang buzzer kuning segala macem maju terus indofood nih tweet ador dan team bunnies https://t.co/L6WN4pnZzM https://t.;1,92E+18;;gcrlhyein;in;;0;0;0;https://x.com/undefined/status/1917916477946306887;2795641115;
1,92E+18;Thu May 01 12:00:35 +0000 2025;0;@munvess 1 indomie soto medan 2 indomie ayam bawang 3 shin ramyeon;1,92E+18;;munvess;in;;0;0;0;https://x.com/undefined/status/1917912029303898432;1,55E+18;
1,92E+18;Thu May 01 10:19:11 +0000 2025;0;#nwask cinta ada yang tau ga newjeans x indomie postcard yg ver 2 ini dimana dapetnya https://t.co/FbrSiQNBOg;1,92E+18;https://pbs.twimg.com/media/Gp2zndsbIAAAnum.jpg;;in;;0;0;0;https://x.com/undefined/status/1917886509568704981;1,88E+18;
1,92E+18;Thu May 01 09:50:10 +0000 2025;0;indomie keluarin postcard newjeans baru lagi ada di shopee atau tiktok shop https://t.co/X99cIceWoa https://t.co/iuY2HCoggv;1,92E+18;https://pbs.twimg.com/media/Gp2s-GCbUAAJklL.jpg;;in;;0;0;0;https://x.com/undefined/status/1917879208107454873;1,37E+18;
1,92E+18;Thu May 01 08:39:25 +0000 2025;0;BURUAN beli indomie bisa langsung dapet Mini Postcard Set Indomie x NewJeans NJZ https://t.co/0i9xoZHqe0 https://t.co/wHdUXtgF3n;1,92E+18;https://pbs.twimg.com/media/Gp2cxsMawAA29IC.jpg;;in;;0;0;0;https://x.com/undefined/status/1917861404193026170;8,09E+17;
1,92E+18;Thu May 01 06:07:36 +0000 2025;0;@fenziel ahh gituu jd beli 40 tuh semuany indomie korean ramyeon kh byy?? atau dicampur sm indomie yg biasa?;1,92E+18;;;in;;0;0;0;https://x.com/undefined/status/1917823199150235873;1,24E+18;
1,92E+18;Thu May 01 01:52:26 +0000 2025;0;@FOODFESS2 mie korean ramyeon (indomie korean series yg biru sama sosis) beuh enak bgt https://t.co/vRu5PR23fP;1,92E+18;https://pbs.twimg.com/media/Gp0_oHlaYAACyG1.jpg;FOODFESS2;in;;0;0;0;https://x.com/undefined/status/1917758982107849152;242691538;
1,92E+18;Wed Apr 30 16:27:48 +0000 2025;0;guys ada yang nyari postcard newjeans indomie atau pc itzy skz ultramilk gak?? gue punya banyak banget yang mau adopsi boleh bangett;1,92E+18;;;in;;0;2;0;https://x.com/undefined/status/1917616887019794786;1,53E+18;
1,92E+18;Tue Apr 29 15:51:05 +0000 2025;0;1. indomie mie goreng 2. shin ramyeon 3. samyang;1,92E+18;;;in;;0;0;0;https://x.com/undefined/status/1917245262105657779;1,58E+18;
1,92E+18;Tue Apr 29 07:28:26 +0000 2025;0;@Listalivia @Snper22 tanya karena ga ngikutin jadi indomie collab ma newjeans tu ga lewat ador???;1,92E+18;;Listalivia;in;;0;1;0;https://x.com/undefined/status/1917118764912677297;418276741;
1,92E+18;Tue Apr 29 04:12:02 +0000 2025;0;@ednmza rawon juga enak! indomie newjeans yang ramen itu? paling enak yang mana din?;1,92E+18;;ednmza;in;;0;1;0;https://x.com/undefined/status/1917069340643659987;1,54E+18;
1,92E+18;Tue Apr 29 04:10:10 +0000 2025;0;@dhirggi UDAH PERNAH. Itu enak bangeet yang rawon juga enaaak tapi aku lagi suka Indomie NEWJEANS WKWKWKWK.;1,92E+18;;dhirggi;in;;0;1;0;https://x.com/undefined/status/1917068870604685705;1,58E+18;
1,92E+18;Mon Apr 28 08:23:03 +0000 2025;0;Ternyata Indomie kprean spicy ramyeon enaaaaaaak bgt hehe;1,92E+18;;;in;;0;0;0;https://x.com/undefined/status/1916770119985901877;1603059799;
1,92E+18;Mon Apr 28 04:53:30 +0000 2025;1;@Danielkyugf @etaernalmin @daratatawarning @a1071364 @Indomielovers Kayaknya brand Indomie udah terlalu besar sih untuk sekedar hancur keseret NewJeans. Kecuali ADOR atau pengadilan Korea mau menegur Indomie karena lancang melangkahi keputusan hukum penga;1,92E+18;;weirdpastelrest;in;;0;1;0;https://x.com/undefined/status/1916717388583895323;1,47E+18;
1,91E+18;Tue Apr 22 12:53:53 +0000 2025;1;indomie korean spicy ramyeon Yg kemasan warna biru. pake satu telor gede jadi isi kuning telornya ada dua. https://t.co/k1v028MEad;1,91E+18;https://pbs.twimg.com/media/GpJAtsGa4AQpgj5.jpg;;in;;0;0;0;https://x.com/undefined/status/1914663950270284058;1,55E+18;
1,91E+18;Tue Apr 22 11:36:22 +0000 2025;0;@whimsocal mie gaga atauga indomie yang spicy ramyeon. kalaau suka berkuah bisa coba shin ramyun atau gekikara ramen;1,91E+18;;whimsocal;in;;0;1;0;https://x.com/undefined/status/1914644445665853620;1,33E+18;
1,91E+18;Mon Apr 21 13:43:29 +0000 2025;0;cukub ngeongnya jawaban benarnya dia mau mie indomie newjeans dan pepero newjeans di rak makanan instan ya ^^ yang jawabnya ke rak makanan instan betul yang lain salah nyebut mie + pepero: + 50 nyebut salah satu mie/pepero: +25 ngeong: +30 like dan rt tambahin ky sblmnya https://t.co/0OOvx0Q6Zq;1,91E+18;https://pbs.twimg.com/media/GpECJbEbQAAq3Nf.png;RantauSelasa;in;;10;1;0;https://x.com/undefined/status/1914314045823570418;7,58E+17;
1,91E+18;Mon Apr 21 02:18:06 +0000 2025;0;Habis nyoba indomie spicy ramyeon dan menurut aku bukan jadi mie yang akan aku stock setiap belanja bulanan. Rasanya bagi aku kaya pop mie ver bakso tp kental atau mungkin aku bisa salah menginterpretasikan rasanya tp pas mencoba kuahnya itu yg pertama kali muncul di pikiran. https://t.co/y6GRtbbOZt;1,91E+18;https://pbs.twimg.com/media/GpBlm20aoAAjGTq.jpg;;in;;0;0;0;https://x.com/undefined/status/1914141561929302132;1,28E+18;
1,91E+18;Sat Apr 19 15:05:33 +0000 2025;0;Mau makan tahu baxo yg dikasih muridku dr semarang pake kuah sisa indomie spicy ramyeon tp ku simpen di freezer &amp;;;;;;;;;;;
1,91E+18;Sat Apr 19 14:37:42 +0000 2025;0;Menurut kalian mendingan Indomie Mie Goreng atau Shin Ramyeon?;1,91E+18;;;in;;0;1;0;https://x.com/undefined/status/1913602914314321969;420981971;
1,91E+18;Sat Apr 19 11:54:09 +0000 2025;0;1. Indomie goreng aceh 2. Indomie soto 3. Indomie ramyun newjeans;1,91E+18;;;in;;0;0;0;https://x.com/undefined/status/1913561754334089660;2654801917;
1,91E+18;Sat Apr 19 04:27:30 +0000 2025;0;Abis nyoba cloud ramyeon nya hee (meskipun pake indomie sih aslinya) ini bener gasi tp dia gabisa yg textured bgt gitu jadinya mulus tp nekuk nekuk https://t.co/trIHaG23wG;1,91E+18;https://pbs.twimg.com/media/Go3wCQxbAAAjy7O.jpg;;in;;0;0;0;https://x.com/undefined/status/1913449354297589995;945080816;
1,91E+18;Fri Apr 18 12:27:49 +0000 2025;0;Jangankan shun ramyeon sekarang kalo makan indomie aja eggnya harus cloud egg https://t.co/G5m78AAWsH;1,91E+18;https://pbs.twimg.com/ext_tw_video_thumb/1913172734324232192/pu/img/8Ujh_xX2OyYgIubf.jpg;;in;;0;0;0;https://x.com/undefined/status/1913207841604964688;9,47E+17;
1,91E+18;Tue Apr 15 15:56:33 +0000 2025;0;@jheonsa OOOH ABIS RAMEN. ramen mah jepun. iyaaah hrs ramyeon meokgo gallae pake indomie kuah telor plus cabe rawit ;1,91E+18;;jheonsa;in;;0;0;0;https://x.com/undefined/status/1912173205256851508;9,69E+17;
1,91E+18;Tue Apr 15 14:44:05 +0000 2025;0;@woewoo MASA RAMYEON. T___T emangnya di sana gak ada ramyeon? Nanti kakak bawain indomie 5 kardus oke? :3 BiSA gak dd permintaannya yang masih bisa diterima akal sehat.. kalau bawa pacar dd nanti kakak dimarahin sama CARAT gimana.. ;1,91E+18;;woewoo;in;;0;0;0;https://x.com/undefined/status/1912154967621722444;707097319;
1,91E+18;Tue Apr 15 11:53:18 +0000 2025;0;Apakah aku ramyeon indomie atau tokushima ramen hidup adalah pilihan;1,91E+18;;;in;;0;0;0;https://x.com/undefined/status/1912111990384021966;64715722;
1,91E+18;Tue Apr 15 05:52:43 +0000 2025;0;@acenaraa Itu indomie spicy ramyeon terus dikasih sayur sesuai selera aja terus gue tambahin saos keju sama mayonnaise dikit biar nggak terlalu pedes Maap banget baru bales ;1,91E+18;;acenaraa;in;;0;1;0;https://x.com/undefined/status/1912021246604349688;1,26E+18;
1,91E+18;Tue Apr 15 05:51:27 +0000 2025;1;@marabelongsyou Mon maap banget baru dijawab indomie yang spicy ramyeon nihhh;1,91E+18;;marabelongsyou;in;;0;0;0;https://x.com/undefined/status/1912020929183727947;1,26E+18;
1,91E+18;Tue Apr 15 05:15:18 +0000 2025;3;@tanyakanrl - sedap ayam jerit - indomie ayam pop - Indomie goreng - sedap soto - sedap kari - Samyang spicy - Samyang jjajang - shin ramyeon - pop mie pedas gledek Maaf kl soal mie aku rakus;1,91E+18;;tanyakanrl;in;;0;0;0;https://x.com/undefined/status/1912011831838949494;1,24E+18;
1,91E+18;Tue Apr 15 04:11:10 +0000 2025;0;@tanyakanrl Gekikara mie sedap korean spicy chicken sama Indomie yg biru itu spicy ramyeon kalo nggak salah. Behhh mantep bgt;1,91E+18;;tanyakanrl;in;;0;0;0;https://x.com/undefined/status/1911995688738762866;1,44E+18;
1,91E+18;Mon Apr 14 07:38:16 +0000 2025;1;1. TORI KARA 2. TORI MISO 3. SPICY LAKSA 4. POP MIE PANGSIT YG WARNA UNGU 5. HYPE ABIS AYAM GEPREK 6. SUKSES 2 AYAM GEPREK DAN RENDANG 7. MIE NEWJEANS YANG PINK 8. INDOMIE IJO 9. INDOMIE SAMBAL MATAH 10. INDOMIE RICA RICA 11. SPAGHETTI WOW ALL VARIAN 12. INDOMIE KARI 13. ACEH;1,91E+18;;;in;;0;0;0;https://x.com/undefined/status/1911685421832221181;1,82E+18;
1,91E+18;Mon Apr 14 06:18:33 +0000 2025;0;@tanyakanrl Buldak shin ramyeon gaga soto indomie goreng;1,91E+18;;tanyakanrl;in;;0;0;0;https://x.com/undefined/status/1911665358580404497;1,31E+18;
1,91E+18;Mon Apr 14 04:43:09 +0000 2025;0;@yourmuffin_s @FOODFESS2 Indomie soto tapi ini di campur saos sambal sama kecap. Kalo mau pure merah + pedes dari kuah mie nya coba pake pop mie spicy ramyeon biru. ;1,91E+18;;yourmuffin_s;in;;0;1;0;https://x.com/undefined/status/1911641353521631425;1,61E+18;
1,91E+18;Mon Apr 14 03:10:55 +0000 2025;0;ternyata indomie yg BAnya newjeans ada kemasan yg cup yaa kupikir cuma ada buat kemasan mie pada umumnya aja (soalnya kebanyakan) https://t.co/sGGB4Mc7VK;1,91E+18;https://pbs.twimg.com/media/GodukVPWQAE9xpB.jpg;;in;;0;1;0;https://x.com/undefined/status/1911618141408641185;1,04E+18;
1,91E+18;Sun Apr 13 07:43:18 +0000 2025;0;@FOODFESS2 Pertama Laksa Singapur Trus nemu Indomie Ramyeon yg bungkus warna biru Menyusul lagi nemu Indomie Tori Kara Dan sekarang Jagoan aku Indomie Tori Kara di tambahi irisan kol yg di rebus Udahlah manteppp bangettt;1,91E+18;;FOODFESS2;in;;0;0;0;https://x.com/undefined/status/1911324298289066143;475672653;
1,91E+18;Sun Apr 13 07:39:57 +0000 2025;0;@FOODFESS2 SEDAP kari INDOMIE aceh rendang soto spicy ramyeon tori miso SAMYANG cheese carbo ABC sup tomat SHIN RAMYUN tp sekarang uda jarang beli indomie sm abc.. masuk boikot list soalny (tp bukan yg paling urgent untuk diboikot seingetku);1,91E+18;;FOODFESS2;in;;0;0;0;https://x.com/undefined/status/1911323456136003735;1,86E+18;
1,91E+18;Sun Apr 13 03:13:38 +0000 2025;0;@FOODFESS2 1. Indomie goreng yang jumbo 2. Indomie kriuk (yang bungkusnya warna oren) 3. Mie sedap laksa 4. Ramyeon antara neoguri atau shin ramyeon. Tapi aku lebih suka neoguri:);1,91E+18;;FOODFESS2;in;;0;0;0;https://x.com/undefined/status/1911256435356581934;1,59E+18;
1,91E+18;Sat Apr 12 22:56:46 +0000 2025;0;@FOODFESS2 indomie yg x njz itu yg biru enak bgt mirip shin ramyeon;1,91E+18;;FOODFESS2;in;;0;0;0;https://x.com/undefined/status/1911191794257457259;1,57E+18;
1,91E+18;Sat Apr 12 17:16:32 +0000 2025;0;@FOODFESS2 dah pernah nyobain hampir seluruh varian indomi ampe merk lain tapi bener2 nemu yg aseli enak nih ya INDOMIE NEWJEANS alias varian terbaru Indomie rasa korea (ada 3 varian 2 goreng 1 kuah HIGHLY RECOMMEND YG WARNA PINK demi apapun enak bgt ) ht;1,91E+18;https://pbs.twimg.com/tweet_video_thumb/GoWc7U6WcAA86ps.jpg;FOODFESS2;in;;0;0;0;https://x.com/undefined/status/1911106170372370789;1,82E+18;
1,91E+18;Sat Apr 12 15:27:57 +0000 2025;0;Sumpah indomie spicy ramyeon pedes banget ternyata hidung gue meleleh ;1,91E+18;;;in;;0;0;0;https://x.com/undefined/status/1911078844007850163;1,44E+18;
1,91E+18;Sat Apr 12 14:51:39 +0000 2025;0;spicy ramyeon nya indomie enak banget cokk;1,91E+18;;;in;;0;0;0;https://x.com/undefined/status/1911069709564535209;1,66E+18;
1,91E+18;Sat Apr 12 13:29:22 +0000 2025;0;@FOODFESS2 shin ramyeon indomie soto dower bestwok yg pink;1,91E+18;;FOODFESS2;in;;0;0;0;https://x.com/undefined/status/1911049002214441076;1,61E+18;
1,91E+18;Sat Apr 12 13:09:51 +0000 2025;0;tori kara indomie ramyeon biru;1,91E+18;;;in;;0;0;0;https://x.com/undefined/status/1911044091288359074;9,47E+17;
1,91E+18;Sat Apr 12 06:08:02 +0000 2025;0;@YukMuncak Popmie gledek mie sedaap ayam jerit Indomie tori kara ramen Indomie korean special spicy ramyeon Indomie kari ayam superbubur kuah kari ️;1,91E+18;;YukMuncak;in;;0;0;0;https://x.com/undefined/status/1910937936151142875;2300705724;
1,91E+18;Sat Apr 12 05:57:10 +0000 2025;0;Mi goreng indomie newjeans enak gak;1,91E+18;;;in;;0;2;0;https://x.com/undefined/status/1910935201666281611;8,58E+17;
1,91E+18;Sat Apr 12 03:15:05 +0000 2025;2;jangan benci nanti malah suka ternyata bener (mulai cinta indomie ramyeon jir) https://t.co/Zrnk14374y;1,91E+18;https://pbs.twimg.com/media/GoTcVVRWIAMd-sl.jpg;;in;;0;4;0;https://x.com/undefined/status/1910894412290544120;1,86E+18;
1,91E+18;Fri Apr 11 14:11:16 +0000 2025;0;Recook ramyeon mingyu tapi pake indomie trnyt enak jg jirr;1,91E+18;;;in;;0;1;0;https://x.com/undefined/status/1910697160838131868;1,55E+18;
1,91E+18;Fri Apr 11 13:55:03 +0000 2025;0;@pitahabit kapita udah pernah cobain indomie ramyeon yang biru belum?;1,91E+18;;pitahabit;in;;0;0;0;https://x.com/undefined/status/1910693080204009589;1,30E+18;
1,91E+18;Fri Apr 11 12:49:19 +0000 2025;2;Kenapa Indomie dan Pop Mie tidak memproduksi Chinese Lamian (Mie China) tapi hanya memproduksi Japanese Ramen (Mie Jepang) dan Korean Ramyeon (Mie Korea) Series? #Indomie #Makanan #Foods https://t.co/OIao1SuSl4;1,91E+18;https://pbs.twimg.com/media/GoQVk5Sa0AAPHfZ.jpg;;in;;0;1;1;https://x.com/undefined/status/1910676534882689436;1,78E+18;
1,91E+18;Fri Apr 11 11:05:04 +0000 2025;0;@convomf mie indomie korean ramyeon rasa jamur pedas enak bangettt 100/10;1,91E+18;;convomf;in;;0;0;0;https://x.com/undefined/status/1910650298772619409;1,89E+18;
1,91E+18;Fri Apr 11 06:46:21 +0000 2025;0;@shjayine HAHAHHAHAAH KETAWA KUBRO MAAF SEUNG AKU GA TERLALU SUKA MAKAN INDOMIE ATAU RAMYEON;1,91E+18;;shjayine;in;;0;0;0;https://x.com/undefined/status/1910585192248418817;1,63E+18;
1,91E+18;Thu Apr 10 16:01:13 +0000 2025;0;@kirishibma @can_lialeyy @bemylight_____ @Hop3OnTheStage @archive4nad @latierravita Setauku photocards itu bisa untuk paket promosi bonusan album atau promo brand tertentu misalnya McD atau indomie. Seumpama indofood bayar 10 miliar ke ADOR untuk lisensin;1,91E+18;;kirishibma;in;;0;1;0;https://x.com/undefined/status/1910362440577294736;2934688181;
1,91E+18;Wed Apr 09 19:14:00 +0000 2025;0;@tanyarlfes Indomie spicy ramyeon yg warna biru itu enak bgt beneran pedes gurih;1,91E+18;;tanyarlfes;in;;0;0;0;https://x.com/undefined/status/1910048567336796246;1,18E+18;
1,91E+18;Wed Apr 09 17:04:32 +0000 2025;0;@ye_vely67 Tahu Indomie seri ramyeon yang baru keluar enggak? Itu lumayan pedas.;1,91E+18;;alirhayuu;in;;0;1;0;https://x.com/undefined/status/1910015987245879388;1,76E+18;
1,91E+18;Tue Apr 01 04:30:26 +0000 2025;0;lebaran hari ke-2 gue makan indomie spicy ramyeon opor dan ketupatnya dah abis cuy https://t.co/ROr7Qd5Bwy;1,91E+18;https://pbs.twimg.com/media/GnbEF4kbMAAWr_6.jpg;;in;;1;0;0;https://x.com/undefined/status/1906927111249731881;1,61E+18;
1,85E+18;Tue Apr 01 03:47:29 +0000 2025;2;@hywinnie22 Annyeong chingu setiap pembelian varian Indomie Korean Ramyeon Series dan varian rasa Indomie lain senilai IDR 35k dalam satu struk pembelian. Berhak mendapatkan 1 set POSTCARD Minji Hanni Danielle Haerin Hyein. Berlaku kelipatan selama stok d;1,91E+18;;hywinnie22;in;;0;1;0;https://x.com/undefined/status/1906916300166955170;284428760;
1,91E+18;Sun Mar 30 14:49:49 +0000 2025;0;@nakamahargamati kalo di korea ada namanya ajakan tidur bareng sambil makan ramyeon. nah mungkin di Indonesia diadopsi tapi ajakan makan indomie;1,91E+18;;pikpikripik;in;;0;0;0;https://x.com/undefined/status/1906358207251145042;477679422;
1,91E+18;Sun Mar 30 03:40:45 +0000 2025;0;Mau ramyeon yg indomie trs dikasih kimchi. Abis lebaran nanti deh;1,91E+18;;;in;;0;0;0;https://x.com/undefined/status/1906189828560978191;1455009296;
1,91E+18;Sat Mar 29 16:53:52 +0000 2025;0;Mens gini gw bm mie bngt anjirrrr terserah ramyeon indomie apa gacoan GW PENGEN MIEEEEE TAPIASIH GADIBOLEHIN gmna ini...;1,91E+18;;;in;;0;0;0;https://x.com/undefined/status/1906027034993938526;1,77E+18;
1,91E+18;Sat Mar 29 16:03:46 +0000 2025;0;Indomie Soto Banjar sedaap laksa shin ramyeon;1,91E+18;;;in;;0;0;0;https://x.com/undefined/status/1906014429789196445;1,85E+18;
1,91E+18;Sat Mar 29 14:47:43 +0000 2025;0;@fernandosbp Indomie newjeans terus numpang masak di tukang bakso. ;1,91E+18;;fernandosbp;in;;0;0;0;https://x.com/undefined/status/1905995289548456423;1,01E+18;
1,91E+18;Sat Mar 29 08:51:23 +0000 2025;0;wts exclusive postcard newjeans x indomie masih baru stok terbatas 35k dom samarinda wts wtb #zonauang #NewJeans #indomie https://t.co/3JhxvlhDYJ;1,91E+18;https://pbs.twimg.com/media/GnMjDZOaAAACihJ.jpg;;in;;0;0;0;https://x.com/undefined/status/1905905617187016817;1,44E+18;
1,91E+18;Fri Mar 28 10:59:51 +0000 2025;0;Senang bisa bikin mie lagi️ hari ini bikin indomie spicy ramyeon + bakso (ik gk nyambung tp stok di rumah adanya bakso);1,91E+18;;;in;;0;0;0;https://x.com/undefined/status/1905575557930385413;1,46E+18;
1,91E+18;Fri Mar 28 06:50:53 +0000 2025;0;@cheshireith Makasih ya! Kalau idol 4th gen NewJeans populer banget di Indo apalagi buat Gen-Z soalnya media sosial mereka kuat &amp;;;;;;;;;;;
1,91E+18;Thu Mar 27 14:38:29 +0000 2025;0;nyoba ramyeon egg cloud nya heeseung (pake indomie soalnya mau beli ramyeon keburu hujan). cuma kok bentukan punyaku jelek banget ya anjay kenapa orang-orang kok bisa estetik bagus gitu ya tapi ini enak guyss suerrr https://t.co/IFMc1ybk6u;1,91E+18;https://pbs.twimg.com/media/GnDfUr1bMAAnA9p.jpg;;in;;0;3;0;https://x.com/undefined/status/1905268191896768680;1,77E+18;
1,91E+18;Thu Mar 27 14:32:38 +0000 2025;0;indomie spicy ramyeon enak bgt sumpahhh bakalan repurchase barengan soto lamongan sih ini;1,91E+18;;;in;;0;0;0;https://x.com/undefined/status/1905266719373021681;1,10E+18;
1,91E+18;Thu Mar 27 09:45:41 +0000 2025;0;indomie varian yang collab sama newjeans warna biru enakkkk! buat yang gak bisa makan pedes itu gak pedes ;1,91E+18;;;in;;0;4;0;https://x.com/undefined/status/1905194507131609186;1,44E+18;
1,91E+18;Wed Mar 26 22:37:35 +0000 2025;0;1. Indomie kuah ramyeon + Kuahnya lumayan kental jadi bumbunya kerasa enak + Pedesnya pas (aslinya agak kepedesan sih di gw ‍↔️) + Mienya tipis kecil kecil suka + Isinya banyak (ntah karna gw makannya dalam keadaan perut terisi atau karna emang banyak https://t.co/QYajKHVY8S;1,91E+18;https://pbs.twimg.com/media/GnADYPgbUAApteE.jpg;piithcyy_;in;;0;1;0;https://x.com/undefined/status/1905026371128311964;1,17E+18;
1,90E+18;Tue Mar 25 18:28:34 +0000 2025;0;indomie newjeans yang pink rose ga enak anjir;1,90E+18;;;in;;0;0;0;https://x.com/undefined/status/1904601318494556609;1,76E+18;
1,90E+18;Tue Mar 25 17:21:56 +0000 2025;0;open jastip Postcard New Jeans special edition collab with Indomie (for serious buyer only) 46.000 (postcard + frame + Indomie goreng 12pcs) Karanganyar Jateng ️ melayani cod untuk Kra-Solo bisa co oren (blm termasuk ongkir) #postcard #newjeans #kpopsale #zonauang️ https://t.co/bDAixNfuNZ;1,90E+18;https://pbs.twimg.com/media/Gm5xi9_a8AAam7q.jpg;;in;;0;0;0;https://x.com/undefined/status/1904584548530479181;1044147115;
1,90E+18;Tue Mar 25 14:27:51 +0000 2025;0;ada yang cari postcard newjeans bonusan dari indomie gaa??? aku punya 2 set soalnya (krn bapakku dpt terus );1,90E+18;;;in;;0;1;0;https://x.com/undefined/status/1904540737875968252;9,54E+17;
1,90E+18;Tue Mar 25 13:45:11 +0000 2025;0;indomie korean spicy ramyeon enak bangett https://t.co/sYiZgVUUwu;1,90E+18;https://pbs.twimg.com/media/Gm4_4lnbMAAc_yG.jpg;;in;;0;1;0;https://x.com/undefined/status/1904530000977817646;1,39E+18;
1,90E+18;Tue Mar 25 11:43:08 +0000 2025;0;gue baru aja nemu resep indomie ramyeon enak bgt.... pake putih telur pake sawi hijau sama gue tambahin 5 biji cabe (diulek krn gabisa makan cabe potongan) garem micin sama tambahin rumput laut. enak bgt yaAllah ;1,90E+18;;;in;;0;0;0;https://x.com/undefined/status/1904499288350298330;1,44E+18;
1,90E+18;Mon Mar 24 05:36:54 +0000 2025;1;gais aku dikasih abangku postcard newjeans gini sampe 3 set mau diapain ya postcard indomie https://t.co/3QVhXrHW1f;1,90E+18;https://pbs.twimg.com/media/GmyGi7FbsAA2nN_.jpg;;in;;0;1;0;https://x.com/undefined/status/1904044733464523228;1,83E+18;
1,90E+18;Mon Mar 24 05:36:45 +0000 2025;0;#a guyss aku dikasih abangku postcard newjeans indomie ini sampe 3 set bingung mau diapainn https://t.co/mRG05plLcf;1,90E+18;https://pbs.twimg.com/media/GmyGhF0aAAA3mSb.jpg;;in;;0;1;0;https://x.com/undefined/status/1904044696500097144;1,83E+18;
1,90E+18;Mon Mar 24 04:33:34 +0000 2025;0;*direktur ke meja gw* ‍: ini siapa? : newjeans pak BA nya indomie ‍: cantik2 ya bisa kali ya kita pake BA korea? dalem ati gw ud mau teriak BOLEH PAK PAKE AESPA BOLEH BANGET SAYA BIKIN DECK NYA GPP https://t.co/Dfjbmno1J2;1,90E+18;https://pbs.twimg.com/media/Gmx4GHxbUAEkt_p.jpg;;in;;0;3;0;https://x.com/undefined/status/1904028795587445000;1,66E+18;
1,90E+18;Sun Mar 23 16:37:22 +0000 2025;0;Memasak indomie ramyeon dengan wajah bersedih:( https://t.co/kQR3VzYTKT;1,90E+18;https://pbs.twimg.com/media/GmvUIdIbQAAX7Nd.jpg;;in;;0;0;0;https://x.com/undefined/status/1903848556043321557;1,28E+18;
1,90E+18;Sun Mar 23 15:33:10 +0000 2025;1;indomie spicy ramyeon kinda taste kaya shin ramyun tpi lebih light tpi spicynya berasa tpi not too spicy buat yg suka pedes;1,90E+18;;;in;;0;0;0;https://x.com/undefined/status/1903832398946852956;9,80E+17;
1,90E+18;Sat Mar 22 10:27:09 +0000 2025;0;@convomf indomie spicy ramyeon geikara ramen hot chicken (ini kalau mau nyari mie kayak samyang) pop mie ndower ofc mie sedap yang ayam jerit (ga se pedes itu sih tapi);1,90E+18;;convomf;in;;0;0;0;https://x.com/undefined/status/1903393002912952352;1,05E+18;
1,90E+18;Thu Mar 20 04:37:13 +0000 2025;0;@fotnatt Cukupny beli indomie ramyeon segini mah wkkwkw;1,90E+18;;fotnatt;in;;0;1;0;https://x.com/undefined/status/1902580163902378103;1,24E+18;
1,90E+18;Wed Mar 19 14:11:52 +0000 2025;0;indomie ramyeon bungkus biru + sate jengkol + sate kerang + sambal lamongan https://t.co/qlSQjsrmy9;1,90E+18;https://pbs.twimg.com/media/GmaMgBRa4AEBpBU.jpg;;in;;0;1;0;https://x.com/undefined/status/1902362388449653162;741872131;
1,90E+18;Wed Mar 19 14:04:03 +0000 2025;0;@giejin7 jadi Indonesia kpan nih gapapa sekali² pindah dari Indomie 3 rebu ke jin ramyeon yang sudah pasti ini up 3rebu wkwkwk;1,90E+18;;giejin7;in;;0;1;0;https://x.com/undefined/status/1902360422969413849;3919167793;
1,90E+18;Tue Mar 18 16:36:22 +0000 2025;0;cinta banget sama Indomie korean ramyeon yg merah enak dari kemaren makanin itu mulu;1,90E+18;;;in;;0;0;0;https://x.com/undefined/status/1902036367909285975;1,36E+18;
1,90E+18;Tue Mar 18 00:35:37 +0000 2025;0;Lucu ya tiap konten viral dibikin challenge padahal aslinya cuma nyari engagement buat jualan. Kalo lo nonton drakor sambil makan ramyeon di mall bukan jadi wibu tapi kalo nonton anime sambil makan indomie di kamar kos tiba-tiba jadi kurang gaul.;1,90E+18;;;in;;0;0;0;https://x.com/undefined/status/1901794584541467060;1,88E+18;
1,90E+18;Mon Mar 17 14:24:32 +0000 2025;1;@ENHYPEN_members Heeseung makasih banyak ya resepnya ENAK BANGET MIE REBUS TELUR DADARNYA (ALIAS CLOUDY EGG RAMYEON) Btw aku ga pake RAMYEON wkwkwk. Aku pake Indomie Torimiso. Enak banget ga boong https://t.co/4PpAexoPpm;1,90E+18;https://pbs.twimg.com/media/GmP8Oppa8AEzsvR.jpg;ENHYPEN_members;in;;0;0;0;https://x.com/undefined/status/1901640800179769770;1,71E+18;
1,90E+18;Mon Mar 17 03:20:45 +0000 2025;16;@cheezeny @coppamagz Benar chinguuu 35k pada 1 struk berisi varian Indomie Korean Ramyeon Series dan bisa di mix dengan varian rasa lainnya ya .;1,90E+18;;cheezeny;in;;2;3;1;https://x.com/undefined/status/1901473756515586171;284428760;
1,90E+18;Sun Mar 16 19:48:44 +0000 2025;0;postcard set indomie x newjeans (njz) udah hadir di batam rupanya https://t.co/LvWQPC24tb;1,90E+18;https://pbs.twimg.com/media/GmL814raQAAa_PI.jpg;;in;;0;0;0;https://x.com/undefined/status/1901360002830626918;503873317;
1,90E+18;Sun Mar 16 14:13:24 +0000 2025;0;kemarin pengennya indomie newjeans giliran udah beli malah pengen indomie soto;1,90E+18;;;in;;0;0;0;https://x.com/undefined/status/1901275611995218240;3285130260;
1,90E+18;Sun Mar 16 13:23:46 +0000 2025;4;LUCU BANGETT mamah pulang dari indomaret nenteng postcard newjeans × indomie : Kakk mama bawa ini~ kata mbak nya beli minimal 30an dapet ini : Ihh kirain gaada disini kok dapett beli berapa dah? : mama beli mie 20 bungkus ya dapet https://t.co/RJQyzfbeOe;1,90E+18;https://pbs.twimg.com/media/GmKku3aaoAAxWT0.jpg;;in;;0;1;0;https://x.com/undefined/status/1901263122125729842;1,50E+18;
1,90E+18;Sun Mar 16 12:57:36 +0000 2025;1;nyobain spicy ramyeon punyanya indomie~ https://t.co/KG516SEFPy;1,90E+18;https://pbs.twimg.com/media/GmKeuxQboAA0LTZ.jpg;;in;;0;2;0;https://x.com/undefined/status/1901256536007364940;1950381282;
1,90E+18;Sun Mar 16 11:43:19 +0000 2025;0;@swastamitta indomie ramyeon yang biru ituloh;1,90E+18;;swastamitta;in;;0;0;0;https://x.com/undefined/status/1901237840937427334;1,90E+18;
1,90E+18;Sun Mar 16 11:41:56 +0000 2025;0;sumpah porsi ramyeon indomie yang biru 1 aja tuh BANYAK BGT ANJIR;1,90E+18;;;in;;0;2;0;https://x.com/undefined/status/1901237496002019590;1,90E+18;
1,90E+18;Sun Mar 16 08:17:13 +0000 2025;0;@enginafess Aku kalo buat pake Indomie bumbunya gk aku masak soalnya gk boleh kan Tapi kalo pake ramyeon baru ikutin resep Hee;1,90E+18;;enginafess;in;;0;0;0;https://x.com/undefined/status/1901185975365365981;1,33E+18;
1,90E+18;Sat Mar 15 17:23:23 +0000 2025;0;Indomie spicy ramyeon enak! Meski pedes tapi gk bikin pencernaanku babak belur ️;1,90E+18;;;in;;0;0;0;https://x.com/undefined/status/1900961033218637971;1,15E+18;
1,90E+18;Sat Mar 15 16:10:26 +0000 2025;0;@tomkira88 Ga suka indomie ramyeon atau tori kara kah?;1,90E+18;;tomkira88;in;;0;1;0;https://x.com/undefined/status/1900942675999944840;1,17E+18;
1,90E+18;Sat Mar 15 14:53:53 +0000 2025;0;@ilovjakez ituu akuu pake shin ramyeon raaa boleehh bgtt ihh aku juga pernah bikin pake indomie kari sama soto tetep enakk bgt!! yg penting telurnya itu sih;1,90E+18;;ilovjakez;in;;0;0;0;https://x.com/undefined/status/1900923411939111180;1,69E+18;
1,90E+18;Sat Mar 15 13:51:38 +0000 2025;0;Aku pengen coba resep ramyeon Heeseung di Indomie soto ;1,90E+18;;;in;;1;1;0;https://x.com/undefined/status/1900907747849203716;2613097489;
1,90E+18;Sat Mar 15 11:54:39 +0000 2025;4;Aku open lg Indomie murah harganya 2.700 - 4.500 aja yaa limited stock jd cepet cepetan aja yaa buat postcard newjeans nya aku masih jual yaa udah free Indomie juga https://t.co/SXzxxUtkm3;1,90E+18;https://pbs.twimg.com/media/GmFGu0kbcAQ-GdD.jpg;;in;;0;2;0;https://x.com/undefined/status/1900878305303375991;1,52E+18;
1,90E+18;Sat Mar 15 11:29:31 +0000 2025;2;budak! Beli Indomie yang dapat postcard newjeans tu bise di semue toko ke budak? Atau cuma di indomar*t same Alf*mart? https://t.co/YvjNm1XRWi;1,90E+18;https://pbs.twimg.com/media/GmFA_fqaQAACcsO.jpg;;in;;0;3;0;https://x.com/undefined/status/1900871979756122572;1,21E+18;
1,90E+18;Sat Mar 15 07:26:08 +0000 2025;0;@dnyar_ @pajeon98 @bewthoven @tang__kira @Indomielovers kalo mie biasanya bubuk cabainya dipisah sama bubuk bawangnya kalau bubuk cabai iya bisa optional tapi kalau bubuk bawang yg putih itu cuma separo apa ga hambar rasanya? nah kasusnya indomie spicy ra;1,90E+18;;dnyar_;in;;0;1;0;https://x.com/undefined/status/1900810733555704225;2229082393;
1,90E+18;Fri Mar 14 22:04:56 +0000 2025;3;udah coba semua rasa indomie Korean series enak semua si yang paling ak suka spicy ramyeon karena berkuah dan pedes enak bangettt https://t.co/rE6JdxlUkU;1,90E+18;;awayyae;in;;0;0;2;https://x.com/undefined/status/1900669499734716525;7,61E+17;
1,90E+18;Fri Mar 14 22:04:55 +0000 2025;16;OMG Indomie Korean Series x NewJeans kalau beli bundle dapet postcard NewJeans! jadi bundle ini dapet 6pcs indomie Korean series 1 set postcard NewJeans https://t.co/rE6JdxlUkU #Minji #Hanni #Danielle #Haerin #hyein #Kpop #NJZ @Indomielovers https://t.co/vdsnaliwRR;1,90E+18;https://pbs.twimg.com/media/GmCI1BUaEAAAd1A.jpg;;in;;1;1;10;https://x.com/undefined/status/1900669496811286698;7,61E+17;
1,90E+18;Fri Mar 14 21:21:12 +0000 2025;0;Day 15. Mie part 2 kali ini indome spicy ramyeon. Menurut gw ya indomie yang versi kr ini enak semua. https://t.co/VLqEdTL0dM;1,90E+18;https://pbs.twimg.com/media/GmB-0-6X0AADwEU.jpg;anansd;in;;0;1;0;https://x.com/undefined/status/1900658496011382855;69581816;
1,90E+18;Fri Mar 14 15:51:43 +0000 2025;0;Btw kemaren ke alfamart nanya soal pack indomie newjeans. Katanya udh gak adaadanya di online doang;1,90E+18;;;in;;0;0;0;https://x.com/undefined/status/1900575579113443756;1,29E+18;
1,90E+18;Fri Mar 14 15:29:13 +0000 2025;0;Abis ketipu sama indomie ramyeon yang bungkusnya warna biru itu;1,90E+18;;;in;;0;8;0;https://x.com/undefined/status/1900569916182614272;1,20E+18;
1,90E+18;Fri Mar 14 15:12:50 +0000 2025;0;@soboroppang aku pake indomie ramyeon yg biru itu;1,90E+18;;soboroppang;in;;0;0;0;https://x.com/undefined/status/1900565794607845406;1,47E+18;
1,90E+18;Fri Mar 14 14:12:43 +0000 2025;0;asikkk akhirnya dapet postcard newjeans x indomie trs di swalayan domku ada yg dapet gift kipas lipat mantep bener https://t.co/yScWcYb5NG;1,90E+18;https://pbs.twimg.com/media/GmAcvvgaoAAXE9m.jpg;;in;;0;0;0;https://x.com/undefined/status/1900550664486260964;1,50E+18;
1,90E+18;Fri Mar 14 12:17:51 +0000 2025;3;Dapet dari indomie yg NewJeans set itu https://t.co/CkHVO4cNwD;1,90E+18;https://pbs.twimg.com/media/GmACdkdbYAAVwL9.jpg;;in;;0;0;0;https://x.com/undefined/status/1900521757137662186;1,15E+18;
1,90E+18;Fri Mar 14 12:14:53 +0000 2025;0;bikin ini versi indomie kali ya? mager keluar buat beli ramyeon nya tapi pengen ;1,90E+18;;;in;;0;0;0;https://x.com/undefined/status/1900521009465491586;1,43E+18;
1,90E+18;Fri Mar 14 11:04:27 +0000 2025;0;terima kasih newjeans aku jadi beli varian indomie selain indomi goreng ;1,90E+18;;;in;;0;0;0;https://x.com/undefined/status/1900503283216601165;1,55E+18;
1,90E+18;Fri Mar 14 10:45:09 +0000 2025;1;Tadi di indomaret ada poca newjeans kayaknya. Pas gue tanya harus beli berapa indomie biar dapet. Katanya 35k indomie baru dapet. Murah sih tapi siapa yang mau makan indomie sebanyak itu anjeeer wkwkwk;1,90E+18;;;in;;0;1;0;https://x.com/undefined/status/1900498429014659544;1,41E+18;
1,90E+18;Fri Mar 14 09:22:08 +0000 2025;0;eh terimakasih AAAAAAAAAAAAAA pingin nyobain dari kapan hari tapi aku gak terlalu suka shim ramyeon takut gak kemakan akan kucoba pake Indomie besok kekekeke;1,90E+18;;;in;;0;0;0;https://x.com/undefined/status/1900477537341292786;1,59E+18;
1,90E+18;Fri Mar 14 09:18:29 +0000 2025;1;@tang__kira misal ini mienya ga pake shin ramyeon diganti sama indomie/mie sedaap gitu masih enak ga ya?;1,90E+18;;tang__kira;in;;0;4;0;https://x.com/undefined/status/1900476619065602470;1,22E+18;
1,90E+18;Fri Mar 14 08:57:01 +0000 2025;0;waktu itu pernah nyoba si tp pake indomie kari mari nanti kita coba pake shin ramyeon;1,90E+18;;;in;;0;0;0;https://x.com/undefined/status/1900471214231216255;9,19E+17;
1,90E+18;Sat Mar 08 14:12:42 +0000 2025;7;tas indomie newjeans warna biru rem udah sampe https://t.co/UFBHmRj36M;1,90E+18;https://pbs.twimg.com/media/GlhjNewa4AAOORl.jpg;;in;;0;5;0;https://x.com/undefined/status/1898376333052514612;1,44E+18;
1,90E+18;Sat Mar 08 13:03:15 +0000 2025;0;@hellaplace ini beli indomie nya bisa bebas atau harus yg collab sama newjeans?;1,90E+18;;hellaplace;in;;0;1;0;https://x.com/undefined/status/1898358853718233141;1,88E+18;
1,90E+18;Sat Mar 08 11:22:56 +0000 2025;1;@skynieszmn Mau nyobain indomie × newjeans. Telat bgt ya aku;1,90E+18;;skynieszmn;in;;0;0;0;https://x.com/undefined/status/1898333608454009084;1,71E+18;
1,90E+18;Sat Mar 08 10:12:38 +0000 2025;0;sedih banget beli indomie newjeans tapi gak dibolehin ambil fotonya ;1,90E+18;;;in;;0;1;0;https://x.com/undefined/status/1898315918272602209;1,78E+18;
1,90E+18;Sat Mar 08 08:59:25 +0000 2025;2;seriusan yg udah dapet ini bagi pengalaman please #njz #NJZ_REDEBUT #indomie #newjeans https://t.co/L7Mnshwbr1;1,90E+18;https://pbs.twimg.com/media/GlgbX1kaMAA2JqF.jpg;;in;;0;0;0;https://x.com/undefined/status/1898297493391135020;581013467;
1,90E+18;Sat Mar 08 06:01:34 +0000 2025;0;nyari indomie x newjeans di alfamidi malah ketemu ini indomienya gak ada https://t.co/KSLxTlD45C;1,90E+18;https://pbs.twimg.com/media/Glfyy-obwAA4cbm.jpg;;in;;0;1;0;https://x.com/undefined/status/1898252735423955216;8,01E+17;
1,90E+18;Fri Mar 07 14:48:23 +0000 2025;1;buset berasa ngaca ini mah indomie x newjeans https://t.co/203W6Tl4IT;1,90E+18;https://pbs.twimg.com/media/Glchx5jbwAI0skH.jpg;;in;;0;0;0;https://x.com/undefined/status/1898022925451903190;1,09E+18;
1,90E+18;Fri Mar 07 14:32:24 +0000 2025;0;@fightSUNGHOON Indomie Seblak Ayam geprek Ayam goreng Ayam krispi Cumi goreng Udang goreng Nasi padang Nasi campur Bakso Soto Kari ayam Rendang Ikan goreng Ikan bakar Sosis Sushi Pizza Pisang goreng Hot dog Burger Steak Pasta Ramen Ramyeon Mie ayam Mie go;1,90E+18;;fightSUNGHOON;in;;0;1;1;https://x.com/undefined/status/1898018900505460798;4802146236;
1,90E+18;Fri Mar 07 13:24:08 +0000 2025;2;wah dapet postcard NJ ternyata... #ตลาดนัดนิวจีนส์ #NewJeans #NJZ #indomie https://t.co/uOQ2E9pnwF;1,90E+18;https://pbs.twimg.com/media/GlcOZwlbcAEh_4U.jpg;;in;;0;0;0;https://x.com/undefined/status/1898001720833429583;1,65E+18;
1,90E+18;Fri Mar 07 12:44:45 +0000 2025;0;#wts yukk jajan ada aab enhypen sunoo seventeen mingyu txt yeonjun aespa winter karina ive wonyoung newjeans x indomie https://t.co/y7HrlqtaUG;1,90E+18;;;in;;0;0;0;https://x.com/undefined/status/1897991810661994847;1,44E+18;
1,90E+18;Fri Mar 07 12:42:13 +0000 2025;0;#s yukk jajan ada aespa wonyoung ive newjeans x indomie https://t.co/y7HrlqtaUG;1,90E+18;;;in;;0;0;0;https://x.com/undefined/status/1897991174126027032;1,44E+18;
1,90E+18;Fri Mar 07 12:41:29 +0000 2025;0;#wts yukk jajan ada aespa wonyoung ive newjeans x indomie https://t.co/y7HrlqtaUG;1,90E+18;;;in;;0;0;0;https://x.com/undefined/status/1897990991103377569;1,44E+18;
1,90E+18;Fri Mar 07 12:40:52 +0000 2025;0;#gs yukk jajan ada aespa wonyoung sama newjeans x indomie https://t.co/y7HrlqtaUG;1,90E+18;;;in;;0;0;0;https://x.com/undefined/status/1897990835620430089;1,44E+18;
1,90E+18;Fri Mar 07 09:06:34 +0000 2025;1;kita rayakan kemenangan itu dengan indomie newjeans;1,90E+18;;;in;;0;0;0;https://x.com/undefined/status/1897936903242236381;1233069637;
1,90E+18;Fri Mar 07 04:46:43 +0000 2025;1;Kpoper jateng sama jatim udh nyikat indomie newjeans nih diliat-liat ‍↕️;1,90E+18;;;in;;1;1;0;https://x.com/undefined/status/1897871511656317131;1321907196;
1,90E+18;Fri Mar 07 03:55:20 +0000 2025;0;@Woosetok Ramyeon dong kk pilihanku indomie di dadakuh. Btw kk suka main gim apatuh?!;1,90E+18;;Woosetok;in;;0;1;0;https://x.com/undefined/status/1897858577395859912;1044981194;
1,90E+18;Thu Mar 06 23:33:11 +0000 2025;0;daripada indomie ramyeon yg pink ada odengnya dan cuman sebiji anjritttt bener bener sebiji‍↕️;1,90E+18;;;in;;0;2;0;https://x.com/undefined/status/1897792609034420600;1,44E+18;
1,90E+18;Thu Mar 06 16:05:18 +0000 2025;3;@Adelfjkt48 @convomf Dan fyi... Untuk semua varian Korea terbaru dari Indomie itu pedas semua yaa kalo kalian suka yg kuah bisa cobain varian spicy ramyeon rasa sup jamur. Dan tekstur mie nya agak tebal dikarenakan premium. Cmiiw;1,90E+18;;cahrska;in;;0;0;0;https://x.com/undefined/status/1897679892176855370;1,29E+18;
1,90E+18;Thu Mar 06 15:20:51 +0000 2025;0;besok gw mau ke indomaret beli indomie+pc newjeans bodoamat #fomo;1,90E+18;;;in;;0;0;0;https://x.com/undefined/status/1897668708576948488;1,11E+18;
1,90E+18;Thu Mar 06 13:53:58 +0000 2025;0;Duh...mie apa ya yg odengnya juga 2 doang indomie newjeans kayanya ;1,90E+18;;;in;;0;2;0;https://x.com/undefined/status/1897646842109935753;1,75E+18;
1,90E+18;Thu Mar 06 13:48:23 +0000 2025;0;@Nettodachi di tempat isa udah nggak ada mie sakura apalagi indomie ibu kantin pake shin ramyeon sih. ;1,90E+18;;Nettodachi;in;;0;0;0;https://x.com/undefined/status/1897645438280577184;8,11E+17;
1,90E+18;Thu Mar 06 13:44:06 +0000 2025;0;@Saturnern Esa pernah makan mie carbonara indomie X NewJeans enggak... They give us odeng.... A tiny piece of odeng... Seujung kuku.;1,90E+18;;Miidnightse;in;;0;1;0;https://x.com/undefined/status/1897644359505604737;7,81E+17;
1,90E+18;Thu Mar 06 09:36:22 +0000 2025;0;iseng² beli indomie ternyata beneran dpt postcard newjeans avv;1,90E+18;;;in;;0;1;0;https://x.com/undefined/status/1897582014989037904;1,11E+18;
1,90E+18;Thu Mar 06 07:47:56 +0000 2025;0;@HaveGoodDaay @menyalahhh ka maaf disini beli indomie minimal 35rb. Sudah dapet postcard with frame NewJeans nggak ya kalau kasirnya bilang dapet nah kaka langsung beli.;1,90E+18;;HaveGoodDaay;in;;0;1;0;https://x.com/undefined/status/1897554728336396713;1,27E+18;
1,90E+18;Thu Mar 06 03:55:20 +0000 2025;1;Pc indomie x newjeans cari dimana lagi aaaaa;1,90E+18;;;in;;0;0;0;https://x.com/undefined/status/1897496192390742258;9,83E+17;
1,90E+18;Wed Mar 05 23:00:59 +0000 2025;0;Apa gw buka jastip ni newjeans x indomie ye;1,90E+18;;;in;;0;0;0;https://x.com/undefined/status/1897422114573205514;1,23E+18;
1,90E+18;Wed Mar 05 19:35:51 +0000 2025;0;bundle indomie + bonus pp newjeans kayaknya lebih worth it dibandingkan pp jeketi imo;1,90E+18;;;in;;0;0;0;https://x.com/undefined/status/1897370494346911816;389335185;
1,90E+18;Wed Mar 05 16:28:28 +0000 2025;0;pengen beli indomie cuma mau dapet poto newjeans aja mwehehehe;1,90E+18;;;in;;0;2;0;https://x.com/undefined/status/1897323335211737324;1,87E+18;
1,90E+18;Wed Mar 05 16:00:48 +0000 2025;1;Open Jastip INDOMIE X NEWJEANS Dapat 6 pcs Indomie varian random Price : 40k Exc : adm + pack #indomie #NewJeans https://t.co/6mxU9MhkXX;1,90E+18;https://pbs.twimg.com/media/GlSfMAIbYAAvUjG.jpg;;in;;0;1;1;https://x.com/undefined/status/1897316373975719988;1,81E+18;
1,90E+18;Wed Mar 05 13:05:38 +0000 2025;0;Mau sungkem ke indomie ramyeon biru. Pedes co ga kuat gweh;1,90E+18;;;in;;0;0;0;https://x.com/undefined/status/1897272292369183203;1,16E+18;
1,90E+18;Wed Mar 05 09:52:47 +0000 2025;1;ada yg cari postcard njz newjeans x indomie? https://t.co/ChoSdP2uRM;1,90E+18;https://pbs.twimg.com/media/GlRK8lkXQAAqRDS.jpg;;in;;0;1;0;https://x.com/undefined/status/1897223758047506533;1,47E+18;
1,90E+18;Wed Mar 05 08:55:30 +0000 2025;0;@lexigo109 beli indomie seri korean ramyeon di indomaret minimal 35K kak;1,90E+18;;lexigo109;in;;0;0;0;https://x.com/undefined/status/1897209345030717905;2467054748;
1,90E+18;Wed Mar 05 06:47:56 +0000 2025;185;gais aku jual indomie karena aku cuma ambil postcard newjeans ajaah semua indomie harganya 2.500/pcs yaah. varian yg tersedia ayam bawang ayam spesial ayam geprek soto Indomie goreng (kalau mau rasa lain bisa request) https://t.co/A67v8D3RHt;1,90E+18;https://pbs.twimg.com/media/GlQgpY0WQAA57GR.jpg;;in;;7;41;26;https://x.com/undefined/status/1897177241542644000;1,54E+18;
1,90E+18;Wed Mar 05 05:46:03 +0000 2025;0;belanja indomie 35 terus dapet postcard newjeans CAKEP BANGET DAN BANYAAKKK https://t.co/mdYGq6AEcZ;1,90E+18;https://pbs.twimg.com/media/GlQSeHobkAAN9-w.jpg;;in;;0;0;0;https://x.com/undefined/status/1897161668528103533;1,15E+18;
1,90E+18;Wed Mar 05 05:01:07 +0000 2025;492;Ada yg mau Indomie gak harga nya 2.700 - 4.000 an aja rasanya macem macem yaa aku beli cuman mau ambil fotonya newjeans aja tp kalau mau beli postcard aku juga jual yaa bisa via shopee yaa https://t.co/a11QVI8PKQ;1,90E+18;https://pbs.twimg.com/media/GlQILdca4AEWjs3.jpg;;in;;10;89;20;https://x.com/undefined/status/1897150359476502709;1,52E+18;
1,90E+18;Wed Mar 05 03:58:25 +0000 2025;1;Ada yang suka New Jeans kah ??? Aku abis beli indomie dapet postcard indomie x new jeans #IndomieXNEWJEANS #NewJeans https://t.co/AN9OhhyWH7;1,90E+18;https://pbs.twimg.com/media/GlP51JVaMAAKlGH.jpg;;in;;0;1;0;https://x.com/undefined/status/1897134577631756469;1,26E+18;
1,90E+18;Wed Mar 05 03:40:38 +0000 2025;0;rela makan indomie 1 minggu full #indomie #NewJeans #NJZ_REDEBUT #bunnies #Collaboration https://t.co/LHF01KZUkW;1,90E+18;https://pbs.twimg.com/media/GlP1xCJaIAA323b.jpg;;in;;0;0;0;https://x.com/undefined/status/1897130102250692659;1,28E+18;
1,90E+18;Tue Mar 04 20:58:28 +0000 2025;12;mau ikut puasa ternyata indomie newjeans udah ada di gerbang beneran sahur pake indomie https://t.co/zXGoAP9OKR;1,90E+18;https://pbs.twimg.com/media/GlOZty4bwAAY7bI.jpg;;in;;0;3;0;https://x.com/undefined/status/1897028897042260208;1,85E+18;
1,90E+18;Tue Mar 04 14:16:14 +0000 2025;0;eh indomie spicy ramyeon enak bgt ;1,90E+18;;;in;;0;2;0;https://x.com/undefined/status/1896927670459670734;7,74E+17;
1,90E+18;Tue Mar 04 14:08:52 +0000 2025;0;@_Frmnnnn Yg Korean ramyeon sm Indomie varian apapun kk https://t.co/yZ68vKHFoy;1,90E+18;https://pbs.twimg.com/media/GlM7-lWWwAAA-5L.jpg;_Frmnnnn;in;;1;0;0;https://x.com/undefined/status/1896925817638416643;1,32E+18;
1,90E+18;Tue Mar 04 12:34:46 +0000 2025;0;@bucinrei Kalau mau tau tanya kasirnya dulu abang. Mba/mas ada postcard indomie newjeans gak;1,90E+18;;bucinrei;in;;0;0;0;https://x.com/undefined/status/1896902137424298151;2946746214;
1,90E+18;Tue Mar 04 12:00:37 +0000 2025;0;indomie x newjeans! balik ngampus keliling alfa &amp;;;;;;;;;;;
1,90E+18;Tue Mar 04 10:39:52 +0000 2025;0;Eh beneran ga sengaja lg nyetok indomie di indomaret trs pas mau bayar kata kasirnya nambah 1 indomie lg dapet 1 postcard newjeans dan ternyata lucu???!! https://t.co/yufI0bjOLr;1,90E+18;https://pbs.twimg.com/media/GlMMIPHWMAA8lwO.jpg;;in;;0;1;0;https://x.com/undefined/status/1896873218729996791;611426402;
1,90E+18;Tue Mar 04 02:19:39 +0000 2025;1;Indomie x NewJeans di NYC ada Indonesia cooooyyyyy 🇮🇩🇮🇩️🇮🇩 https://t.co/jvpSZJVmmr;1,90E+18;https://pbs.twimg.com/media/GlKZpRpbAAAkcIY.jpg;;in;;0;0;0;https://x.com/undefined/status/1896747336497520850;1,22E+18;
1,90E+18;Mon Mar 03 17:27:00 +0000 2025;1;@skinnyskebs @onlychiId mas atau mba maaf ini ada Indomie postcard with frame NewJeans nggak ya? Yang pembelian nya minimal 35rb Kalau si kasirnya bilang ada. Gas langsung beli kak. Kalau nggak paham tunjukkin aja video itu ka. Semoga membantu.;1,90E+18;;skinnyskebs;in;;0;1;0;https://x.com/undefined/status/1896613290719281307;1,27E+18;
1,90E+18;Mon Mar 03 17:23:46 +0000 2025;0;@puppyjiun @onlychiId bilang dulu ka ke kasir ada Indomie yang gitftnya postcard with frame NewJeans nggak? Kalau ada gas beli kak. Pembelian minimal 35rb ka;1,90E+18;;puppyjiun;in;;0;0;0;https://x.com/undefined/status/1896612478932725787;1,27E+18;
1,90E+18;Mon Mar 03 16:13:54 +0000 2025;0;@dontbebIu Gabut soalnya ka dan kalau nggak tau tentang kaya gini. Rasanya tau banget. nggak enak. Menghindari juga rasa kekecewaan beli indomie x NewJeans. Jadi aman. Nggak ada drama dramaan wkwkww;1,90E+18;;dontbebIu;in;;0;1;0;https://x.com/undefined/status/1896594895277809847;1,27E+18;
1,90E+18;Mon Mar 03 16:06:39 +0000 2025;0;infokan indomaret depok yang menyediakan postcard newjeans x indomie;1,90E+18;;;in;;0;0;0;https://x.com/undefined/status/1896593071158308920;1,62E+18;
1,90E+18;Mon Mar 03 15:19:25 +0000 2025;0;@stuenflower Pembelian minimal 35rb ka jadi sebelum beli tanya dulu ke kasir. Ada Indomie postcard with frame NewJeans nggak? Kalau ada gas langsung beli.;1,90E+18;;stuenflower;in;;0;0;0;https://x.com/undefined/status/1896581184710390007;1,27E+18;
1,90E+18;Mon Mar 03 13:50:05 +0000 2025;0;w baru sadar udah beli indomie newjeans telat bgt ada pcnya yahh heuhue;1,90E+18;;;in;;0;0;0;https://x.com/undefined/status/1896558703605899770;464412748;
1,90E+18;Mon Mar 03 12:34:51 +0000 2025;0;Indomie Newjeans yg kuah itu enak dah... https://t.co/n7H9nGRJCJ;1,90E+18;https://pbs.twimg.com/tweet_video_thumb/GlHc3IPakAA4Kzq.jpg;;in;;0;0;0;https://x.com/undefined/status/1896539767342522704;2758947249;
1,90E+18;Mon Mar 03 12:28:49 +0000 2025;0;doain w bsk dpt foto newjeans indomie w akan cari di 5 or even more indo/alfamart ;1,90E+18;;;in;;0;1;0;https://x.com/undefined/status/1896538252267700642;3690997939;
1,90E+18;Mon Mar 03 12:13:13 +0000 2025;104;@onlychiId Mjb kak di alfa/indo mert udah bisa beli langsung ga harus series korean ramyeon kata mbak mbaknya pokok nya indomie aja bebas mau indomie apa aja;1,90E+18;;onlychiId;in;;4;4;0;https://x.com/undefined/status/1896534323886772240;1,54E+18;
1,90E+18;Mon Mar 03 10:48:20 +0000 2025;2;siapa yang udah beli Indomie x newjeans https://t.co/J0afZcyFjS;1,90E+18;https://pbs.twimg.com/media/GlHEeeHWkAAid_e.jpg;;in;;0;2;0;https://x.com/undefined/status/1896512962925670492;1,84E+18;
1,90E+18;Mon Mar 03 10:41:37 +0000 2025;0;@farilong indomie yang collab sama newjeans itu ;1,90E+18;;farilong;in;;0;0;0;https://x.com/undefined/status/1896511273346781572;1,44E+18;
1,90E+18;Mon Mar 03 03:54:25 +0000 2025;2;wtp postcard indomie x newjeans ++ sendok cantik kata mas indomaret https://t.co/ouBe1xE8ja;1,90E+18;https://pbs.twimg.com/media/GlFlrnHbIAA9yEo.jpg;;in;;0;3;0;https://x.com/undefined/status/1896408795473195228;1,05E+18;
1,90E+18;Sun Mar 02 18:02:05 +0000 2025;0;info alfa/indomaret yg sdh nyediain postcard newjeans guys aku siap borong indomie;1,90E+18;;;in;;0;0;0;https://x.com/undefined/status/1896259732815708238;1,50E+18;
1,90E+18;Sun Mar 02 15:44:49 +0000 2025;0;@adorearteu Semua varian indomie atau yg newjeans aja cey?;1,90E+18;;adorearteu;in;;0;1;0;https://x.com/undefined/status/1896225188205011379;1,68E+18;
1,90E+18;Sun Mar 02 13:36:51 +0000 2025;0;halooo ada yg cari ga ya??? wts postcard set + frame newjeans x indomie https://t.co/XEjP7LxxSN;1,90E+18;https://pbs.twimg.com/media/GlChdwKaQAALXX_.jpg;;in;;0;3;0;https://x.com/undefined/status/1896192983420244463;2900309981;
1,90E+18;Sun Mar 02 13:34:58 +0000 2025;0;baru tau Indomie x newjeans ada ginian https://t.co/zLYQit7FOK;1,90E+18;https://pbs.twimg.com/media/GlChB3PaYAAxuwE.jpg;;in;;0;4;0;https://x.com/undefined/status/1896192510642516119;1,28E+18;
1,90E+18;Sun Mar 02 13:13:37 +0000 2025;0;@vexr44 beliau mie ae biasane 4-5 porsi (ramyeon bukan indomie) (normal). nek kelaparan iso 7 :);1,90E+18;;vexr44;in;;0;0;0;https://x.com/undefined/status/1896187136191377720;1,48E+18;
1,90E+18;Sun Mar 02 11:52:47 +0000 2025;1;Ngabuburit bukannya hunting takjil malah hunting indomie x NewJeans https://t.co/i7Donj7DUf;1,90E+18;https://pbs.twimg.com/media/GlCJpoBaIAA3xNJ.jpg;;in;;0;0;0;https://x.com/undefined/status/1896166794492309846;1,20E+18;
1,90E+18;Sun Mar 02 10:48:54 +0000 2025;0;Akhirnya ada juga indomie newjeans postcard https://t.co/4YDGNOAkZX;1,90E+18;https://pbs.twimg.com/media/GlB7BTCaUAE56eA.jpg;;in;;0;1;0;https://x.com/undefined/status/1896150718509379964;1,54E+18;
1,90E+18;Sun Mar 02 06:42:07 +0000 2025;0;Open jastip NJZ Oh my god it's indomie postcard set with frame Minbel 35k Fee 10k dikirim include indomienya~ (bebas var ramyeon njz) bisa option diberikan ke duafa/ojol yaa Avail 5-6slot https://t.co/0isnJWIYua;1,90E+18;https://pbs.twimg.com/media/GlBCinFXsAA5bjn.jpg;;in;;1;0;0;https://x.com/undefined/status/1896088613085200818;1,15E+18;
1,90E+18;Sun Mar 02 06:35:07 +0000 2025;2;indomie yg newjeans itu enak ga sih? wkwkwk;1,90E+18;;;in;;0;5;0;https://x.com/undefined/status/1896086852022780407;1,89E+18;
1,90E+18;Sun Mar 02 06:33:54 +0000 2025;5;@pinkbunnylovey_ sebelum beli Kaka tanya dulu ke kasir nya kurang lebih seperti ini ka maaf beli Indomie minimal 35rb disini. Sudah dapet postcard with frame NewJeans nggak ya? Kalau kasirnya nggak paham. Kaka kasih tau foto ini. semoga membantu ka. https;1,90E+18;https://pbs.twimg.com/media/GlBAp4rbYAAmi2W.jpg;pinkbunnylovey_;in;;1;1;1;https://x.com/undefined/status/1896086543804371430;1,27E+18;
1,90E+18;Sun Mar 02 06:21:57 +0000 2025;1;Indomie x Newjeans Berhadiah Postcard dan Frame _ Korean Noodles Series ... https://t.co/Q7dc3KGAW1 via @YouTube Mau tau beli dimana? Yuk nonton sampe abis. Buruan keburu abis #indomiexnewjeans #newjeans #njz https://t.co/gir8O1ZVdV;1,90E+18;https://pbs.twimg.com/media/GlA97HtbQAA19KR.jpg;;in;;0;0;0;https://x.com/undefined/status/1896083537478205659;64603785;
1,90E+18;Sun Mar 02 03:03:22 +0000 2025;0;di jogja udah ada merch indomie x newjeans belum yah;1,90E+18;;;in;;0;0;0;https://x.com/undefined/status/1896033560638996952;1,62E+18;
1,90E+18;Sun Mar 02 02:40:10 +0000 2025;217; udah adaa. cakep bngt packagingnya indomie x newjeans https://t.co/9hDjLKyh7h;1,90E+18;https://pbs.twimg.com/media/GlALKrSWEAAazb9.jpg;;in;;19;48;4;https://x.com/undefined/status/1896027723794878913;3543482659;
1,90E+18;Sat Mar 01 23:12:55 +0000 2025;3;eh ini sama gasi?? indomie x newjeans ada photocard?? https://t.co/sWFWc54S7Y;1,90E+18;https://pbs.twimg.com/media/Gk_buw9bQAY8giF.jpg;;in;;0;2;0;https://x.com/undefined/status/1895975568308601205;1,68E+18;
1,90E+18;Sat Mar 01 15:34:08 +0000 2025;0;List Indomie mahal paling rekomended buatku 1. Tori Miso 10/10 2. Spicy Ramyeon 10/10;1,90E+18;;;in;;0;0;0;https://x.com/undefined/status/1895860111173951750;400789567;
1,89E+18;Sat Mar 01 15:32:59 +0000 2025;0;@Beomglu @1 Bener banget kak hujan-hujan kalo gak makan ramyeon rasanya kayak kurang seperti perhatian doi tapi aku sukanya bikin indomie sih kak.;1,90E+18;;Beomglu;in;;0;0;0;https://x.com/undefined/status/1895859822857503104;1,35E+18;
1,90E+18;Sat Mar 01 14:33:52 +0000 2025;11;lucu banget #indomie #NewJeans #OhMyGoodItsIndomie https://t.co/23oJx4Lq6W;1,90E+18;https://pbs.twimg.com/media/Gk9k7YkboAI2qGa.jpg;;in;;0;0;1;https://x.com/undefined/status/1895844943731835362;1,57E+18;
1,90E+18;Sat Mar 01 08:48:56 +0000 2025;2;Yang mau beli indomie korean series di tokped udah tersedia lagi https://t.co/LGg30KZCgA;1,90E+18;;;in;;0;0;0;https://x.com/undefined/status/1895758137803907083;1,76E+18;
1,90E+18;Sat Mar 01 06:09:24 +0000 2025;0;IH DI ALFA INDO BELUM ADA HADIAH YG INDOMIE NEWJEANS ITU. Hmmmm;1,90E+18;;;in;;0;0;0;https://x.com/undefined/status/1895717989963661617;1,01E+18;
1,90E+18;Sat Mar 01 05:56:29 +0000 2025;3;Baru sadar ini Indomie nggak pake NewJeans lagi pakenya nama nama member makasii min;1,90E+18;;;in;;0;2;0;https://x.com/undefined/status/1895714740984557935;1,27E+18;
1,90E+18;Sat Mar 01 05:24:35 +0000 2025;3;#wts #NewJeans #indomie OPEN JASTIP INDOMIE X NEWJEANS MIE NYA RANDOM SEADANYA DAPAT 6 MIE HARGA :40.000 FEE GO PACK DOM KARAWANG https://t.co/tf5NmAMOuW;1,90E+18;https://pbs.twimg.com/media/Gk7nM4XbEAAaK2s.jpg;;in;;0;3;0;https://x.com/undefined/status/1895706714521157985;1,64E+18;
1,90E+18;Sat Mar 01 04:49:55 +0000 2025;123;bunnies cepet co Indomie free PC set with frame NewJeans lagi di jual di Tiktok. Langsung join live Indomie sekarang https://t.co/Cp6pyFxdnu https://t.co/fmudiUDosB;1,90E+18;https://pbs.twimg.com/media/Gk7fRrKbQAE1Q-y.jpg;;in;;11;16;24;https://x.com/undefined/status/1895697990565966323;1,27E+18;
1,90E+18;Sat Mar 01 04:36:27 +0000 2025;400;GEMAS SEKALI BAYI UCULLL POSTCARD INDOMIE X NEWJEANS AKA NJZ #Indomie #NewJeans #NJZ_REDEBUT #njz #indomiexnjz https://t.co/y6ewb80B0M;1,90E+18;https://pbs.twimg.com/media/Gk7cMQMXgAAu2Sc.jpg;;in;;11;6;72;https://x.com/undefined/status/1895694601396359454;1,87E+18;
1,90E+18;Fri Feb 28 10:32:28 +0000 2025;0;LAH INDOMIE NEWJEANS GUE UDAH BELI TPI PC NYA BARU MAU NONGOL ;1,90E+18;;;in;;0;0;0;https://x.com/undefined/status/1895421804409438622;1,08E+18;
1,90E+18;Thu Feb 27 13:44:04 +0000 2025;1;Hujan-hujan makan indomie spicy ramyeon enak sih tapi pedes juga ya wkwkwk;1,90E+18;;;in;;0;1;0;https://x.com/undefined/status/1895107635789304317;1,71E+18;
1,90E+18;Thu Feb 27 12:05:10 +0000 2025;0;ujan ujan nonton encok ditemenin ramyeon indo alias indomie manteupp bat ini;1,90E+18;;;in;;0;0;0;https://x.com/undefined/status/1895082747783454939;1,51E+18;
1,89E+18;Wed Feb 26 15:19:37 +0000 2025;0;demiallah makan ramyeon ternyata se kenyang ini ya wkwkwkwkkw kebiasa makan indomie yg porsinya sedikit itu soalnya;1,89E+18;;;in;;0;0;0;https://x.com/undefined/status/1894769295906971747;1,20E+18;
1,89E+18;Wed Feb 26 09:02:45 +0000 2025;0;INDOMIE NEWJEANS YANG BIRU ENAK BANGET ;1,89E+18;;;in;;0;1;0;https://x.com/undefined/status/1894674452912492677;1,20E+18;
1,89E+18;Wed Feb 26 06:52:12 +0000 2025;0;lamaaaa bgt ga makan mi instan trs hr ini nyoba indomie korean spicy ramyeon enak beneran pedes ;1,89E+18;;;in;;0;2;0;https://x.com/undefined/status/1894641600040767941;277309562;
1,89E+18;Wed Feb 26 04:01:35 +0000 2025;0;@bluesmiley_ Betuuull mau beli indomie yg newjeans kaga ada;1,89E+18;;bluesmiley_;in;;0;0;0;https://x.com/undefined/status/1894598661088448581;2493761792;
1,89E+18;Tue Feb 25 12:50:07 +0000 2025;0;@FOODFESS2 indomie spicy ramyeon yg bungkus biru itu enakkkkk loh surprisingly;1,89E+18;;FOODFESS2;in;;0;0;0;https://x.com/undefined/status/1894369283649802724;1,60E+18;
1,89E+18;Tue Feb 25 12:22:51 +0000 2025;0;@FOODFESS2 Indomie spicy ramyeon yg varian baru itu;1,89E+18;;FOODFESS2;in;;0;0;0;https://x.com/undefined/status/1894362421231587577;1,61E+18;
1,89E+18;Tue Feb 25 11:07:38 +0000 2025;0;spicy ramyeon indomie itu enak banget plijjj;1,89E+18;;;in;;0;0;0;https://x.com/undefined/status/1894343494594171137;1,37E+18;
1,89E+18;Tue Feb 25 10:50:16 +0000 2025;0;@convomf Indomie Coto Makassar Indomie Spicy Ramyeon dan Indomie Soto Banjar Limau Kuit.;1,89E+18;;convomf;in;;0;0;0;https://x.com/undefined/status/1894339122996940957;1,66E+18;
1,89E+18;Sun Feb 23 10:30:00 +0000 2025;1;Biar vibes Korea makin terasa di #WeekendProjectTRANS7 &amp;;;;;;;;;;;
1,89E+18;Sun Feb 23 08:30:00 +0000 2025;123;#WeekendProjectTRANS7 &amp;;;;;;;;;;;
1,89E+18;Sun Feb 23 05:30:00 +0000 2025;1;Musik udah temen udah tapi masih kurang satu Indomie Korea Ramyeon Series dong! Cus cobain biar makin full team! Kapan sih event-nya? ️23 Februari 2025 Senayan Park Jakarta LIVE DI TRANS7 19:30 WIB [FREE ENTRY] #WeekendProjectTRANS7 &amp;;;;;;;;;;;
1,89E+18;Sat Feb 22 17:05:21 +0000 2025;0;Indomie goreng Indomie premium Korean spicy ramyeon (yang bungkus biru) Indomie goreng aceh;1,89E+18;;;in;;0;0;0;https://x.com/undefined/status/1893346353385783496;3548098166;
1,89E+18;Sat Feb 22 15:13:30 +0000 2025;137;Udah ada line-up favoritmu di #WeekendProjectTRANS7 tapi udah ada camilan favoritmu belum? Indomie Korea Ramyeon Series siap nemenin kamu nge-vibes di #SoundOfLoveTRANS7 Kapan sih event-nya? ️23 Februari 2025 Senayan Park Jakarta LIVE DI TRANS7 19:30 WIB [FREE https://t.co/bBdGkZwueP;1,89E+18;https://pbs.twimg.com/media/GkZotm-WIAA1S12.jpg;;in;;0;1;16;https://x.com/undefined/status/1893318203264376862;124839730;
1,89E+18;Sat Feb 22 15:07:05 +0000 2025;0;Musiknya kenceng suasananya seru tapi kurang lengkap tanpa yang pedes-pedes! Coba Indomie Korea Ramyeon Series di Weekend Project. Rasa Korea yang otentik ada di #WeekendProjectTRANS7 &amp;;;;;;;;;;;
1,89E+18;Sat Feb 22 12:26:02 +0000 2025;0;gk espek indomie spicy ramyeon pedes bgt;1,89E+18;;;in;;0;0;0;https://x.com/undefined/status/1893276057081401857;407650770;
1,89E+18;Sat Feb 22 06:55:11 +0000 2025;1;Mau tau dong Indomielovers selama ini kalo makan Indomie Spicy Ramyeon kaya gimana? ;1,89E+18;;;in;;0;0;0;https://x.com/undefined/status/1893192797676576779;284428760;
1,89E+18;Sat Feb 22 05:30:27 +0000 2025;7;Siapa yang keinginannya tergantung sama isi FYPnya? Tenang aja kalau kamu BM ramyeon yang pedas creamy pasti cocok dengan kenikmatan saus rose yang creamy dan otentik Korea di Indomie K-Rose lhooo~ #OhMyGoodItsIndomie https://t.co/k5oHQxFq8U;1,89E+18;https://pbs.twimg.com/amplify_video_thumb/1893171405975625730/img/9_XkzgQLPG6RHklg.jpg;;in;;0;0;0;https://x.com/undefined/status/1893171473197736053;284428760;
1,89E+18;Fri Feb 21 12:13:00 +0000 2025;0;Ngapain sedih kalo ada indomie spicy ramyeon (ENAK BGT????!) https://t.co/0ca72wWa4M;1,89E+18;https://pbs.twimg.com/media/GkT38vNWMAA43J_.jpg;;in;;0;1;0;https://x.com/undefined/status/1892910390008271235;1,61E+18;
1,89E+18;Fri Feb 21 01:00:48 +0000 2025;0;Kalo newjeans jadi BA indomie kok gadapat PCnya pas beli indomie;1,89E+18;;;in;;0;0;0;https://x.com/undefined/status/1892741228418027693;1,15E+18;
1,89E+18;Thu Feb 20 15:53:27 +0000 2025;0;padahal gw udh makan mie ayam tapi karna liat enha makan ramyeon jadi pengen indomie kari:);1,89E+18;;;in;;0;0;0;https://x.com/undefined/status/1892603483213455802;8,85E+17;
1,89E+18;Thu Feb 20 05:23:08 +0000 2025;0;Indomie soto koya pedas dower trnyta cm kek indomie soto ketambah rawit merah sebiji. So so aja pedesnya masi pedes yg spicy ramyeon;1,89E+18;;;in;;0;0;0;https://x.com/undefined/status/1892444859019251794;1,23E+18;
1,89E+18;Thu Feb 20 03:45:41 +0000 2025;0;NEW FLAVORS ALERT! Indomie Lovers ready for a flavor explosion?! Yuk cobain Korea Ramyeon Series terbaru kami;;;;;;;;;;;
1,89E+18;Wed Feb 19 16:08:23 +0000 2025;0;kapok beli indomie ramyeon series GAADA YG ENAK jirrrr;1,89E+18;;;in;;0;0;0;https://x.com/undefined/status/1892244853192364485;1,41E+18;
1,89E+18;Tue Feb 18 15:02:15 +0000 2025;0;menyesali perbuatan ku yang siangnya mam seblak pedes malamnya makan indomie spicy ramyeon ;1,89E+18;;;in;;0;0;0;https://x.com/undefined/status/1891865820101255317;1,59E+18;
1,89E+18;Tue Feb 18 10:27:25 +0000 2025;3;Baru sampe rumah abis konseran Tapi udah kangen lagi sama Idol Untungnya ambil banyak fancam yang bisa diliatin lagi sambil makan Indomie Spicy Ramyeon yang pedas gurih segar buat nemenin kamu yang gagal move on dari konser Indomielovers! #OhMyGoodItsIndomie https://t.co/XDhFDgrADg;1,89E+18;https://pbs.twimg.com/amplify_video_thumb/1891796581986549760/img/xtFU_UDVNfFxU8Kn.jpg;;in;;0;0;0;https://x.com/undefined/status/1891796654925422598;284428760;
1,89E+18;Tue Feb 18 08:10:14 +0000 2025;0;indomie fiery chikin oke sih tapi gila ini spicy ramyeon pedes banget anjir;1,89E+18;;;in;;0;0;0;https://x.com/undefined/status/1891762132506509427;264020427;
1,89E+18;Mon Feb 17 14:49:00 +0000 2025;1;Indomie ramyeon rose menurutku enak2 aja sih. Kirain bakal aneh bgt ternyata masih ok kok. Gak sejelek itu masih bisa dihabisin sambil dinikmati dan kuanggap enak. ;1,89E+18;;;in;;0;0;0;https://x.com/undefined/status/1891500098338562391;9,73E+17;
1,89E+18;Sun Feb 16 14:02:29 +0000 2025;35;guys kalo kesel makan indomie atau ramyeon aja biar kaya noah;1,89E+18;;;in;;1;9;0;https://x.com/undefined/status/1891126003528831380;3881457733;
1,89E+18;Sat Feb 15 14:00:53 +0000 2025;0;@flythcv bukan itu ramyeon indomie yg bru ;1,89E+18;;flythcv;in;;0;0;0;https://x.com/undefined/status/1890763214817808759;1,29E+18;
1,89E+18;Fri Feb 14 07:49:20 +0000 2025;1;Mafa : indomie korea biru yang newjeans Mifa : nipis jeruk;1,89E+18;;;in;;0;1;0;https://x.com/undefined/status/1890307322800394740;8,58E+17;
1,89E+18;Fri Feb 14 04:28:31 +0000 2025;0;@euphonioas Ada tau perawat yang ngeluh di tiktok tentang pasien yang udah diingetin dokternya buat pantang makan ini itu eh dia malah makan indomie spicy ramen yang diiklanin newjeans gblk banget dah. Terus biar apa minta dirawat? Biar nyusahin dokternya;1,89E+18;;euphonioas;in;;0;1;0;https://x.com/undefined/status/1890256783186546799;1,80E+18;
1,89E+18;Thu Feb 13 13:40:41 +0000 2025;0;@lampungbase indomie korean series yang ramyeon sihh enak bgt nder;1,89E+18;;lampungbase;in;;0;0;0;https://x.com/undefined/status/1890033352822120508;1,45E+18;
1,89E+18;Thu Feb 13 13:38:29 +0000 2025;0;Tengs indomie udh bkin Mie kuah Spicy Ramyeon bener2 enakkkkkkkk bgt pedes beneran nampol. Tp klo w tambahin cabe setanagi 3pcs sama orak arik telurrrr omegaaa love it;1,89E+18;;;in;;0;0;0;https://x.com/undefined/status/1890032799887110314;1,09E+18;
1,89E+18;Thu Feb 13 13:36:51 +0000 2025;0;Review Indomie ramyeon edition: rasanya seperti biasa pedasnya juga lumayan pedas tapi nggak pedas-pedas banget. Jadi penasaran versi mie instannya https://t.co/TOBWr1FwrJ;1,89E+18;https://pbs.twimg.com/media/Gjq-ZbjbsAAi5sr.jpg;;in;;0;0;0;https://x.com/undefined/status/1890032388807479612;1,85E+18;
1,89E+18;Wed Feb 12 14:48:17 +0000 2025;0;@ hisenk kl jadi BA indomie/shin ramyeon ngobrol plis gue takut kejadian kayak samyang ajg;1,89E+18;;;in;;0;0;0;https://x.com/undefined/status/1889687979590902253;1,37E+18;
1,89E+18;Wed Feb 12 11:39:13 +0000 2025;0;tiba² kepikiran pengen ngasih yushi mie gaga jalapeno sama indomie korean ramyeon since he likes ramyeon esp the spicy ones. tapi gimana caranya wkwk;1,89E+18;;;in;;0;0;0;https://x.com/undefined/status/1889640397544083703;389381727;
1,89E+18;Wed Feb 12 10:51:35 +0000 2025;0;@MawJihoon mie gaga yang jalapeno (yang kuah) tapi ini kalo gak kuat pedes dan baru pertama kali makan jadi pedes mampuss. terus mie selera pedas yang rasa sapi pedas indomie tori kara sama yang spicy ramyeon mushroom itu juga enak!;1,89E+18;;MawJihoon;in;;0;1;0;https://x.com/undefined/status/1889628411942883587;1,37E+18;
1,89E+18;Wed Feb 12 08:42:20 +0000 2025;0;tl gue isinya jake samyang tp iklannya indomie newjeans :);1,89E+18;;;in;;0;0;0;https://x.com/undefined/status/1889595886377861563;1,29E+18;
1,89E+18;Tue Feb 11 18:26:42 +0000 2025;0;LAH ANYING INDOMIE x NEWJEANS SAMPE KE UNSW COK;1,89E+18;;;in;;0;1;0;https://x.com/undefined/status/1889380558373114245;1,48E+18;
1,89E+18;Tue Feb 11 14:08:05 +0000 2025;1;Indomie Ramyeon + telur asin https://t.co/oKsP6iNZ1J;1,89E+18;https://pbs.twimg.com/media/GjgyZ2mbMAEJT3W.jpg;;in;;0;0;0;https://x.com/undefined/status/1889315476037374104;4769448206;
1,89E+18;Tue Feb 11 14:02:26 +0000 2025;0;@ihanssi Pls cobain indomie newjeaNs!! Yg biru;1,89E+18;;ihanssi;in;;0;1;0;https://x.com/undefined/status/1889314051190313419;7,32E+17;
1,89E+18;Tue Feb 11 12:09:10 +0000 2025;0;makan malam indomie nj spicy ramyeon pakai nori kesukaankuuu ;1,89E+18;;;in;;0;0;0;https://x.com/undefined/status/1889285549644792106;1,87E+18;
1,89E+18;Tue Feb 11 11:57:45 +0000 2025;0;@Daska_Lt Ini fase di tl ku jugakk bahkan sampe ke youtube kayak 2 minggu lebih padahal gapernah ngesearch/beli produk itu di gugel/e-commerce Tp sekarang sudah engga sih iklan tlku sudah provider sama indomie newjeans;1,89E+18;;Daska_Lt;in;;0;1;0;https://x.com/undefined/status/1889282673614729608;1,54E+18;
1,89E+18;Tue Feb 11 01:52:27 +0000 2025;0;spicy ramyeon indomie pake keju oles enak juga WAKAKAKAKAKAK KAGET 🇮🇩;1,89E+18;;;in;;0;1;0;https://x.com/undefined/status/1889130345058255289;1,07E+18;
1,89E+18;Tue Feb 11 01:45:16 +0000 2025;1;@TheZxcvbnm000 @_mardial_ bilang kek gini ke orang yg project music nya dipake buat iklan indomie newjeans;1,89E+18;;TheZxcvbnm000;in;;0;0;0;https://x.com/undefined/status/1889128537787121707;1,18E+18;
1,89E+18;Mon Feb 10 12:49:25 +0000 2025;0;ini keknya gw mw bgt makan indomie newjeans tp wkt itu blm punya meja dapur... gatau knp tweetnya kepotong wakkwkw;1,89E+18;;;in;;0;0;0;https://x.com/undefined/status/1888933291329499170;1,18E+18;
1,89E+18;Mon Feb 10 11:56:19 +0000 2025;0;wkwkwk lucu bgt bukan ramyeon meokgo gallae tp Indomie ️;1,89E+18;;;in;;0;0;0;https://x.com/undefined/status/1888919925064180174;1,40E+18;
1,89E+18;Mon Feb 10 06:28:34 +0000 2025;0;INI KENAPA INDOMIE SPICY RAMYEON SEPEDES INI GA EKSPEK SEPEDES INI PADAHAL;1,89E+18;;;in;;0;0;0;https://x.com/undefined/status/1888837445635948704;1,55E+18;
1,89E+18;Sun Feb 09 13:21:03 +0000 2025;0;INDOMIE SPICY RAMYEON PEDES BANGET ANJIRR;1,89E+18;;;in;;0;7;0;https://x.com/undefined/status/1888578862034112527;1,84E+18;
1,89E+18;Sat Feb 08 12:55:29 +0000 2025;0;indomie kapan ada pc newjeans/njz nya ;1,89E+18;;;in;;0;0;0;https://x.com/undefined/status/1888210040794018160;1,62E+18;
1,89E+18;Sat Feb 08 12:54:31 +0000 2025;0;indomie newjeans enak ga si?;1,89E+18;;;in;;0;3;0;https://x.com/undefined/status/1888209795330539760;1,51E+18;
1,89E+18;Fri Feb 07 13:12:15 +0000 2025;0;indomie spicy ramyeon skrg emang udah ngga pedes kahh? ;1,89E+18;;;in;;0;1;0;https://x.com/undefined/status/1887851869810073715;7,63E+17;
1,89E+18;Thu Feb 06 18:30:46 +0000 2025;0;makan Indomie spicy ramyeon tiap hari biar inget Haerin terussssss;1,89E+18;;;in;;0;0;0;https://x.com/undefined/status/1887569642354581927;520506500;
1,89E+18;Thu Feb 06 08:02:13 +0000 2025;0;@Boocarisweat udah mam indomie newjeans;1,89E+18;;Boocarisweat;in;;0;1;0;https://x.com/undefined/status/1887411462467166236;1,42E+18;
1,89E+18;Thu Feb 06 07:05:26 +0000 2025;0;aku balik dorm trus selorong bau indomie soto gile enak bgt baunya jd laper siapa yang masak indomie soto‍️ woi lah ramyeon instan disini gaada yg sesedep ini baunya;1,89E+18;;;in;;0;0;0;https://x.com/undefined/status/1887397169994604771;361696043;
1,89E+18;Wed Feb 05 11:11:15 +0000 2025;1;jgnkan ini mereka collab indomie sama NewJeans aja waktu menang penghargaan dikasih ucapan selamat baik bgt kata aku teh sampe hal yg kaya gitu jg mereka perhatiin;1,89E+18;;;in;;0;0;0;https://x.com/undefined/status/1887096644338163879;1237183860;
1,89E+18;Tue Feb 04 10:15:25 +0000 2025;0;@chiizz13 Masalahnya susah nyarinya ya guis... Apalagi kayaknya ada beberapa yang udah discontinue. Kayaknyaaa... Eh itu Indomie x Newjeans dah coba?;1,89E+18;;chiizz13;in;;0;1;0;https://x.com/undefined/status/1886720208511099158;9,03E+17;
1,89E+18;Tue Feb 04 09:51:32 +0000 2025;0;soto banjar tori miso indomie newjeans yang pink;1,89E+18;;;in;;0;0;0;https://x.com/undefined/status/1886714195351396813;1,24E+18;
1,89E+18;Tue Feb 04 07:46:42 +0000 2025;2;Indomie enak sih nih beli ramyeon ah ke bawah;1,89E+18;;;in;;1;2;0;https://x.com/undefined/status/1886682782153498790;1,59E+18;
1,89E+18;Tue Feb 04 07:32:50 +0000 2025;1;@nyenyo_0 indomie yang bungkus biru apa tuh yang sama newjeans sama mie sedap laksa;1,89E+18;;nyenyo_0;in;;0;0;0;https://x.com/undefined/status/1886679293058855229;1,80E+18;
1,89E+18;Tue Feb 04 05:36:00 +0000 2025;0;kt aku lidah newborn ini gaush so so an makan indomie newjeans dh;1,89E+18;;;in;;0;0;0;https://x.com/undefined/status/1886649887552626739;1,64E+18;
1,89E+18;Mon Feb 03 16:47:25 +0000 2025;0;INDOMIE KOREAN RAMYEON FIERY CHIKIN YANG BUNGKUSNYA WARNA MERAH ENAAKKK BROOO tapi kurang banyak ;1,89E+18;;;in;;0;0;0;https://x.com/undefined/status/1886456470537228795;1,65E+18;
1,89E+18;Mon Feb 03 16:01:26 +0000 2025;0;@clevernonie indomie newjeans yg gada minyak nya aja aku kasi minyak sendiri ;1,89E+18;;clevernonie;in;;0;1;0;https://x.com/undefined/status/1886444897647112452;1,31E+18;
1,89E+18;Mon Feb 03 14:32:37 +0000 2025;0;Makasih banyak @Indomielovers udah menciptakan indomie spicy ramyeon;1,89E+18;;;in;;0;0;0;https://x.com/undefined/status/1886422545429311767;2578684231;
1,89E+18;Mon Feb 03 12:28:09 +0000 2025;0;indomie newjeans yang enak yang mana ya?;1,89E+18;;;in;;0;1;0;https://x.com/undefined/status/1886391221389500507;1,55E+18;
1,89E+18;Mon Feb 03 01:34:18 +0000 2025;1;@hosxea jadwal mabar + nobar : senin: indomie goreng selasa: indomie aceh rabu: indomie soto kamis: indomie ayam geprek jumat: indomie kari ayam sabtu: pop mie spicy ramyeon minggu: pop mie tori miso;1,89E+18;;hosxea;in;;0;1;1;https://x.com/undefined/status/1886226676021129250;1,68E+18;
1,89E+18;Sat Feb 01 13:22:13 +0000 2025;0;ga sabar banget pengen bikin indomie spicy ramyeon dan seduh wedang uwuh terus tidur;1,89E+18;;;in;;0;0;0;https://x.com/undefined/status/1885680053834727696;43265222;
1,89E+18;Sat Feb 01 11:26:03 +0000 2025;0;enak nih man indomie spicy ramyeon ;1,89E+18;;;in;;0;0;0;https://x.com/undefined/status/1885650820219482247;188599641;
1,89E+18;Sat Feb 01 06:32:25 +0000 2025;5;Ini indomie spicy ramyeon lebih enak dari shin ramyeon masa https://t.co/LY0Xm0p9l9;1,89E+18;https://pbs.twimg.com/media/GirqNzXbYAIo3kC.jpg;;in;;2;1;1;https://x.com/undefined/status/1885576924829016236;86655881;
1,89E+18;Fri Jan 31 09:55:40 +0000 2025;0;astaghfirullah surprisingly indomie yang ramyeon tuh pedes bgt perutku panas ;1,89E+18;;;in;;0;0;0;https://x.com/undefined/status/1885265685141741972;1,35E+18;
1,88E+18;Thu Jan 30 15:08:04 +0000 2025;0;indomie spicy ramyeon enak tapi pedes bgt anying gue gakuat;1,88E+18;;;in;;0;1;0;https://x.com/undefined/status/1884981915960422460;1,74E+18;
1,88E+18;Thu Jan 30 04:04:30 +0000 2025;0;Indomie korean ramyeon itu rasanya gak enak banget anjir gak cocok di lidah gw yang sukanya rasa rendang;1,88E+18;;;in;;0;0;0;https://x.com/undefined/status/1884814923953537398;1,39E+18;
1,88E+18;Wed Jan 29 23:01:45 +0000 2025;0;@tigavariabel Umsss aku pake tas pvc bekas beli indomie x newjeans wkwkw karena sayang aja gt beli tas baru:(;1,88E+18;;tigavariabel;in;;0;1;0;https://x.com/undefined/status/1884738735637659768;839377909;
1,88E+18;Wed Jan 29 01:12:51 +0000 2025;0;pgn cobak indomie newjeans;1,88E+18;;;in;;0;0;0;https://x.com/undefined/status/1884409336136622454;1,76E+18;
1,88E+18;Tue Jan 28 13:51:38 +0000 2025;0;@ohmatchalatte Huaaa menangis krn mending bikin ramyeon nya indomie indomie itu;1,88E+18;;ohmatchalatte;in;;0;0;0;https://x.com/undefined/status/1884237904005980223;1,59E+18;
1,88E+18;Tue Jan 28 13:14:07 +0000 2025;0;Lama tak gi lotus's. Tadi pergi ternampak Indomie X NewJeans. https://t.co/xpAykTvO8x;1,88E+18;https://pbs.twimg.com/media/GiYfzRKa0AAu8VR.jpg;;in;;0;0;0;https://x.com/undefined/status/1884228462573150563;397226046;
1,88E+18;Tue Jan 28 01:52:42 +0000 2025;0;Dear admin @Indomielovers Saya baru pertama kali nyoba varian ini. Mau tanya bumbu indomie ramyeon series tuh emang gini doang ya ? ada bungkusan kecil itu bumbu atau apa ya? ‍↕️ https://t.co/oehBGI20Y7;1,88E+18;https://pbs.twimg.com/media/GiWD1S0aIAAKYOz.jpg;;in;;0;1;0;https://x.com/undefined/status/1884056979234250918;624481416;
1,88E+18;Mon Jan 27 15:37:02 +0000 2025;1;siapa stuju mi spicy ramyeon nya indomie enak bgt bjir tapi bikin ingusan ;1,88E+18;;;in;;0;0;0;https://x.com/undefined/status/1883902039908028695;7,81E+17;
1,88E+18;Thu Jan 23 06:54:43 +0000 2025;2;@ngePopMie demi apapaun aku bukan buzer popmie tapi sumpa popmie ramyon x newjeans yng warna merah enak banget demi apapun ga boong. cuma kurang pedes aja. kmren aku baru nyoba itu kucampur saos itam yang pedas sumpa enak bet. yang warna biru mines si ena;1,88E+18;;ngePopMie;in;;0;0;0;https://x.com/undefined/status/1882321042481545528;1,83E+18;
1,88E+18;Thu Jan 23 00:24:48 +0000 2025;0;mau buat indomie ramyeon mari kita rate seberapa enak;1,88E+18;;;in;;0;2;0;https://x.com/undefined/status/1882222919671267625;1,54E+18;
1,88E+18;Wed Jan 22 17:21:36 +0000 2025;0;Shin ramyeon jamur Shin ramyeon seafood bulgogi Omoide kake udon Indomie goreng yang biasa Samyang;1,88E+18;;;in;;0;0;0;https://x.com/undefined/status/1882116417463726294;1,68E+18;
1,88E+18;Wed Jan 22 13:55:35 +0000 2025;0;@oshkaisxoxo Kemarin aku abis coba mi indomie yg spicy ramyeon sama rose itu.. enak ternyata;1,88E+18;;oshkaisxoxo;in;;0;1;0;https://x.com/undefined/status/1882064570031931640;1,45E+18;
1,88E+18;Wed Jan 22 13:12:11 +0000 2025;0;tolong info indomie newjeans rasa paling enakkk mo ke supermarket nii;1,88E+18;;;in;;0;0;0;https://x.com/undefined/status/1882053647716196823;1,85E+18;
1,88E+18;Wed Jan 22 09:01:16 +0000 2025;0;@tanyarlfes Indomie goreng sama spicy ramyeon https://t.co/SwFpaFFP7T;1,88E+18;https://pbs.twimg.com/media/Gh4sYj1bYAAsNv1.jpg;tanyarlfes;in;;0;0;1;https://x.com/undefined/status/1881990502670844323;1,66E+18;
1,88E+18;Wed Jan 22 05:03:02 +0000 2025;1;first time nyobain indomie newjeans mnurut gw ini cocok buat yg suka tekstur ramyeon krn mienya lebar &amp;;;;;;;;;;;
1,88E+18;Tue Jan 21 15:50:25 +0000 2025;0;btw indomie yang diiklanin newjeans pedes bgt bjir;1,88E+18;;;in;;0;1;0;https://x.com/undefined/status/1881731080555995194;1,72E+18;
1,88E+18;Tue Jan 21 15:19:03 +0000 2025;0;@delightedIy Ngomong-ngomong aku habis makan Indomie Ramyeon K-Rose.;1,88E+18;;delightedIy;in;;0;1;0;https://x.com/undefined/status/1881723189904183582;1,56E+18;
1,88E+18;Tue Jan 21 15:02:15 +0000 2025;0;@FOODFESS2 indomie spicy ramyeon gada lawann https://t.co/nQso2JOeQv;1,88E+18;https://pbs.twimg.com/media/Gh01aycbAAEn0V7.jpg;FOODFESS2;in;;0;0;0;https://x.com/undefined/status/1881718960531689872;1,55E+18;
1,88E+18;Tue Jan 21 11:11:17 +0000 2025;0;@chzomiyeon Hallo kak Miyeon!! Paling suka mie apa nih? Mie ayam? Mie goreng? Ramyeon? Indomie? Seleraku?;1,88E+18;;chzomiyeon;in;;0;1;0;https://x.com/undefined/status/1881660835594154115;8,49E+17;
1,88E+18;Tue Jan 21 05:10:17 +0000 2025;0;@stayracha03 Indomie kak yg sama newjeans/? Ga tau pokoknya yg bungkus nya pink hehehe;1,88E+18;;stayracha03;in;;0;1;0;https://x.com/undefined/status/1881569987732853180;1,36E+18;
1,88E+18;Tue Jan 21 03:09:05 +0000 2025;0;Halo @Indomielovers aku mau kasih feedback soal varian Indomie NewJeans. Tadi aku baru buka salah satu bungkusnya dan ada beberapa hal yang mengganggu. Semoga bisa jadi perhatian ya! https://t.co/7w5vPmWIBY;1,88E+18;https://pbs.twimg.com/media/GhySL0tawAAy6BG.jpg;;in;;0;1;0;https://x.com/undefined/status/1881539486741598671;7,07E+17;
1,88E+18;Mon Jan 20 12:49:10 +0000 2025;0;Indomie newjeans yg biru trus ditambah irisan cabe rawit beuuhh pedesnya sampe ke telinga tapi enaakk ;1,88E+18;;;in;;0;0;0;https://x.com/undefined/status/1881323079621919185;897197618;
1,88E+18;Sun Jan 19 06:02:44 +0000 2025;0;aduh ada newjeans indomie di paskal tp gua males;1,88E+18;;;in;;0;0;0;https://x.com/undefined/status/1880858412839583956;1,48E+18;
1,88E+18;Sun Jan 19 04:19:51 +0000 2025;0;tdinya hari ini pgn ke paskal:( ke booth indomie newjeans tapi malah sakitttt ke kampus tiap hari bgt smpe kmren pas sempro gaada suara:';1,88E+18;;;in;;0;0;0;https://x.com/undefined/status/1880832519400292488;1,55E+18;
1,88E+18;Sun Jan 19 01:29:18 +0000 2025;0;@dynsalja Ah i see aku 2 telor klo indomie biasanya karena mienya dikit kan. Shin ramyeon tuh makan mie doang aja udah kenyang ;1,88E+18;;dynsalja;in;;0;1;0;https://x.com/undefined/status/1880789601058779551;1,38E+18;
1,88E+18;Sat Jan 18 15:21:40 +0000 2025;0;Noraebang Paskal Indomie x Newjeans tp aku ga videoin semua karena keseringan headbanging Sempet juga duduk di backstage saking capeknya maaf tapi aku ngevibe semua lagu KPOP grup BTS NCT Aespa Twice msh banyak lagi yg gilak dan aku nyesel ga rekam video amatir https://t.co/JykmEPB1Pb;1,88E+18;https://pbs.twimg.com/ext_tw_video_thumb/1880636256989990912/pu/img/jjL0tMVw0HFr6n3R.jpg;;in;;0;1;0;https://x.com/undefined/status/1880636684032991634;9,31E+17;
1,88E+18;Sat Jan 18 14:56:10 +0000 2025;0;@OmaoPoaoOalAoo @tanyarlfes Belum sampe situ kali ya? ini aja baru ada di warung dua minggu yg lalu keknya. Belum nyoba indomie newjeans aku ;1,88E+18;;;in;;0;0;0;https://x.com/undefined/status/1880630264038318502;1,53E+18;
1,88E+18;Sat Jan 18 14:18:05 +0000 2025;0;@thxnsz aku ngira nya indomie ngeluarin mie goreng jumbo yg biru itu versi bentukan gini juga plis taunya spicy ramyeon mana tadi langsung naro dikeranjang aja;1,88E+18;;thxnsz;in;;0;1;0;https://x.com/undefined/status/1880620682314416590;1,41E+18;
1,88E+18;Wed Jan 15 02:39:35 +0000 2025;0;@appeaur Cobain Mika. Indomie ramyeon yang sama Newjeans itu.;1,88E+18;;noctivictus;in;;0;1;0;https://x.com/undefined/status/1879357735713800308;1,85E+18;
1,88E+18;Tue Jan 14 23:35:27 +0000 2025;0;@2106KSY indomie newjeans kalau berantem sm mie sedap laksa mie sedap laksanya gepeng sesak nafas kesulitan utk bergerak koma;1,88E+18;;2106KSY;in;;0;1;0;https://x.com/undefined/status/1879311395340353710;1,74E+18;
1,88E+18;Tue Jan 14 23:03:33 +0000 2025;1;udah sering nyobain ramen dan ramyeon berbagai merk di convenient store tapi gaada yg seenak Indomie Newjeans;1,88E+18;;lilytolks;in;;0;1;0;https://x.com/undefined/status/1879303366893027436;1,74E+18;
1,88E+18;Tue Jan 14 23:02:26 +0000 2025;1;cinta bgt sama Indomie Newjeans sampai pernah makan 3x seminggu dan sampe beberapa temenku hafal agenda habis osceku adalah makan Indomie New Jeans + es jagung ;1,88E+18;;lilytolks;in;;0;1;0;https://x.com/undefined/status/1879303089150447890;1,74E+18;
1,88E+18;Tue Jan 14 22:52:03 +0000 2025;0;@hearts4minafu mie ayam bakmi indomie gacoan mie setan pangsit mie ramen udon ramyeon spaghetti fettucini you name it i'll eat them all;1,88E+18;;tokikareshi;in;;0;0;0;https://x.com/undefined/status/1879300475482407335;1,67E+18;
1,88E+18;Tue Jan 14 12:20:33 +0000 2025;9;Lagi seru-seru nonton K-Drama sambil nonton Indomie Korean Ramyeon Series terus artisnya pada ngiler sama Indomie kamu kira-kira apa yang bakal kamu lakuin? https://t.co/47oqDqzQk2;1,88E+18;https://pbs.twimg.com/media/GhQNRmcasAAG0bI.jpg;;in;;0;1;0;https://x.com/undefined/status/1879141550661533795;284428760;
1,88E+18;Tue Jan 14 11:38:14 +0000 2025;4;@bubblewinterrr indomie varian baru yang spicy ramyeon ditambah telur enak banget simple juga but telur nya harus dikocok dulu biar dia ancur rasanya enak cobain deh ;1,88E+18;;bubblewinterrr;in;;0;0;0;https://x.com/undefined/status/1879130903668240635;1,63E+18;
1,88E+18;Tue Jan 14 06:35:21 +0000 2025;0;ga lagi lagi nyobain indomie newjeans:( gakuad pedesnya;1,88E+18;;;in;;0;0;0;https://x.com/undefined/status/1879054679168197044;1,62E+18;
1,88E+18;Mon Jan 13 12:52:35 +0000 2025;0;@convomf 1. indomie kaldu (comfort food) 2. indomie goreng 3. indomie spicy ramyeon 4. indomie tori kara 5. nissin gekikara ramen hot carbo 6. mie sedaap soto;1,88E+18;;convomf;in;;0;0;0;https://x.com/undefined/status/1878787226487926996;365956299;
1,88E+18;Mon Jan 13 11:46:34 +0000 2025;12;GUE MENANG GIVEAWAY INDOMIE X NEWJEANS WKWKWKWKWKWKWK YG STAMP YOUR MOMENT;1,88E+18;;;in;;0;9;0;https://x.com/undefined/status/1878770610597429377;1,48E+18;
1,88E+18;Mon Jan 13 05:54:22 +0000 2025;0;tiba2 kepikiran nih ramyeon kan porsinya lebih besar dari indomie ya trus young k sekali makan bisa 7 bungkus ramyeon klo dia makan indomie ayam bawang ntu habis berapa bungkus njirr;1,88E+18;;;in;;0;1;0;https://x.com/undefined/status/1878681978456957308;8,20E+17;
1,88E+18;Mon Jan 13 04:55:45 +0000 2025;0;@convomf Sedap ayam bakar jeruk limau (?) pokoknya ada jeruk jeruknya Indomie spicy ramyeon sedap chef daviena sih nampol itu 3 3 nya;1,88E+18;;convomf;in;;0;0;0;https://x.com/undefined/status/1878667225273614828;1,51E+18;
1,88E+18;Mon Jan 13 02:31:54 +0000 2025;0;Ini Indomie spicy ramyeon beneran sepedes ini apa karena gue tambahin cabe rawit ya? ;1,88E+18;;;in;;0;3;0;https://x.com/undefined/status/1878631025242513554;956900322;
1,88E+18;Mon Jan 13 00:46:20 +0000 2025;0;Indomie newjeans yg fiery chikin enak juga cuma ini gatau enaknya gara2 gw pake kecap+cengek atau aslinya udh enak ;1,88E+18;;;in;;0;0;0;https://x.com/undefined/status/1878604457992454574;1,64E+18;
1,88E+18;Sun Jan 12 15:06:03 +0000 2025;7;Aku beli paket indomie x newjeans Terus nyoba isi tasnya gila muatnya banyak bgt Payung jas hujanku yg agak tebel pb 2 kipas 2 masuk semua itupun masih longgar https://t.co/FavmLMmr2F;1,88E+18;https://pbs.twimg.com/media/GhGf-ecaQAEDKrN.jpg;;in;;0;4;0;https://x.com/undefined/status/1878458424679100748;1,62E+18;
1,88E+18;Sun Jan 12 13:35:51 +0000 2025;0;@convomf indomie soto - indomie ayam bawang - indomie goreng - indomie rendang - mie sedaap kari spesial - mie sedaap goreng - mie gaga kuah jalapeno - indomie kari ayam - indomie spicy ramyeon - shin ramyeon - samyang original;1,88E+18;;convomf;in;;0;0;0;https://x.com/undefined/status/1878435728058978657;1,85E+18;
1,88E+18;Sun Jan 12 13:26:57 +0000 2025;0;Kalo sekarang lagi suka Indomie spicy ramyeon;1,88E+18;;;in;;0;0;0;https://x.com/undefined/status/1878433486371192865;1,75E+18;
1,88E+18;Sun Jan 12 12:52:13 +0000 2025;13;@convomf 1. mie gaga kuah jalapeno 2. indomie spicy ramyeon 3. indomie goreng original 4. indomie goreng rendang 5. indomie goreng aceh 6. indomie goreng sambal matah 7. mie sedap ayam bawang akhir² ini lagi suka indomie spicy ramyeon plsss enakkk bgttt ;1,88E+18;https://pbs.twimg.com/media/GhGBTfWbEAACtH8.jpg;convomf;in;;0;3;0;https://x.com/undefined/status/1878424744837701905;7,32E+17;
1,88E+18;Sun Jan 12 12:51:25 +0000 2025;0;@convomf 1. Indomie ayam special oren 2. Indomie Korean spicy soup (apatuh yg newjeans warna biru) 3. Indomie Tori Kara ramen;1,88E+18;;convomf;in;;0;1;0;https://x.com/undefined/status/1878424545427947916;1,30E+18;
1,88E+18;Sun Jan 12 12:20:20 +0000 2025;0;@convomf buldak ayam keju shin ramyeon indomie rendang/aceh sedaap soto;1,88E+18;;convomf;in;;0;0;0;https://x.com/undefined/status/1878416720806965422;1,60E+18;
1,88E+18;Sun Jan 12 12:17:32 +0000 2025;1;Diajak istri nyoba makanan korea. Bbimbap kimchi: nasi goreng sawi. Ombujang: seblak. Ramyeon: indomie kuah pake telur. Yg terakhir ini enaknya beneran kayak indomie kuah pake telur.;1,88E+18;;;in;;0;0;0;https://x.com/undefined/status/1878416018495914034;213523698;
1,88E+18;Sun Jan 12 12:12:12 +0000 2025;0;@convomf indomie ayam bawang indomie empal gentong indomie spicy ramyeon indomie tori miso;1,88E+18;;convomf;in;;0;0;0;https://x.com/undefined/status/1878414676712702040;1,31E+18;
1,88E+18;Sun Jan 12 11:06:38 +0000 2025;1;heejake igloo gw akan giveaway indomie ramyeon ((aseli));1,88E+18;;;in;;0;0;0;https://x.com/undefined/status/1878398175909965882;1,48E+18;
1,88E+18;Sun Jan 12 09:05:37 +0000 2025;1;ges lebih pedes indomie tori miso atau spicy ramyeon? aku cuma pernah makan yg spicy ramyeon;1,88E+18;;;in;;0;5;0;https://x.com/undefined/status/1878367718950535512;1,35E+18;
1,88E+18;Sat Jan 11 02:36:27 +0000 2025;0;@crescrentmoon Indomie newjeans ya bsk;1,88E+18;;crescrentmoon;in;;0;1;0;https://x.com/undefined/status/1877907394405314610;1,34E+18;
1,88E+18;Sat Jan 11 00:50:37 +0000 2025;0;Ironis anjir sbnrnya Kvibes itu yg nge bantu promosi indomie x newjeans Tapi mereka juga portal kpop yg sering giring opini hate NJ;1,88E+18;;;in;;0;0;0;https://x.com/undefined/status/1877880762130997361;1378908434;
1,88E+18;Sat Jan 11 00:31:38 +0000 2025;0;@Tukangtidur02_ banyak bjir 1. indomie goreng 2. indomie rendang 3. indomie ayam special 4. indomie ayam bawang 5. indomie x newjeans spicy ramyeon;1,88E+18;;Tukangtidur02_;in;;0;0;0;https://x.com/undefined/status/1877875982956364260;1,24E+18;
1,88E+18;Sat Jan 11 00:31:12 +0000 2025;2;Seru bgt ada Indomie x newjeans ;1,88E+18;;;in;;0;1;0;https://x.com/undefined/status/1877875876160778246;1,19E+18;
1,88E+18;Fri Jan 10 16:32:39 +0000 2025;0;Pengen indomie newjeans deh ️ jam segini ️;1,88E+18;;;in;;0;0;0;https://x.com/undefined/status/1877755442283339901;7,74E+17;
1,88E+18;Fri Jan 10 11:58:06 +0000 2025;0;Newjeans harusnya fanmeet bareng indomie tahun ini tapi HYBE DURJANA KNTOL jadi gagal kalo aespa berharap dateng lagi ke indo entah kek event nabati lagi ato lain gapapa deh wkwm https://t.co/nH7A96oX0e;1,88E+18;https://pbs.twimg.com/media/Gg7hxwFa4AApAlV.jpg;;in;;0;0;0;https://x.com/undefined/status/1877686349597380741;1734609373;
1,88E+18;Fri Jan 10 11:46:44 +0000 2025;0;@Shasakookie @dabootylwt @AespannJeans staff indomie nya itu bercanda kocak. tp tau lah maksudnya nge tag akun jeanz berati mengakui keberadaan Jeanz bukan newjeans lagi ;1,88E+18;;Shasakookie;in;;0;2;0;https://x.com/undefined/status/1877683489874555182;1,28E+18;
1,88E+18;Fri Jan 10 11:37:07 +0000 2025;0;Akhirnya nyobain indomie k-rose korean ramyeon inieh https://t.co/8V7rr8J0By;1,88E+18;https://pbs.twimg.com/media/Gg7c-o1bsAASzSZ.jpg;;in;;0;3;0;https://x.com/undefined/status/1877681071174680753;1,84E+18;
1,88E+18;Fri Jan 10 06:53:16 +0000 2025;0;cinta banget sama varian indomie newjeans yg biru plek ketiplek rasanya sama shin ramyun;1,88E+18;;;in;;0;1;0;https://x.com/undefined/status/1877609635668177288;522026912;
1,88E+18;Fri Jan 10 06:17:36 +0000 2025;0;@cefadroxyl22 @yooraaw diskusi event meet and greatnya di awal pas proses TTD kontrak. Kalau dugaan aku benar ya harusnya bisa. Karena termasuk sudah terjadwalkan. Kan waktu umumin Indomie x NewJeans mereka masih di Ador.;1,88E+18;;cefadroxyl22;in;;0;2;0;https://x.com/undefined/status/1877600662961217716;1,27E+18;
1,88E+18;Fri Jan 10 02:45:03 +0000 2025;27;Tebak-tebakan yuk! ️ Kira-kira Indomielovers bisa nebak rasa Indomie Korean Ramyeon Series dari emot di atas gak? Yang bisa jawab kita like aja replynya rame-rame deh ;1,88E+18;;;in;;0;4;6;https://x.com/undefined/status/1877547173128159392;284428760;
1,88E+18;Thu Jan 09 13:59:18 +0000 2025;0;[WTS] Indomie x New Jeans with PVC bag Rp 40.000/bag Inc: PVC bag Indomie Korean 5pcs #indomiexnewjeans #NewJeans #indomie https://t.co/kRFAydlNyF;1,88E+18;https://pbs.twimg.com/media/Gg2z3_Da0AAB6Fe.jpg;;in;;1;4;0;https://x.com/undefined/status/1877354462211199249;1,16E+18;
1,88E+18;Thu Jan 09 13:14:55 +0000 2025;0;BUNNIES INDO HAMPIR PUNYA EVENT INDOMIE SM NEWJEANS TP GAJADI BROOOOOOOOOOOOO GW AAAAAA;1,88E+18;;;in;;0;0;0;https://x.com/undefined/status/1877343293740032258;1,40E+18;
1,88E+18;Thu Jan 09 11:30:45 +0000 2025;0;gue marah bgt setelah tau klo indomie emg mau adain mng bareng newjeans tp si ador tai itu sjjejdjsja;1,88E+18;;;in;;0;0;0;https://x.com/undefined/status/1877317078790574196;1,26E+18;
1,88E+18;Thu Jan 09 11:08:41 +0000 2025;0;Indomie spicy ramyeon enak iiii;1,88E+18;;;in;;0;2;0;https://x.com/undefined/status/1877311525251117203;1,58E+18;
1,85E+18;Thu Jan 09 09:00:25 +0000 2025;0;@infplia Indomie korean ramyeon series kak? Ini aku jual sepaket https://t.co/AOI5XWxkGh;1,88E+18;;infplia;in;;0;0;0;https://x.com/undefined/status/1877279246717972942;177422733;
1,88E+18;Thu Jan 09 05:40:26 +0000 2025;0;‍CULINARY CLASS WARS EDWARD LEE x SHIN RAMYUN TOOMBA ini aslii enak guyss mimin yg jarang makan instant noodle sampai jatuh cintaaa nongshim makan mie mukbang indomie korea rekomen ramyeon pedes cheese keju https://t.co/Yi5cFNU8MQ https://t.co/TqHIISofQf;1,88E+18;https://pbs.twimg.com/media/Gg1Bb51aMAINgCI.jpg;;in;;1;0;0;https://x.com/undefined/status/1877228921898324422;9,56E+17;
1,88E+18;Thu Jan 09 05:40:07 +0000 2025;0;@HNANNYI @lhyunjaeb Halo Hanni! Salam kenaaal hehehe. Aku udah coba indomie yang spicy ramyeon nih kalo kamu favoritnya yang rasa apaa?;1,88E+18;;HNANNYI;in;;0;1;0;https://x.com/undefined/status/1877228840658874842;1,09E+18;
1,88E+18;Thu Jan 09 04:22:59 +0000 2025;0;makan indomie tiap hari krn ak suka newjeans;1,88E+18;;;in;;0;1;0;https://x.com/undefined/status/1877209430682386586;1,81E+18;
1,77E+18;Thu Jan 09 03:32:35 +0000 2025;1;Akhirnyaa lanjut juga ino threads :v Indomie Tori Miso X Indomie Spicy Ramyeon Ini best combo ever tori miso yang gurih dicampur spicy ramyeon yang pedas nya gak ketolongan bikin mie nya pas dimakan jadi combo yang smpurna (sayang banget g ada foto pas jadi) 9/10 https://t.co/T6oCNhfXAg;1,88E+18;https://pbs.twimg.com/media/Gg0ke0oaMAAIVi_.jpg;KikisukaIndomie;in;;0;0;0;https://x.com/undefined/status/1877196744020144388;1,52E+18;
1,88E+18;Thu Jan 09 02:16:07 +0000 2025;0;Sementara itu kalo ke supermarket jenis mie instan yg populer selain MAMA adalah mie2 Korsel macem Shin Ramyeon ato mie2 instan Jepang. Kalo kata @natasiamarpaung sih mereka tau kalo Indomie dijual massal di sini mungkin popularitas MAMA bakal kegeser. Emang seenak itu;1,88E+18;;artisan_witch;in;;0;1;0;https://x.com/undefined/status/1877177500893057332;115310348;
1,88E+18;Thu Jan 09 02:12:24 +0000 2025;0;@aericwhan WIHH NANTI KITA BISA MAM INDOMIE BARENG BARENG YA EONNIE &gt;;;;;;;;;;;
1,88E+18;Wed Jan 08 14:50:48 +0000 2025;0;@HNANNYI Suka banget mie goreng dan tempe? Indonesia banget yaa. Btw aku pengen nyobain indomie NewJeans ;;;;;;;;;;;
1,88E+18;Wed Jan 08 10:27:29 +0000 2025;1;INDOMIE VARIAN RAMYEON ENAK BGTT Selamat makan muts https://t.co/Lnm9JJTyQD;1,88E+18;https://pbs.twimg.com/media/Ggw5r7LbEAAX6b1.jpg;;in;;0;7;0;https://x.com/undefined/status/1876938772224323773;1,79E+18;
1,88E+18;Wed Jan 08 06:51:10 +0000 2025;0;dari beberapa mie instan yg ada kata 'pedas korea' yg beneran pedas dan enak menurut lidahku cuma lemonilo pedes korea sm indomie ramyeon. selain itu cuma menang warna merah aja tp ga pedas;1,88E+18;;;in;;0;0;0;https://x.com/undefined/status/1876884332461117555;1,83E+18;
1,88E+18;Wed Jan 08 01:42:20 +0000 2025;0;@netkirei @maplespetal oiya bener wkwkw 1 shin ramyeon bisa dapet 7 indomie;1,88E+18;;netkirei;in;;0;0;0;https://x.com/undefined/status/1876806611345260622;1,20E+18;
1,88E+18;Tue Jan 07 16:12:30 +0000 2025;0;@Indomielovers @NewJeans_ADOR dan akupun tak menyesal selalu stok indomie ;1,88E+18;;Indomielovers;in;;0;0;0;https://x.com/undefined/status/1876663211233300595;1,64E+18;
1,88E+18;Tue Jan 07 14:04:09 +0000 2025;0;@0430_rosegirl @maplespetal mohon maaf indomie lebih murah daripada ramyeon sekedar mengingatkan;1,88E+18;;0430_rosegirl;in;;0;1;0;https://x.com/undefined/status/1876630908100657355;56996790;
1,88E+18;Tue Jan 07 13:14:47 +0000 2025;0;@Indomielovers min adain mng indomie x newjeans dongg;1,88E+18;;Indomielovers;in;;0;0;0;https://x.com/undefined/status/1876618485914386695;1,26E+18;
1,88E+18;Tue Jan 07 12:04:52 +0000 2025;0;@zeeyaprem indomie spicy laksa &amp;;;;;;;;;;;
1,88E+18;Tue Jan 07 12:03:27 +0000 2025;1;@zeeyaprem indomie spicy ramyeon itu mirip shin ramyun enak pedesnya;1,88E+18;;zeeyaprem;in;;0;0;0;https://x.com/undefined/status/1876600532103786628;1,60E+18;
1,88E+18;Tue Jan 07 11:50:45 +0000 2025;0;Kemarin nyoba Indomie Spicy Ramyeon enak sih. Pedesnya enak bener-bener bisa dinikmati;1,88E+18;;;in;;0;0;0;https://x.com/undefined/status/1876597338086724049;968975730;
1,88E+18;Tue Jan 07 03:14:18 +0000 2025;2;dahlah newjeans ahensi nya indomie aja. rajin update and promo wkwk;1,88E+18;;;in;;0;0;0;https://x.com/undefined/status/1876467367330660571;172728073;
1,88E+18;Mon Jan 06 15:43:08 +0000 2025;0;@sancaimage mending lu beli indomie newjeans;1,88E+18;;ucihasancai;in;;0;1;0;https://x.com/undefined/status/1876293432236474768;7,03E+17;
1,88E+18;Mon Jan 06 13:26:10 +0000 2025;0;Ada yang pernah nyoba indomie yg koleb sama newjeans gaa?;1,88E+18;;;in;;0;0;0;https://x.com/undefined/status/1876258961542066250;1,14E+18;
1,88E+18;Mon Jan 06 12:38:15 +0000 2025;0; Indomie Premium Collection: Spicy Ramyeon ⭐️ 7.6/10 rasa nya nailed it kayak ramyun mirip nongshim shin ramyun lebih tepatnya tp versi micinnn dan versi indomie banget https://t.co/PDv2YWK7cX;1,88E+18;https://pbs.twimg.com/media/GgnEnFCbkAAKb17.jpg;apricottrc;in;;0;1;0;https://x.com/undefined/status/1876246901961670968;1,49E+18;
1,88E+18;Mon Jan 06 12:11:20 +0000 2025;0;rate indomie spicy ramyeon biru: 7/10 - ekspektasi gw ketinggian sih kirain ini pedes tapi gak samsek (mnrt q) - asin...... - mie nya besar - enakan tori miso;1,88E+18;;;in;;0;1;0;https://x.com/undefined/status/1876240129586876452;1,36E+18;
1,87E+18;Sun Jan 05 22:42:44 +0000 2025;0;@sxhinyu Dem tapi gapapa lah kalau indomienya indomie newjeans biar agak mahal gitu auranya;1,88E+18;;sxhinyu;in;;0;1;0;https://x.com/undefined/status/1876036640868843858;364180758;
1,88E+18;Sun Jan 05 14:13:50 +0000 2025;0;LUCU AMAT BJIL ak nemu tower roblox indomie newjeans backsound nya jg indomie hahahah (akulah bocil roblox itu);1,88E+18;;;in;;0;0;0;https://x.com/undefined/status/1875908570258231456;1,76E+18;
1,88E+18;Sun Jan 05 12:36:33 +0000 2025;0;Terus ini gimana nasib indomie gw anjir ga bisa dimakan lagi ya? Mana rencananya nanti pas sahur mau bikin indomie ramyeon;1,88E+18;;;in;;0;2;0;https://x.com/undefined/status/1875884087136993480;1,16E+18;
1,88E+18;Sun Jan 05 10:23:37 +0000 2025;0;Dari td galau mau makan sore apa ngga ya / makan indomie korea yg BA newjeans. Eh akhirnya makan jg wkwkw gpp lah awal tahun makan mie instan terakhir makan mie instan bulan nov. Anggap aja cheating day;1,88E+18;;;in;;0;0;0;https://x.com/undefined/status/1875850633426964605;71988973;
1,88E+18;Sun Jan 05 09:01:33 +0000 2025;0;@JUYEONktw Indomie yg baru yg biru tuh enak banget spicy ramyeon;1,88E+18;;pacarshea;in;;0;1;0;https://x.com/undefined/status/1875829980061634707;1,25E+18;
1,88E+18;Sun Jan 05 03:53:37 +0000 2025;1;@FFOODFESS baru nyoba indomie newjeans dan fiery chikin menurutku yang paling enak;1,88E+18;;FFOODFESS;in;;0;0;0;https://x.com/undefined/status/1875752488571458029;1,84E+18;
1,87E+18;Sat Jan 04 16:18:38 +0000 2025;0;@Haeribn @1 Lucu banget namanya Ella! Kamu selain jadi member NewJeans jadi member Meovv juga gak dd? Bonding sama kamu setiap hari bakal dikasih mie Indomie setiap hari juga? Resolusi 2025 Abang mau ZB1 jadi permanen hehe. Kemarin tahun baru rencananya m;1,88E+18;;Haeriqn;in;;0;1;0;https://x.com/undefined/status/1875577589856915763;2497819087;
1,88E+18;Sat Jan 04 12:40:31 +0000 2025;0;@sczrxh OH BEDA YA gw kira ini indomie newjeans ;1,88E+18;;jeyudingitis;in;;0;2;0;https://x.com/undefined/status/1875522699361186068;1,21E+18;
1,88E+18;Sat Jan 04 09:03:30 +0000 2025;0;kayaknya ak ga cocok sama ramyeon deh nyobain beberapa ramyeon tapi tetep gasuka apa lidah ak nih udah micin indomie banget ‍️;1,88E+18;;;in;;0;0;0;https://x.com/undefined/status/1875468085387546678;1,73E+18;
1,88E+18;Sat Jan 04 03:19:43 +0000 2025;0;3 hari ini makan mi mulu gegara rasa indomie x newjeans enak bet ya Allahhhhhh lama lama pengen jadi indomie;1,88E+18;;;in;;0;4;0;https://x.com/undefined/status/1875381567662780767;1,31E+18;
1,87E+18;Sat Jan 04 00:59:31 +0000 2025;1;@aigoaigu Emang indomie yang edisi ramen Jepang lebih enak daripada edisi ramyeon Korea sih.;1,88E+18;;aigoaigu;in;;0;0;0;https://x.com/undefined/status/1875346286679093746;74102283;
1,88E+18;Fri Jan 03 18:09:59 +0000 2025;0;kepedesan makan indomie newjeans;1,88E+18;;;in;;0;1;0;https://x.com/undefined/status/1875243223469404178;9,95E+17;
1,88E+18;Fri Jan 03 15:36:00 +0000 2025;0;eh ini newjeans x indomie ga ada pcnya ya??;1,88E+18;;;in;;0;0;0;https://x.com/undefined/status/1875204471976079499;1,85E+18;
1,88E+18;Fri Jan 03 14:03:21 +0000 2025;0;mam Indomie ayam bawang pake kimchi pantesan orang korea seneng banget mam ramyeon pake kimchi ternyata enakkkkkkkk ;1,88E+18;;;in;;0;0;0;https://x.com/undefined/status/1875181157220065465;1,07E+18;
1,88E+18;Fri Jan 03 13:15:58 +0000 2025;1;@graienesers trs aku juga nyoba bikin gitu pake yg indomie spicy ramyeon cup yg biru tapi dipikir2 tori miso ga terkalahkan ;1,88E+18;;graienesers;in;;0;0;0;https://x.com/undefined/status/1875169231630983300;1,23E+18;
1,88E+18;Fri Jan 03 10:40:56 +0000 2025;310;250103 Indomie instagram update Buat Kamu yang suka pedas emang cocok buat nikmatin Indomie Spicy Ramyeon kayak yang dipegang HYEIN nih Indomie Lovers! &lt;;;;;;;;;;;
1,88E+18;Fri Jan 03 07:53:45 +0000 2025;0;@Indomielovers Ya lebih excited makan Indomie ketemu Danielle dan anggota @NewJeans_ADOR @NewJeans_twt lainnya di Fanmeeting dong @Indomielovers;1,88E+18;;Indomielovers;in;;0;0;0;https://x.com/undefined/status/1875088141939589197;1,70E+18;
1,88E+18;Fri Jan 03 07:34:39 +0000 2025;5;Indomie newjeans rasanya kayak pipis kucing;1,88E+18;;;in;;0;1;0;https://x.com/undefined/status/1875083337255338177;1715344074;
1,87E+18;Fri Jan 03 06:15:33 +0000 2025;0;@aigoaigu iyaaa beneran enak banget ini sama indomie yang varian korean ramyeon itu juga enak semuaaaa;1,88E+18;;aigoaigu;in;;0;0;0;https://x.com/undefined/status/1875063432007041349;2166167010;
1,88E+18;Fri Jan 03 02:19:54 +0000 2025;0;koreksi. Indomie spicy ramyeon ini enakkkkkk pedess tekstur mie nya juga kenyal Salah satu resolusi tahun ini One month one noodle And this is noodle of the month versi me! Semoga consist please! https://t.co/4IKeZHQBou;1,88E+18;https://pbs.twimg.com/media/GgVaT5hbUAAv92w.jpg;;in;;1;1;0;https://x.com/undefined/status/1875004128566637025;8,54E+17;
1,87E+18;Fri Jan 03 00:33:56 +0000 2025;0;klo mie indomie goreng rebus suka yg benyek klo semacam ramyeon yg matengnya pas (GUE MASIH BLJR MASAK RAMEN YG BENER);1,87E+18;;;in;;0;0;0;https://x.com/undefined/status/1874977461077000237;9,77E+17;
1,87E+18;Thu Jan 02 20:28:02 +0000 2025;0;indomie yg ramyeon enak dah;1,87E+18;;;in;;0;0;0;https://x.com/undefined/status/1874915576650584328;1,85E+18;
1,87E+18;Thu Jan 02 16:08:15 +0000 2025;0;Sedang pilek pengen yg berkuah lalu ada indomie biru tulisannya spicy ramyeon Tpi karna wadahnya biru kupikir tida pedas... Buset pedez betul https://t.co/NbdmPhkU1U;1,87E+18;https://pbs.twimg.com/media/GgTOT_6bcAAAGFh.jpg;;in;;0;0;0;https://x.com/undefined/status/1874850199551778968;1,30E+18;
1,87E+18;Thu Jan 02 14:24:53 +0000 2025;7;@newjeans_loop Bukan guys ini adminya cuman copy-paste postingan indomie captionta;1,87E+18;;newjeans_loop;in;;0;0;0;https://x.com/undefined/status/1874824187455684608;1,37E+18;
1,87E+18;Thu Jan 02 14:00:11 +0000 2025;1;@hnniPham73 @newjeans_loop Wkwk nih mimin orang jepang kayaknya dia itu copas captionnya indomie di ig ;1,87E+18;;hnniPham73;in;;0;1;0;https://x.com/undefined/status/1874817971547463897;1,64E+18;
1,87E+18;Thu Jan 02 13:13:16 +0000 2025;0;Plis kenapa gada yang jawab The Great Mermaid??? Next inget yahh ramyeon korea jangan jawap indomie ayam bawang Sampe 20.20 https://t.co/p2PDfyBZeY;1,87E+18;https://pbs.twimg.com/media/GgSmQItb0AANKC1.jpg;nishimurf;in;;15;22;0;https://x.com/undefined/status/1874806164875317606;1,14E+18;
1,87E+18;Thu Jan 02 12:40:02 +0000 2025;0;@kookoooosann @newjeans_loop rela usus buntu demi merasakan indomie masakan hanni️;1,87E+18;;peacekarra;in;;0;0;0;https://x.com/undefined/status/1874797800560701678;1,30E+18;
1,87E+18;Thu Jan 02 12:32:55 +0000 2025;0;@newjeans_loop Indomie paling enak adalah Indomie Goreng;1,87E+18;;newjeans_loop;in;;0;0;0;https://x.com/undefined/status/1874796010918359260;1,79E+18;
1,87E+18;Thu Jan 02 12:12:36 +0000 2025;0;@newjeans_loop ak rela makan indomie tiap hari kalo yg masaknya my hanni;1,87E+18;;newjeans_loop;in;;0;1;0;https://x.com/undefined/status/1874790896820167161;1,30E+18;
1,87E+18;Thu Jan 02 12:10:20 +0000 2025;0;@newjeans_loop gw buatin indomie tiap hari HANNI;1,87E+18;;newjeans_loop;in;;0;0;0;https://x.com/undefined/status/1874790325312803082;3318788988;
1,87E+18;Thu Jan 02 11:59:50 +0000 2025;0;@Minjeons Emang kenapa yaa indomie itu enak!! Aku makan indomie karna newjeans;1,87E+18;;Minjeons;in;;0;1;0;https://x.com/undefined/status/1874787683991744679;7,24E+17;
1,87E+18;Thu Jan 02 11:35:54 +0000 2025;1;SEMUA ORG HARUS TAU INDOMIE NEWJEANS SEENAK ITU YA ALLAH BNRBNR SEMUA VARIAN ENAK BGT AKU DAH ABIS 10 lebih;1,87E+18;;;in;;0;3;0;https://x.com/undefined/status/1874781660543398360;1,78E+18;
1,87E+18;Thu Jan 02 11:28:20 +0000 2025;0;@sah_hee93744 @newjeans_loop keknya ambil caption dari akun indomie;1,87E+18;;sah_hee93744;in;;0;0;0;https://x.com/undefined/status/1874779758996881894;1,08E+18;
1,87E+18;Thu Jan 02 11:07:20 +0000 2025;3634;Comment yang rasa favorit Indomie Korean Ramyeon nya samaan kayak Hanni! Miemin duluannnn!! #뉴진스 #NewJeans #하니 #Hanni #ハニ https://t.co/tQGszdnntO;1,87E+18;https://pbs.twimg.com/amplify_video_thumb/1874774408067473408/img/qTNOVg3Af3LrcDql.jpg;;in;;65;57;438;https://x.com/undefined/status/1874774470315127284;1,56E+18;
1,87E+18;Thu Jan 02 10:57:24 +0000 2025;2061;Indomielovers rela berbagi Indomie Korean Ramyeon Series bareng Minji? #뉴진스 #NewJeans #민지 #Minji #ミンジ https://t.co/LrY6YculPG;1,87E+18;https://pbs.twimg.com/amplify_video_thumb/1874767142329217027/img/giqEoL1kJQvspRYD.jpg;;in;;28;18;293;https://x.com/undefined/status/1874771973672452298;1,56E+18;
1,87E+18;Thu Jan 02 10:37:58 +0000 2025;0;@Indomielovers Bagi Indomie Ramyeon Series-nya Gratis Kim Minji nya gak min @Indomielovers ?;1,87E+18;;Indomielovers;in;;0;0;0;https://x.com/undefined/status/1874767080941367769;1,70E+18;
1,87E+18;Thu Jan 02 08:32:28 +0000 2025;0;Abis makan Indomie njs yg biru rasanya mirip shin ramyeon njirrrr beda di mie nya ajaa;1,87E+18;;;in;;0;0;0;https://x.com/undefined/status/1874735499375702093;1,64E+18;
1,87E+18;Thu Jan 02 05:00:24 +0000 2025;0;indomie spicy ramyeon enak cuy cocok di lidah w;1,87E+18;;;in;;0;1;0;https://x.com/undefined/status/1874682131085173084;1,31E+18;
1,87E+18;Thu Jan 02 04:42:31 +0000 2025;0;mau hidup sehat tapi abis jajan indomie k-rose ramyeon sama friery chikin;1,87E+18;;;in;;0;1;0;https://x.com/undefined/status/1874677632148853061;9,78E+17;
1,87E+18;Thu Jan 02 02:58:38 +0000 2025;1;@teokjinni Gw mie sih mau yang bentuknya ramen ramyeon indomie gacoan mie ayam;1,87E+18;;;in;;0;0;0;https://x.com/undefined/status/1874651487047241788;1,81E+18;
1,87E+18;Wed Jan 01 16:35:33 +0000 2025;0;abis nyobain indomie newjeans pedes bgt yak itu newjeans apa kaga kepedesan;1,87E+18;;;in;;0;0;0;https://x.com/undefined/status/1874494682753102141;1,22E+18;
1,87E+18;Wed Jan 01 12:59:35 +0000 2025;0;@arxisu7 cobain deh ramyeon indomie enakk;1,87E+18;;arxisu7;in;;0;1;0;https://x.com/undefined/status/1874440334106861950;1,63E+18;
1,87E+18;Wed Jan 01 10:05:36 +0000 2025;0;@skipberat duh kangen nasi ANJIR DI KASIH JAEMIN DUIT BUAT NAIK TAKSI duh kok di sini tentram banget ya? ga kaya medan duh kangen main hujan pengen indomie goreng deh bosen ramyeon terus ;1,87E+18;;skipberat;in;;0;0;0;https://x.com/undefined/status/1874396548400115883;1,76E+18;
1,87E+18;Wed Jan 01 05:07:17 +0000 2025;0;@alizareborn indomie yg iklannya pake newjeans kemarin ituuuu kaaa;1,87E+18;;brrybookflavo;in;;0;0;0;https://x.com/undefined/status/1874321474477318590;2505695120;
1,87E+18;Tue Dec 31 15:09:48 +0000 2024;0;Indomie spicy ramyeon enak tapi kepedesan deh buatku yg gak kuat makan pedes tolong @Indomielovers adakan versi yg jangan terlalu pedasssss hehe:);1,87E+18;;;in;;0;0;0;https://x.com/undefined/status/1874110715449270655;2509322784;
1,87E+18;Tue Dec 31 14:57:06 +0000 2024;0;PIC di event Indomie x NewJeans Malang Akhirnya bisa ngerasain panitia event lagi dan seneng banget dapet pengalaman yg beda dari sebelum nya. For the first time bener belajar dan ngelola excel karna acara ini. Walopun harus kerja seharian pagi ampe malem https://t.co/Humm0RvBi0;1,87E+18;https://pbs.twimg.com/media/GgIq2j_bwAA7G7e.jpg;NFapasha;in;;0;1;0;https://x.com/undefined/status/1874107519423176780;1,17E+18;
1,87E+18;Tue Dec 31 13:25:40 +0000 2024;512;2024: commission job buat JKT 48 &amp;;;;;;;;;;;
1,87E+18;Tue Dec 31 11:05:58 +0000 2024;0;ANJ GUE BARU BELI INDOMIE RAMYEON WKWKWKWKW;1,87E+18;;;in;;0;0;0;https://x.com/undefined/status/1874049353914212611;1,15E+18;
1,87E+18;Tue Dec 31 08:43:30 +0000 2024;0;@skipberat pengen indomie goreng dehh bosen ramyeon terus ;1,87E+18;;skipberat;in;;0;0;2;https://x.com/undefined/status/1874013498562535820;1,49E+18;
1,87E+18;Mon Dec 30 14:00:21 +0000 2024;0;indomie newjeans yg rose enak bgt ternyata (baru nyoba);1,87E+18;;;in;;0;1;0;https://x.com/undefined/status/1873730850036273622;1,41E+18;
1,87E+18;Mon Dec 30 11:36:54 +0000 2024;0;@Indomielovers @NewJeans_ADOR Minji hanni danielle haerin hyein beneran dirayakan sama indomie btw bisa kali adain fanmeet;1,87E+18;;Indomielovers;in;;0;0;0;https://x.com/undefined/status/1873694750538355045;1,28E+18;
1,87E+18;Mon Dec 30 09:21:16 +0000 2024;0;@Indomielovers @NewJeans_ADOR Makasih Indomie ;1,87E+18;;Indomielovers;in;;0;0;0;https://x.com/undefined/status/1873660615975485710;1,78E+18;
1,87E+18;Mon Dec 30 08:56:05 +0000 2024;0;Indomie K-Rosé enak banget cuy... Kayak rasanya ada keju-keju nya gitu. Ga sia-sia Indomie colab sama Newjeans bener bener seleraku https://t.co/LJTDdiodyr;1,87E+18;https://pbs.twimg.com/media/GgCOobIbAAA0ZBd.jpg;;in;;0;0;0;https://x.com/undefined/status/1873654277488693318;1,47E+18;
1,87E+18;Mon Dec 30 08:42:45 +0000 2024;0;@Indomielovers @NewJeans_ADOR Hanni kemarin pen mam Indomie tu katanya;1,87E+18;;Indomielovers;in;;0;0;0;https://x.com/undefined/status/1873650922146103611;8,64E+17;
1,87E+18;Mon Dec 30 07:58:06 +0000 2024;0;@Indomielovers @NewJeans_ADOR Cuss beli di official storenya di Shopee guys 1 Dus isi 20 Pcs - Indomie Korean K-Rose + Free Rainbow Bag https://t.co/iyOqtofEYP;1,87E+18;;Indomielovers;in;;0;0;0;https://x.com/undefined/status/1873639685630972023;592397495;
1,87E+18;Mon Dec 30 06:50:27 +0000 2024;1;@Indomielovers @NewJeans_ADOR Lgsg mukbang indomie gue njirr;1,87E+18;;Indomielovers;in;;0;0;0;https://x.com/undefined/status/1873622660430909725;2833491746;
1,87E+18;Mon Dec 30 06:24:09 +0000 2024;1;@Indomielovers @NewJeans_ADOR Kasih bonus dong di indomie postcard minji cs;1,87E+18;;Indomielovers;in;;0;0;0;https://x.com/undefined/status/1873616044105077149;273977169;
1,87E+18;Mon Dec 30 06:18:56 +0000 2024;1;@Indomielovers @NewJeans_ADOR MAKASI INDOMIE!! ;1,87E+18;;Indomielovers;in;;0;0;0;https://x.com/undefined/status/1873614730553934312;1,84E+18;
1,87E+18;Sun Dec 29 14:02:27 +0000 2024;0;@Catosides indomie ramyeon kk PEDES dd hampir menangis;1,87E+18;;sincerepoets;in;;0;1;0;https://x.com/undefined/status/1873368990548180997;1,67E+18;
1,87E+18;Mon Dec 23 00:24:33 +0000 2024;1;@scaranauva Indomie - 3rb Tulisan hype abis - +1rb BA newjeans - +2rb Gitu kali itungan org org indomie wlwkwkwkwk Minimal kalo mau naikin harga ada photocardnya lah bang indomilk aja ngeluarin pc;1,87E+18;;scaranauva;in;;0;2;0;https://x.com/undefined/status/1870988833166389469;1,28E+18;
1,87E+18;Sun Dec 22 19:36:59 +0000 2024;0;masak indomie ramyeon jam segini ;1,87E+18;;;in;;0;0;0;https://x.com/undefined/status/1870916462669648327;1,80E+18;
1,87E+18;Sun Dec 22 17:44:02 +0000 2024;0;@convomf Varian indomie yg korea ini paling enak cuma yg spicy ramyeon. Somehow rasanya mirip shin ramyeon. Sisanya? So so. Bahkan yg fiery chicken ga enak menurutku.;1,87E+18;;convomf;in;;0;0;0;https://x.com/undefined/status/1870888040614563965;2378183341;
1,87E+18;Sun Dec 22 12:04:04 +0000 2024;0;@convomf Indomie ramyeon series ini lumayan sbnernya. Cm kek sepi aja gtu mienya. Gue yg dulu pernah kerja di mie sedap. Agak aneh ngeliat mie sepi bgtu wkwk;1,87E+18;;convomf;in;;0;0;0;https://x.com/undefined/status/1870802481216913853;76610361;
1,87E+18;Sun Dec 22 10:00:49 +0000 2024;0;Spicy ramyeon nya indomie enak ;1,87E+18;;;in;;0;0;0;https://x.com/undefined/status/1870771464544338190;56693074;
1,87E+18;Sun Dec 22 09:57:26 +0000 2024;9;Oh My Good! Gak kuat banget makan Indomie Spicy Ramyeon rasa sup jamur pedas ala Korea yang gurih pedas &amp;;;;;;;;;;;
1,87E+18;Sun Dec 22 09:18:43 +0000 2024;0;@convomf indomie varian korean ini asin banget anjoy apalagi yg ramyeon;1,87E+18;;convomf;in;;0;0;0;https://x.com/undefined/status/1870760872039371163;1,50E+18;
1,87E+18;Sun Dec 22 08:04:46 +0000 2024;2;@AlterEgo2025 @convomf Tapi rasa kebanyakan mie goreng di Korea emang begitu kak. Ini mirippppppp banget sama ramyeon tapi kayaknya orang indo terbiasa rasa indomie atau kalau ramyeon terbiasa rasa samyang.....;1,87E+18;;AlterEgo2025;in;;0;1;0;https://x.com/undefined/status/1870742259379085500;462011792;
1,87E+18;Sun Dec 22 03:53:33 +0000 2024;0;kita ushakan indomie lucu newjeans itu;1,87E+18;;;in;;0;0;0;https://x.com/undefined/status/1870679039121441080;1,72E+18;
1,87E+18;Sun Dec 22 02:26:30 +0000 2024;0;Guys newjeans beneran bubar? Terus nasib kontraknya sama indomie gimana?;1,87E+18;;;in;;0;0;0;https://x.com/undefined/status/1870657131852296684;1,66E+18;
1,87E+18;Sun Dec 22 00:44:14 +0000 2024;0;eh kocak indomie newjeans yang rose rasanya kek masakan RM padang;1,87E+18;;;in;;0;1;0;https://x.com/undefined/status/1870631395930059000;1,02E+18;
1,87E+18;Sat Dec 21 15:24:45 +0000 2024;0;@sosmedkeras Indomie goreng yang baru kolaborasi dengan newjeans enak banget coo;1,87E+18;;sosmedkeras;in;;0;0;0;https://x.com/undefined/status/1870490597611761687;1,42E+18;
1,87E+18;Sat Dec 21 13:04:15 +0000 2024;0;@strwbbyie aku mending makan mie wow apa indomie newjeans?;1,87E+18;;strwbbyie;in;;0;1;0;https://x.com/undefined/status/1870455242296570267;1,46E+18;
1,87E+18;Sat Dec 21 12:01:11 +0000 2024;0;Demi Indomie newjeans yang biru pedes gila;1,87E+18;;;in;;0;1;0;https://x.com/undefined/status/1870439367917121605;2833590194;
1,87E+18;Sat Dec 21 04:00:50 +0000 2024;0;@ferran_peak Bagi pendapat tentang Indomie X NewJeans;1,87E+18;;ferran_peak;in;;0;1;0;https://x.com/undefined/status/1870318487077585262;1,36E+18;
1,87E+18;Sat Dec 21 03:32:41 +0000 2024;0;Newjeans nge-review Indomie kah ini? https://t.co/C9ZX6AUiV7;1,87E+18;https://pbs.twimg.com/media/GfSuTURbUAAXlTz.jpg;;in;;0;0;0;https://x.com/undefined/status/1870311401228820824;8,60E+17;
1,87E+18;Sat Dec 21 02:35:00 +0000 2024;0;@Subhanallahkiky Ini klo ga salah pas bts newjeans x indomie ga sih?;1,87E+18;;SubhanallahKiky;in;;0;0;0;https://x.com/undefined/status/1870296884583247927;1,27E+18;
1,87E+18;Sat Dec 21 00:47:30 +0000 2024;1;newjeans aka jeanz yang udah pindah tempat kerja pindah kosan dan gara gara itu jadi makin rajin makin makan indomie udah beneran mirip average muda mudi indo yang lagi struggle dalam hidupnya https://t.co/5qMfubdFbD;1,87E+18;https://pbs.twimg.com/ext_tw_video_thumb/1870269815103123456/pu/img/1LtTwq4dlWqxQkVj.jpg;;in;;0;0;0;https://x.com/undefined/status/1870269833658675290;1,10E+18;
1,87E+18;Fri Dec 20 16:29:25 +0000 2024;0;ini gw yg salah bikin apa indomie ramyeon rasanya kaya mie gelas pake saos ya t___t;1,87E+18;;;in;;0;1;0;https://x.com/undefined/status/1870144485876965688;1,45E+18;
1,87E+18;Fri Dec 20 16:05:27 +0000 2024;0;Dulu Indomie rasa Ramen skarang Ramyeon https://t.co/e4mMhSp0ev;1,87E+18;https://pbs.twimg.com/media/GfQRARibMAADOo2.jpg;;in;;0;0;0;https://x.com/undefined/status/1870138454954455422;599857567;
1,87E+18;Fri Dec 20 14:23:12 +0000 2024;0;ini indomie ramyeon nasibnya gimana NJ udah ganti nama gitu;1,87E+18;;;in;;0;0;0;https://x.com/undefined/status/1870112720475042037;1,72E+18;
1,87E+18;Fri Dec 20 08:23:53 +0000 2024;0;baru nyobain indomie newjeans spicy ramyeon tapi versi popmie nya.. ternyata enak banget lebih enak daripada shin ramyeon atau anseongtangmyeon trus pedes banget dah https://t.co/NNJIz2DRUP;1,87E+18;https://pbs.twimg.com/media/GfOnWJEa0AA0CvR.jpg;;in;;0;0;0;https://x.com/undefined/status/1870022294934008183;2275390344;
1,87E+18;Fri Dec 20 03:14:25 +0000 2024;0;jujur indomie x pop mie spicy ramyeon best!!!;1,87E+18;;;in;;0;0;0;https://x.com/undefined/status/1869944416452129086;1,27E+18;
1,87E+18;Thu Dec 19 15:41:18 +0000 2024;0;@caseywonie wkwkk pasti sihh soalnya ramyeon tuh kaya 1.5 nya indomie mana mie nya aga tebelan gitu dikit trus ini 7 pack apaa ga kembungg;1,87E+18;;caseywonie;in;;0;0;0;https://x.com/undefined/status/1869769988183306612;1,27E+18;
1,87E+18;Thu Dec 19 12:53:41 +0000 2024;0;nyobain indomie yang varian spicy ramyeon tapi pedes bgt jadi gw tambahin kecap BANYAK .. u can take me out of jawa but u will never take jawa out of me;1,87E+18;;;in;;0;0;0;https://x.com/undefined/status/1869727806726500490;561955108;
1,87E+18;Thu Dec 19 10:46:07 +0000 2024;0;Indomie ramyeon jamur pedes banget sumpah rasanya sampe ke kuping tapi lumayan rekomendasi sih soalnya mie nya tebel. https://t.co/xIQnxglYxn;1,87E+18;https://pbs.twimg.com/media/GfJ-U4mbQAAok3x.jpg;;in;;0;0;0;https://x.com/undefined/status/1869695701963436460;2803194613;
1,87E+18;Thu Dec 19 10:01:28 +0000 2024;0;Indomie ramyeon series K-rose rasanya ternyata wahhh aroma2 keju ditambah aroma jinten kyk indomie mie goreng aceh Coba riset ke produk nissin deh carbonaranya mirip2 samyang tapi mild.. blm ada yg suka rasa2 dr varian ramyeon ini udh paling bener indomie rasa asli aj;1,87E+18;;;in;;0;0;0;https://x.com/undefined/status/1869684468279328988;276770189;
1,87E+18;Thu Dec 19 06:10:32 +0000 2024;0;Ya betul Indomie versi newjeans bisa jadi opsi ransum pendemo hari Ini.;1,87E+18;;;in;;0;0;0;https://x.com/undefined/status/1869626350736470057;1,83E+18;
1,87E+18;Thu Dec 19 05:55:05 +0000 2024;15;PAKETTT! Etsss bukan dari Korea tapi Indomie Spicy Ramyeon yang kuahnya rasa sup jamur pedas ala Korea~ Sekarang kalau kangen cita rasa Korea gak perlu ke Korea soalnya bisa masak Indomie Spicy Ramyeon yang otentik gurih pedas dan segar! #OhMyGoodItsIndomie https://t.co/lq66OfZZDY;1,87E+18;https://pbs.twimg.com/ext_tw_video_thumb/1869622328780558336/pu/img/YcCUH3AUoBABGe15.jpg;;in;;0;1;2;https://x.com/undefined/status/1869622461203132669;284428760;
1,87E+18;Thu Dec 19 05:46:43 +0000 2024;0;barusan nyoba indomie spicy ramyeon enak sihh pedesnya masih bisa dinikmatin tapi makin lama makin panas di mulut ga ngira bakal sepedes inii. mnrtku varian yg ini lebih enak drpd yang lain. k-rose sama fiery chikin ga cocok di lidah akuu;1,87E+18;;;in;;1;0;0;https://x.com/undefined/status/1869620355238863195;1,63E+18;
1,87E+18;Wed Dec 18 23:51:10 +0000 2024;0;Indomie spicy ramyeon rasanya lebih mirip mie gelas daripada merk korea sebelah ;1,87E+18;;;in;;0;1;0;https://x.com/undefined/status/1869530880949285005;9,91E+17;
1,87E+18;Wed Dec 18 16:49:18 +0000 2024;1;real guys indomie x newjeans yang biru itu enak bangettt nget nget (tips: kuahnya dibikin kentel +10000 aura) https://t.co/JTZ3UInHsq;1,87E+18;https://pbs.twimg.com/media/GfGH3l2aYAAPDi1.jpg;;in;;0;1;0;https://x.com/undefined/status/1869424712742515067;1,50E+18;
1,87E+18;Wed Dec 18 13:18:54 +0000 2024;0;Mamas: Hay dek kamu ada yang baru Variabel Indomie dari New Jeans itu variabel Spicy Ramyeon &amp;;;;;;;;;;;
1,87E+18;Wed Dec 18 12:45:42 +0000 2024;0;Indomie ramyeon yg kemasan biru rasanya kek mie gelas wkwk;1,87E+18;;;in;;0;1;0;https://x.com/undefined/status/1869363410632425775;1,33E+18;
1,87E+18;Wed Dec 18 12:36:35 +0000 2024;0;indomie spicy ramyeon + bakso kanzler minumnya big cola;1,87E+18;;;in;;0;1;0;https://x.com/undefined/status/1869361115060473964;1,52E+18;
1,87E+18;Wed Dec 18 09:31:12 +0000 2024;0;sebelumnya juga ada indomie x newjeans paket tas pvc. lumayan tasnya buat nonton konser ;1,87E+18;;;in;;0;0;0;https://x.com/undefined/status/1869314462785867925;1,30E+18;
1,87E+18;Wed Dec 18 07:54:12 +0000 2024;0;btw di tulisannya sih ini Indomie X newjeans tapi aku belinya gak di official store nya Indomie tapi di toko lain;1,87E+18;;huihuimoon96;in;;0;1;0;https://x.com/undefined/status/1869290052024697162;1,26E+18;
1,87E+18;Wed Dec 18 06:48:55 +0000 2024;0;baru cobain indomie yg rasa ramyeon korea hmm enakk pedes kerasa cuma mienya gede2 ya;1,87E+18;;;in;;0;0;0;https://x.com/undefined/status/1869273622713655398;1,83E+18;
1,87E+18;Wed Dec 18 06:44:25 +0000 2024;43;Di sisi lain terdapat NOODLE ZONE yang memenuhi dinding dengan berbagai jenis produk ramyeon. Ternyata di Lotte Mart lagi ngadain event mencicipi ramyeon. Cho Sungkwang kepala tim global sourcing Lotte Mart Indonesia: Karena ramyeon Korea populer banget disini Indomie https://t.co/6EbwBgTQCo;1,87E+18;https://pbs.twimg.com/media/GfD9aswacAAHBP5.png;tang__kira;in;;0;1;6;https://x.com/undefined/status/1869272491325268264;1211794832;
1,87E+18;Tue Dec 17 14:55:16 +0000 2024;0;Indomie tolong undang newjeans!!!!;1,87E+18;;;in;;0;0;0;https://x.com/undefined/status/1869033626895340000;329503019;
1,87E+18;Wed Dec 11 09:32:29 +0000 2024;0;@cjmofficial bentar mas beli indomie x newjeans dulu;1,87E+18;;cjmofficial;in;;0;0;0;https://x.com/undefined/status/1866778070193148393;1,76E+18;
1,87E+18;Wed Dec 11 05:00:17 +0000 2024;0;sederhana tunjang urek!!!!!!!!! marugame teriyaki abura + tamago seblak!!!!!!!!!!!!!!!! umami sushi indomie newjeans yg biru (lupa gweh) chikuro reddog;1,87E+18;;dezabcd;in;;1;1;0;https://x.com/undefined/status/1866709566400106801;161116658;
1,87E+18;Wed Dec 11 04:21:11 +0000 2024;4;@tanyakanrl Yg indomie varian korea terbaru lebih enak yg goreng si. Yg ramyeon kuah ama gekikara mirip jadi lebih prefer tori miso. Coba bikin tori miso + susu full cream uht + telor + spicy mayo/kaldu jamur. Turs diaduk ama kuah rebusannya. Enak parah;1,87E+18;;tanyakanrl;in;;0;0;0;https://x.com/undefined/status/1866699728244838449;1,50E+18;
1,87E+18;Tue Dec 10 20:14:03 +0000 2024;0;indomie yg collab ma newjeans yg fiery chicken;1,87E+18;;;in;;0;0;0;https://x.com/undefined/status/1866577135282032786;1,24E+18;
1,87E+18;Tue Dec 10 15:54:19 +0000 2024;0;@yoobeepbeep_02 ku suka newjeans apa ciri2nya adalah anak kos? (makan indomie trus);1,87E+18;;tahuwalik_03;in;;0;0;0;https://x.com/undefined/status/1866511772997534158;1,83E+18;
1,87E+18;Tue Dec 10 10:09:50 +0000 2024;0;EHHH SUMPAH INDOMIE K-ROSE GAK ENAK BANGET baunya busett dah gak kuattt rasanya juga gimanaa ya dilidah gua... apa emang lidah ini terlalu kampung yakkk fakkk tau gitu w beli yang spicy ramyeon aja;1,87E+18;;;in;;0;0;0;https://x.com/undefined/status/1866425080588472361;1,33E+18;
1,87E+18;Tue Dec 10 09:59:29 +0000 2024;0;indomie newjeans yg pink porsi+topping-nya dikit gilaaa tapi enak baangeeet ya fair2 aja sih harga 4 rebu masa disamain sama yg 25 rebu kalo mau puas beli 2 bungkus ditambah odeng atau sosis2an telor daun bawang... next time deh kalo nemu lagi (susah bet njir dapetnya);1,87E+18;;;in;;0;0;0;https://x.com/undefined/status/1866422477175615523;1,74E+18;
1,87E+18;Tue Dec 10 06:08:16 +0000 2024;0;Indomie newjeans yg biru spicy ramyeon(?) Gak ada pedesnya sama sekali :/ tapi buat rasanya enak sih;1,87E+18;;;in;;0;1;0;https://x.com/undefined/status/1866364288375660842;9,93E+17;
1,87E+18;Tue Dec 10 05:00:15 +0000 2024;0;nyobain indomie newjeans https://t.co/0CHfPZxMzs;1,87E+18;https://pbs.twimg.com/media/GeaY2qAbUAE7lsM.jpg;;in;;1;0;0;https://x.com/undefined/status/1866347173140640199;1,42E+18;
1,86E+18;Tue Dec 10 03:28:07 +0000 2024;0;@hanniphvam Otw cobain indomie x NewJeans!;1,87E+18;;hanniphvam;in;;0;0;0;https://x.com/undefined/status/1866323984670970335;1523917578;
1,86E+18;Tue Dec 10 02:37:46 +0000 2024;0;@hanniphvam oh wow indomie with newjeans? rasa favorite mu yang mana?;1,87E+18;;hanniphvam;in;;0;0;0;https://x.com/undefined/status/1866311316455162268;8,71E+17;
1,87E+18;Mon Dec 09 19:00:25 +0000 2024;0;btw newjeans indomie lu pedes bat kocak;1,87E+18;;;in;;0;2;0;https://x.com/undefined/status/1866196220269731864;1,38E+18;
1,87E+18;Mon Dec 09 10:00:09 +0000 2024;0;@idextratime Wkwk itu mah baliho Indomie bang bukan ketemu NewJeans beneran. Tapi emang enak sih Korean Ramyeon Series apalagi kalo dimakan sambil streaming dance practice mereka;1,87E+18;;idextratime;in;;0;0;0;https://x.com/undefined/status/1866060257161535521;1,86E+18;
1,87E+18;Mon Dec 09 09:09:36 +0000 2024;0;asli spicy ramyeon indomie enak banget;1,87E+18;;;in;;0;0;0;https://x.com/undefined/status/1866047533321261101;1,48E+18;
1,87E+18;Mon Dec 09 05:29:36 +0000 2024;0;@waterpasss lebih enak ayam aku atau indomie spicy ramyeon?;1,87E+18;;waterpasss;in;;0;1;0;https://x.com/undefined/status/1865992169787732080;1,77E+18;
1,87E+18;Sun Dec 08 16:26:01 +0000 2024;0;indomie ramyeon + 2 telor MAKNYUUUSSS https://t.co/SNGtNqOW15;1,87E+18;https://pbs.twimg.com/media/GeSiopzbAAARwwX.jpg;;in;;0;0;0;https://x.com/undefined/status/1865794973603602665;1,61E+18;
1,87E+18;Sun Dec 08 13:02:18 +0000 2024;0;lagi di toserba liat indomie varian rose ramyeon inget hyunsuk beli karena hyunsuk;1,87E+18;;;in;;0;0;0;https://x.com/undefined/status/1865743708647497868;1,77E+18;
1,87E+18;Sun Dec 08 12:39:47 +0000 2024;0;update kiku hari ini: aku mau masak lagi indomie spicy ramyeon yea;1,87E+18;;;in;;0;0;0;https://x.com/undefined/status/1865738041857606140;1,30E+18;
1,87E+18;Sun Dec 08 11:09:53 +0000 2024;0;@tanyarlfes abis dari event indomie x newjeans https://t.co/NafIhCD7qO;1,87E+18;https://pbs.twimg.com/media/GeRaSJZbYAAjSjh.jpg;tanyarlfes;in;;0;0;0;https://x.com/undefined/status/1865715416192123036;1,41E+18;
1,87E+18;Sun Dec 08 11:08:39 +0000 2024;1;akuu abis dari event indomie×newjeans https://t.co/TF7uuwxT6g;1,87E+18;https://pbs.twimg.com/media/GeRZ-A4aMAACpoo.jpg;;in;;0;3;0;https://x.com/undefined/status/1865715107575312617;1,41E+18;
1,87E+18;Sun Dec 08 10:51:17 +0000 2024;0;beli indomie ramyeon ga dapet bumbunya tuh dimana ceritanya? pas 22nya dibuka malah topping yang sebiji doang itu. mana lagi laper @indomie https://t.co/sEuFcnjPzn;1,87E+18;https://pbs.twimg.com/media/GeRWBe-agAA7g_Q.jpg;;in;;0;0;0;https://x.com/undefined/status/1865710737760612379;9,73E+17;
1,87E+18;Sun Dec 08 10:38:37 +0000 2024;0;@syowflakes udh ganti gw skrg shin ramyeon goodbye indomie;1,87E+18;;syowflakes;in;;0;1;0;https://x.com/undefined/status/1865707550806782223;1,41E+18;
1,87E+18;Sun Dec 08 10:21:30 +0000 2024;0;@thisisnyanfams Indomie ramyeon ini enak kah? Aku udh cobain yg pink lumayan sih;1,87E+18;;thisisnyanfams;in;;0;1;0;https://x.com/undefined/status/1865703241616589160;1,22E+18;
1,87E+18;Sun Dec 08 07:26:33 +0000 2024;8;@memefess Indomie Ramyeon? Apa itu? Saya hanya mengenal ini https://t.co/FJH7KWEC76;1,87E+18;https://pbs.twimg.com/media/GeQnHP3bEAA19tN.jpg;memefess;in;;1;4;0;https://x.com/undefined/status/1865659212912787746;1,23E+18;
1,87E+18;Sun Dec 08 06:36:00 +0000 2024;0;eh kemarin aku nyobain indomie x newjeans spicy ramyeon nya enak ;1,87E+18;;;in;;0;0;0;https://x.com/undefined/status/1865646493249782141;1,80E+18;
1,87E+18;Sun Dec 08 04:48:04 +0000 2024;0;FS Guncang | Tokopedia ⏰12:00 | 08 Des *Bisa Stay dipengiriman? Rp15rb Indomie Korean spicy ramyeon https://t.co/LdyWh3QKpY Rp16rb Indomie Rawon pedas https://t.co/rbjkalzmVx Rp40rb Total Energies oli motor matic https://t.co/vQbRs3udCS https://t.co/gCPhNqy0Vb;1,87E+18;https://pbs.twimg.com/media/GeQC43zaUAAC91r.jpg;;in;;0;0;0;https://x.com/undefined/status/1865619329078976513;1,31E+18;
1,87E+18;Sun Dec 08 04:46:00 +0000 2024;0;FS Tokopedia Diskon 50% 12:00 | 8 Des *kemungkinan bisa stay pengiriman [Rp15.500 stok 40] Indomie Korean Spicy Ramyeon 5pcs https://t.co/xMgD0EWoDo [Rp16.000 stok 40] Indomie Rawon Pedas Mercon 10pcs https://t.co/zDDx58XrFY [Rp40.000 stok 20] TotalEnergies Hi-Perf 4T https://t.co/ZmedUWA0eO;1,87E+18;https://pbs.twimg.com/media/GeP8CM9akAArYLj.png;;in;;0;0;0;https://x.com/undefined/status/1865618809501122884;1672464836;
1,87E+18;Sun Dec 08 04:45:29 +0000 2024;0;Tokopedia diskon 50% jam 12.00 15.500 5 Pcs - Indomie Korean Spicy Ramyeon https://t.co/W4mJKXfoyV 16.000 10 Pcs - Indomie Kuah Rawon Pedas Mercon https://t.co/yb8Hpun5Ko 40.000 TotalEnergies - Hi-Perf 4T 500 Scooter 10W-30 Oli Motor Matic 0.8L https://t.co/06n10m6XT4 92.020 https://t.co/fXHP0DyDLd;1,87E+18;https://pbs.twimg.com/media/GeQCTOFa8AAhfHE.jpg;;in;;0;0;0;https://x.com/undefined/status/1865618679624511700;82032251;
1,87E+18;Sun Dec 08 04:42:15 +0000 2024;2;Flash Sale Guncang Diskon 50% 8 Des ⏰ 12:00 sampai habis Rp15.500 5pcs Indomie Korean Spicy Ramyeon https://t.co/wm7XWdNsB8 Rp16.000 5pcs Indomie Kuah Rawon Pedas Mercon https://t.co/Ry9BHjaLtB Rp40.000 TotalEnergies Hi-Perf 4T 500 Scooter 10W-30 Oli Motor Matic 0.8L https://t.co/f9dveFIYsw;1,87E+18;https://pbs.twimg.com/media/GeQBj-dbIAA3Axu.jpg;;in;;0;1;0;https://x.com/undefined/status/1865617866361606397;1,64E+18;
1,87E+18;Sun Dec 08 01:18:21 +0000 2024;0;Ini cuma perasaan gw doang atau emang Indomie rasa Korean Ramyeon tuh porsi nya dikit dah;1,87E+18;;;in;;0;0;0;https://x.com/undefined/status/1865566552961302841;1,15E+18;
1,87E+18;Sun Dec 08 00:09:35 +0000 2024;0;mau sarapan indomie newjeans;1,87E+18;;;in;;0;0;0;https://x.com/undefined/status/1865549248688996765;1,34E+18;
1,87E+18;Sat Dec 07 16:50:00 +0000 2024;0;update kiku hari ini: setelah dari senin aku naik turun mulu sakit kepala dan batuknya akhirnya hari ini aku bandel makan indomie spicy ramyeon (sumpah enak pol tapi PEDES BGT JUGA) ditambah abis itu minum milky original (INI JG ENAK POL);1,87E+18;;;in;;0;1;0;https://x.com/undefined/status/1865438623140905094;1,30E+18;
1,87E+18;Sat Dec 07 16:12:54 +0000 2024;0;nyobain indomie newjeans yg k-rose creamy pedes tp sayang bgt odengnya cuma secuil yah lumayan enak https://t.co/kkcw5wMmn6;1,87E+18;https://pbs.twimg.com/media/GeNWCpmboAAt2c_.jpg;;in;;0;0;0;https://x.com/undefined/status/1865429287282819206;8,72E+17;
1,87E+18;Sat Dec 07 15:51:48 +0000 2024;1;@heeseungielz Akuu udah nyoba versi pake ramyeon Indomie ... PLISS ENAK;1,87E+18;;heeseungielz;in;;0;1;0;https://x.com/undefined/status/1865423978342617204;1,26E+18;
1,87E+18;Sat Dec 07 15:47:57 +0000 2024;0;@stroberby event nya indomie x newjeans kakkk;1,87E+18;;stroberby;in;;0;0;0;https://x.com/undefined/status/1865423006258065707;1,72E+18;
1,87E+18;Sat Dec 07 15:21:24 +0000 2024;0;btw indomie newjeans yg biru &gt;;;;;;;;;;;
1,87E+18;Sat Dec 07 15:18:17 +0000 2024;0;@lilfreaks1212 Indomie spicy ramyun ini yang varian BAnya newjeans bukan sih?;1,87E+18;;lilfreaks1212;in;;0;1;0;https://x.com/undefined/status/1865415542326383032;537990065;
1,87E+18;Sat Dec 07 14:36:36 +0000 2024;0;barusan nyoba indomie newjeans yg rose krn kata adekku ga pedes2 amat. tetap saja aku sentrap sentrup kepedesan.;1,87E+18;;;in;;0;0;0;https://x.com/undefined/status/1865405052858581249;479443734;
1,87E+18;Sat Dec 07 13:25:52 +0000 2024;1;Nyobain indomie Tori Kara pedesnya nampol bjir️‍ Sebenernya mau cobain yang collab mah newjeans tapi yang pink gak ada jadinya cobain ini deh karna yang Tori miso biasa enak https://t.co/wL4hnUN72o;1,87E+18;https://pbs.twimg.com/media/GeMv0UpakAAlH32.jpg;;in;;0;2;0;https://x.com/undefined/status/1865387250319859846;1,07E+18;
1,87E+18;Sat Dec 07 12:51:26 +0000 2024;0;Indomie yg sama newjeans enak woyy;1,87E+18;;;in;;0;0;0;https://x.com/undefined/status/1865378585168712006;1,41E+18;
1,87E+18;Sat Dec 07 12:05:50 +0000 2024;0;Sejauh ini indomie korean ramyeon series yang aku suka tuh yang fiery chikin yang lain kurang;1,87E+18;;;in;;0;0;0;https://x.com/undefined/status/1865367109016207738;1,53E+18;
1,87E+18;Sat Dec 07 10:35:53 +0000 2024;0;Indomie korean ramyeon series lebih enak varian yang apa yaa?;1,87E+18;;;in;;0;0;0;https://x.com/undefined/status/1865344474211377547;1,30E+18;
1,87E+18;Sat Dec 07 09:47:08 +0000 2024;0;Hawanya cocok bgt untuk bikin Indomie newjeans yeahhh;1,87E+18;;;in;;0;0;0;https://x.com/undefined/status/1865332206081826993;1,86E+18;
1,87E+18;Sat Dec 07 08:40:21 +0000 2024;0;INDOMIE SPICY RAMYEON ENAK BGT CUYYY PEDESSSS PANAS TAPI ENAK?!?!?!? ;1,87E+18;;;in;;0;0;0;https://x.com/undefined/status/1865315398205534296;1,38E+18;
1,87E+18;Sat Dec 07 05:24:16 +0000 2024;0;gua kena gocek alfa dkt rmh gua apa ya masa peppero 2+indomie fiery chicken 40rb sendiri si goblok gak nge cek struk lg grgr kegirangan sendiri liat newjeans;1,87E+18;;;in;;0;1;0;https://x.com/undefined/status/1865266053976330311;1,62E+18;
1,87E+18;Sat Dec 07 04:50:32 +0000 2024;0;Flash Sale Tokopedia ⏰️12:00 | 07 Des Rp15.500 Indomie korean KRose x5 https://t.co/YROVkqe39R Rp30.500 Indomie Korean spicy Ramyeon x10 https://t.co/GBQGqd2vDY https://t.co/jzVI2qo1Xz;1,87E+18;https://pbs.twimg.com/media/GeK53YsbsAAqb7-.jpg;;in;;0;0;0;https://x.com/undefined/status/1865257562079432982;1,31E+18;
1,87E+18;Sat Dec 07 04:49:30 +0000 2024;1;Flash Sale Guncang Diskon 50% 7 Des ⏰ 12:00 sampai habis Rp15.500 5pcs Indomie Korean K-Rose https://t.co/InrRG1weAe Rp30.550 10pcs Indomie Korean Spicy Ramyeon https://t.co/JMYZXMhmvc Rp145.020 Skintific Perfect Stay Velvet Matte Cushion https://t.co/D6vbTUf16z https://t.co/BAdesFu8KJ;1,87E+18;https://pbs.twimg.com/media/GeK5odgakAAvRyc.jpg;;in;;0;0;0;https://x.com/undefined/status/1865257303349580286;1,64E+18;
1,87E+18;Sat Dec 07 04:48:12 +0000 2024;0;FS Tokopedia Diskon 50% 12:00 | 7 Des *kemungkinan bisa stay pengiriman [Rp30.550] Indomie Korean Spicy Ramyeon 10pcs https://t.co/wox8yZeMv6 [Rp15.500] Indomie Korean K-Rose 5pcs https://t.co/g32VYJQ8cG https://t.co/FMyWchJFC2;1,87E+18;https://pbs.twimg.com/media/GeK5U9WakAc7u6e.jpg;;in;;0;0;0;https://x.com/undefined/status/1865256976311292332;1672464836;
1,87E+18;Fri Dec 06 19:09:00 +0000 2024;0;Pop mie korean spicy ramyeon beneran enak.. pedes banget.. tapi enak.. langsung pesen se dus karena lagi mursidahh di tokopedia.. Salah satu cita cita gue ngeliat ITZY jadi BA indomie padahal tapi ternyata yang dapat NJ. Kalau gitu selamat ya NJ~ https://t.co/ra1d9eelhI;1,87E+18;https://pbs.twimg.com/media/GeI0wz3akAIpkph.jpg;;in;;0;0;0;https://x.com/undefined/status/1865111214281625808;1,44E+18;
1,87E+18;Fri Dec 06 15:25:44 +0000 2024;0;absen indomie newjeans day 1 foto terakhir lagi #masakbanget https://t.co/csMR6UCyR8;1,87E+18;https://pbs.twimg.com/media/GeIBpPGboAAavQs.jpg;;in;;0;0;0;https://x.com/undefined/status/1865055030350614802;1,13E+18;
1,87E+18;Fri Dec 06 13:15:20 +0000 2024;0;Markicob varian baru Indomie edisi Korea itu.. ini yang spicy ramyeon. Dari baunya sih enak yah https://t.co/eoSZw8pPnU;1,87E+18;https://pbs.twimg.com/media/GeHj0AhakAAgvhe.jpg;;in;;0;2;0;https://x.com/undefined/status/1865022210265747623;3186167077;
1,87E+18;Fri Dec 06 13:09:31 +0000 2024;0;@FOODFESS2 mie ayam indomie ramyeon tahu baso;1,87E+18;;FOODFESS2;in;;0;0;0;https://x.com/undefined/status/1865020746789196269;538726366;
1,87E+18;Fri Dec 06 11:50:38 +0000 2024;1410;Yaudah sih namanya juga ketagihan Indomie x Pop Mie Korean Ramyeon Series mending cobain juga https://t.co/ZV9eB4t5EY;1,87E+18;https://pbs.twimg.com/media/GeHQbWUakAEU0il.jpg;;in;;11;20;59;https://x.com/undefined/status/1865000898625474571;1500632004;
1,87E+18;Fri Dec 06 11:33:59 +0000 2024;1;Makasih Indomie san Newjeans berkat kolaborasi kalian aku bisa menikmati mie instan paling nikmat di dunia ini Gila sih tiap hari makan nih mie untung ga ketahuan mama https://t.co/pEGAb78gTK;1,87E+18;https://pbs.twimg.com/media/GeHMnuoakAABGog.jpg;;in;;0;0;0;https://x.com/undefined/status/1864996706812858737;1,22E+18;
1,86E+18;Fri Dec 06 10:41:23 +0000 2024;1;indomie yg rose ga enakk mending yang ramyeon. terus odengnya cuma sebiji kecil https://t.co/zlYbWu5Pq8;1,86E+18;https://pbs.twimg.com/media/GeHAk4ib0AAHJgf.jpg;;in;;0;7;0;https://x.com/undefined/status/1864983469765603527;2232277310;
1,86E+18;Fri Dec 06 10:38:43 +0000 2024;1;Mega Flash Sale Blibli ⏰18:00 WIB PediaComplete Vanila 850 gram https://t.co/MEqDvDiRC6 Swallow Kamper Toilet Colour Ball (3 Pcs/Pack) https://t.co/klsj3HQPYu Indomie Korean Spicy Ramyeon https://t.co/bz8dWYIy5L https://t.co/rTvn14iupX;1,86E+18;https://pbs.twimg.com/media/GeG_97kbsAArlj-.jpg;;in;;0;0;0;https://x.com/undefined/status/1864982800027517016;1,58E+18;
1,86E+18;Fri Dec 06 10:35:21 +0000 2024;2;Mega Flash Sale Blibli 6 Des ⏰️ 18:00 sampai habis PediaComplete Vanila 850 gram https://t.co/6XzCSr4LF8 Swallow Kamper Toilet Colour Ball isi 3pcs https://t.co/0i8OyXgJph Indomie Korean Spicy Ramyeon https://t.co/NEmpm3RUqe https://t.co/86zEdzZTE5;1,86E+18;https://pbs.twimg.com/media/GeG_MyJasAAyOBd.jpg;;in;;0;0;0;https://x.com/undefined/status/1864981949498167752;1,64E+18;
1,86E+18;Fri Dec 06 08:19:05 +0000 2024;2;mbak yg dijual SUSU bukan tas tas beginian mah cm gimmick atau freebiesnya aja. nih contohnya tas indomie korean series yg BA nya newjeans ya emg begini doang kan yg dijual mie nya. itu yg punya indomilk udah yg paling bagus dr sekian banyak tas freebies indofood https://t.co/BGRwg3WxeO;1,86E+18;https://pbs.twimg.com/media/GeGgAFza8AAPCn6.jpg;;in;;0;3;0;https://x.com/undefined/status/1864947660572287014;1,44E+18;
1,86E+18;Fri Dec 06 06:31:18 +0000 2024;0;Open jastip indomie x newjeans 40k dapet tas pvc + indomie korean 5pcs 80k dapet tas pvc dan indomie korean 5pcs tas pvc dan indomie 3pcs pop mie 2 pcs dan merch random (nanti dapet dari claw machine) Yang mau dm juseyoo bisa co oren yess dom solo https://t.co/8EJuF028Kc;1,86E+18;https://pbs.twimg.com/media/GeGHVwQbkAAGRz_.jpg;;in;;0;1;0;https://x.com/undefined/status/1864920534078886159;1,51E+18;
1,86E+18;Thu Dec 05 23:29:13 +0000 2024;0;Kayak ngewar Indomie newjeans;1,86E+18;;;in;;0;0;0;https://x.com/undefined/status/1864814314491961624;1,77E+18;
1,86E+18;Thu Dec 05 16:52:54 +0000 2024;0;ternyata indomie premium korean spicy ramyeon ini enakk https://t.co/MM0QSp2HYd;1,86E+18;https://pbs.twimg.com/media/GeDMA8uaUAAH9ep.jpg;;in;;0;0;0;https://x.com/undefined/status/1864714575628902871;1,00E+18;
1,86E+18;Thu Dec 05 13:54:38 +0000 2024;3;Indomie Korean ramyeon ini jujur enak banget di banding dua rasa lainnya ini favorite aku sih! apalagi makan pas hujan gini cocok banget! https://t.co/SpTxxMEvM1;1,86E+18;https://pbs.twimg.com/media/GeCjN3ua0AIC1VU.jpg;;in;;0;0;0;https://x.com/undefined/status/1864669716134101080;1,74E+18;
1,86E+18;Thu Dec 05 12:56:32 +0000 2024;1;ternyata indomie spicy ramyeon enak bgt rasanya hampir mirip sama nongshim shin ramyun https://t.co/TKxEUGg5CF;1,86E+18;https://pbs.twimg.com/media/GeCV4zSa4AAY11A.jpg;;in;;0;4;0;https://x.com/undefined/status/1864655091900551209;1,72E+18;
1,86E+18;Thu Dec 05 12:20:18 +0000 2024;0;@cinderjaems indomie nya newjeans enak semua;1,86E+18;;cinderjaems;in;;0;0;0;https://x.com/undefined/status/1864645973626245443;70607178;
1,86E+18;Thu Dec 05 12:12:59 +0000 2024;0;1. INDOMIE GORENG! 2. INDOMIE GORENG! 3. Indomie kaldu ayam 4. Indomie soto 5. Shin ramyeon;1,86E+18;;;in;;0;0;0;https://x.com/undefined/status/1864644135287968165;1,71E+18;
1,86E+18;Thu Dec 05 11:32:33 +0000 2024;0;indomie yg sama newjeans gak worth it poll rasanya kebanyakan lada anjir semua varian konsepnya LADA bjir;1,86E+18;;;in;;0;1;0;https://x.com/undefined/status/1864633959814189440;9,33E+17;
1,86E+18;Thu Dec 05 06:14:28 +0000 2024;0;Indomie korean ramyeon fiery chikin adalah penghinaan kepada penyuka pedas. Pedas nya cuma gelitikin lidah doang. Mie Sedaap Korean Spicy Chicken 1-0;1,86E+18;;;in;;0;0;0;https://x.com/undefined/status/1864553911350382890;391370138;
1,86E+18;Wed Dec 04 14:59:46 +0000 2024;0;@simpIejoy Karena sekarang aku larinya ke Shin ramyeon daripada indomie (definitely not a traitor). Ini bisa dispill gak ya mie apa yang bisa ngambek? Also menurutku emang kari ayam no. 2 setelah soto.;1,86E+18;;simpIejoy;in;;0;1;0;https://x.com/undefined/status/1864323717624680752;2909351161;
1,86E+18;Wed Dec 04 12:45:54 +0000 2024;0;indomie spicy ramyeon ko kureng ya rasa lada doang;1,86E+18;;;in;;0;0;0;https://x.com/undefined/status/1864290028962369964;1,21E+18;
1,86E+18;Wed Dec 04 11:34:10 +0000 2024;0;buat yang mau coba shin ramyeon low budget coba indomie spicy korean yang dipegang minji. mantep sih minji mah.;1,86E+18;;;in;;0;1;0;https://x.com/undefined/status/1864271978913534073;8,73E+17;
1,86E+18;Wed Dec 04 04:36:23 +0000 2024;7526;Jangan ngaku yang engga-engga deh kalo gak bisa buktiin ​ Mending cobain Indomie x Pop Mie Korean Ramyeon Series yang enaknya udah terbukti https://t.co/op1Jvgws2F;1,86E+18;https://pbs.twimg.com/media/Gd7ZDPHa0AMYC_b.jpg;;in;;39;49;234;https://x.com/undefined/status/1864166838546124864;1500632004;
1,86E+18;Wed Dec 04 03:49:27 +0000 2024;0;ABIS BELI INDOMIE NEWJEANS (telat) ;1,86E+18;;;in;;0;3;0;https://x.com/undefined/status/1864155025276326214;1,53E+18;
1,86E+18;Tue Dec 03 15:57:28 +0000 2024;0;Efek NewJeans makan Indomie? *Jokes ya ini;1,86E+18;;;in;;0;0;0;https://x.com/undefined/status/1863975850343104574;80315336;
1,86E+18;Tue Dec 03 15:24:25 +0000 2024;0;@SNayla_JKT48 Malammm sama :( tapi ini lagi coba mie indomie x newjeans. Sudah coba nayraa?;1,86E+18;;SNayla_JKT48;in;;0;0;0;https://x.com/undefined/status/1863967531884765364;1,76E+18;
1,86E+18;Tue Dec 03 13:53:33 +0000 2024;0;@CaturArdii bukan semua itu indomie yg varian ramyeon korea baru coba jga sih ini;1,86E+18;;CaturArdii;in;;0;1;0;https://x.com/undefined/status/1863944664531038494;1,60E+18;
1,86E+18;Tue Dec 03 07:06:16 +0000 2024;0;Indomie ramyeon spicy + odeng jualan. mantulll https://t.co/d4pGquVKUL;1,86E+18;https://pbs.twimg.com/media/Gd2ykWOaUAA-v5C.jpg;;in;;0;0;0;https://x.com/undefined/status/1863842170245202128;1044327391;
1,86E+18;Tue Dec 03 04:19:59 +0000 2024;0;@KobunDazai Name &amp;;;;;;;;;;;
1,86E+18;Mon Dec 02 19:43:30 +0000 2024;0;gua baru menemukan fakta kalo yg bikin soto ayam bu karti ternyata jg bikin lagu indomie x newjeans anjir???;1,86E+18;;;in;;0;5;0;https://x.com/undefined/status/1863670346177720632;1,78E+18;
1,86E+18;Mon Dec 02 14:40:05 +0000 2024;0;Timeline these days ngejekin yonk yg ga doyan pedes ramyeon gak make sambel. Guys not being pick me (or maybe i am a pick me but idc) aku makan indomie juga ga make sambelnya....;1,86E+18;;;in;;0;0;0;https://x.com/undefined/status/1863593989393506794;136186031;
1,86E+18;Mon Dec 02 13:36:26 +0000 2024;0;Indomie Korean Ramyeon pedas ini beneran pedes anjay... Tidak cocok buat sobat gerd;1,86E+18;;;in;;0;1;0;https://x.com/undefined/status/1863577970759389640;1,79E+18;
1,86E+18;Mon Dec 02 12:31:46 +0000 2024;0;Ini indomie yg spicy ramyeon efek nya cepet bgt yh bjir langsung mencret;1,86E+18;;;in;;0;0;0;https://x.com/undefined/status/1863561697258336355;8,37E+17;
1,86E+18;Mon Dec 02 11:40:21 +0000 2024;0;indomie newjeans pedes bgt yak ini aku masukin bumbu cuman setengah aja udah lebih pedes dari shin ramyun??? tapi enak sih kl lagi pengen kayanya bakal beli lagi ;1,86E+18;;;in;;0;2;0;https://x.com/undefined/status/1863548757197127803;7,95E+17;
1,86E+18;Mon Dec 02 10:53:41 +0000 2024;0;@undiademe Hai Kak. Untuk odeng yang terdapat pada Indomie Korean Ramyeon Series varian K-Rose benar hanya ada satu ya. Jadi yang Kakak dapatkan sudah sesuai. ;1,86E+18;;undiademe;in;;0;1;0;https://x.com/undefined/status/1863537013322072512;284428760;
1,86E+18;Mon Dec 02 09:40:16 +0000 2024;0;Indomie spicy ramyeon enak bangeeetttt .. @Indomielovers #indomie #spicyramyeon;1,86E+18;;;in;;0;0;0;https://x.com/undefined/status/1863518539329802590;64352157;
1,86E+18;Mon Dec 02 08:38:29 +0000 2024;0;Nyobain indomie spicy ramyeon pake bon cabe + saos indofood Enak sekali https://t.co/ySnvk0QwFT;1,86E+18;https://pbs.twimg.com/media/Gdx-FsFbUAA9H5z.jpg;;in;;0;0;0;https://x.com/undefined/status/1863502987597111353;1,56E+18;
1,86E+18;Mon Dec 02 06:39:29 +0000 2024;2;sekarang kalo kangen NewJeans bawaannya pengen makan indomie sambil dengerin Ditto.;1,86E+18;;;in;;0;0;0;https://x.com/undefined/status/1863473042376319363;1,70E+18;
1,86E+18;Mon Dec 02 03:06:52 +0000 2024;0;dari 3 rasa indomie yang korean itu gue paling underestimate yang ramyeon kuah itu TAPI TURNS OUT ITU YANG PALING ENAK DIANTARA SEMUANYA EMG ANYINGG MALU SUDAH UNDERESTIMATE;1,86E+18;;;in;;0;0;0;https://x.com/undefined/status/1863419535023616378;1,21E+18;
1,86E+18;Mon Dec 02 01:44:56 +0000 2024;0;Kaka gue gatau indomie newjeans masa;1,86E+18;;;in;;0;0;0;https://x.com/undefined/status/1863398916705886226;1,55E+18;
1,86E+18;Sun Dec 01 16:33:45 +0000 2024;0;@seieldan indomie ramyeon yg ba nya nj warna biru enak;1,86E+18;;seieldan;in;;0;1;0;https://x.com/undefined/status/1863260206127628716;1,47E+18;
1,86E+18;Sun Dec 01 16:16:29 +0000 2024;0;Seharusnya tadi gue mampir beli Indomie tori kara sama ramyeon itu ;1,86E+18;;;in;;0;0;0;https://x.com/undefined/status/1863255859603943839;1,12E+18;
1,86E+18;Sun Dec 01 16:09:47 +0000 2024;0;tahukah kamu newjeans digandeng indomie wkwkwkwwk https://t.co/luAM76uLQK;1,86E+18;https://pbs.twimg.com/media/GdubxGpagAAcqjV.jpg;;in;;0;0;0;https://x.com/undefined/status/1863254175360139639;1,13E+18;
1,86E+18;Sun Dec 01 15:19:42 +0000 2024;0;@seieldan untk goreng indomie korean spicy chicken klu kuah indomie korean ramyeon pls ini enak bgt;1,86E+18;;seieldan;in;;0;1;0;https://x.com/undefined/status/1863241571996749861;1,26E+18;
1,86E+18;Sun Dec 01 15:16:05 +0000 2024;0;indomie yg newjeans enakk bgt;1,86E+18;;;in;;0;1;0;https://x.com/undefined/status/1863240658825482319;1,84E+18;
1,86E+18;Sun Dec 01 12:37:17 +0000 2024;0;Akhirnya indomie berhasil bikin mie kuah pedes semoga dua rasa korean ramyeon series lainnya tidak mengecewakan https://t.co/fmpvA2KoGx;1,86E+18;https://pbs.twimg.com/media/Gdtqv6-XQAAf86F.jpg;;in;;0;0;0;https://x.com/undefined/status/1863200697673756950;1,69E+18;
1,86E+18;Sun Dec 01 12:29:24 +0000 2024;0;info indomie ramyeon series;1,86E+18;;;in;;0;0;0;https://x.com/undefined/status/1863198713155625022;1,25E+18;
1,86E+18;Sun Dec 01 11:26:42 +0000 2024;0;@asahifiless Oh ini tuh indomie newjeans aku kemarin beli tapi gatau kalau ini indomie newjeans;1,86E+18;;heosahi;in;;0;1;0;https://x.com/undefined/status/1863182933605163455;1,40E+18;
1,86E+18;Sun Dec 01 08:38:14 +0000 2024;0;enak banget ni indomie newjeans;1,86E+18;;_audina_;in;;0;0;0;https://x.com/undefined/status/1863140538620502126;954851184;
1,86E+18;Sun Dec 01 06:12:58 +0000 2024;0;@wonpiricuties indomie x newjeans udh cobain blm jell;1,86E+18;;wonpiricuties;in;;0;1;0;https://x.com/undefined/status/1863103981054263783;275916613;
1,86E+18;Sun Dec 01 05:41:29 +0000 2024;0;tdi tuh di cfd bungkul ada mbk² indomie jualan indomie nya newjeans. tak keliling i bungkul tak kira bakal ada indomilk nya svt ternyata ora onok ;1,86E+18;;;in;;0;0;0;https://x.com/undefined/status/1863096058978644082;1,50E+18;
1,86E+18;Sun Dec 01 03:31:03 +0000 2024;0;@jouslutty Indomie spicy ramyeon!! Melihat ada varian baru jdi aku coba;1,86E+18;;jouberrymilk;in;;0;1;0;https://x.com/undefined/status/1863063231142727699;1,79E+18;
1,86E+18;Sat Nov 30 17:05:11 +0000 2024;0;Newjeans buyar.. Bubar? Padahal barusan iklanin indomie. Belum sempat coba pula. Nyari indomienya di indomaret atau alfamart ada gak yah?;1,86E+18;;;in;;0;0;0;https://x.com/undefined/status/1862905728450838587;63112751;
1,86E+18;Sat Nov 30 15:35:07 +0000 2024;0;Jam segini bm makan Indomie spicy ramyeon + hot chocolate + makroni banget buat rewatch to do~ https://t.co/g442S3MHFy;1,86E+18;https://pbs.twimg.com/media/GdpKQ0zaMAAQDNr.jpg;;in;;0;0;0;https://x.com/undefined/status/1862883061240864901;1,82E+18;
1,86E+18;Sat Nov 30 15:15:47 +0000 2024;1;indomie spicy ramyeon seenak itu plissss;1,86E+18;;;in;;0;0;0;https://x.com/undefined/status/1862878196498358703;1,30E+18;
1,86E+18;Sat Nov 30 15:11:26 +0000 2024;0;@aeleenergy Jadi baiknya tuh bumbunya dimasukin semua apa nggak? Jadi makin pengen deh... kemarin aku nyobainnya yang indomie ramyeon itu. Yang kuah enak deh lebih berasa bumbunya dibanding yang goreng. IYA KEPIKIRAN SCHOTEL JUGA tapi belum pernah bikin j;1,86E+18;;aeleenergy;in;;0;1;0;https://x.com/undefined/status/1862877101680198060;1,36E+18;
1,86E+18;Sat Nov 30 14:15:15 +0000 2024;0;pengen coba indomie x newjeans ;1,86E+18;;;in;;0;0;0;https://x.com/undefined/status/1862862962572288444;1,53E+18;
1,86E+18;Sat Nov 30 09:11:15 +0000 2024;0;@Indomielovers miminn serius indomie x new jeans yang varian spicy ramyeon enak bangettt huweee aku smpe terharu makan mi seenak itu produksi terus ya min jangan sampe punah aku beli terus deh love u;1,86E+18;;Indomielovers;in;;0;0;0;https://x.com/undefined/status/1862786458064670755;1,54E+18;
1,86E+18;Sat Nov 30 07:46:41 +0000 2024;16;nyobain indomie newjeans kak ros https://t.co/TKehbn277o;1,86E+18;https://pbs.twimg.com/media/GdnfC-QWAAA-U-D.jpg;;in;;0;5;0;https://x.com/undefined/status/1862765176455561602;1,72E+18;
1,86E+18;Fri Nov 29 22:46:01 +0000 2024;0;@peomansdream kenapa gak nanya langsung kocag gw baru baca. itu mie indomie new jeans yg spicy ramyeon;1,86E+18;;;in;;0;1;0;https://x.com/undefined/status/1862629112764150110;1,82E+18;
1,86E+18;Fri Nov 29 17:16:33 +0000 2024;1;gila ya pengaruh indomie ke newjeans. gue nangis nonton press conferencenya buset keren bgt lu pada neng;1,86E+18;;;in;;0;0;0;https://x.com/undefined/status/1862546203231363122;1,37E+18;
1,86E+18;Fri Nov 29 15:14:27 +0000 2024;1;NewJeans: udah paling bener gw jualan indomie ajalah;1,86E+18;;;in;;0;0;0;https://x.com/undefined/status/1862515473910571447;1,49E+18;
1,86E+18;Fri Nov 29 14:16:59 +0000 2024;0;indomie ramyeon plg enak yg biru;1,86E+18;;;in;;0;0;0;https://x.com/undefined/status/1862501013535826165;9,86E+17;
1,86E+18;Fri Nov 29 12:52:22 +0000 2024;0;indomie rose topokki rasanya freak bgt knpsih gak enak cm krn udh beli ajeeeeee support idol pengangguranku (newjeans);1,86E+18;;;in;;0;0;0;https://x.com/undefined/status/1862479716969848994;1,66E+18;
1,86E+18;Fri Nov 29 11:34:55 +0000 2024;1;@pppuleee newjeans bar dadi BA indomie jiwa2 idealisme mahasiswane langsung metu;1,86E+18;;pppuleee;in;;0;1;0;https://x.com/undefined/status/1862460227796574682;8,45E+17;
1,86E+18;Fri Nov 29 11:19:38 +0000 2024;0;tapi newjeans masih jadi BA indomie kan?;1,86E+18;;;in;;0;0;0;https://x.com/undefined/status/1862456381737246803;1,75E+18;
1,86E+18;Fri Nov 29 06:21:12 +0000 2024;0;indomie beruntung bgt bisa koleb ama newjeans kemaren wkkwkw;1,86E+18;;;in;;0;0;0;https://x.com/undefined/status/1862381277145702707;2487483455;
1,86E+18;Fri Nov 29 05:43:07 +0000 2024;0;Indomie newjeans yang kuah enak bangett pedasnya berasa kuahnya juga kental aku suka lahh;1,86E+18;;;in;;0;0;0;https://x.com/undefined/status/1862371692926087347;1,20E+18;
1,86E+18;Fri Nov 29 05:31:06 +0000 2024;0;indomie mie sedaap shin ramyeon;1,86E+18;;;in;;0;0;0;https://x.com/undefined/status/1862368669571186826;1,41E+18;
1,86E+18;Fri Nov 29 05:07:38 +0000 2024;0;@kangbramind Dia gak gumoh ya makan ramyeon segitu banyak dalam 1x seating 1 porsi ramyeon kan lebih gede dr indomie itu kalo makannya indomie goreng bisa jd 10bks dah.;1,86E+18;;kangbramind;in;;0;0;0;https://x.com/undefined/status/1862362763739426874;28994944;
1,86E+18;Fri Nov 29 03:52:22 +0000 2024;1;Ramyeon ala heeseung tp versi indomie soto https://t.co/ZsdWaBwj7p;1,86E+18;https://pbs.twimg.com/media/Gdhf1WKboAUY80-.jpg;;in;;0;5;0;https://x.com/undefined/status/1862343820656222455;1,76E+18;
1,86E+18;Fri Nov 29 03:12:23 +0000 2024;0;Eh padahal newjeans baru sama indomie ya.. kalo ga pake nama nj lg nnti berarti iklannya di take down atau gimana;1,86E+18;;;in;;0;0;0;https://x.com/undefined/status/1862333760903291203;1,83E+18;
1,86E+18;Thu Nov 28 13:02:24 +0000 2024;0;Aku akan dukung kamu dengan beli Indomie NewJeans!!!;1,86E+18;;;in;;0;0;0;https://x.com/undefined/status/1862119854909825489;7,39E+17;
1,86E+18;Thu Nov 28 12:54:05 +0000 2024;0;wes lek bisnis indomie ae. FREE NEWJEANS!;1,86E+18;;;in;;0;0;0;https://x.com/undefined/status/1862117759787885051;1,22E+18;
1,86E+18;Thu Nov 28 12:01:36 +0000 2024;0;@banchingu Indomie newjeans yg biru demi apapun asin poool;1,86E+18;;banchingu;in;;0;1;0;https://x.com/undefined/status/1862104554856493472;1,15E+18;
1,86E+18;Thu Nov 28 11:43:42 +0000 2024;0;Ini indomie masih bisa pake newjeans ga sih buat promosi iklannya bjir;1,86E+18;;;in;;0;1;0;https://x.com/undefined/status/1862100050144637210;241003491;
1,86E+18;Thu Nov 28 11:03:16 +0000 2024;3;nanti malem mau rewatch lagi sambil makan indomie SOOBIN AND HEESEUNG RAMYEON CLUB #MyFaveOfFavesHeeseung #최애의최애 #HEESEUNG #희승 @ENHYPEN @ENHYPEN_members https://t.co/V8xuj30SBD;1,86E+18;https://pbs.twimg.com/media/Gdd43tBWMAAZDkJ.jpg;;in;;0;0;1;https://x.com/undefined/status/1862089873353736397;1,43E+18;
1,86E+18;Thu Nov 28 10:01:34 +0000 2024;0;@FOODFESS2 indomie ramyeon yg baru itu yang bungkusnya warna biru enak banget gak ramah gerd sih tapi worth muntah muntah buat makan itu;1,86E+18;;FOODFESS2;in;;0;0;0;https://x.com/undefined/status/1862074347508338709;1,46E+18;
1,86E+18;Thu Nov 28 08:54:21 +0000 2024;0;sp udh coba indomie x newjeans;1,86E+18;;;in;;0;0;0;https://x.com/undefined/status/1862057431460979101;1,42E+18;
1,86E+18;Thu Nov 28 02:51:42 +0000 2024;0;@Adriftumn Indomie x NewJeans yang fiery chicken ituuu! Sudah kenyang semalam jadi mengantuk. ‍️;1,86E+18;;Adriftumn;in;;0;0;0;https://x.com/undefined/status/1861966167478571139;3254456648;
1,86E+18;Wed Nov 27 15:13:44 +0000 2024;0;Pengen indomie newjeans tapi mager beliiiiii;1,86E+18;;uyahz;in;;0;0;0;https://x.com/undefined/status/1861790516960170030;1,51E+18;
1,86E+18;Wed Nov 27 13:45:23 +0000 2024;0;indomie spicy ramyeon yang newjeans itu enak banget plzzz masuk top 3 indomie fav aku;1,86E+18;;;in;;0;0;0;https://x.com/undefined/status/1861768283516817568;1,77E+18;
1,86E+18;Wed Nov 27 11:41:41 +0000 2024;0;abis makan indomie bisa jd member newjeans ga;1,86E+18;;;in;;0;0;0;https://x.com/undefined/status/1861737154633933119;9,56E+17;
1,86E+18;Wed Nov 27 10:22:09 +0000 2024;2;INDOMIE × NEWJEANS Oh My Oh My Good! Siapa sih yang gak bisa hidup tanpa mie? Angkat tangannya! ️ Kita udah siapin spesial buat para pecinta Indomie biar makannya sambil bayangin ditemenin NewJeans. https://t.co/Ms7hz02IGv;1,86E+18;https://pbs.twimg.com/media/GdYl3nraEAAI7Im.jpg;greoasy;in;;6;1;1;https://x.com/undefined/status/1861717139239084484;3225560598;
1,86E+18;Wed Nov 27 10:13:31 +0000 2024;0;INDOMIE × NEWJEANS Oh My Oh My Good! Siapa sih yang gak bisa hidup tanpa mie? Angkat tangannya! ️ Kita udah siapin spesial buat para pecinta Indomie biar makannya sambil bayangin ditemenin NewJeans. https://t.co/iUDxjycG9M;1,86E+18;https://pbs.twimg.com/media/GdYj4gvaQAABAGk.jpg;sorevamp;in;;0;1;0;https://x.com/undefined/status/1861714966371618894;9,04E+17;
1,86E+18;Wed Nov 27 09:51:07 +0000 2024;0;@FOODFESS2 indomie goreng indomie soto shin ramyeon;1,86E+18;;FOODFESS2;in;;0;0;0;https://x.com/undefined/status/1861709329843511443;1,83E+18;
1,86E+18;Wed Nov 27 09:50:57 +0000 2024;1;gw bagi bagi indomie kl newjeans masuk @oddatelier;1,86E+18;;;in;;0;0;0;https://x.com/undefined/status/1861709285610467543;1,38E+18;
1,86E+18;Wed Nov 27 03:20:04 +0000 2024;0;for context abis nyoblos ke a* niatnya mau nyari indomie yg newjeans tp gaada adanya malah ini. kmrn cmn liat di tl ada yg share yg putih item (rasa cookies?) and bcs i dont vibe with those hari ini baru liat ada yg ijo2 rasa almond dan ternyata wenyaakk;1,86E+18;;sevendouble2s;in;;0;0;0;https://x.com/undefined/status/1861610918226075729;1,55E+18;
1,86E+18;Tue Nov 26 16:07:44 +0000 2024;0;nasi daun jeruk ayam tulang lunak sore mam indomie x newjeans yang merah :&gt;;;;;;;;;;;
1,86E+18;Tue Nov 26 15:13:32 +0000 2024;0;@madeforshin bukan indomie byyy itu shim ramyeon WKWKWKKWWK;1,86E+18;;madeforshin;in;;0;1;0;https://x.com/undefined/status/1861428080193216751;1,70E+18;
1,86E+18;Tue Nov 26 13:01:53 +0000 2024;0;mau makan Indomie newjeans oi;1,86E+18;;;in;;0;0;0;https://x.com/undefined/status/1861394947284553822;1,84E+18;
1,86E+18;Tue Nov 26 12:59:09 +0000 2024;0;mau makan Indomie newjeans malah kehalang by u error kocak;1,86E+18;;;in;;0;0;0;https://x.com/undefined/status/1861394259980755449;1,84E+18;
1,86E+18;Mon Nov 25 15:48:08 +0000 2024;0;@philoshophia7 yaudah kasih Indomie newjeans aja;1,86E+18;;philoshophia7;in;;0;1;0;https://x.com/undefined/status/1861074397546831965;1,61E+18;
1,86E+18;Mon Nov 25 14:28:22 +0000 2024;0;@hourlywintol @roscentsea Makanya gw diem aja biar dia godok dulu indomie newjeans dia itu;1,86E+18;;hourlywintol;in;;0;1;0;https://x.com/undefined/status/1861054323364675821;1,69E+18;
1,86E+18;Mon Nov 25 14:27:35 +0000 2024;2;first time nyoba indomie spicy ramyeon newjeans TIDAK EXPECT SUAPAN PERTAMA PEDES BANGET ;1,86E+18;;;in;;1;4;0;https://x.com/undefined/status/1861054126513344939;2644886024;
1,86E+18;Mon Nov 25 12:42:39 +0000 2024;0;indomie korean series yang biru tuh mirip shin ramyeon menurutku jadi kalau lagi pengen shin tapi versi murah mending beli indomie biru;1,86E+18;;;in;;0;0;0;https://x.com/undefined/status/1861027719947203059;1,40E+18;
1,86E+18;Mon Nov 25 12:25:36 +0000 2024;1;nyobain varian indomie baru yg spicy ramyeon ternyata enakkkk ihhh tp mayan pedesssnya kerasa bgt buat ak;1,86E+18;;;in;;0;0;0;https://x.com/undefined/status/1861023428662403392;1,21E+18;
1,86E+18;Mon Nov 25 12:22:23 +0000 2024;0;@SukaAnimehihihi indomie spicy ramyeon lumayan enak nihh cobain a;1,86E+18;;SukaAnimehihihi;in;;0;1;0;https://x.com/undefined/status/1861022619098837047;1,38E+18;
1,86E+18;Mon Nov 25 12:10:44 +0000 2024;0;@Kopiseduh_ salah ‍️ indomie spicy ramyeon;1,86E+18;;Kopiseduh_;in;;0;1;0;https://x.com/undefined/status/1861019689012351266;1,38E+18;
1,86E+18;Mon Nov 25 12:10:20 +0000 2024;0;@AriefJunjunan_ salahhh salah ini mah indomie spicy ramyeon;1,86E+18;;AriefJunjunan_;in;;0;1;0;https://x.com/undefined/status/1861019590018650598;1,38E+18;
1,86E+18;Mon Nov 25 11:45:32 +0000 2024;0;@songmfin indomie yg collab sm newjeans. https://t.co/hrxW6QpFne;1,86E+18;;songmfin;in;;0;1;0;https://x.com/undefined/status/1861013346482590179;1,20E+18;
1,86E+18;Mon Nov 25 11:36:16 +0000 2024;0;Indomie newjeans yg merah ga enak;1,86E+18;;;in;;0;0;0;https://x.com/undefined/status/1861011015498162513;1,35E+18;
1,86E+18;Mon Nov 25 11:01:06 +0000 2024;0;@aboutt1a Buat mie nya aku pake Indomie spicy ramyeon Bumbu tambahan kaldu jamur micin(sesuai selera) saus cabe kecap Bawang merah putih cabai Buat topping ayam goreng ebi goreng abon(bisa skip) tomat seledri timun jamur enoki wortel kol Keknya yg bikin e;1,86E+18;;aboutt1a;in;;0;1;0;https://x.com/undefined/status/1861002163436327217;1,10E+18;
1,86E+18;Mon Nov 25 07:58:30 +0000 2024;0;Cek Indomie Premium Collection Korean Ramyeon Series Fiery Chikin Flavour 94 gr dengan harga Rp6.000. Dapatkan di Shopee sekarang! https://t.co/XzK4ZS7q7h https://t.co/sxHJeWosfJ;1,86E+18;https://pbs.twimg.com/media/GdNxzjXa8AA0TMd.jpg;;in;;0;0;0;https://x.com/undefined/status/1860956211375731060;7,32E+17;
1,86E+18;Sun Nov 24 23:27:42 +0000 2024;0;btw mau review deh aku indomie ramyun yang collab bareng newjeans yang warna birunya itu hampir sama kaya shin ramyun enak bgt jir cuman bedanya shin ramyun lebih berasa ajhhh;1,86E+18;;;in;;1;5;0;https://x.com/undefined/status/1860827663017140699;1,51E+18;
1,86E+18;Sun Nov 24 16:11:03 +0000 2024;0;@yawazzn @All WKWKWKWKWK bener kan aku? aku pencinta indomie juga ramyeon jadi rasanya kayak ah sama aja deh perasaan ;1,86E+18;;yawazzn;in;;0;0;0;https://x.com/undefined/status/1860717779617550846;2501630978;
1,86E+18;Sun Nov 24 15:04:17 +0000 2024;3;Ketagihan indomie newjeans help minggu ini aja udah 3 kali makan;1,86E+18;;;in;;0;8;0;https://x.com/undefined/status/1860700976090607986;1,37E+18;
1,86E+18;Sun Nov 24 14:28:49 +0000 2024;0;@jonghowhiskers IH INI INDOMIE YG NEWJEANS KAN.?;1,86E+18;;jonghowhiskers;in;;0;1;0;https://x.com/undefined/status/1860692051802894386;1,44E+18;
1,86E+18;Sun Nov 24 13:01:36 +0000 2024;0;ngakak bgt td ada iklan indomie trs si mami blg dek itu blackpink de trs si papi blg newjeans bener bener si papi chronically online;1,86E+18;;;in;;0;0;0;https://x.com/undefined/status/1860670103324602853;1,44E+18;
1,86E+18;Sun Nov 24 12:38:17 +0000 2024;0;yg bilang indomie spicy ramyeon rasanya kayak migelas bener anjir wkwk bedanya cuma lebih pedes aja sama mienya lebih gede;1,86E+18;;;in;;0;0;0;https://x.com/undefined/status/1860664235317211471;1121631656;
1,86E+18;Sun Nov 24 11:25:14 +0000 2024;2;Sumpahh indomie varian ini enakk bgttttt spicy ramyeon https://t.co/kL98iNx9jE;1,86E+18;https://pbs.twimg.com/media/GdJXibZbEAAAtd_.jpg;;in;;1;0;0;https://x.com/undefined/status/1860645850499908079;1,73E+18;
1,86E+18;Sun Nov 24 11:23:07 +0000 2024;0;gais kalian harus tau kalau ada varian indomie enak bernama Spicy Ramyeon yg plastiknya warna biru itu enak banget apalagi ditambah telor + sosis/baso PLISSSSS COBAIN ⭐⭐⭐⭐;1,86E+18;;;in;;0;2;0;https://x.com/undefined/status/1860645318746071414;1,07E+18;
1,86E+18;Sun Nov 24 11:22:59 +0000 2024;0;@Indomielovers @NewJeans_ADOR min saya cari indomie rasa newjeans di indomart dan alfamart kok ga ketemu ya?;1,86E+18;;Indomielovers;in;;0;0;0;https://x.com/undefined/status/1860645283895603640;1,14E+18;
1,86E+18;Sun Nov 24 07:00:55 +0000 2024;0;@lilygorgerouss eh plis cobain indomie yg baru yg indomie premium ramyeon gitu kuah. dan pke telur aaaaaa enak bgtt;1,86E+18;;lilycanciiii;in;;0;1;0;https://x.com/undefined/status/1860579334337233095;1,55E+18;
1,86E+18;Sun Nov 24 05:44:34 +0000 2024;0;kondisiku setelah indomie x newjeans https://t.co/kedOoxqyhp;1,86E+18;https://pbs.twimg.com/ext_tw_video_thumb/1860560055768412160/pu/img/GrnzGntxiVUkosT-.jpg;;in;;0;0;0;https://x.com/undefined/status/1860560117001048334;185960191;
1,85E+18;Sun Nov 24 03:21:22 +0000 2024;0;@hhvriee @BeaconCream kayaknya sih dapet keychain nya yg dari newjeans indomie sama bungkusannya itu loh yg ada kantongnya (gatau jg). soalnya aku beli ga dapet.... tapi skrg ada photocard gitu cmn bukan selca;1,86E+18;;Wishprlie;in;;0;1;0;https://x.com/undefined/status/1860524082187632981;1,41E+18;
1,86E+18;Sun Nov 24 00:13:17 +0000 2024;0;@yunahrunext bjir mirip banget sama lagu indomie newjeans;1,86E+18;;yunahrunext;in;;0;0;0;https://x.com/undefined/status/1860476747088814340;1,83E+18;
1,86E+18;Sat Nov 23 22:02:38 +0000 2024;0;wkwk jujur mirip sm lagu indomie newjeans tapi agak dispeed up;1,86E+18;;;in;;0;0;0;https://x.com/undefined/status/1860443868212367831;548060849;
1,86E+18;Sat Nov 23 19:02:42 +0000 2024;0;Temukan 1 Dus isi 20 Pcs - Indomie Korean Spicy Ramyeon + Free Rainbow Bag seharga Rp121.520. Dapatkan sekarang juga di Shopee! https://t.co/BUC9g1Dkks;1,86E+18;;;in;;0;0;0;https://x.com/undefined/status/1860398588435877921;49940615;
1,86E+18;Sat Nov 23 16:45:21 +0000 2024;0;kocak bat dah illit udah perform dari 2 hari yang lalu tapi baru di hate sekarang gara² inst breakdance nya mirip kek indomie x newjeans. riil kesel bat.;1,86E+18;;;in;;0;0;0;https://x.com/undefined/status/1860364024141218232;1,39E+18;
1,86E+18;Sat Nov 23 16:07:20 +0000 2024;0;kenapa indomie yang korean ramyeon gak ada yang rose mulu sihh gua maunya coba yang ROSEEEEEEE;1,86E+18;;;in;;0;0;0;https://x.com/undefined/status/1860354454593372354;1,66E+18;
1,86E+18;Sat Nov 23 15:10:48 +0000 2024;0;Btw yang bikin backsound ini tuh dari pihak indomie apa Newjeans sih?;1,86E+18;;;in;;0;0;0;https://x.com/undefined/status/1860340227770057028;1,22E+18;
1,86E+18;Sat Nov 23 15:08:53 +0000 2024;0;gemes banget sih.... indomie tuh kayak punya anak perempuan. semua newjeans dirayakan ;1,86E+18;;;in;;0;0;0;https://x.com/undefined/status/1860339745966166489;1,44E+18;
1,86E+18;Sat Nov 23 15:03:57 +0000 2024;0;@_riiverre @prodjhn @vampireholyy @yunahrunext Ini musiknya Illit duluan trs indomie newjeans baru bulan ini. Yg buat musiknya sengaja keknya (emot batu);1,86E+18;;Ianrissee;in;;0;1;0;https://x.com/undefined/status/1860338504166953306;1,78E+18;
1,86E+18;Sat Nov 23 14:16:52 +0000 2024;0;Setidaknya saat klip ini lewat kita akan teringat dengan collab Indomie x newjeans... Chukkae Indomie iklan mu memang membekas... Penggunaan kata Kita ditujukan buat yang qrt and komen teringat iklan Indomie ya~~~ yang gak teringat gak masuk kategori Kita ;1,86E+18;;;in;;0;0;0;https://x.com/undefined/status/1860326653660135691;1,45E+18;
1,86E+18;Sat Nov 23 13:44:06 +0000 2024;0;Perdana mencoba Indomie x Newjeans.... Tapi K-rose tidak ada https://t.co/q8o8wy7hvW;1,86E+18;https://pbs.twimg.com/media/GdEtuZHaYAECQmV.jpg;;in;;0;0;0;https://x.com/undefined/status/1860318409877258735;1,62E+18;
1,86E+18;Sat Nov 23 12:14:17 +0000 2024;1;illit lu bener2 ya lagu iklan indomie newjeans aja lu copy;1,86E+18;;;in;;0;1;0;https://x.com/undefined/status/1860295804520661200;3690997939;
1,86E+18;Sat Nov 23 11:37:27 +0000 2024;0;newjeans x indomie pun lagunya ditiru alamaaakkk;1,86E+18;;;in;;0;0;0;https://x.com/undefined/status/1860286535364673798;1,51E+18;
1,86E+18;Sat Nov 23 11:21:57 +0000 2024;2324;Oke banyak bgt yang mention gw katanya mirip beat iklan Indomie x NewJeans yg gw buat. Menurut gw cuma mirip dikit di satu dua notasi aja kok. Dan yg gw buat juga pretty common note progression kok. Technically ini ngga plagiat kok. Gw harap ga usah ribut-ribut yaaa.;1,86E+18;;;in;;206;78;367;https://x.com/undefined/status/1860282637212090766;95369720;
1,86E+18;Sat Nov 23 10:51:48 +0000 2024;0;malming nobar what door sambil makan indomie spicy ramyeon dikala hujan sleman udah mandi udah sholat beuh nikmat mana yg kau dustakan;1,86E+18;;;in;;0;0;0;https://x.com/undefined/status/1860275048202010817;1,65E+18;
1,86E+18;Sat Nov 23 10:20:58 +0000 2024;15;makan ini dapat minji ga kira2?? Saturday 23rd of November 2024 18.00 WIB https://t.co/9jhwe28NGN #arpinahelios #vtuber #vtuberid #newjeans #newjeansxindomie #indomie https://t.co/o7jqVyM9DI;1,86E+18;https://pbs.twimg.com/media/GdD_OZoagAMGyxH.jpg;;in;;0;2;3;https://x.com/undefined/status/1860267289851101407;1,54E+18;
1,86E+18;Sat Nov 23 09:36:36 +0000 2024;4317;Mirip song nya NewJeans × Indomie ;1,86E+18;;;in;;59;56;330;https://x.com/undefined/status/1860256125381411319;2833491746;
1,86E+18;Sat Nov 23 08:49:15 +0000 2024;0;Indomie newjeans yg warna biru enaaakkk;1,86E+18;;;in;;0;0;0;https://x.com/undefined/status/1860244207744745667;1,63E+18;
1,86E+18;Sat Nov 23 07:32:32 +0000 2024;0;@Indomielovers @NewJeans_ADOR kalau newjeans redebut apa tetap jadi BA Indomie kak?;1,86E+18;;Indomielovers;in;;0;0;0;https://x.com/undefined/status/1860224902248436133;8,91E+17;
1,86E+18;Sat Nov 23 07:31:08 +0000 2024;0;Indomie x newjeans MOG. Cuma sampai minggu aja. 15ribu dapet mie toping oden dan telor serta condiment dan air mineral. Tas isi 5 mie 30rb. Beli 2 paket bisa free main claw machine kemaren dapet kipas haha. https://t.co/NilH9YB6fN;1,86E+18;https://pbs.twimg.com/media/GdDYU8JaEAAkJ8D.jpg;;in;;0;1;0;https://x.com/undefined/status/1860224549868175526;1,03E+18;
1,86E+18;Sat Nov 23 07:05:07 +0000 2024;0;ADA EVENT INDOMIE NEWJEANS DI MOG KOK AKU GK TAUUUUUU;1,86E+18;;;in;;0;0;0;https://x.com/undefined/status/1860218002962251939;1,45E+18;
1,86E+18;Sat Nov 23 07:02:21 +0000 2024;0;Yang korean menu collab sama newjeans atau premium udah 6rb-an btw Masih make sense lah harganya daripada samyang sebetulnya ya bun wkwk tapi asli.. indomie mie sedap dll udah nyentuh harga 3rb di supermarket tu kek hah? ;1,86E+18;;;in;;0;0;0;https://x.com/undefined/status/1860217305961246950;1,03E+18;
1,86E+18;Sat Nov 23 01:26:05 +0000 2024;0;indomie ni totalitas banget jir dukung new jeans kata gue indofood lo bikin agensi/label aja buat newjeans di indonesia;1,86E+18;;;in;;0;0;0;https://x.com/undefined/status/1860132682665202115;1,09E+18;
1,86E+18;Fri Nov 22 16:44:12 +0000 2024;0;@Indomielovers @NewJeans_ADOR Makasih indomie ;1,86E+18;;Indomielovers;in;;0;0;0;https://x.com/undefined/status/1860001344586977725;1,55E+18;
1,86E+18;Fri Nov 22 16:32:31 +0000 2024;3;@Indomielovers thankyou ya sudah full support newjeans ntar aku borong indomie https://t.co/9wHEa93BaD;1,86E+18;https://pbs.twimg.com/media/GdAKrgzaUAAuoR3.jpg;Indomielovers;in;;0;0;0;https://x.com/undefined/status/1859998403343851990;1,78E+18;
1,86E+18;Fri Nov 22 16:28:38 +0000 2024;59;@Indomielovers @NewJeans_ADOR Emang bener nih sayang bngt Indomie Ama Newjeanskuhh bisa kali bawa ke indo️;1,86E+18;;Indomielovers;in;;0;1;0;https://x.com/undefined/status/1859997428667306482;1,37E+18;
1,86E+18;Fri Nov 22 15:26:38 +0000 2024;0;mau nitip newjeans x indomie yang tas warna biru. et mentang2 persib warnanya biru semua anjir ;1,86E+18;;;in;;0;0;0;https://x.com/undefined/status/1859981824216494282;1,30E+18;
1,86E+18;Fri Nov 22 15:12:16 +0000 2024;0;merayakan kemenangan newjeans di fan choice dengan dateng ke event indomie di mog malang https://t.co/UyagMN8iV5;1,86E+18;https://pbs.twimg.com/media/Gc_4PmZaEAAjiUY.jpg;;in;;0;0;0;https://x.com/undefined/status/1859978208608989309;1,55E+18;
1,86E+18;Fri Nov 22 14:46:28 +0000 2024;0;indomie spicy ramyeon yAng baru sedep bgt anjir 9/10 -1 karena gak kurang pedes. kaya neoguri udon versi lebih murah dikit.;1,86E+18;;;in;;0;1;0;https://x.com/undefined/status/1859971716325482885;1,38E+18;
1,86E+18;Fri Nov 22 14:35:52 +0000 2024;0;@intaanwp indomie rasa ramyeon ala korea enakkk!!;1,86E+18;;intaanwp;in;;0;1;0;https://x.com/undefined/status/1859969048756490530;1,12E+18;
1,86E+18;Fri Nov 22 14:13:36 +0000 2024;0;@ztullips IH IYAA MALU BANGET MAAFF YAAA WKWKWK indomie ramyeon yaaa yaampun aku baru taauu enakaahh? aku jadi mauu cobaaa;1,86E+18;;ztullips;in;;0;1;0;https://x.com/undefined/status/1859963443908145387;1,86E+18;
1,86E+18;Fri Nov 22 13:27:32 +0000 2024;0;@withseungcheols setujuuuu kak pas banget momennya abis makan indomie ini. ramyeon meokgo gallae https://t.co/7rzCheba7W;1,86E+18;;withseungcheols;in;;0;1;0;https://x.com/undefined/status/1859951853519442225;1,50E+18;
1,86E+18;Fri Nov 22 12:22:17 +0000 2024;1;indomie spicy ramyeon rasanya kayak shin ramyun lite version;1,86E+18;;;in;;0;0;0;https://x.com/undefined/status/1859935432383123867;1,28E+18;
1,86E+18;Fri Nov 22 11:45:25 +0000 2024;0;anjir kirain indomie spicy ramyeon gabakal sepedes itu ternyata pedes bgt jirr smpe nangis gua;1,86E+18;;;in;;0;1;0;https://x.com/undefined/status/1859926153957691514;1,16E+18;
1,86E+18;Fri Nov 22 09:47:25 +0000 2024;0;@burvbery ydh ubi rebus smpe indomie newjeans;1,86E+18;;burvbery;in;;0;1;0;https://x.com/undefined/status/1859896459803701674;1,42E+18;
1,86E+18;Thu Nov 21 22:31:04 +0000 2024;0;@Nisacakkk @2H01lz Indomie spicy ramyeon judulnya;1,86E+18;;Nisacakkk;in;;0;1;0;https://x.com/undefined/status/1859726248861368355;232499484;
1,86E+18;Thu Nov 21 20:12:15 +0000 2024;0;indomie goreng samyang carbonara shin ramyeon itu aja sih kalo aku;1,86E+18;;;in;;0;0;0;https://x.com/undefined/status/1859691315665174961;1,10E+18;
1,86E+18;Thu Nov 21 19:33:33 +0000 2024;0;Indomie spicy ramyeon sedap baso sedap kari sedap goreng ghost pepper goreng;1,86E+18;;;in;;0;0;0;https://x.com/undefined/status/1859681577443406075;8,69E+17;
1,86E+18;Thu Nov 21 13:29:06 +0000 2024;0;Gilak indomie yg spicy ramyeon pedes bgt lama bgt w ngabisin seporsi;1,86E+18;;;in;;0;0;0;https://x.com/undefined/status/1859589857770873009;9,58E+17;
1,86E+18;Thu Nov 21 12:35:31 +0000 2024;0;@baakakura ohh mirip2 sih shin ramyun sama neoguri. aku akan buat besok! dibanding dua merk itu punya indomie harganya lebih murah ya jadi enak kalo lagi bm ramyeon.;1,86E+18;;baakakura;in;;0;1;0;https://x.com/undefined/status/1859576374937387416;1,65E+18;
1,86E+18;Thu Nov 21 12:18:38 +0000 2024;0;Sehat² lambung ku. Nyobain indomie yg di iklan newjeans yg warna biru. ga pedas anjir. Ini ku tambahin saos. Soalnya cabe rawit ga ada di rumah https://t.co/3ILaGVziX6;1,86E+18;https://pbs.twimg.com/media/Gc6G_nuaAAQUh4i.jpg;;in;;0;3;0;https://x.com/undefined/status/1859572126522782150;1,43E+18;
1,86E+18;Thu Nov 21 11:49:32 +0000 2024;0;@your_m00nlight Sepertinya yg dia tanya keranjang kuningnya dimana alias nanya beli dimana indomie goreng ramyeon;1,86E+18;;heembuls;in;;0;1;0;https://x.com/undefined/status/1859564804060610806;1,28E+18;
1,86E+18;Thu Nov 21 10:57:25 +0000 2024;0;@Heecenterace Bener-bener ga expect ternyata cintanya lebih gede buat ramyeon AHAHAHA kirimin Indomie aja sono dhie buat hadiah;1,86E+18;;Heecenterace;in;;0;1;0;https://x.com/undefined/status/1859551686186107364;1,30E+18;
1,86E+18;Thu Nov 21 09:32:05 +0000 2024;1;@nooy250895 1. indomie goreng 2. indomie spicy ramyeon 3. indomie soto banjar limau kulit;1,86E+18;;suho_2ami;in;;0;0;0;https://x.com/undefined/status/1859530212117185008;2662427761;
1,86E+18;Thu Nov 21 08:33:08 +0000 2024;0;@Nisacakkk indomie premium collection spicy ramyeon bungkusnya biru;1,86E+18;;Nisacakkk;in;;0;1;0;https://x.com/undefined/status/1859515378017227101;1,57E+18;
1,86E+18;Thu Nov 21 04:41:59 +0000 2024;0;@gnujn220496 1. indomie goreng 2. indomie spicy ramyeon 3. mie sedap kari spesial;1,86E+18;;njung2rvr;in;;1;0;0;https://x.com/undefined/status/1859457207592681549;2662427761;
1,86E+18;Wed Nov 20 18:25:37 +0000 2024;0;pangsit gacoan udang keju gacoan indomie newjeans;1,86E+18;;;in;;0;0;0;https://x.com/undefined/status/1859302091669532824;1,41E+18;
1,86E+18;Wed Nov 20 13:58:08 +0000 2024;0;@jetaimezoe_ Ya kannn kyk goib bgt Malah duluan indomie x newjeans yg muncul di indo alfa ;1,86E+18;;jtaimezoe;in;;0;0;0;https://x.com/undefined/status/1859234778089963641;1,16E+18;
1,86E+18;Wed Nov 20 12:24:31 +0000 2024;0;@yawazzn @All nggak salah lagi kalo kataku ramyeon mirip sama indomie. bisa dimakan kapanpun dan bersama apapun. ;1,86E+18;;yawazzn;in;;0;1;0;https://x.com/undefined/status/1859211216029118518;2501630978;
1,86E+18;Wed Nov 20 12:18:39 +0000 2024;0;indomie newjeans g dpt photocard kah;1,86E+18;;;in;;0;0;0;https://x.com/undefined/status/1859209741299523708;1,13E+18;
1,86E+18;Wed Nov 20 12:00:28 +0000 2024;0;Bantu aku memilih dong guys Mending Indomie tori kara atau Indomie spicy ramyeon? Bingung soalnya belum pernah cobain keduanya https://t.co/FJQQKi8tnt;1,86E+18;https://pbs.twimg.com/media/Gc0448ubUAAVers.jpg;;in;;1;3;0;https://x.com/undefined/status/1859205163950756104;1,74E+18;
1,86E+18;Wed Nov 20 11:46:13 +0000 2024;0;Selain Tori Miso Indomie kuah Spicy Ramyeon ini juga enak loh. Pas banget sama cuaca yg dingin. Pedesnya juga nampol cocok banget buat yg lagi pilek https://t.co/sMmtK31KZs;1,86E+18;https://pbs.twimg.com/media/Gc01-mna4AAILtW.jpg;;in;;0;3;0;https://x.com/undefined/status/1859201580891074770;203461546;
1,86E+18;Wed Nov 20 07:37:22 +0000 2024;0;woy indomie newjeans ga enak emang paling bener 1. indomie original 2. indomie rendang 3. indomie soto;1,86E+18;;;in;;0;0;0;https://x.com/undefined/status/1859138954609783008;1,69E+18;
1,86E+18;Wed Nov 20 03:35:38 +0000 2024;1;cobain indomie @Indomielovers newjeans yang katanya premium ith dengan sebiji odeng https://t.co/gOWlWiTMLk;1,86E+18;https://pbs.twimg.com/media/GczFskEaIAAHYuM.jpg;;in;;0;1;0;https://x.com/undefined/status/1859078118423884109;1,41E+18;
1,86E+18;Wed Nov 20 01:53:59 +0000 2024;0;Akhirnya liat newjeans indomie di krl https://t.co/hayMovzteZ;1,86E+18;https://pbs.twimg.com/media/GcyubU9a0AAEtHu.jpg;;in;;0;0;0;https://x.com/undefined/status/1859052538252980587;1,45E+18;
1,86E+18;Tue Nov 19 23:58:07 +0000 2024;0;indomie spicy ramyeon nya nj enak juga meskipun di aku kepedesan ;1,86E+18;;;in;;0;0;0;https://x.com/undefined/status/1859023382190375395;1,72E+18;
1,86E+18;Tue Nov 19 16:19:36 +0000 2024;0;wtt guyss have : indomie ramyeon want : heeseung kalo ada yg serius bisa dm ya️;1,86E+18;;;in;;0;3;0;https://x.com/undefined/status/1858907990587564541;1,73E+18;
1,86E+18;Mon Nov 18 05:49:56 +0000 2024;0;indomie spicy ramyeon bener2 enak parah;1,86E+18;;;in;;0;5;0;https://x.com/undefined/status/1858387142444974368;1,57E+18;
1,86E+18;Mon Nov 18 03:41:18 +0000 2024;11;Mencuba Indomie edisi New Jeans. Bini seneng bgt varian Spicy Ramyeon tp yg Popmie. Karena ga nemu2 jd beli yg ini tp sekalian nyoba rasa2 yg lain. Haha [UTAS] https://t.co/wh0gOD34c1;1,86E+18;https://pbs.twimg.com/media/GcozzykbcAAG47f.jpg;;in;;0;2;1;https://x.com/undefined/status/1858354769968198125;183124089;
1,86E+18;Mon Nov 18 03:32:15 +0000 2024;0;[!!!] Nyanya mau indomie newjeans.;1,86E+18;;;in;;0;0;0;https://x.com/undefined/status/1858352492679135402;8,89E+17;
1,86E+18;Mon Nov 18 00:38:14 +0000 2024;0;@what_isnormal_ @borabuchanesu @uyyuii_ Berita diredam Tokkis ya? Soal tokki sampai telpon LV/Dior kenapa kok idol mereka ditarik dari deal? Dijawab lho karena buat luxury brand Newjeans's itu Extended Ver. of 5050. Lagian kalau masih jadi luxury BA meman;1,86E+18;;haerinjamet;in;;0;0;0;https://x.com/undefined/status/1858308699204530545;1,47E+18;
1,86E+18;Sun Nov 17 14:48:29 +0000 2024;0;habis makan indomie x newjeans enak by. aku suka yang spicy ramyeon ;1,86E+18;;;in;;0;1;0;https://x.com/undefined/status/1858160286878122118;1,75E+18;
1,86E+18;Sun Nov 17 12:38:22 +0000 2024;1;Indomie spicy ramyeon enakk jg mana mie nya lembuttt https://t.co/4YFwMyyw95;1,86E+18;https://pbs.twimg.com/media/GcllI5FbUAAxuJk.jpg;;in;;0;3;0;https://x.com/undefined/status/1858127540860411968;1,18E+18;
1,86E+18;Sun Nov 17 12:19:54 +0000 2024;0;Indomie yang rose newjeans lumayan enak;1,86E+18;;;in;;0;0;0;https://x.com/undefined/status/1858122892267135307;2173878643;
1,86E+18;Sun Nov 17 11:17:51 +0000 2024;0;@umvureon aku mau beli cimol bojot indomie baru yang ba-nya newjeans???;1,86E+18;;;in;;0;0;0;https://x.com/undefined/status/1858107278857298362;1,68E+18;
1,86E+18;Sun Nov 17 10:00:21 +0000 2024;0;Wah hari minggu ini antara w cheating day atau stres sih. Tudei menu nya lucky sundae stroberi indomie ramyeon [yg newj3ans] teh tarik penang es teler. Buseng. Hari2 biasa makannya sayur sop sayur manisah bayam sawi daun singkong capcay ayam tempe tahu telor ;1,86E+18;;;in;;0;0;0;https://x.com/undefined/status/1858087775255326885;1,65E+18;
1,86E+18;Sun Nov 17 07:11:15 +0000 2024;0;slurppp enak juga indomie spicy ramyeon yang ini 9 1/10 https://t.co/axaiqiPy0x;1,86E+18;https://pbs.twimg.com/media/GckaPlDasAAPVKX.jpg;;in;;0;0;0;https://x.com/undefined/status/1858045218286874919;1,22E+18;
1,86E+18;Sun Nov 17 06:15:10 +0000 2024;1; mending jajan sebalak/ nyobain indomie korean spicy ramyeon ( saraninn rasa yang enak );1,86E+18;;;in;;0;28;0;https://x.com/undefined/status/1858031105665839272;1,33E+18;
1,86E+18;Sun Nov 17 04:24:13 +0000 2024;0;@Indomielovers @NewJeans_ADOR Tolong dong indomie yg varian K-Rose di stock lagi di indomart/alfamart saya udh cari dimana2 gak tersedia lg;1,86E+18;;Indomielovers;in;;0;0;0;https://x.com/undefined/status/1858003182892494962;239731541;
1,86E+18;Sun Nov 17 03:39:37 +0000 2024;4;@newjeans_loop Kerja indomie lebih bagus dri hybe anj;1,86E+18;;newjeans_loop;in;;0;0;0;https://x.com/undefined/status/1857991958347551006;1,16E+18;
1,86E+18;Sun Nov 17 03:32:30 +0000 2024;0;@Indomielovers @NewJeans_ADOR omgg indomie supporting NJ tysm️ lgsg borong mie ny nih NEWJEANS NEVER DIE #NEWJEANS #NewJeans10thDaesang;1,86E+18;;Indomielovers;in;;0;0;0;https://x.com/undefined/status/1857990168554385472;1,66E+18;
1,86E+18;Sun Nov 17 03:15:49 +0000 2024;0;@Indomielovers @NewJeans_ADOR Masa di indomaret deket rumah gue belum ada yang bener aja di jkt pun gak rata lu naro indomie;1,86E+18;;Indomielovers;in;;0;0;0;https://x.com/undefined/status/1857985971289235666;7,67E+17;
1,86E+18;Sun Nov 17 02:27:11 +0000 2024;0;Lebih sayang indomie ke newjeans drpd labelnya sendiri bjir;1,86E+18;;;in;;0;0;0;https://x.com/undefined/status/1857973730691133733;1584738721;
1,86E+18;Sun Nov 17 02:14:02 +0000 2024;0;@Indomielovers @NewJeans_ADOR Love ya Indomie;1,86E+18;;Indomielovers;en;;0;0;0;https://x.com/undefined/status/1857970420286394481;242803443;
1,86E+18;Sun Nov 17 01:18:53 +0000 2024;1;indomie aja ngucapin selamat. semua newjeans dirayakan;1,86E+18;;;in;;0;0;0;https://x.com/undefined/status/1857956544169775212;1,48E+18;
1,86E+18;Sun Nov 17 00:37:47 +0000 2024;1;Indomie x newjeans. Mayan dpt tas pvc tp tinggal sisa warna oren:( masa 30k doang segini. Di sopi w liat 30k mienya doang 3 biji https://t.co/TtXntlBjXG;1,86E+18;https://pbs.twimg.com/media/GcjAN4zbAAA9EqP.jpg;;in;;0;1;0;https://x.com/undefined/status/1857946200944828801;1,30E+18;
1,86E+18;Sat Nov 16 23:59:02 +0000 2024;0;@Indomielovers @NewJeans_ADOR Wih sampe indomie ngucapin BAnya;1,86E+18;;Indomielovers;in;;0;0;0;https://x.com/undefined/status/1857936447149584474;1,43E+18;
1,86E+18;Sat Nov 16 22:41:15 +0000 2024;0;@Indomielovers @NewJeans_ADOR Min aku masi berharap fanmeet NJ as GB Indomie lohh;1,86E+18;;Indomielovers;in;;0;0;0;https://x.com/undefined/status/1857916871926063172;1,28E+18;
1,86E+18;Sat Nov 16 18:43:36 +0000 2024;0;Indomie Spicy Ramyeon 6/10 -B aja -Pedesnya agak nyenggrak https://t.co/psR3rKeTDy;1,86E+18;https://pbs.twimg.com/media/GchvJ5AaEAAhwdU.jpg;;in;;0;0;0;https://x.com/undefined/status/1857857067421405527;1,62E+18;
1,86E+18;Sat Nov 16 18:01:16 +0000 2024;1;@Indomielovers @NewJeans_ADOR RESPECT MIN.. saatnya mkan indomie stiap hari untuk dpetin Haerin https://t.co/o2wT6n0thp;1,86E+18;https://pbs.twimg.com/tweet_video_thumb/GchldOjaMAIsIus.jpg;Indomielovers;in;;0;0;0;https://x.com/undefined/status/1857846413956362703;2221162662;
1,86E+18;Sat Nov 16 17:51:54 +0000 2024;7;@Indomielovers @NewJeans_ADOR INDOMIE SELERAKU~~~ https://t.co/TveLSMPyHb;1,86E+18;https://pbs.twimg.com/tweet_video_thumb/GchjUgKbwAAvJRq.jpg;Indomielovers;in;;0;0;0;https://x.com/undefined/status/1857844056753320359;1,60E+18;
1,86E+18;Sat Nov 16 17:50:57 +0000 2024;2;Ekhem Indomie bisa kali bawa newjeans ke indo;1,86E+18;;;in;;0;0;0;https://x.com/undefined/status/1857843816444895348;1,37E+18;
1,86E+18;Sat Nov 16 17:50:26 +0000 2024;10;@Indomielovers @NewJeans_ADOR AWWWW thank u Indomie MANG GA SALAH JADI MIE FAVORITKU;1,86E+18;;Indomielovers;in;;0;0;0;https://x.com/undefined/status/1857843687935586539;1,37E+18;
1,86E+18;Sat Nov 16 17:42:50 +0000 2024;0;@briskhues @rivereigns @nonlejons @cerishekiss @miseamores @moonstoke Gak ada indomie newjeans adanya indomie fromis;1,86E+18;;briskhues;in;;0;0;0;https://x.com/undefined/status/1857841771700695424;864588768;
1,86E+18;Sat Nov 16 17:38:40 +0000 2024;1;@Indomielovers @NewJeans_ADOR MENYALA BANGET GA INDOMIE KITA INI;1,86E+18;;Indomielovers;in;;0;0;0;https://x.com/undefined/status/1857840722889810249;1,64E+18;
1,86E+18;Sat Nov 16 17:38:31 +0000 2024;1;@Indomielovers @NewJeans_ADOR Thank you Indomie seleraku;1,86E+18;;Indomielovers;in;;0;0;0;https://x.com/undefined/status/1857840687322157201;9,05E+17;
1,86E+18;Sat Nov 16 17:37:05 +0000 2024;0;@Indomielovers @NewJeans_ADOR YEYYYYY MAKASIII APREASIASI POSTNYA INDOMIE;1,86E+18;;Indomielovers;in;;0;0;0;https://x.com/undefined/status/1857840324741398569;1,43E+18;
1,86E+18;Sat Nov 16 14:09:39 +0000 2024;0;abis makan indomie newjeans yang biru rasanya kayak ramyeon umumnya kayak gekikara shin ramyeon ansungtangmyun ya rasa-rasa pedes jamur gitu lah setipe rasanya;1,86E+18;;;in;;0;0;0;https://x.com/undefined/status/1857788125357265382;2263890763;
1,86E+18;Sat Nov 16 12:44:56 +0000 2024;0;indomie spicy ramyeon BENERAN SPICY WOYYY MANTAP GILAAA;1,86E+18;;;in;;0;1;0;https://x.com/undefined/status/1857766805768401072;9,33E+17;
1,86E+18;Sat Nov 16 12:42:10 +0000 2024;0;ayo kita coba indomie newjeans yg ini https://t.co/ZlFL4WpsZs;1,86E+18;https://pbs.twimg.com/media/GcgcbYfaEAAzQaT.jpg;;in;;1;6;0;https://x.com/undefined/status/1857766107907780794;51617330;
1,86E+18;Sat Nov 16 11:33:15 +0000 2024;0;akhirnya ketemu indomie newjeans newjeans itu https://t.co/kGB6n4FKCA;1,86E+18;https://pbs.twimg.com/media/GcgMpgGb0AA34TP.jpg;;in;;0;0;0;https://x.com/undefined/status/1857748766566264945;1,55E+18;
1,86E+18;Sat Nov 16 10:58:33 +0000 2024;1;Indomie korean ramyeon enak mirip shin ramyun tapi kepedesan menurut aku;1,86E+18;;;in;;0;3;0;https://x.com/undefined/status/1857740032729292932;9,83E+17;
1,86E+18;Sat Nov 16 07:23:38 +0000 2024;1;mw cuba indomie newjeans yg pink nya gada bjir:( https://t.co/R2bRFYL4F2;1,86E+18;https://pbs.twimg.com/media/GcfTfktaMAQOppx.jpg;;in;;0;0;0;https://x.com/undefined/status/1857685946969501735;1,67E+18;
1,86E+18;Sat Nov 16 06:39:14 +0000 2024;0;semua series indomie korea yg baru ya ada yg enak.. mff newjeans;1,86E+18;;;in;;0;0;0;https://x.com/undefined/status/1857674775017173203;936394520;
1,86E+18;Sat Nov 16 06:29:07 +0000 2024;0;Kek paling terbaru aja yg indomie kmrn2 ngeluarin versi ramen emg ada org jepang aslinya? Laku2 aja ko. skrg ngeluarin ramyeon gaet nj segala ngapain pertanyaan saya mah eta ni brand dah terkenal ;1,86E+18;;jvmjoice;in;;0;0;0;https://x.com/undefined/status/1857672226713251884;1,67E+18;
1,86E+18;Sat Nov 16 02:00:26 +0000 2024;0;@hafnni Udah sarapan dong tapi ga pakai indomie newjeans. Kamu udah belum?;1,86E+18;;hhannipam;in;;0;1;0;https://x.com/undefined/status/1857604611147719022;7,66E+17;
1,86E+18;Sat Nov 16 00:59:22 +0000 2024;27;Indomie Ramyeon ini enak banget https://t.co/ZMwe6pwj99;1,86E+18;https://pbs.twimg.com/media/Gcd7kevbEAA9jgX.jpg;;in;;1;8;0;https://x.com/undefined/status/1857589240995131699;108168017;
1,86E+18;Fri Nov 15 20:18:46 +0000 2024;0;harusnya w beli indomie newjeans sedus kali ya;1,86E+18;;;in;;0;0;0;https://x.com/undefined/status/1857518628272496910;1,40E+18;
1,86E+18;Fri Nov 15 18:45:23 +0000 2024;13;@convomf the infamous indomie INDOmie brand nasionalis itu aja collab sama newjeans. knp seri jepang kmrn gak collab sama idol jepang juga sekalian wkwk bukannya drpd kobo sama ollie. menjual fandom itu namanya. padahal dah bagus brandingnya mie daerah yg;1,86E+18;;convomf;in;;0;0;0;https://x.com/undefined/status/1857495125418717546;1,27E+18;
1,86E+18;Fri Nov 15 18:32:19 +0000 2024;1;Akhirnya dapet juga tas Indomie x Newjeans gratis pula. Cuma beli mie 20 pcs pake voucher 50k jadi cuma bayar 48k. Tapi dikasih warna oren gonjreng. Btw k-rosé &amp;;;;;;;;;;;
1,86E+18;Fri Nov 15 16:13:01 +0000 2024;0;plis indomie tori kara sama spicy ramyeon jangan pernah ilang soalnya enak banget;1,86E+18;;;in;;0;0;0;https://x.com/undefined/status/1857456784598053097;311232117;
1,86E+18;Fri Nov 15 16:03:24 +0000 2024;0;terpantau produk indonesia belum ada yang mendapuk dia jadi BA produk apa kira-kira ya? Indomie sekarang ada NewJeans Roma sama Azarine ada Lee Minho Mie Sedap ada (lupa namanya) susu ultra pasti dapuk idol apalagi ya? rata2 ngegaet idol sih Iklan tolak angin ok lah wooseok;1,86E+18;;;in;;0;0;0;https://x.com/undefined/status/1857454360843960683;137984084;
1,86E+18;Fri Nov 15 12:49:18 +0000 2024;0;ih enak juga ternyata indomie spicy ramyeon;1,86E+18;;;in;;0;0;0;https://x.com/undefined/status/1857405517288948212;7,36E+17;
1,86E+18;Fri Nov 15 12:41:59 +0000 2024;0;indomie spicy ramyeon enak bgt woy ;1,86E+18;;;in;;0;0;0;https://x.com/undefined/status/1857403674223689987;1,28E+18;
1,86E+18;Fri Nov 15 08:48:13 +0000 2024;1;*iklan Indomie NewJeans lewat* me : mau yg tengah.... bawain yg tengah adek : emang yg tengah cantik? *mta mlotot n mnatapmu tjam* me : cantik banget lah ganteng juga. adek : kok ganteng kan cewek. gtw aj lukh bocil org ganteng bgt bgini https://t.co/ZzTFahOtGM;1,86E+18;https://pbs.twimg.com/media/GcadRFTb0AAIqKh.jpg;;in;;0;0;0;https://x.com/undefined/status/1857344844198477842;1,46E+18;
1,86E+18;Fri Nov 15 07:53:56 +0000 2024;0;Kasi liat yg terbaru aja deh brand sekelas indomie yg ga pernah pake BA karena udah laku keras aja ngegaet newjeans jadi GBA https://t.co/mr1BnTE6L5;1,86E+18;;;in;;0;0;0;https://x.com/undefined/status/1857331185200042458;1,43E+18;
1,85E+18;Fri Nov 15 06:38:16 +0000 2024;0;@Indomielovers @NewJeans_ADOR @royyana1304971 mau indomie ngga ?;1,86E+18;;Indomielovers;in;;0;0;0;https://x.com/undefined/status/1857312140928929908;1,86E+18;
1,86E+18;Fri Nov 15 05:40:49 +0000 2024;0;Sebenarnya gw bingung ini NewJeans ada di di bawah ADOR dan mereka lagi berkonflik Nah yang bikin bingung tuh kalau ada proyek kontrak kerja sama kayak Indomie kemarin tuh lewat perantara atau gimana dah;1,86E+18;;;in;;0;0;0;https://x.com/undefined/status/1857297684446511553;1,15E+18;
1,86E+18;Fri Nov 15 05:23:10 +0000 2024;0;Indomie Japanese Ramen or Korean Ramyeon? https://t.co/SxAhXnGDxo;1,86E+18;https://pbs.twimg.com/media/GcZuW5NboAEnKmv.jpg;;in;;0;2;0;https://x.com/undefined/status/1857293242880110939;366567010;
1,86E+18;Fri Nov 15 04:17:38 +0000 2024;0;iklan indomie newjeans tuh membernya gak makan indomienya ya;1,86E+18;;;in;;0;0;0;https://x.com/undefined/status/1857276751698862452;582431369;
1,86E+18;Fri Nov 15 03:40:55 +0000 2024;0;nyobain indomie spicy hanguk ramyeon.. pedes juga iyyeuh ;1,86E+18;;;in;;0;0;0;https://x.com/undefined/status/1857267512469270738;104410124;
1,86E+18;Fri Nov 15 02:57:32 +0000 2024;0;Iklan indomie nye newjeans ni dimakan jak endak mie nye. Entah niat ke endak die iklan tu;1,86E+18;;;in;;0;0;0;https://x.com/undefined/status/1857256593928441999;1,07E+18;
1,86E+18;Thu Nov 14 20:17:59 +0000 2024;0;jujur indomie x newjeans enak wkwk tapi next keknya bumbunya aku pake cuman 1/2 ati ga 3/4 soalnya terlalu NAMPOL n agak asin n GUE KEPEDESAN (emang anak nya ga seberapa tahan pedes) https://t.co/30GUrQCBtY;1,86E+18;https://pbs.twimg.com/media/GcXxkOXawAAfCDm.jpg;;in;;0;0;0;https://x.com/undefined/status/1857156042414846312;1,84E+18;
1,86E+18;Thu Nov 14 19:17:57 +0000 2024;1;Army gausah diajak makan Indomie. Kan Indomie pakek BA NewJeans. Hehe;1,86E+18;;;in;;0;1;0;https://x.com/undefined/status/1857140935794344178;1,19E+18;
1,86E+18;Thu Nov 14 15:17:56 +0000 2024;0;Plz aku mau indomie x newjeans dah sampe kalimantan belom sihhh;1,86E+18;;;in;;0;1;0;https://x.com/undefined/status/1857080533051752712;1,31E+18;
1,86E+18;Thu Nov 14 14:54:54 +0000 2024;0;Kenapa gak ada yg kasih tau kalo indomie newjeans yang biru pedes banget...;1,86E+18;;;in;;0;0;0;https://x.com/undefined/status/1857074736955523172;1,81E+18;
1,86E+18;Thu Nov 14 14:54:31 +0000 2024;0;Baru sadar naik krl yang gerbongnya indomie newjeans https://t.co/pR9hZsHDl1;1,86E+18;https://pbs.twimg.com/media/GcWnip0WUAAhYCs.jpg;;in;;0;0;0;https://x.com/undefined/status/1857074640436244768;69581816;
1,86E+18;Thu Nov 14 14:47:02 +0000 2024;0;Nyari indomie x newjeans di minimarket variannya jarang lengkap ya udah beli bundle aja sekalian https://t.co/GUFNQdCJfv;1,86E+18;https://pbs.twimg.com/media/GcWl07hWsAAS7ue.jpg;;in;;0;3;0;https://x.com/undefined/status/1857072755419554274;2458878492;
1,86E+18;Thu Nov 14 14:27:53 +0000 2024;0;indomie yg spicy ramyeon enakkk;1,86E+18;;;in;;0;0;0;https://x.com/undefined/status/1857067936717938932;1,78E+18;
1,86E+18;Thu Nov 14 14:04:52 +0000 2024;1;nyoba indomie yg collab ma newjeans enak tpi gk yg wow bgt cuman awal makan ga sepedes itu pas ampe akhir huha huha wkwkw https://t.co/I5OTUq4oT3;1,86E+18;https://pbs.twimg.com/media/GcWcK1yWoAAgL0K.jpg;;in;;0;0;0;https://x.com/undefined/status/1857062142781907182;1,43E+18;
1,86E+18;Thu Nov 14 13:04:39 +0000 2024;0;hehehe makan indomie x newjeans spicy ramyeon (lagi) ;1,86E+18;;;in;;0;0;0;https://x.com/undefined/status/1857046990489628887;1,57E+18;
1,86E+18;Thu Nov 14 10:31:53 +0000 2024;0;tiap iklan NewJeans Indomie lewat gweh : kim minji seleraku~~ mau yg tengah cil (manggil adek w) mau orangnya.... bawain yg tengah cil mau yg biru mau yg pink. ;1,86E+18;;;in;;0;0;0;https://x.com/undefined/status/1857008545230737408;1,46E+18;
1,86E+18;Thu Nov 14 06:18:10 +0000 2024;1;Kolab dengan NewJeans Indomie Picu Kontroversi di Korea Selatan https://t.co/QZIzw3mCB5;1,86E+18;;;in;;0;0;0;https://x.com/undefined/status/1856944693915127934;8,47E+17;
1,86E+18;Thu Nov 14 05:56:23 +0000 2024;0;Enakkkkkk indomie newjeans yg rose;1,86E+18;;;in;;0;1;0;https://x.com/undefined/status/1856939213872316505;8,84E+17;
1,86E+18;Thu Nov 14 05:21:17 +0000 2024;0;mau nyoba indomie newjeans;1,86E+18;;;in;;1;4;0;https://x.com/undefined/status/1856930382060687364;1,35E+18;
1,85E+18;Thu Nov 14 04:31:24 +0000 2024;0;@hanwnni @hi HHAHAHA tapi ini halodeknya udah jadi inceran idol sekecamatan. Tapi bener juga mie nggak ada boomnya kok aman banget apalagi Indomie. Paling enak kalau lagi santai nggak ada yang bisa ngalahin rasa mi instan favorit. Btw indomie yg NewJeans ;1,86E+18;;haocurn;in;;0;1;0;https://x.com/undefined/status/1856917828634578953;620735951;
1,86E+18;Thu Nov 14 00:34:13 +0000 2024;1;@joshualeonheart Bayangkan saja indomie sebagai entitas tunggal saja sudah jadi fenomena global dipadukan dengan Newjeans niscaya APBN kita pasti berdaulat makan siang gratis tak perlu bantuan xi jinping;1,86E+18;;joshualeonheart;in;;0;1;0;https://x.com/undefined/status/1856858136386441429;374390808;
1,86E+18;Wed Nov 13 15:41:04 +0000 2024;0;@chilldulugaksie Udah liat blm yg mereka gedeg newjeans jadi BA glogal indomie? Wkwkwkw mana di KRL iklannya lg indomie eds newjeans;1,86E+18;;chilldulugaksie;in;;0;0;0;https://x.com/undefined/status/1856723966355996922;1,61E+18;
1,86E+18;Wed Nov 13 15:15:18 +0000 2024;0;akuuu pgn coba mam indomie collab newjeans;1,86E+18;;;in;;0;0;0;https://x.com/undefined/status/1856717483824312469;1,26E+18;
1,86E+18;Wed Nov 13 15:09:44 +0000 2024;0;Setelah sabtu kemaren nyobain indomie varian fiery chicken malem ini aku coba varian indomie koran spicy ramyeon. Kalo diliat dari kuah kaya yang ga pedes kan? Padahal aslinya PEDES PANAS di tenggorokan but overall suka bgt! Apalagi dimakan pas cuaca dingin gini https://t.co/djEdkhRXDh;1,86E+18;https://pbs.twimg.com/media/GcRhaiHbQAAwxUe.jpg;dararararari__;in;;1;1;0;https://x.com/undefined/status/1856716079382565123;331015672;
1,86E+18;Wed Nov 13 13:23:40 +0000 2024;0;protes soal hak2 pekerja &amp;;;;;;;;;;;
1,86E+18;Wed Nov 13 12:24:45 +0000 2024;0;indomie x newjeans yg rose pedes bgt ajg;1,86E+18;;;in;;0;0;0;https://x.com/undefined/status/1856674562722922823;1,45E+18;
1,86E+18;Wed Nov 13 11:55:07 +0000 2024;0;@blueakebia @thalissuffering gue kalo jualan omelet pake indomie newjeans laku gak ya;1,86E+18;;monomarv;in;;0;1;0;https://x.com/undefined/status/1856667103589474778;1057404380;
1,86E+18;Wed Nov 13 11:39:50 +0000 2024;0;@idkwheretowrite :00 dirimu ada kh indomie newjeans;1,86E+18;;idkwheretowrite;in;;0;0;0;https://x.com/undefined/status/1856663257324605642;1,17E+18;
1,86E+18;Wed Nov 13 11:37:52 +0000 2024;0;Indomie yang koleb sama newjeans udah ada di indomart/alfamaft blom ??;1,86E+18;;;in;;1;1;0;https://x.com/undefined/status/1856662763806023963;1,41E+18;
1,86E+18;Wed Nov 13 11:28:21 +0000 2024;0;Akhirnya ketemu juga gerbong kereta indomie x newjeans https://t.co/HCztuJ6MqH;1,86E+18;https://pbs.twimg.com/media/GcQuwdNbYAAA6oq.jpg;;in;;0;0;0;https://x.com/undefined/status/1856660369889968146;534286445;
1,86E+18;Wed Nov 13 10:18:33 +0000 2024;0;indomie yg collab sama newjeans ga ada yg enak anjir fail semua rasanya;1,86E+18;;;in;;0;1;0;https://x.com/undefined/status/1856642803084022115;1,24E+18;
1,86E+18;Wed Nov 13 07:14:11 +0000 2024;0;Baru nyoba indomie newjeans yang warna oren gak nyangka rasanya enak. Sampe bokem di rumah jg pada suka. https://t.co/DQo2P190zM;1,86E+18;https://pbs.twimg.com/tweet_video_thumb/GcP0lc7asAI8QHJ.jpg;;in;;0;1;0;https://x.com/undefined/status/1856596404057321761;1,29E+18;
1,86E+18;Wed Nov 13 03:08:03 +0000 2024;0;tadi pagi ngebayangin duh makan indomie goreng enak kali ya sarapan/maksi eh tbtb suddenly ada yg kasih indomie korean ramyeon ;1,86E+18;;;in;;0;0;0;https://x.com/undefined/status/1856534461917401596;145970648;
1,86E+18;Wed Nov 13 02:43:26 +0000 2024;0;indofood gokil juga dalam waktu dekat udah collab 2 kali sama idol kpop Seventeen (chitato) sama NewJeans (indomie);1,86E+18;;;in;;0;0;0;https://x.com/undefined/status/1856528266565431336;154120151;
1,85E+18;Tue Nov 12 16:16:04 +0000 2024;0;@Indomielovers @NewJeans_ADOR Indomie Lovers pada heboh nih! Tapi tenang buat kamu yang lagi bosen sama mie instan kami punya solusi. Dengerin aja sekuel pertama album baru kami Erotomania : Obsessed and Relinquished ! Dijamin bikin kamu lupa sama lapar! ;1,86E+18;;Indomielovers;in;;0;0;0;https://x.com/undefined/status/1856370386126156214;7,72E+17;
1,86E+18;Tue Nov 12 15:50:53 +0000 2024;0;@adorearteu Tutup jam berapa? Kalau sampai malem nanti aku mampir mau nyobain Indomie newjeans biru dimasakin sama minjinya langsung. ;1,86E+18;;adorearteu;in;;0;1;0;https://x.com/undefined/status/1856364047710740813;1,68E+18;
1,86E+18;Tue Nov 12 13:45:33 +0000 2024;0;@DearUniverse04 Indomie korean version kah maksudnya? Bukaan bukan yg itu. Belum kepoin yg itu soalnya wkwk. Emang ramyeon korea deh kayaknya yg aku beli maren tuh. Ada tulisan 불닭볶음면 gitu soalnya;1,86E+18;;DearUniverse04;in;;0;1;0;https://x.com/undefined/status/1856332508553781353;1,16E+18;
1,86E+18;Tue Nov 12 12:49:38 +0000 2024;0;Maafin aku ya Allah dan mutuals.. aku penasaran indomie newjeans.. ;1,86E+18;;;in;;0;1;0;https://x.com/undefined/status/1856318435866882501;1,61E+18;
1,86E+18;Tue Nov 12 11:56:20 +0000 2024;0;@TYshu_ Iya ada yg gitu karena emg udh tau indomie sama ada yg ngira ini produk dari korea karena hangeulnya gede banget dan ada tulisan korean ramyeon yang buat fans awam ngira ya indomie tuh asalnya dari korea makanya kemarin jg aku bantu koreksiin kare;1,86E+18;;Ctnipzz_;in;;0;0;0;https://x.com/undefined/status/1856305022319112618;1,48E+18;
1,86E+18;Tue Nov 12 11:46:43 +0000 2024;0;Mari kita coba ramyeon indomie anak cantik. https://t.co/xVEt9eKLKD;1,86E+18;https://pbs.twimg.com/media/GcLpX1DaAAA8bje.jpg;;in;;1;10;0;https://x.com/undefined/status/1856302603799539859;1,79E+18;
1,86E+18;Tue Nov 12 11:00:21 +0000 2024;0;shin ramyeon samyang carbonara indomie ayam bawang yumyum;1,86E+18;;;in;;0;0;0;https://x.com/undefined/status/1856290932565725603;1,48E+18;
1,86E+18;Tue Nov 12 10:07:39 +0000 2024;0;Kolaborasi Indomie dan NewJeans Tuai Kontroversi di Korea Selatan. #NewJeans #Indomie #IndomiexNewJeans #NewJeansxIndomie https://t.co/kp6Nt09ZEt;1,86E+18;;;in;;0;0;0;https://x.com/undefined/status/1856277672802038126;1,69E+18;
1,86E+18;Tue Nov 12 09:08:43 +0000 2024;0;indomie newjeans free pc hanni gak;1,86E+18;;;in;;0;1;0;https://x.com/undefined/status/1856262841638236467;1,12E+18;
1,86E+18;Tue Nov 12 05:19:10 +0000 2024;3;Campaign ini menunjukkan gimana dua brand lokal besar berusaha mengubah persepsi konsumen lewat pendekatan yang kreatif dan tersegmentasi. Jadi menurut kalian campaign siapa yang lebih berhasil menarik perhatian? #MieSedaap #AhnHyoSeop #Indomie #TheUltimateTaste #NewJeans;1,86E+18;;jeppiindonesia;in;;0;0;4;https://x.com/undefined/status/1856205072033821135;1,74E+18;
1,86E+18;Tue Nov 12 05:19:08 +0000 2024;0;Indomie x NewJeans Di sisi lain Indomie memilih NewJeans yang dikenal fresh youthful dan memiliki daya tarik global. Dengan gaya enerjik dan catchy: - Indomie ingin memperkuat posisinya sebagai brand yang kreatif &amp;;;;;;;;;;;
1,86E+18;Tue Nov 12 05:19:03 +0000 2024;0;Akhir-akhir ini kita disuguhi persaingan seru antara dua brand mie instan terbesar di Indonesia. Mie Sedaap menggandeng aktor Korea favorit banyak perempuan Ahn Hyo Seop. Indomie menghadirkan girl group super populer NewJeans. Kedua brand ini sama-sama pakai artis Korea;1,86E+18;;jeppiindonesia;in;;0;1;1;https://x.com/undefined/status/1856205040874336488;1,74E+18;
1,86E+18;Tue Nov 12 03:32:50 +0000 2024;0;Indomie yang dipayungi oleh PT. Indofood CBP Sukses Makmur Tbk (ICBP) menggandeng NewJeans untuk dijadian Global Brand Ambassador untuk produk terbarunya Indomie Korean Ramyeon Series . https://t.co/hhQ9lggW33;1,86E+18;;;in;;0;0;0;https://x.com/undefined/status/1856178311170535837;106745550;
1,86E+18;Tue Nov 12 00:58:43 +0000 2024;0;poster newjeans x indomie di krl kalo ilang 1 itu bkn gue yg ambil meski gue mau bgt;1,86E+18;;;in;;0;0;0;https://x.com/undefined/status/1856139526592442745;577900881;
1,86E+18;Tue Nov 12 00:55:22 +0000 2024;1;Itu yang submit gak pernah permasalahin mie sedap yang gaet siwon kah? Cuma newjeans doang nih yang dipermasalahin? Ribet banget indomie juga waktu keluarin series jepang orang jepang juga biasa aja ;1,86E+18;;;in;;0;0;0;https://x.com/undefined/status/1856138682807529675;1,54E+18;
1,85E+18;Tue Nov 12 00:05:12 +0000 2024;0;@Haqniy @Haknipham kayanya aku bakalan coba jajan indomie yang banyak karena newjeans;1,86E+18;;Haqniy;in;;0;0;0;https://x.com/undefined/status/1856126058854318213;8,62E+17;
1,86E+18;Mon Nov 11 18:53:26 +0000 2024;0;gaga jalapeno selera pedas sup tomat indomie ramyeon kuah 🆕;1,86E+18;;;in;;0;0;0;https://x.com/undefined/status/1856047600983781682;1,23E+18;
1,86E+18;Mon Nov 11 16:00:44 +0000 2024;1;hanni aslinya cenayang tau difoto ini dikasih liat kalo hanni kaget sampe nutup mulut tapi aslinya ga kaget soalnya moto sendiri artinya dia tau kalo bakal ada berita jelek bakal terjadi terus captionnya indomie seleraku berarti berita buruk tentang indomie newjeans https://t.co/yyqmkxCKuJ;1,86E+18;https://pbs.twimg.com/media/GcHZ7I3asAA5twk.jpg;;in;;1;1;1;https://x.com/undefined/status/1856004139257676092;1,11E+18;
1,86E+18;Mon Nov 11 15:49:02 +0000 2024;9;namanya loh udah jelas indomie jadi ya dari indonesia wkwk ada-ada aja ini kalo urusan newjeans pasti salty;1,86E+18;;;in;;0;0;0;https://x.com/undefined/status/1856001194889724385;1,27E+18;
1,86E+18;Mon Nov 11 15:00:50 +0000 2024;0;Duh kok malah mencret anyingg padahal besok maw coba indomie newjeans ;1,86E+18;;;in;;0;0;0;https://x.com/undefined/status/1855989066430648581;1,40E+18;
1,86E+18;Mon Nov 11 14:44:14 +0000 2024;3;Waktu indonesia bagian ngemie. Enak juga indomie spicy ramyeon tambah enoki mantul bgt https://t.co/svofDDqrwg;1,86E+18;https://pbs.twimg.com/media/GcHIXB5aAAAFABM.jpg;;in;;0;0;0;https://x.com/undefined/status/1855984889109397727;2160589908;
1,86E+18;Mon Nov 11 14:38:05 +0000 2024;0;Indomie spicy ramyeon beneran pedes ya lebih pedes ketimbang shin ramyeon;1,86E+18;;;in;;0;0;0;https://x.com/undefined/status/1855983341742510394;1,55E+18;
1,85E+18;Mon Nov 11 14:20:00 +0000 2024;0;@Haqniy @Haknipham Jadi pengen mam indomie sambil disuapin newjeans ;1,86E+18;;Haqniy;in;;0;0;0;https://x.com/undefined/status/1855978791547638137;360620208;
1,86E+18;Mon Nov 11 14:08:17 +0000 2024;0;@cilukbambi Tadi Indomie spicy ramyeon kepo rasa baru yg collab ama newjeans wkwk;1,86E+18;;cilukbambi;in;;0;1;0;https://x.com/undefined/status/1855975839906877610;1,25E+18;
1,86E+18;Mon Nov 11 14:02:09 +0000 2024;0;indomie yg newjeans enak yg spicy ramenn mirip shin ramyeon versi jauh lebih murah;1,86E+18;;;in;;0;0;0;https://x.com/undefined/status/1855974299007643667;1,57E+18;
1,86E+18;Mon Nov 11 14:01:26 +0000 2024;5;klian udah nyobain indomie x new jeans blom? ak nyobain yg spicy ramyeon 9.8/10 enak bgt mirip² ama shin ramyun https://t.co/eFK16yVp3z;1,86E+18;https://pbs.twimg.com/media/GcG-n1jaUAAXgmm.jpg;;in;;0;2;0;https://x.com/undefined/status/1855974117289447914;1,83E+18;
1,86E+18;Mon Nov 11 13:50:54 +0000 2024;0;@insilked Indomie newjeansnya cobain yang spicy ramyeon itu enak bgt bzirrrrr;1,86E+18;;sillycheesecar;in;;0;1;0;https://x.com/undefined/status/1855971466791247996;8,56E+17;
1,86E+18;Mon Nov 11 12:46:29 +0000 2024;0;ya Allah semoga hamba menang GA-nya kak av indomie spicy ramyeon se kardus;1,86E+18;;;in;;0;0;0;https://x.com/undefined/status/1855955254166335911;1,65E+18;
1,86E+18;Mon Nov 11 12:38:05 +0000 2024;0;Terima kasih kepada indomie yg udh buat rasa spicy ramyeon ini ini shin ramyun versi tidak cawerang https://t.co/vkkGSsSx41;1,86E+18;https://pbs.twimg.com/media/GcGrinIasAAJZ5-.jpg;;in;;1;1;0;https://x.com/undefined/status/1855953139461234982;4460833880;
1,86E+18;Mon Nov 11 11:43:27 +0000 2024;1;@catzkang @NewJeans_ADOR @Indomielovers K-ROSE bungkusnya lucu &amp;;;;;;;;;;;
1,85E+18;Mon Nov 11 10:38:41 +0000 2024;0;@seungmtin @hi wahh nanti harus cobain Indomie newjeans yang baru yah kak! nanti aku kirim lewat kargo yaa;1,86E+18;;seungmtin;in;;0;1;0;https://x.com/undefined/status/1855923092742426663;1555546770;
1,86E+18;Mon Nov 11 10:08:50 +0000 2024;0;Ku baru nyoba indomie baru yg spicy ramyeon. Jujur dikata nggak enak juga enggak dikata ramen juga enggak apa ya rasanya ngawang banget. 2.5/5;1,86E+18;;;in;;0;0;0;https://x.com/undefined/status/1855915580911673733;1,00E+18;
1,86E+18;Mon Nov 11 06:34:11 +0000 2024;0;@NINGIExWAR cobain indomie newjeans : v;1,86E+18;;JOCELlNE;in;;0;0;0;https://x.com/undefined/status/1855861564034945482;1,83E+18;
1,86E+18;Mon Nov 11 05:55:50 +0000 2024;0;aku baru nyobain indomie spicy ramyeon yg newjeans itu tapi ga spicy (soalnya bumbunya ga dimasukin smua) :V;1,86E+18;;;in;;0;0;0;https://x.com/undefined/status/1855851911091765692;1,33E+18;
1,86E+18;Mon Nov 11 05:04:19 +0000 2024;0;@wantpil__ Bulgogi kimbab Rose Toppoki (ini porsi gede bisa buat berdua) Topoki yg biasa juga enak kalo suka pedes Gimmari Ramyeon: kuahnya enak tp mie nya sendiri teksturnya kaya indomie bgt;1,86E+18;;wantpil__;in;;0;1;0;https://x.com/undefined/status/1855838947362111901;2611783286;
1,86E+18;Mon Nov 11 04:50:51 +0000 2024;0;newwiee and his newjeans pepero. jadi penasaran dia tau gak ya newjeans jadi BA indomie https://t.co/hzeOu43kuM;1,86E+18;https://pbs.twimg.com/media/GcFAmUobMAAKoXS.jpg;;in;;0;0;0;https://x.com/undefined/status/1855835558896877981;9,21E+17;
1,85E+18;Mon Nov 11 04:28:25 +0000 2024;0;@hanmnipham Gue ultahnya 20 Oktober ih lu gak catet ya? Tapi sukses banget tuh gue liat liat dagangannya. Beli indomie bisa dapet tanda tangan Newjeans gak?;1,86E+18;;kundx11;in;;0;1;0;https://x.com/undefined/status/1855829911505916131;1,05E+18;
1,86E+18;Mon Nov 11 04:07:30 +0000 2024;0;sumpah w tuh kek gamau ikut campur perkara army sama ngemtot itu tapi udah keterlaluan anjir perkara boycott newjeans sama boycott BA kayak........ emgnya yang dilist entuh beneran judge dan mocking kh ada juga yang enggak.... terus boycott NJ buat apa boycott indomie buat apa;1,86E+18;;;in;;1;2;0;https://x.com/undefined/status/1855824649353142457;1,78E+18;
1,85E+18;Mon Nov 11 02:36:42 +0000 2024;0;@tanyarlfes Gua lagi makan ni mie karena semalem nyoba beli ternyata pedesan indomie tori kara. Rasa ramyeon ini ga se otentik itu malah bisa dibilang mirip ayam bawang versi lebih pedes aja.. Tapi so far worth aja buat dicoba https://t.co/DV8YjL4n8H;1,86E+18;https://pbs.twimg.com/media/GcEh5d0bEAAm0zG.jpg;tanyarlfes;in;;0;0;0;https://x.com/undefined/status/1855801798034080003;1,52E+18;
1,86E+18;Mon Nov 11 01:16:41 +0000 2024;0;@dan_witoko Emng ada indomie ramyeon?;1,86E+18;;dan_witoko;in;;0;2;0;https://x.com/undefined/status/1855781662048870602;1,54E+18;
1,86E+18;Mon Nov 11 00:30:48 +0000 2024;1;@wirsuchendich69 Kamu kayak indomie ramyeon bang seleraku pedes pedes enak ;1,86E+18;;wirsuchendich69;in;;0;1;0;https://x.com/undefined/status/1855770116321108138;1,14E+18;
1,86E+18;Sun Nov 10 17:00:01 +0000 2024;1;Mau coba rasa baru yang lagi hits? Indomie Korean Ramyeon Series adalah jawabannya! Spesial tanggal 11 November di YOGYA Online nikmati kelezeatannya dengan harga super spesial! #Indomie #YOGYAOnline;1,86E+18;;;in;;0;0;0;https://x.com/undefined/status/1855656671533560112;8,95E+17;
1,86E+18;Sun Nov 10 15:42:04 +0000 2024;0;@bambiheeee coba ganti pake indomie ramyeon;1,86E+18;;bambiheeee;in;;0;0;0;https://x.com/undefined/status/1855637053096313227;1,34E+18;
1,86E+18;Sun Nov 10 15:39:34 +0000 2024;0;Clue aktivitas newjeans kedepannya dr minji: - akhir taun bakal sibuk - kalo ketemu sapa2 lah bre Fix bakal ada Meet n Greet Indomie ini! ;1,86E+18;;;in;;0;0;0;https://x.com/undefined/status/1855636424336523421;7,95E+17;
1,86E+18;Sun Nov 10 14:08:30 +0000 2024;0;Sisa 1 warna putih Indomie x newjeans Kalau besok mau cod boleh di aeon tanjung barat/gondangdia (jam set.5 sore) Co shopee : https://t.co/UiGbtubKa6 https://t.co/cOy4Z9NDTe;1,86E+18;https://pbs.twimg.com/media/GcB2pFeaIAAGp4g.jpg;;in;;0;0;0;https://x.com/undefined/status/1855613508290793698;1,77E+18;
1,86E+18;Sun Nov 10 13:53:50 +0000 2024;0;indomie x newjeans yg spicy ramyeon gw bener2 ketagihan plsssss!! bahkan sampe ga pengen nyoba yg fiery apalah itu ;1,86E+18;;;in;;0;0;0;https://x.com/undefined/status/1855609817043546514;1,57E+18;
1,86E+18;Sun Nov 10 13:28:58 +0000 2024;1;Dan ternyata indomie yg collab sama Newjeans enak ya merasa telat baru nyobain dah;1,86E+18;;;in;;0;6;0;https://x.com/undefined/status/1855603557086667090;51617330;
1,86E+18;Sun Nov 10 12:49:02 +0000 2024;0;BARU KEPIKIRAN KALAU AKU BJSA BELI INDOMIE NEWJEANS LEWAT KLIKIDM sekarang aku gasabarrrrrrrr menunggu mie ku datang BURUAN DONGGG PLIS;1,86E+18;;;in;;1;0;0;https://x.com/undefined/status/1855593510680092675;2776607898;
1,86E+18;Sun Nov 10 12:25:32 +0000 2024;0;@McFlurryOreo_1 kalo laper shin ramyeon (lebi banyak) kalo iseng aja indomie;1,86E+18;;McFlurryOreo_1;in;;0;1;0;https://x.com/undefined/status/1855587594114879917;1,08E+18;
1,86E+18;Sun Nov 10 09:53:18 +0000 2024;0;mauuu review indomie korean ramyeon yg collab sm newjeans iniii;1,86E+18;;;in;;1;1;0;https://x.com/undefined/status/1855549282528481614;1,72E+18;
1,86E+18;Sun Nov 10 09:29:31 +0000 2024;2;w kira indomie newjeans tuh bakal ada foto membernya di bungkusnya.;1,86E+18;;;in;;0;1;0;https://x.com/undefined/status/1855543299416915993;1,68E+18;
1,86E+18;Sun Nov 10 09:11:43 +0000 2024;0;indomie yang fiery chikin sama spicy ramyeon lumayan enak sih (yang rose(?) blum nyoba) tapi tahta tertinggi masih tori miso walau natriumnya bikin nangis https://t.co/cnZV8cuD8j;1,86E+18;https://pbs.twimg.com/media/GcAyuJJa0AAMYln.jpg;;in;;0;2;0;https://x.com/undefined/status/1855538819711594824;1,27E+18;
1,86E+18;Sun Nov 10 08:17:23 +0000 2024;0;indomie newjeans udh ada dimana aja ya pgn nyobain;1,86E+18;;;in;;0;0;0;https://x.com/undefined/status/1855525148054741168;1,45E+18;
1,86E+18;Sun Nov 10 07:09:05 +0000 2024;0;kecanduan indomie spicy ramyeon endul bet ketimbang fiery chicken. tp sampe sekarang belom nyobain yg k-rose belum nemu jg dahal penasaran bet.;1,86E+18;;;in;;0;0;0;https://x.com/undefined/status/1855507957733380316;933953719;
1,86E+18;Sun Nov 10 06:02:04 +0000 2024;0;@imnotnayel makan indomie collab newjeans!!! udah nyobain beluumm?;1,86E+18;;imnotnayel;in;;0;1;0;https://x.com/undefined/status/1855491094349562229;1,16E+18;
1,86E+18;Sun Nov 10 04:32:41 +0000 2024;0;penasaran bgt sm indomie newjeans yg rose tapi dimana-mana abiis;1,86E+18;;;in;;0;1;0;https://x.com/undefined/status/1855468599311483258;203574709;
1,86E+18;Sun Nov 10 04:32:02 +0000 2024;0;REVIEW MENURUT LIDAHKU indomie goreng fiery chikin : rasa bumbunya mirip sedaap korean spicy chicken versi ga pedes. indomie mie instan spicy ramyeon : rasanya 11 12 sama shin ramyeon versi pedesnya lebih nyegrak. GA AKAN REPURCHASE BALIKIN INDOMIE GORENG SALTED EGG GK???;1,86E+18;;;in;;0;0;0;https://x.com/undefined/status/1855468434450252011;1694131897;
1,85E+18;Thu Nov 07 13:23:29 +0000 2024;0;Indomie rose ramyeon Indomie rose ramyeon Indomie rose ramyeon Indomie rose ramyeon Indomie rose ramyeon yang dimasak menggunakan Happycall Double Pan 7 pcs oleh Pp Desra.;1,85E+18;;;in;;0;0;17;https://x.com/undefined/status/1854515014901936570;3257286924;
1,85E+18;Thu Nov 07 13:21:26 +0000 2024;0;kaia meminta alaski buat bikinin indomie rose ramyeon 5 mangkok.;1,85E+18;;michersuo;in;;0;0;15;https://x.com/undefined/status/1854514498029121570;9,54E+17;
1,85E+18;Thu Nov 07 13:19:23 +0000 2024;0;@Indomielovers @NewJeans_ADOR Mending gratis Indomie 1 kardus xixixixi;1,85E+18;;Indomielovers;in;;0;0;0;https://x.com/undefined/status/1854513984994677152;457585659;
1,85E+18;Thu Nov 07 12:24:39 +0000 2024;0;Belum nyobain indomie x newjeans itu.;1,85E+18;;;in;;0;7;0;https://x.com/undefined/status/1854500209625358389;1,56E+18;
1,85E+18;Thu Nov 07 12:24:09 +0000 2024;25;@Indomielovers Japota x JKT48 aja ada PC nya masa Indomie x NewJeans gak ada ;1,85E+18;;Indomielovers;in;;0;0;0;https://x.com/undefined/status/1854500082437275735;317033290;
1,85E+18;Thu Nov 07 12:20:59 +0000 2024;0;WTS Indomie korean ramyeon series X NewJeans 40k dapet 1 bundle (isi 5 mie + pvc bag) Pvc bag avail warna pink https://t.co/Nerg8qfBWD Jakarta Utara https://t.co/eQS3Gm3z8s;1,85E+18;https://pbs.twimg.com/media/GbyBQwCaEAAU50-.jpg;;in;;0;1;0;https://x.com/undefined/status/1854499286396121366;1,16E+18;
1,85E+18;Thu Nov 07 11:12:41 +0000 2024;0;Bunnies besok aku mau dateng ke event newjeans x indomie ini ada yang mau nitip kah? Ada biaya tambahan jastip 5k ya https://t.co/uRSXNopl5f;1,85E+18;https://pbs.twimg.com/media/Gbxxn7xa4AA8V0v.jpg;;in;;0;0;0;https://x.com/undefined/status/1854482096326398047;9,86E+17;
1,85E+18;Thu Nov 07 09:58:35 +0000 2024;0;Indomie x newjeans kok blom ada di Indomaret sih.....;1,85E+18;;;in;;0;1;0;https://x.com/undefined/status/1854463448970858775;1,73E+18;
1,85E+18;Thu Nov 07 08:27:11 +0000 2024;0;1 indomie 1 like untuk newjeans https://t.co/QPpSxTaddT;1,85E+18;https://pbs.twimg.com/media/GbxLwrfbAAA-rWZ.jpg;;in;;0;3;0;https://x.com/undefined/status/1854440449953644760;1,08E+18;
1,85E+18;Thu Nov 07 07:54:05 +0000 2024;0;Indomie x NewJeans ini ternyata enak rasanya paling gua suka yg merah yg Fiery Chikin https://t.co/JwdZ8VJHmv;1,85E+18;https://pbs.twimg.com/media/GbxEL4tbIAAVqch.jpg;;in;;0;0;0;https://x.com/undefined/status/1854432120351097281;1,44E+18;
1,85E+18;Thu Nov 07 07:06:24 +0000 2024;1;liat kelakuan bude bude kremy yg benci newjeans collab sama indomie kenapa sih?? pdhl kan udh banyak spill kebusukan hybe dimana mana terus benci nj atas dasar apa??;1,85E+18;;;in;;0;0;0;https://x.com/undefined/status/1854420120594153556;217360535;
1,85E+18;Thu Nov 07 06:51:49 +0000 2024;0;nyobain indomie korean spicy ramyeon kok kayak bakmi jawa;1,85E+18;;;in;;0;1;0;https://x.com/undefined/status/1854416449332539658;1,64E+18;
1,85E+18;Thu Nov 07 06:47:24 +0000 2024;1;mau ke indomie x newjeans;1,85E+18;;;in;;0;0;0;https://x.com/undefined/status/1854415335967141934;1,55E+18;
1,85E+18;Thu Nov 07 06:38:05 +0000 2024;0;@Indomielovers @NewJeans_ADOR Indomie bonus Hanni ;1,85E+18;;Indomielovers;in;;0;0;0;https://x.com/undefined/status/1854412990919147767;1,58E+18;
1,85E+18;Thu Nov 07 05:20:06 +0000 2024;0;mau coba indomie ramyeon. barangkali cocok biar bisa pindah dari gekikara soalnya gekikara harganya naik teyus ;1,85E+18;;;in;;0;1;0;https://x.com/undefined/status/1854393368060801473;1,20E+18;
1,85E+18;Thu Nov 07 05:02:45 +0000 2024;0;masak Indomie Korea karena.. #NewJeans https://t.co/utqYH3PBrK;1,85E+18;https://pbs.twimg.com/media/Gbwc-LAa0AAueXS.jpg;;in;;0;0;0;https://x.com/undefined/status/1854389003489001519;175400404;
1,85E+18;Thu Nov 07 04:35:51 +0000 2024;0;LO HARUS TW INDOMIE YG KOREAN EDITION ITU ENAK BGTTT YG SPICY CHICKEN SM SPICY RAMYEON SGT MIRIP BGT SMSAMYANG N SHIN RAMYEON FAK ENAK MURAHHH BANYAKKK;1,85E+18;;;in;;0;0;0;https://x.com/undefined/status/1854382231789453462;1,47E+18;
1,85E+18;Thu Nov 07 03:52:01 +0000 2024;0;plis jangan cepet discontinue soalnya w kalau makan shin ramyeon biasa porsinya lumayan kebanyakan kalau indomie pas bgt;1,85E+18;;zenofzi;in;;0;0;0;https://x.com/undefined/status/1854371199561957622;8,14E+17;
1,85E+18;Thu Nov 07 03:52:00 +0000 2024;0;eh plis indomie yg spicy ramyeon enak bgt ga nyangka beneran pedes jir wkwk mana w udah masukin cabe ke mangkok duluan jadi makin pedes menurut w enakan ini dari pada shin ramyeon yg biasa itu soalnya micinnya terasa betul lah sy suka;1,85E+18;;;in;;0;1;0;https://x.com/undefined/status/1854371196537892866;8,14E+17;
1,85E+18;Thu Nov 07 03:17:51 +0000 2024;0;@pornsegs newjeans kan jd ba indomie sekarang terus rilis 3 varian iniii https://t.co/Ha06BZmZjj;1,85E+18;https://pbs.twimg.com/media/GbwE8-6bIAA2BUH.jpg;;in;;0;0;0;https://x.com/undefined/status/1854362601180082225;1,28E+18;
1,85E+18;Thu Nov 07 02:44:14 +0000 2024;0;Btw indomie x newjeans yang biru enak banget weh. Ntar mau beli lagi sekalian nyari yang varian k-rose.;1,85E+18;;;in;;0;0;0;https://x.com/undefined/status/1854354141805691216;9,98E+17;
1,85E+18;Thu Nov 07 02:41:11 +0000 2024;0;@winterujak bnerr indomie new jeans ak beli rasa spicy ramyeon dan disuapin minji;1,85E+18;;winterujak;in;;0;1;0;https://x.com/undefined/status/1854353375946801258;1,25E+18;
1,85E+18;Thu Nov 07 02:18:55 +0000 2024;0;MASA INDOMIE NEWJEANS AK DISEMUTIN BLOM DIMAKAN PULA;1,85E+18;;;in;;0;0;0;https://x.com/undefined/status/1854347771467497511;1,28E+18;
1,85E+18;Thu Nov 07 02:14:31 +0000 2024;0;yang gw kesel dari Indomie x Newjeans adalah MASA BRAND SEBESAR INDOMIE GAK ADA KASIH RANDOM PHOTOCARD EDITION INDOMIE X NEWJEANS?????!!!! HELLO INDOMIE!? brand brand lain aja bisa bikin event photocard lohhh!! ;1,85E+18;;;in;;0;0;0;https://x.com/undefined/status/1854346665656017028;1,30E+18;
1,85E+18;Thu Nov 07 02:08:49 +0000 2024;1;Newjeans with Indomie ini ga ketebak tp ultraman sama ultrajaya ini juga ngagetin wk https://t.co/I1NQu4rRT8;1,85E+18;;;in;;0;1;0;https://x.com/undefined/status/1854345228398002366;312099919;
1,85E+18;Thu Nov 07 01:26:40 +0000 2024;0;sebenarnya agak kecewa sih collab yang satu ini : 1. No photocard hanya photobooth which is dissapointing. 2. Gak ada nama newjeans bahkan foto mereka dipackingannya how can other people know indomie collabing with nwjns?? 3. Nama Rasanya setidakny relevan ke nwjns dikitla...;1,85E+18;;;in;;0;0;0;https://x.com/undefined/status/1854334623897297089;1,01E+18;
1,85E+18;Wed Nov 06 21:38:07 +0000 2024;0;ih indomie korean ramyeon enak juga;1,85E+18;;;in;;0;0;0;https://x.com/undefined/status/1854277106844487805;1,32E+18;
1,85E+18;Wed Nov 06 15:50:53 +0000 2024;0;mana ni gaada iklan indomie newjeans malah nemu mi sedap yang gw gatau modelnya siapa https://t.co/f1dgayS4gN;1,85E+18;https://pbs.twimg.com/media/GbtnuS5aMAAmohJ.jpg;;in;;0;0;0;https://x.com/undefined/status/1854189720412279014;1,13E+18;
1,85E+18;Wed Nov 06 15:46:13 +0000 2024;0;@jaehyiuno @hi kakak pasti mau bagiin ke para member ya? nanti aku kirimin satu truck Indomie varian newjeans ya xixixixi;1,85E+18;;jsehyuno;in;;0;1;0;https://x.com/undefined/status/1854188547928175034;1555546770;
1,85E+18;Wed Nov 06 15:45:22 +0000 2024;1;@Indomielovers @NewJeans_ADOR Nah kan https://t.co/qeJNZGtYwD;1,85E+18;;Indomielovers;in;;0;0;0;https://x.com/undefined/status/1854188332735148155;1,64E+18;
1,85E+18;Wed Nov 06 14:36:39 +0000 2024;31;OOT Mencoba indomie rasa baru yg spicy ramyeon(?) Ft telurnya Neng https://t.co/UGJrGATJns;1,85E+18;https://pbs.twimg.com/media/GbtWvB3bUAEGpL_.jpg;;in;;1;6;1;https://x.com/undefined/status/1854171042195140874;1,53E+18;
1,85E+18;Wed Nov 06 14:10:06 +0000 2024;0;@unsoedfess_ dimana yg jual indomie newjeans?;1,85E+18;;unsoedfess_;in;;0;0;0;https://x.com/undefined/status/1854164357904736573;1,74E+18;
1,85E+18;Wed Nov 06 14:01:02 +0000 2024;1;gua menamatkan beli indomie newjeans ;1,85E+18;;;in;;0;1;0;https://x.com/undefined/status/1854162075809087554;1,54E+18;
1,85E+18;Wed Nov 06 13:56:51 +0000 2024;1;Enak enak enak Gw mulai sekarang kalo mau makan ramyeon gw bakal beli indomie ini terus sih Indomie spicy ramyeon+kimchi yg beli di alfa ini kombo yang enak juga loh https://t.co/A8enoT4nPK;1,85E+18;https://pbs.twimg.com/media/GbtNn2BbUAAczKd.jpg;;in;;0;0;0;https://x.com/undefined/status/1854161023080816789;1,53E+18;
1,85E+18;Wed Nov 06 13:23:44 +0000 2024;0;kalian udah ada yg nyoba indomie x newjeans belum?? yg ramyeon/korean series itu? ak pengen nyoba tp mau baca review dari kalian dlu. thank u^^;1,85E+18;;;in;;0;2;0;https://x.com/undefined/status/1854152689116152219;1,36E+18;
1,85E+18;Wed Nov 06 13:04:24 +0000 2024;0;Nyobain varian indomie ramyeon dari bau sama rasanya sih mirip mie g**** tapi lebih spicy aja dan gak bikin panas diperut. Buat mienya aku masak ke medokan tapi masih kenyel enak jadi pengen nyoba lagi @Indomielovers https://t.co/ehzOEmmL5x;1,85E+18;https://pbs.twimg.com/media/GbtBnaXasAALV2m.jpg;;in;;0;0;0;https://x.com/undefined/status/1854147823551537250;1,79E+18;
1,85E+18;Wed Nov 06 12:49:46 +0000 2024;0;Nyobain Indomie X NewJeans yang varian spicy ramyeon https://t.co/mk3VnNrbby;1,85E+18;https://pbs.twimg.com/media/Gbs-Q69a8AAmWAC.jpg;;in;;0;1;0;https://x.com/undefined/status/1854144142714249657;1036699261;
1,85E+18;Wed Nov 06 12:35:51 +0000 2024;0;mari kita hunting indomie newjeans yang viral itu;1,85E+18;;;in;;0;1;0;https://x.com/undefined/status/1854140638792757443;1,66E+18;
1,85E+18;Wed Nov 06 12:20:07 +0000 2024;0;Zonk wak malem malem niat pengen nyoba indomie ramyeon pas dibuka cuma dapet mie sama wijen doang jir. Mana mienya udah terlanjur gw rendem aer. Woi @Indomielovers kek mana ini. https://t.co/KiNNtO0r1C;1,85E+18;https://pbs.twimg.com/media/Gbs3e6da0AAI46S.jpg;;in;;0;1;0;https://x.com/undefined/status/1854136679390756929;1,54E+18;
1,85E+18;Wed Nov 06 12:10:43 +0000 2024;0;Bro indomie new jeans enak juga yang kuah kek neoguri ramyeon versi kearifan lokal (+pedes indonesia dan micin) Gue tambah daun bawang pokchoy dikit sama tumis jamur behhhh Behhhhhh hits the spot. Pas banget dah pengen ngemie semingguan ini krn lg batuk;1,85E+18;;;in;;0;0;0;https://x.com/undefined/status/1854134315983999301;8,86E+17;
1,85E+18;Wed Nov 06 11:58:55 +0000 2024;0;@Winorey Indomie newjeans cobain tuh baru;1,85E+18;;Winorey;in;;0;0;0;https://x.com/undefined/status/1854131347331408235;1,68E+18;
1,85E+18;Wed Nov 06 11:31:54 +0000 2024;0;@heeseunglykish Emang selasa s nya sngantuk. INDOMIE NEWJEANS YANG PIIINKK atau kalau di luar itu aku suka soto spesial sih;1,85E+18;;manifesdto;in;;0;0;0;https://x.com/undefined/status/1854124545256608224;7,93E+17;
1,85E+18;Wed Nov 06 09:53:31 +0000 2024;0;sampe juga paketnya bun INDOMIE x NEWJEANS #NewJeans #뉴진스 https://t.co/ZsGmrDzAvV;1,85E+18;https://pbs.twimg.com/media/GbsV7LRbEAAZPv7.jpg;;in;;0;0;0;https://x.com/undefined/status/1854099788545102208;1,27E+18;
1,85E+18;Wed Nov 06 09:25:45 +0000 2024;4;Wts buddle indomie x newjeans 70k / dapat 2 buddle Beli 1 : 35k Bisa cod besok di gondangdia/bogor https://t.co/9U695T1E3u;1,85E+18;https://pbs.twimg.com/media/GbsPknTbsAAxeo0.jpg;;in;;1;4;2;https://x.com/undefined/status/1854092801342161374;1,77E+18;
1,85E+18;Wed Nov 06 09:22:20 +0000 2024;0;lagi nyobain indomie × newjeans yang warna biru (berkuah). yaiya sih tulisan nya spicy aku tadinya mikir gapakal sepedes ini plss??;1,85E+18;;rubeeyis;in;;0;0;0;https://x.com/undefined/status/1854091938062070012;1,82E+18;
1,85E+18;Wed Nov 06 09:00:18 +0000 2024;0;@salahpraktikan Indomie newjeans vs mie sedap farhan kebabc nih;1,85E+18;;salahpraktikan;in;;0;1;0;https://x.com/undefined/status/1854086395511574930;1,79E+18;
1,85E+18;Wed Nov 06 07:04:31 +0000 2024;0;indomie newjeans yg fiery chickin enaqqq;1,85E+18;;;in;;0;1;0;https://x.com/undefined/status/1854057258910679214;1,20E+18;
1,85E+18;Wed Nov 06 06:33:36 +0000 2024;0;pengen indomie newjeans. dari kemaren belom nemu2;1,85E+18;;;in;;0;0;0;https://x.com/undefined/status/1854049475578470530;196011433;
1,85E+18;Wed Nov 06 05:50:09 +0000 2024;1;@tanyakanrl Aku pernah mix mie ramyeon/ramen lupa + Indomie goreng + mie sedap bawang (2). Dimakan rame sama kaka sepupu aslii enak kalau makan rame bikin ketagihan bikin lagi;1,85E+18;;tanyakanrl;in;;0;0;0;https://x.com/undefined/status/1854038541669744780;1,78E+18;
1,85E+18;Wed Nov 06 05:46:53 +0000 2024;0;Indomie spicy ramyeon yang X New Jeans ENAKKKK 9 9/10. Pedes gurih mienya juga kenyel. Tapi emang kek pedesnya mayan dominan lada sihh. Tapii enakkk;1,85E+18;;;in;;0;1;0;https://x.com/undefined/status/1854037718600458359;1,38E+18;
1,85E+18;Wed Nov 06 04:39:42 +0000 2024;0;nyobain Indomie x Newjeans https://t.co/RBiQvKuEWt;1,85E+18;https://pbs.twimg.com/media/GbrOGlgbkAA8kFx.jpg;;in;;0;0;0;https://x.com/undefined/status/1854020811591676306;1,44E+18;
1,85E+18;Wed Nov 06 04:01:10 +0000 2024;0;indomie yg spicy ramyeon enak woi tapi emg pedes sih;1,85E+18;;;in;;0;0;0;https://x.com/undefined/status/1854011114989994269;1,73E+18;
1,85E+18;Wed Nov 06 03:40:48 +0000 2024;0;Indomie yg spicy ramyeon pedes bgt weh gk kuat;1,85E+18;;;in;;0;1;0;https://x.com/undefined/status/1854005992197144781;1,44E+18;
1,85E+18;Wed Nov 06 02:46:19 +0000 2024;13; | Hyein para a Indomie. #뉴진스 #NewJeans #혜인 #Hyein @NewJeans_ADOR https://t.co/KJgq009uaa;1,85E+18;https://pbs.twimg.com/media/Gbq0JmKWMA8xrT9.jpg;;in;;0;0;2;https://x.com/undefined/status/1853992277070270535;1,54E+18;
1,85E+18;Wed Nov 06 00:32:58 +0000 2024;0;Sarapan pake Indomie × Newjeans with daniii https://t.co/2XGFmPca9b;1,85E+18;https://pbs.twimg.com/media/GbqVoNbaYAAAxLb.jpg;;in;;0;1;0;https://x.com/undefined/status/1853958719832502709;1,23E+18;
1,85E+18;Tue Nov 05 21:53:37 +0000 2024;79;NewJeans x Indomie Ramyun #민지 #Minji #하니 #Hanni #다니엘 #Danielle #해린 #Haerin #혜인 #Hyein #뉴진스 #NewJeans @NewJeans_twt https://t.co/THs1nsgbM0;1,85E+18;https://pbs.twimg.com/media/GbpxKDKXoAAittG.jpg;;in;;0;1;13;https://x.com/undefined/status/1853918620423946331;1,83E+18;
1,85E+18;Tue Nov 05 18:18:41 +0000 2024;0;suka lah kan newjeans collab dengan indomie SEBAB INDOMIE &gt;;;;;;;;;;;
1,85E+18;Tue Nov 05 18:03:11 +0000 2024;0;@tanyakanrl indomie geprek + indomie soto kaya ramyeon ala2;1,85E+18;;tanyakanrl;in;;0;0;0;https://x.com/undefined/status/1853860626260754522;1,65E+18;
1,83E+18;Tue Nov 05 17:35:03 +0000 2024;0;@jlleonghan Ada tau katanya aku nangis mulu jadi dilempar tisu deh! Yang manis juga kayanya enak deh.. sambil nonton film. Nah kalo yang NewJeans aku belum cobain! Tapi kayanya sih enak yaa soalnya dari Indomie. Pengen coba yang belum pernah aku cobain si;1,85E+18;;kimsuncwoo;in;;0;0;0;https://x.com/undefined/status/1853853547898790213;1,50E+18;
1,85E+18;Tue Nov 05 17:19:12 +0000 2024;0;indomie spicy ramyeon enak bgt tp pedes dah buat gua yg toleransi pedesnya standar ini pedesnya melebihi kemampuan gue;1,85E+18;;;in;;0;0;0;https://x.com/undefined/status/1853849558075462094;1,25E+18;
1,85E+18;Tue Nov 05 10:10:21 +0000 2024;0;guys newjeans x Indomie itu sampe tanggal berapa deh....?;1,85E+18;;;in;;0;1;0;https://x.com/undefined/status/1853741637668909509;1,48E+18;
1,85E+18;Tue Nov 05 09:45:48 +0000 2024;0;kalau beli indomie ada chance ke nak dapat pc newjeans? ‍↔️;1,85E+18;;;in;;0;0;0;https://x.com/undefined/status/1853735457944928685;1649395172;
1,85E+18;Tue Nov 05 09:25:39 +0000 2024;0;Shindong tau ga ya kalo indomie collab sama newjeans;1,85E+18;;;in;;0;1;0;https://x.com/undefined/status/1853730387308294147;1,26E+18;
1,85E+18;Tue Nov 05 08:03:36 +0000 2024;0;Ih gue beli indomie spicy ramyeon tapi gada bumbunya di dalem;1,85E+18;;;in;;0;0;0;https://x.com/undefined/status/1853709736941695422;724213759;
1,85E+18;Tue Nov 05 07:59:37 +0000 2024;0;@Indomielovers @NewJeans_ADOR Sebelum liat iklanya udah liat produknya di minimarket dalam hati berkata ooh produk baru Indomie Besokanya tiba2 liat iklanya kaget bareng NewJeans wooww;1,85E+18;;Indomielovers;in;;0;0;0;https://x.com/undefined/status/1853708733895061607;1,10E+18;
1,85E+18;Tue Nov 05 06:49:56 +0000 2024;1;@newjeans_loop ️ INDOMIE SELEREKU;1,85E+18;;newjeans_loop;in;;0;0;0;https://x.com/undefined/status/1853691198059548896;4847315193;
1,85E+18;Tue Nov 05 06:43:31 +0000 2024;0;flying kiss jungkook jaehyun wamil naura txt yeonjun christina aguilera arknights seungchan toronto siang demokrasi sejuk ronald fufufafa gibran mulyono tom kpop bts riize newjeans indomie preloved shopee enhypen baemon yg hybe mhj anies svt seunghan nct kejagung bando;1,85E+18;;;in;;0;0;0;https://x.com/undefined/status/1853689585072742454;1,47E+18;
1,85E+18;Tue Nov 05 06:16:51 +0000 2024;0;indomie spicy ramyeon ENAK BANGET RILLL GA BOONGGGGGG. pedesnya pas banget. list premium indomie gue no 1 nya tori kara dan sekarang udah ke geser (it was taken last night pas mati listrik) https://t.co/BRwn5s4N7E;1,85E+18;https://pbs.twimg.com/media/Gbmav6VakAAePhw.jpg;;in;;0;2;0;https://x.com/undefined/status/1853682873045495911;1,78E+18;
1,85E+18;Tue Nov 05 05:18:25 +0000 2024;0;minimal indomie newjeans nya masakin dlu gpp deh;1,85E+18;;;in;;0;0;0;https://x.com/undefined/status/1853668169707397536;1,35E+18;
1,85E+18;Tue Nov 05 05:01:36 +0000 2024;2;semalem gue mimpi ketemu ads newjeans indomie di jalan gede bgt layarnyaa pas gue brangkat sekolah (wlau aneh soalnya gue udh lulus?!!) tpi kocak nya tuh gue bolos kgk masuk sklh cuma perkara antri foto di ads nj mana nyuruh tmen buat nitip ijin gue gk sklh krna sakit;1,85E+18;;;in;;0;0;0;https://x.com/undefined/status/1853663934911242375;1,72E+18;
1,85E+18;Tue Nov 05 04:58:25 +0000 2024;2;@oreovanillah Otokke~ tapi don t worry Kak rangkaian event Indomie Korean Ramyeon Series ini masih berlangsung kok! Cus kunjungi Indofood Tower Jakarta AEON BSD Sentul JGC dan Deltamas biar bisa seru-seruan bareng Indomie ;1,85E+18;;oreovanillah;in;;0;3;0;https://x.com/undefined/status/1853663136274133291;284428760;
1,85E+18;Tue Nov 05 04:37:54 +0000 2024;0;Salah satu efek mukbang Indomie setelah newjeans jd BA nya wkwkwkwk;1,85E+18;;;in;;0;0;0;https://x.com/undefined/status/1853657972528074773;143720737;
1,85E+18;Tue Nov 05 03:13:07 +0000 2024;844;241105 Minji for Indomie #민지 #Minji #ミンジ #뉴진스 #NewJeans https://t.co/LOHKILVieL;1,85E+18;https://pbs.twimg.com/media/GblwslQaAAATwmj.jpg;;in;;3;0;83;https://x.com/undefined/status/1853636635453534570;1,55E+18;
1,85E+18;Tue Nov 05 03:04:10 +0000 2024;1;Gandeng NewJeans Jadi Global Brand Ambassador Indomie Luncurkan Korean Ramyeon Series https://t.co/4pVThYrzPI;1,85E+18;;;in;;0;0;0;https://x.com/undefined/status/1853634382793470337;1,03E+18;
1,85E+18;Tue Nov 05 02:49:52 +0000 2024;60;241105 | @Newjeans_ADOR s Hanni for Indomie Selera kita sama yaa #뉴진스 #NewJeans #하니 #Hanni https://t.co/oESxteuoel;1,85E+18;https://pbs.twimg.com/media/GblrX_BbsAAvuZy.jpg;;in;;0;0;12;https://x.com/undefined/status/1853630783841611805;7,68E+17;
1,85E+18;Tue Nov 05 02:33:43 +0000 2024;1;@baochioz Hai Kak. Untuk Odeng yang terdapat dalam Indomie Korean Ramyeon Series varian rasa K-Rose hanya ada 1. Jadi yang kamu dapatkan sudah sesuai ya Kak ;1,85E+18;;morintan;in;;0;0;0;https://x.com/undefined/status/1853626721339371547;284428760;
1,85E+18;Tue Nov 05 02:00:01 +0000 2024;0;Ingat kesuksesan tidak datang pada mereka yang menunggu. Jadi jadilah proaktif hari ini! Dapatkan kelas ini secara full disini: https://t.co/ElyfCwv5Ze #BerperilakuProaktif #LakukanSekarang #Sukses #Halloween #NewJeans #INDOMIE https://t.co/RBorRxTMCi;1,85E+18;https://pbs.twimg.com/ext_tw_video_thumb/1852189211971190784/pu/img/IYiQmczz1DO6mM8G.jpg;;in;;0;0;0;https://x.com/undefined/status/1853618239861121069;1312755619;
1,85E+18;Tue Nov 05 01:00:03 +0000 2024;0;@Indomielovers @NewJeans_ADOR boljug nih buat tempat naruh Indomie belinya disini https://t.co/AuVcjWty9V https://t.co/akFjyOl8QX;1,85E+18;https://pbs.twimg.com/ext_tw_video_thumb/1853603112461975552/pu/img/_AO69jyaZwJ1s--n.jpg;Indomielovers;in;;0;0;0;https://x.com/undefined/status/1853603150395232299;1,83E+18;
1,85E+18;Tue Nov 05 00:22:14 +0000 2024;0;WTS JASTIP INDOMIE NEWJEANS KOREAN EDITION DI GEDUNG INDOFOOD SUDIRMAN bisa custom bag strap charm juga dm for order Yg mau beli mie aja lgsg co https://t.co/EgsecazxTN;1,85E+18;;;in;;0;0;0;https://x.com/undefined/status/1853593629669097551;1,27E+18;
1,85E+18;Mon Nov 04 23:39:25 +0000 2024;0;jir indomie yang k-ramyeon kuah is basically SHIN RAMYEON versi 5rban;1,85E+18;;;in;;0;0;0;https://x.com/undefined/status/1853582855152230728;1,14E+18;
1,85E+18;Mon Nov 04 23:35:45 +0000 2024;0;@hanwnni @hi HHHAHAHA NewJeans BA Indomie baru yaaa? Coba kirimin aku setruk nanti buat aku bagi-bagiin juga.;1,85E+18;;haocurn;in;;0;1;0;https://x.com/undefined/status/1853581933713993837;620735951;
1,85E+18;Mon Nov 04 23:14:27 +0000 2024;1;Open jastip bundle mie indomie newjeans lagi yukkk Yg cari merch strap with charm juga bisa dm for order #ohmygooditsindomie https://t.co/ZLhNOlMEyD;1,85E+18;https://pbs.twimg.com/media/Gbk6EY0a8AAQS9N.jpg;;in;;0;0;0;https://x.com/undefined/status/1853576572269387849;1,27E+18;
1,85E+18;Mon Nov 04 18:52:18 +0000 2024;0;@Indomielovers @NewJeans_ADOR Gua tuh pecinta nomor satu indomie ;1,85E+18;;Indomielovers;in;;0;0;0;https://x.com/undefined/status/1853510599264854065;1,33E+18;
1,85E+18;Mon Nov 04 18:43:15 +0000 2024;0;Jadi pengen nonton tv juga biar bisa liat iklan newjeans indomie;1,85E+18;;;in;;0;0;0;https://x.com/undefined/status/1853508323536166992;1,81E+18;
1,85E+18;Mon Nov 04 18:09:52 +0000 2024;0;ABANG UDAH NYOBAIN INDOMIE × NEWJEANS BELUM? :3;1,85E+18;;;in;;0;1;0;https://x.com/undefined/status/1853499920738848834;1,60E+18;
1,85E+18;Mon Nov 04 16:46:18 +0000 2024;0;Aku mau open jastip lagi guyss!! Indomie x newjeans Visit: 7 &amp;;;;;;;;;;;
1,85E+18;Mon Nov 04 16:45:32 +0000 2024;0;ada yang punya lebihan tas indomie x newjeans gak. kemarin mau ngantri tapi aku udah capek banget mau pingsan ;1,85E+18;;;in;;0;1;0;https://x.com/undefined/status/1853478697824862669;1,44E+18;
1,85E+18;Mon Nov 04 16:36:05 +0000 2024;0;udah nyobain dua rasa indomie x newjeans ts slaps;1,85E+18;;;in;;0;0;0;https://x.com/undefined/status/1853476322858914296;302904335;
1,85E+18;Mon Nov 04 16:35:29 +0000 2024;0;@hanniphvam terima kasih banyak cantikku! ︎ btw kemarin aku sudah memborong semua varian indomie x NewJeans loh. kaya nya sebulan kedepan aku bakalan makan indomie terus;1,85E+18;;hanniphvam;in;;0;1;0;https://x.com/undefined/status/1853476172065390923;1,31E+18;
1,85E+18;Mon Nov 04 15:57:33 +0000 2024;0;Sudah mencoba indomie newjeans sangat enakkk will definitely buy it again.;1,85E+18;;;in;;0;0;0;https://x.com/undefined/status/1853466625154195960;1,81E+18;
1,85E+18;Mon Nov 04 15:31:16 +0000 2024;0;Gokil juga ini promosinya Indomie collab sama newjeans abis berapa ya.... pasang billboard masang di MRT/LRT juga;1,85E+18;;;in;;0;0;0;https://x.com/undefined/status/1853460007494512881;329503019;
1,85E+18;Mon Nov 04 15:19:44 +0000 2024;0;eh indomie newjeans yg biru enaak;1,85E+18;;;in;;0;0;0;https://x.com/undefined/status/1853457108513251335;1,26E+18;
1,85E+18;Mon Nov 04 15:16:29 +0000 2024;0;@mirji Bisnis terbaru sekalian bahas newjeans jadi BA indomie.;1,85E+18;;seeup;in;;0;0;0;https://x.com/undefined/status/1853456288191287355;1,61E+18;
1,85E+18;Mon Nov 04 15:10:26 +0000 2024;1;ku sekalinya suka Kpop ya New Jeans..eh kena masalah krn si HYBE bangke.. kesel bubar aja dah tuh agensi hahahaha. eh terus indomie jadiin NJ global BA kan akuuuu harus support ya jadinya *lebay* .. ya udah jam segini masak Indomie rasa korean ramyeon. angan kurus buyar lah https://t.co/8Mv0aN0zHy;1,85E+18;https://pbs.twimg.com/media/GbjLL-baEAA8jA7.jpg;;in;;0;0;0;https://x.com/undefined/status/1853454766594207818;34567472;
1,85E+18;Mon Nov 04 14:58:22 +0000 2024;0;indomie ramyeon yg baru enak juga. yg kuah dan yg goreng enak dua2nya. kurangnya cuma 1 porsinya kedikitan terutama yg goreng ;1,85E+18;;;in;;0;1;0;https://x.com/undefined/status/1853451730924847402;1,46E+18;
1,85E+18;Mon Nov 04 14:54:55 +0000 2024;1;@sheldon24james Kaga anjir akal akal bude bude kabupaten alias army yg mau boycott indomie gegara collab sama newjeans wkwkwkw;1,85E+18;;sheldon24james;in;;0;1;0;https://x.com/undefined/status/1853450860250149158;1,24E+18;
1,85E+18;Mon Nov 04 14:24:25 +0000 2024;0;Parah indomie Newjeans yang rose sama kuah enak banget dah tapi kurang suka yang spicy cikin itu...;1,85E+18;;;in;;0;1;0;https://x.com/undefined/status/1853443185508593916;1,67E+18;
1,85E+18;Mon Nov 04 13:09:24 +0000 2024;0;indomie newjeans udh dijual di pasaran blm sih gue pgn coba;1,85E+18;;;in;;0;0;0;https://x.com/undefined/status/1853424308170928337;1273811971;
1,85E+18;Mon Nov 04 13:05:33 +0000 2024;0;nyobain indomie hanguk ramyeon;1,85E+18;;;in;;0;0;0;https://x.com/undefined/status/1853423338263363666;1,81E+18;
1,85E+18;Mon Nov 04 13:05:07 +0000 2024;0;JD KEPENGEN BELI INDOMIE NEWJEANS &amp;;;;;;;;;;;
1,85E+18;Mon Nov 04 03:07:19 +0000 2024;0;lucu banget pliss #OhMyGoodItsIndomie #NewJeans #IndomieKoreanSeries #indomie https://t.co/LrzOQKujTB;1,85E+18;https://pbs.twimg.com/media/GbglxsHbcAAoa2t.jpg;;in;;0;0;0;https://x.com/undefined/status/1853272788284719116;1,54E+18;
1,85E+18;Mon Nov 04 02:57:54 +0000 2024;0;gemasnya indomie newjeans https://t.co/7JX3gLnoCL;1,85E+18;https://pbs.twimg.com/media/Gbgjnb7awAA1eBU.jpg;;in;;0;0;0;https://x.com/undefined/status/1853270417315958981;1,31E+18;
1,85E+18;Mon Nov 04 02:48:32 +0000 2024;0;@haeribn Huft gagal dimasakin indomie sama Haerin NewJeans &lt;;;;;;;;;;;
1,85E+18;Mon Nov 04 02:34:32 +0000 2024;1;Sarapan pagi ini. Sate dan lontong lalu kita tambahkan indomie goreng sebagai bentuk dukungan kepada para pekerja yang juga dilakukan oleh sang Brand Ambassador NewJeans. Hidangan ini juga dilengkapi oleh sedikit koping mekanisem untuk dinikmati setelah santapan habis . https://t.co/HSTQxoBbhM;1,85E+18;https://pbs.twimg.com/media/GbgeRdlbIAA8NYO.jpg;;in;;2;0;0;https://x.com/undefined/status/1853264537111421006;1,37E+18;
1,85E+18;Mon Nov 04 01:08:18 +0000 2024;0;mari kita coba indomie x newjeans ini;1,85E+18;;;in;;0;1;0;https://x.com/undefined/status/1853242835551899888;7,23E+17;
1,85E+18;Mon Nov 04 00:27:17 +0000 2024;0;Lengah dikit newjeans jadi ba indomie;1,85E+18;;;in;;0;0;0;https://x.com/undefined/status/1853232513612972240;1,64E+18;
1,85E+18;Sun Nov 03 23:32:58 +0000 2024;9;pada asbun kalo indomie bakalan tetep laris tana gaet newjeans YA BENER makanya itu merek gede top indomie gaet nya idol yang top juga masa artis kabupaten cik;1,85E+18;;;in;;1;0;2;https://x.com/undefined/status/1853218844636250509;1,59E+18;
1,85E+18;Sun Nov 03 22:18:02 +0000 2024;0;@foztunes ntu yg indomie x nj wkwkwk. indomie korean series yg ramyeon;1,85E+18;;;in;;0;0;0;https://x.com/undefined/status/1853199987624354297;82013989;
1,85E+18;Sun Nov 03 19:23:47 +0000 2024;0;eh newjeans x Indomie booth nya dimana deh?;1,85E+18;;;in;;0;0;0;https://x.com/undefined/status/1853156137031590293;1,48E+18;
1,85E+18;Sun Nov 03 18:02:08 +0000 2024;0;anying indomie newjeans prasaan baru announce 4 harian hari ini dah trakhir aja di gancit;1,85E+18;;;in;;0;1;0;https://x.com/undefined/status/1853135590176497666;1,49E+18;
1,85E+18;Sun Nov 03 17:46:08 +0000 2024;0;indomie newjeans yang spicy ramyeon enaaaak bgt tapi msh blm bs ngegeser tori miso si ;1,85E+18;;;in;;0;0;0;https://x.com/undefined/status/1853131563770450178;1,84E+18;
1,85E+18;Sun Nov 03 17:02:59 +0000 2024;0;habis nyoba Indomie yg spicy ramyeon jujur kurang cocok sm lidah ku padahal ramyeon yg dri samyang itu aku suka.....kenapa ini malah beda gitu......jujur gaada otentiknya samsek g ky yg variant jepang. gpp deh sesekali nyoba jg......next nyoba fiery chikin atau krose ya?;1,85E+18;;;in;;0;0;0;https://x.com/undefined/status/1853120702049902963;1,67E+18;
1,85E+18;Sun Nov 03 15:58:41 +0000 2024;1;keujanan migraine kumat di rumah cuma ada indomie spicy ramyeon padahal gue ga bisa makan pedes sama sekali asik asik jossss ‍‍;1,85E+18;;;in;;0;1;0;https://x.com/undefined/status/1853104522295693349;1,36E+18;
1,85E+18;Sun Nov 03 15:57:42 +0000 2024;1;mari kita coba indomie x newjeans https://t.co/tVoLp4ZKzl;1,85E+18;https://pbs.twimg.com/media/GbeMgska0AEIfK5.jpg;;in;;0;1;0;https://x.com/undefined/status/1853104275091775606;1,69E+18;
1,85E+18;Sun Nov 03 14:57:46 +0000 2024;0; baru kelar mam indomie variant ramyeon. Enak! Rekomen yang Rose.;1,85E+18;;;in;;0;0;0;https://x.com/undefined/status/1853089191862972510;1,78E+18;
1,85E+18;Sun Nov 03 14:39:09 +0000 2024;0;@AdorishEloise aku hari ini baru makan sekali yaitu makan indomie newjeans;1,85E+18;;saintbelli;in;;0;1;0;https://x.com/undefined/status/1853084506116530352;1,78E+18;
1,85E+18;Sun Nov 03 14:20:41 +0000 2024;0;ternyata krn ada event indomie newjeans anjir kalo gitu harusny gue mampir gasiii gue udh tau eventnya dr awal keluar tp gatau kalo itu di gancit bngst;1,85E+18;;kim__kaibear;in;;0;0;0;https://x.com/undefined/status/1853079859519709535;1,27E+18;
1,85E+18;Sun Nov 03 14:19:56 +0000 2024;0;Genkssss cobain Indomie Ramyeon Series iniii enaakkk bgt guys @Indomielovers #IndomieRamyeonSeries https://t.co/Ay7UT6zYfD;1,85E+18;https://pbs.twimg.com/media/Gbd1rUQaYAAKeu1.jpg;;in;;0;0;0;https://x.com/undefined/status/1853079670029480297;3281368507;
1,85E+18;Sun Nov 03 14:13:10 +0000 2024;0;Indomie Spicy Ramyeon beneran PEDES BGT ANJERRRRR apa gua yg udh gak bisa toleransi rasa pedas ya? Pedes bgt segini dah tambah kimchi jadi brrrr asam pedas asin. Terus keknya kuahnya kudu se-danau anjay https://t.co/CzMxZhbwG5;1,85E+18;https://pbs.twimg.com/media/Gbd0lcTaYAAmPLw.jpg;;in;;0;2;0;https://x.com/undefined/status/1853077968224210995;1864399862;
1,85E+18;Sun Nov 03 13:47:41 +0000 2024;0;Agak sedih kenapa ga ada printilan Indomie newjeans...;1,85E+18;;;in;;0;0;0;https://x.com/undefined/status/1853071551786258841;1,79E+18;
1,85E+18;Sun Nov 03 07:12:02 +0000 2024;0;Open jastip Indomie korean ramyeon series X NewJeans 40k dapet 1 bundle (isi 5 mie + pvc bag) Bisa co oren excl adm yaa Jakarta Utara https://t.co/dMDtZYVi5h;1,85E+18;https://pbs.twimg.com/media/GbcUI5VbQAAqXT-.jpg;;in;;0;0;0;https://x.com/undefined/status/1852971985678340186;1,16E+18;
1,85E+18;Sun Nov 03 07:10:53 +0000 2024;1;Open jastip Indomie korean ramyeon series X NewJeans 40k dapet 1 bundle (isi 5 mie + pvc bag) Bisa co oren excl adm yaa Jakarta Utara https://t.co/wFT7AO5WS6;1,85E+18;https://pbs.twimg.com/media/GbcTy8qb0AAcoqW.jpg;;in;;0;1;0;https://x.com/undefined/status/1852971697437290584;1,16E+18;
1,85E+18;Sun Nov 03 07:07:06 +0000 2024;0;Gk ada yang open jastip indomie x newjeans di gancit apa;1,85E+18;;;in;;0;1;0;https://x.com/undefined/status/1852970745074512113;1,14E+18;
1,85E+18;Sun Nov 03 06:59:39 +0000 2024;1;habis beli indomie yg sama newjeans itu kok gua ga dapet pc nya;1,85E+18;;;in;;0;1;0;https://x.com/undefined/status/1852968868375101628;1,74E+18;
1,85E+18;Sun Nov 03 06:43:15 +0000 2024;0;Indomie spicy ramyeon enak banget orgil;1,85E+18;;;in;;0;1;0;https://x.com/undefined/status/1852964743612678172;8,56E+17;
1,85E+18;Sun Nov 03 06:26:42 +0000 2024;5;eh sumpah kataku sih kalian harus coba varian terbaru indomie yang collab sama newjeans KARNA BENERAN ENAKBGT!!! :((( https://t.co/Zo5ZAO9dO1;1,85E+18;https://pbs.twimg.com/media/GbcJz6CbYAA9W0b.jpg;;in;;0;4;0;https://x.com/undefined/status/1852960578517844443;9,90E+17;
1,85E+18;Sun Nov 03 06:20:42 +0000 2024;22;KOREAN RAMYEON SERIES! Indomie Lovers x Bunnies WAJIB COBA~ Baru launching &amp;;;;;;;;;;;
1,85E+18;Sun Nov 03 05:49:02 +0000 2024;0;@OlgaLy_DIA Iyah mereka ga bilang Indomie tapi suka ramyeon mi goreng ;1,85E+18;;OlgaLy_DIA;in;;0;0;0;https://x.com/undefined/status/1852951098946122202;45065148;
1,85E+18;Sun Nov 03 05:13:05 +0000 2024;0;ak suka indomie ak suka newjeans ;1,85E+18;;;in;;0;0;0;https://x.com/undefined/status/1852942049458426258;1,05E+18;
1,85E+18;Sun Nov 03 04:53:08 +0000 2024;0;Siapa jastip indomie x newjeans oh my god;1,85E+18;;;in;;0;0;0;https://x.com/undefined/status/1852937029140783282;503873317;
1,85E+18;Sun Nov 03 04:52:18 +0000 2024;22;Ngga di beli army pun ngga rugi. Warung2 banyak yg beli penjual mi nyemek mie bangladesh dan sejenis nya pakai indomie. Newjeans digaet jadi BA bukan buat naikin penjualan tapi buat branding indomie dimata inter. Mau semua army di dunia ngga makan indomie pun ngga ngaruh ;1,85E+18;;;in;;0;0;2;https://x.com/undefined/status/1852936819257868517;1,51E+18;
1,85E+18;Sun Nov 03 04:46:36 +0000 2024;0;rodok kaget newjeans captione indomie lha ternyata BA.;1,85E+18;;;in;;0;0;0;https://x.com/undefined/status/1852935386466812051;797430872;
1,85E+18;Sun Nov 03 04:42:17 +0000 2024;0;km gk mau bikin indomie + pc newjeans di dalemnya ta? @indofood;1,85E+18;;;in;;0;1;0;https://x.com/undefined/status/1852934300913823772;1,03E+18;
1,85E+18;Sun Nov 03 04:33:07 +0000 2024;0;ehh ini indomie rasa newjeans kok ga ada yaa di daerah mu habiss kahh???;1,85E+18;;;in;;0;1;0;https://x.com/undefined/status/1852931992624709721;1,32E+18;
1,85E+18;Sun Nov 03 04:24:10 +0000 2024;0;penasaran sama indomie newjeans itu;1,85E+18;;;in;;0;0;0;https://x.com/undefined/status/1852929739540877667;1,15E+18;
1,85E+18;Sun Nov 03 04:07:30 +0000 2024;0;Iklan tv indomie x newjeans lewat mulu Jadi betah nonton TV ny;1,85E+18;;;in;;0;0;0;https://x.com/undefined/status/1852925547514634731;1,51E+18;
1,85E+18;Sun Nov 03 04:00:52 +0000 2024;0;@indomie x @NewJeans_ADOR ku udah sampai can't wait to try besok https://t.co/de1yLwh311;1,85E+18;https://pbs.twimg.com/media/GbbocNVacAAL5iq.jpg;IndoMie;in;;0;0;0;https://x.com/undefined/status/1852923876294242530;121988280;
1,85E+18;Sun Nov 03 03:27:56 +0000 2024;3;@damuselette Ini kan kontennya newjeans x indomie kak ya pasti fyp ke bunnies tapi fans-nya BT5 ini malah salpak dan salty;1,85E+18;;damuselette;in;;0;1;0;https://x.com/undefined/status/1852915588349538754;1,24E+18;
1,85E+18;Sun Nov 03 02:48:30 +0000 2024;2;Gua yg udh nyobain varian Indomie yg baru sebelum tau si celana jadi BA rasanya pengen gua muntahin lagi gara2 kelakuan fans dan kpopers yg sok2an begini Kek lebayy bgt anjir.. Bukan si newjeans BA nya juga emg lu pada makan Indomie tiap hari..;1,85E+18;;;in;;0;1;0;https://x.com/undefined/status/1852905663346954476;3278977044;
1,85E+18;Sun Nov 03 02:44:25 +0000 2024;0;INFOKAN INDOMIE X NEWJEANS;1,85E+18;;;in;;0;1;0;https://x.com/undefined/status/1852904637395091882;1,25E+18;
1,85E+18;Sat Nov 02 15:48:31 +0000 2024;0;Lu semua harus coba indomie spicy ramyeon mantep banget. Yg pusing makan ini langsung ilang kata gue mah pusing nya. Bener bener spicy https://t.co/f4uf14eqOV;1,85E+18;https://pbs.twimg.com/media/GbZAz1xbIAAJxwB.jpg;;in;;0;0;0;https://x.com/undefined/status/1852739572691784130;1,53E+18;
1,85E+18;Sat Nov 02 15:22:38 +0000 2024;0;Btw gue fomo bgt liat Indomie baru yang kerja sama Ama newjeans katanya enak akhirnya w beli tadi di Aeon tapi Lum di makan soon lakh mau pake Enoki keknya enakeun;1,85E+18;;;in;;0;1;0;https://x.com/undefined/status/1852733062775447747;1,25E+18;
1,85E+18;Sat Nov 02 14:53:29 +0000 2024;1;tes emih ramyeon merek indomie https://t.co/XV6f2JHu6P;1,85E+18;https://pbs.twimg.com/ext_tw_video_thumb/1852725695484751872/pu/img/c9DVohQ44DwfEsEn.jpg;;in;;0;0;0;https://x.com/undefined/status/1852725726895861929;1,12E+18;
1,85E+18;Sat Nov 02 14:38:51 +0000 2024;0;@raingdrop korean ramyeon inii anjay nyolong header indomie gw https://t.co/PVk2fjT4PA;1,85E+18;https://pbs.twimg.com/media/GbYw37FboAAVazq.jpg;raingdrop;in;;0;1;0;https://x.com/undefined/status/1852722041189019763;951703957;
1,85E+18;Sat Nov 02 14:17:52 +0000 2024;1;@Fatiyadaani Hmmm ditampung dulu ya sarannya Stay tuned dan yuk makan dulu Indomie Korean Ramyeon Series-nya ;1,85E+18;;Fatiyadaani;in;;0;0;0;https://x.com/undefined/status/1852716760174395392;284428760;
1,85E+18;Sat Nov 02 14:13:20 +0000 2024;0;buzzer indomie korean ramyeon banyak juga;1,85E+18;;;in;;1;0;0;https://x.com/undefined/status/1852715620544253986;1,78E+18;
1,85E+18;Sat Nov 02 14:11:24 +0000 2024;0;aku baru tau ada indomie varian ramyeon spicy sama ramyeon rose hahah tadi aku beli karena penasaran rasanya gimana;1,85E+18;;;in;;0;0;0;https://x.com/undefined/status/1852715134646665693;1,57E+18;
1,85E+18;Sat Nov 02 14:05:20 +0000 2024;1;@whyggto @tanyarlfes newjeans abis di umumin jd ba indomie kayanya ni yg komen yg benci nj wkwkkw gajelas bgt;1,85E+18;;whyggto;in;;0;0;0;https://x.com/undefined/status/1852713606699470907;1,34E+18;
1,85E+18;Sat Nov 02 14:04:22 +0000 2024;0;@losingyew aku malah belum pernah beli yang indomie fiery chickin karena ga minatt kalo yang ramyeon biru itu pedes banget menurutku rasa kuahnya kayak mie gelas tapi enak kok ;1,85E+18;;ciyoem;in;;0;1;0;https://x.com/undefined/status/1852713365350859034;1,69E+18;
1,85E+18;Sat Nov 02 13:43:35 +0000 2024;1;@PutriAdinda1718 @NewJeans_ADOR @Indomielovers Berharap Indomie ada pc nya juga hihiw;1,85E+18;;Jake_shinyu_42;in;;0;0;0;https://x.com/undefined/status/1852708134013526441;63616336;
1,85E+18;Sat Nov 02 13:34:42 +0000 2024;0;mau makan indomie sampe kliyengan sebagai bentuk support kpd newjeans;1,85E+18;;;in;;0;0;0;https://x.com/undefined/status/1852705896704664041;1,58E+18;
1,85E+18;Sat Nov 02 13:31:32 +0000 2024;0;Indomie juga gak akan bangkrut kalau lo kaga makan bjir Newjeans coba next iklanin mama lemon biar makin tantrum para budhe;1,85E+18;;;in;;0;0;0;https://x.com/undefined/status/1852705101049467160;1,29E+18;
1,85E+18;Sat Nov 02 13:31:08 +0000 2024;33;@Piyuuuuu21_ @tanyarlfes Sebagian immature Army yg menjadi stan Hybe ga terima saat Newjeans speak up ttg mistreatment Hybe ke mereka trus mereka jd nge hate Newjeans. Lucunya lg Army Indo itu sering menyebut diri mereka sbg Indomy trus skrg Nj malah jd B;1,85E+18;;Piyuuuuu21_;in;;2;1;2;https://x.com/undefined/status/1852705002751746481;1,48E+18;
1,85E+18;Sat Nov 02 13:27:11 +0000 2024;0;@abcdestri88 @tanyarlfes mereka ni bude2 army aka fans bts mereka kan ga seneng sm newjeans. nah nj jd BA nya indomie yauda deh mreka mau boikot indomie wkwk;1,85E+18;;abcdestri88;in;;0;0;0;https://x.com/undefined/status/1852704006617108497;1,64E+18;
1,85E+18;Sat Nov 02 13:23:00 +0000 2024;0;Indomie x NewJeans udah ada di minimarket belum ya? W paling gak bisa nih kalau masalah mie instant pasti fomo;1,85E+18;;;in;;0;1;0;https://x.com/undefined/status/1852702952387150023;1,79E+18;
1,85E+18;Sat Nov 02 13:21:27 +0000 2024;42;@tanyarlfes Konteks: Girl group dari korsel (newjeans) jadi BA indomie terus hater grup mereka (ada yang penggemar grup lain) pd bikin narasi seolah2 gak makan indomie lagi ah karena BA nya newjeans beralih ke merk lain aja deh duh kecewa pdahal rasa (sal;1,85E+18;;tanyarlfes;in;;0;2;0;https://x.com/undefined/status/1852702566221758542;1,71E+18;
1,85E+18;Sat Nov 02 13:19:18 +0000 2024;0;@skiesduzt beneerr nah karena collab sm newjeans jadi makin cuan cuan kan tuh indomie. indomie ga sm nj aja cuan gimana sm nj sekarang;1,85E+18;;;in;;0;1;0;https://x.com/undefined/status/1852702024972005580;1,79E+18;
1,85E+18;Sat Nov 02 13:12:12 +0000 2024;0;Indomie yang collab sama newjeans rasanya enak anjirrr kaya perpaduan shin ramyun sama indomie so delish woy cuma tadi gak tau kalau mienya bakalan pedes jadi gue kasih cabe rawit jadinya pedes banget;1,85E+18;;;in;;0;1;0;https://x.com/undefined/status/1852700236868960626;1,53E+18;
1,85E+18;Sat Nov 02 13:10:46 +0000 2024;1;I just trying new Indomie fried noodles New Jeans enak sih tp mirip dikit ke Samyang... Rasanya kurang pedes dan kurang gurih sih menurut w pencita pedas gurih tp so far lumayan lah 60% by me... #gyoza #indomienewejans #newjeans #taste #friedchicken #noodles #indomie #foodie https://t.co/qxGuBQphVH;1,85E+18;https://pbs.twimg.com/media/GbYcsTiacAAGy1B.jpg;;in;;0;0;0;https://x.com/undefined/status/1852699874619424785;3401559432;
1,85E+18;Sat Nov 02 13:10:17 +0000 2024;0;indomie spicy ramyeon yg kuah sup jamur enak bgt plis ada terus sampe kiamat;1,85E+18;;;in;;0;1;0;https://x.com/undefined/status/1852699752460435897;1,28E+18;
1,85E+18;Sat Nov 02 08:37:08 +0000 2024;0;pulang ngantor capek2. tp semangat lagiiii krn dimana² ada Billboard Indomie x Newjeans https://t.co/IJyXPnSeNF;1,85E+18;https://pbs.twimg.com/media/GbXeFdqbwAAcOM0.jpg;;in;;0;0;0;https://x.com/undefined/status/1852631012070834633;1,72E+18;
1,85E+18;Sat Nov 02 08:37:02 +0000 2024;0;OMG Billboard Indomie NewJeans Takeover Jakarta literally ada di setiap sudut kota gemes parah! Baru tadi liat di SCBD terus di Bundaran HI juga ada bikin Jakarta makin rame dan seru aja vibes-nya! https://t.co/OUYi0ThRZR;1,85E+18;https://pbs.twimg.com/media/GbXeENnbIAACl39.jpg;;in;;0;0;0;https://x.com/undefined/status/1852630988859543881;8,79E+17;
1,85E+18;Sat Nov 02 08:36:55 +0000 2024;0;Nahh ini bakal meledak banget ada hot info Newjeans berkolaborasi dengan Indomie bakal ditunggu tunggu produk barunya https://t.co/FNzXITb31r;1,85E+18;https://pbs.twimg.com/media/GbXeCfRbYAAJldm.jpg;;in;;0;0;0;https://x.com/undefined/status/1852630958706680235;1,83E+18;
1,85E+18;Sat Nov 02 08:36:27 +0000 2024;0;Aduh kebayang tiap hari liat Billboard Indomie NewJeans Takeover Jakarta hype banget! Makin pengen cobain varian baru Indomie siapa tau bisa seikonik mereka https://t.co/wu64vv1zh6;1,85E+18;https://pbs.twimg.com/media/GbXd7q-bIAA1qKw.jpg;;in;;0;0;0;https://x.com/undefined/status/1852630843598278978;7,72E+17;
1,85E+18;Sat Nov 02 08:36:24 +0000 2024;0;Aaah toloong indomie x newjeans ada di mana lucu banget billboard nya https://t.co/xspbTFwGPp;1,85E+18;https://pbs.twimg.com/media/GbXd6sDakAAM6dt.jpg;;in;;0;0;0;https://x.com/undefined/status/1852630828754559197;1,83E+18;
1,85E+18;Sat Nov 02 08:36:07 +0000 2024;0;Billboard Indomie NewJeans Takeover Jakarta loh! tadi aku liat di mrt dan sekarang liat di jalan jugaa https://t.co/XuD187A8JN;1,85E+18;https://pbs.twimg.com/media/GbXd2vAaoAAajYK.jpg;;in;;0;0;0;https://x.com/undefined/status/1852630756449026128;1,79E+18;
1,85E+18;Sat Nov 02 08:36:01 +0000 2024;1;Indomie x NewJeans dimana-mana ada sampai di MRT ada juga keren banget dah. https://t.co/L12nqsWdcw;1,85E+18;https://pbs.twimg.com/media/GbXd1Rab0AAm1xq.jpg;;in;;0;0;0;https://x.com/undefined/status/1852630732545671593;1,83E+18;
1,85E+18;Sat Nov 02 08:36:00 +0000 2024;2;jalan jalan sore kali ini nemuin billboardnya Indomie x NewJeans dong! Global Ambassadornya beneran the best https://t.co/O7Mc8sDVy2;1,85E+18;https://pbs.twimg.com/media/GbXd0ykbEAApa1n.jpg;;in;;0;0;0;https://x.com/undefined/status/1852630729978757141;1,53E+18;
1,85E+18;Sat Nov 02 08:35:56 +0000 2024;0;Di Bundaran HI rame billboard kayak gini Kayaknya brand Indonesia udh makin mendunia Indomie x Newjeans https://t.co/Ah44IEtrHr;1,85E+18;https://pbs.twimg.com/media/GbXdzNOaEAEC_bF.jpg;;in;;0;0;0;https://x.com/undefined/status/1852630713482481761;1,74E+18;
1,85E+18;Sat Nov 02 08:35:45 +0000 2024;0;jujur penasaran bgt setelah liat Billboard Indomie NewJeans Takeover Jakarta jadi pengen cobain yg baru dari collabnya Indomie x NewJeans https://t.co/kKPjkabkWE;1,85E+18;https://pbs.twimg.com/media/GbXdxTSasAA-1Mq.jpg;;in;;0;0;0;https://x.com/undefined/status/1852630666439168238;1,82E+18;
1,85E+18;Sat Nov 02 08:35:36 +0000 2024;0;woww Billboard Indomie X NewJeans udah ada di Jakarta loh pulang kerja yg tadinya loyo jd langsung semangat nih https://t.co/746sFxtsK6;1,85E+18;https://pbs.twimg.com/media/GbXdvBMbQAAGOz9.jpg;;in;;0;0;0;https://x.com/undefined/status/1852630626752696688;1,82E+18;
1,85E+18;Sat Nov 02 08:35:29 +0000 2024;0;pulang kerja salfok bangett banyak billboard Indomie x Newjeans https://t.co/NjhD9vjtWt;1,85E+18;https://pbs.twimg.com/media/GbXdti7aoAA1KnI.jpg;;in;;0;0;0;https://x.com/undefined/status/1852630599741415560;1,72E+18;
1,85E+18;Sat Nov 02 08:34:43 +0000 2024;0;Liat Billboard Indomie NewJeans takeover Jakarta jadi pengen nyobain gak sih cocok banget nih sama cuaca mendung makan indomie yang baru https://t.co/M7Q1Gx58Dr;1,85E+18;https://pbs.twimg.com/media/GbXdiIhbwAAYX1h.jpg;;in;;0;0;0;https://x.com/undefined/status/1852630403372433784;1,77E+18;
1,85E+18;Sat Nov 02 08:34:21 +0000 2024;0;jadi pengen cobain semua varian indomie dehh apalagi udah disponsori Billboard Indomie NewJeans Takeover Jakarta https://t.co/zsabwmcA4l;1,85E+18;https://pbs.twimg.com/media/GbXdc0faoAENsmQ.jpg;;in;;0;0;0;https://x.com/undefined/status/1852630312653889765;1,73E+18;
1,85E+18;Sat Nov 02 08:34:13 +0000 2024;0;lucuuunya ada banyak billboard Indomie x NewJeans di sekitaran Jakarta ini. yakali gak dicobain️ https://t.co/JZ0VA9jla2;1,85E+18;https://pbs.twimg.com/media/GbXdagpbcAAlwE1.jpg;;in;;0;0;0;https://x.com/undefined/status/1852630280689086742;1,59E+18;
1,85E+18;Sat Nov 02 08:34:03 +0000 2024;0;Gileee pas naik MRT juga ketemu. Billboard Indomie NewJeans Takeover Jakarta Rasanya kayak Jakarta lagi party global keren banget lihat brand lokal selevel internasional ini! https://t.co/pIGLZUPclz;1,85E+18;https://pbs.twimg.com/media/GbXdYapbkAAiF1B.jpg;;in;;0;0;0;https://x.com/undefined/status/1852630236787286160;8,58E+17;
1,85E+18;Sat Nov 02 08:33:48 +0000 2024;0;Keren dan ikut seneng brand Indonesia meroket sampai level dunia jadi makin suka sama Indomie yang collab sama NewJeans.. https://t.co/0qcCjGtFJg;1,85E+18;https://pbs.twimg.com/media/GbXdU1EawAAHjd-.jpg;;in;;0;0;0;https://x.com/undefined/status/1852630176452256209;1,83E+18;
1,85E+18;Sat Nov 02 08:33:47 +0000 2024;0;Kaget banget gua hari ini dimana2 ngeliat billboard isinya Indomie X NewJeans semua https://t.co/yOS6tDot59;1,85E+18;https://pbs.twimg.com/media/GbXdUifbIAASevG.jpg;;in;;0;0;0;https://x.com/undefined/status/1852630169833594991;1,79E+18;
1,85E+18;Sat Nov 02 08:33:23 +0000 2024;0;Pas lagi jalan pulang salfok sama Billboard Indomie NewJeans Takeover Jakarta ada gebrakan apa ya dari Indomie x NewJeans penasaran bgt https://t.co/bXxhZbqx4s;1,85E+18;https://pbs.twimg.com/media/GbXdOp5aoAEafap.jpg;;in;;0;0;0;https://x.com/undefined/status/1852630069119975542;1,85E+18;
1,85E+18;Sat Nov 02 08:32:47 +0000 2024;0;Global ambassador terdabes dah bener2 ada di semua billboard Indomie x Newjeans aaak gemes https://t.co/BRaQaiG02D;1,85E+18;https://pbs.twimg.com/media/GbXdF-naEAAmWPh.jpg;;in;;0;0;0;https://x.com/undefined/status/1852629920067023018;1,69E+18;
1,85E+18;Sat Nov 02 08:32:45 +0000 2024;0;Keren abis dah Billboard Indomie NewJeans Takeover Jakarta jadi bagus liatnya https://t.co/jRVD19wR1v;1,85E+18;https://pbs.twimg.com/media/GbXdFERawAASK9J.jpg;;in;;0;0;0;https://x.com/undefined/status/1852629910663422424;1,82E+18;
1,85E+18;Sat Nov 02 08:32:41 +0000 2024;0;setelah liet billboard Indomie x NewJeans di PI makinnn penasaran banget sih mau coba.. apalagi di Jakarta ini udah ada dimana2 https://t.co/UqYwdvsSEG;1,85E+18;https://pbs.twimg.com/media/GbXdEAgakAAS3n8.jpg;;in;;0;0;0;https://x.com/undefined/status/1852629894435586430;1,46E+18;
1,85E+18;Sat Nov 02 08:32:22 +0000 2024;0;mimpi apa gw bisa lihat NewJeans kolab bareng Indomie seneng bngt apalagi di Jakarta Billboard nya ada dimana2 https://t.co/3N7lpL4Yw4;1,85E+18;https://pbs.twimg.com/media/GbXc_E7bYAAeBle.jpg;;in;;0;0;0;https://x.com/undefined/status/1852629815876284796;1,82E+18;
1,85E+18;Sat Nov 02 08:32:19 +0000 2024;0;Kiyowooo liat Billboard Indomie NewJeans Takeover Jakarta udah dimana mana keren sih https://t.co/14RODtDBqq;1,85E+18;https://pbs.twimg.com/media/GbXc_CbaYAAo-pt.jpg;;in;;0;0;0;https://x.com/undefined/status/1852629800697139498;1,77E+18;
1,85E+18;Sat Nov 02 08:32:12 +0000 2024;0;Billboard Indomie NewJeans Takeover Jakarta bikin kaget banget woww tiba-tiba ada idolku di layar segede ituu https://t.co/QdYkFjM4Hf;1,85E+18;https://pbs.twimg.com/media/GbXc9Uza0AA1zPL.jpg;;in;;0;0;0;https://x.com/undefined/status/1852629770795885011;1,73E+18;
1,85E+18;Sat Nov 02 08:31:47 +0000 2024;0;Kiyowooo indomie x newjeans ada di mana ini https://t.co/3rkYtYiuJm;1,85E+18;https://pbs.twimg.com/media/GbXc22UakAArodi.jpg;;in;;0;0;0;https://x.com/undefined/status/1852629666429116440;1,74E+18;
1,85E+18;Sat Nov 02 08:31:43 +0000 2024;0;Sepanjang HI bnyk bgt Billboard Indomie x NewJeans bikin gue salfok mantap nih Indomie jd pengen coba rasa yang baru nya https://t.co/JoR8PddBFb;1,85E+18;https://pbs.twimg.com/media/GbXc2RDbUAA5TvK.jpg;;in;;0;0;0;https://x.com/undefined/status/1852629649060446547;1,65E+18;
1,85E+18;Sat Nov 02 08:31:34 +0000 2024;0;Liatin foto Billboard Indomie NewJeans Takeover Jakarta di sosmed jadi makin ga sabar nyobain produk barunya! https://t.co/6BtEIVK4He;1,85E+18;https://pbs.twimg.com/media/GbXcy3ubUAAfbLK.jpg;;in;;0;0;0;https://x.com/undefined/status/1852629614222569761;1,79E+18;
1,85E+18;Sat Nov 02 08:31:31 +0000 2024;0;Bener2 seharian ini ngeliat billboard nya Indomie X NewJeans dimana2 https://t.co/y72MPT14mQ;1,85E+18;https://pbs.twimg.com/media/GbXczTjbwAACwSC.jpg;;in;;0;0;0;https://x.com/undefined/status/1852629600729506195;1,80E+18;
1,85E+18;Sat Nov 02 08:31:20 +0000 2024;0;Pas lagi di KRL gue salfok dah billboard Indomie x Newjeans gede banget dan ada di jalan2 utama https://t.co/lnGpHIdtwD;1,85E+18;https://pbs.twimg.com/media/GbXcw1obMAEddUR.jpg;;in;;0;0;0;https://x.com/undefined/status/1852629555846283501;1,73E+18;
1,85E+18;Sat Nov 02 08:31:12 +0000 2024;0;Main ke PI malah liat indomie x Newjeans gue jadi penasaran rasa indomie yang baru https://t.co/AKkopUStNU;1,85E+18;https://pbs.twimg.com/media/GbXcuS8aEAApnVP.jpg;;in;;0;0;0;https://x.com/undefined/status/1852629519858909480;2226550238;
1,85E+18;Sat Nov 02 08:31:00 +0000 2024;0;keren bgt dah Billboard Indomie NewJeans Takeover Jakarta kolaborasi terkeren Indomie x NewJeans sih ini https://t.co/SpbJecXz74;1,85E+18;https://pbs.twimg.com/media/GbXcr4qbEAAnloG.jpg;;in;;0;0;0;https://x.com/undefined/status/1852629471632978048;1,84E+18;
1,85E+18;Sat Nov 02 08:30:45 +0000 2024;0;Asli ini gokil banget Indomie x Newjeans ini bukan kaleng-kaleng marketingnya everywhere https://t.co/WkPpFm0VkU;1,85E+18;https://pbs.twimg.com/media/GbXcoJvbAAArpij.jpg;;in;;0;0;0;https://x.com/undefined/status/1852629408223531127;1,74E+18;
1,85E+18;Sat Nov 02 08:30:39 +0000 2024;0;Billboard Indomie NewJeans Takeover Jakarta nih hari ini aku udah liat 1 kali loh keren banget produk kita mendunia https://t.co/nhf9MAakSq;1,85E+18;https://pbs.twimg.com/media/GbXcmoYbkAAW2g-.jpg;;in;;0;0;0;https://x.com/undefined/status/1852629381203837429;1,73E+18;
1,85E+18;Sat Nov 02 08:30:17 +0000 2024;0;Gak sengaja liat Billboard Indomie NewJeans Takeover Jakarta Ini keren banget sih brand Indonesia Collab sama NewJeans https://t.co/GRlstiOnUg;1,85E+18;https://pbs.twimg.com/media/GbXchUZbEAAmGKW.jpg;;in;;0;0;0;https://x.com/undefined/status/1852629289956688276;1,76E+18;
1,85E+18;Sat Nov 02 08:30:17 +0000 2024;0;Cung yang udah nemuin iklannya Indomie x Newjeans?? Aku sih dari tadi udah ya jadi ngiler indomie saking sering liat iklannya https://t.co/QyhVfNsv0W;1,85E+18;https://pbs.twimg.com/media/GbXchNmbMAAzUtF.jpg;;in;;0;0;0;https://x.com/undefined/status/1852629287826039196;1,80E+18;
1,85E+18;Sat Nov 02 08:29:57 +0000 2024;0;Lagi jalan penasaran sama billboard nya indomie x newjeans emang keren banget udh meroket aja nih brand indonesia https://t.co/NFuHCZZJyl;1,85E+18;https://pbs.twimg.com/media/GbXcbSDaIAA4-WP.jpg;;in;;0;0;0;https://x.com/undefined/status/1852629204598497521;1,82E+18;
1,85E+18;Sat Nov 02 08:29:42 +0000 2024;0;Gebrakan baru kaget Indomie kolaborasi sama NewJeans pengen buru buru beli produk barunya https://t.co/1nveAfkDAx;1,85E+18;https://pbs.twimg.com/media/GbXcYytbQAAjly_.jpg;;in;;0;0;0;https://x.com/undefined/status/1852629143231647802;1,82E+18;
1,85E+18;Sat Nov 02 08:29:33 +0000 2024;0;awwwww gw sampe ngitungin Billboard Indomie X Newjeans ada dimana mana emang layak meroket mendunia si https://t.co/Y8I9s0Q5EZ;1,85E+18;https://pbs.twimg.com/media/GbXcWqybwAAZjTW.jpg;;in;;0;0;0;https://x.com/undefined/status/1852629106711794029;1,82E+18;
1,85E+18;Sat Nov 02 08:29:28 +0000 2024;0;@hrnewji @Indomielovers @NewJeans_twt @NewJeans_ADOR bolehhhh tapi beliin aku indomie 1 truk;1,85E+18;;haerinif;in;;0;0;0;https://x.com/undefined/status/1852629083542495306;1,70E+18;
1,85E+18;Sat Nov 02 08:26:17 +0000 2024;0;Idola gue nihhh ya Allah cakeup2 semua collabs Indomie x NewJeans keren pisan https://t.co/CdlqCAoeoh;1,85E+18;https://pbs.twimg.com/media/GbXbiAabcAAEd0K.jpg;;in;;0;0;0;https://x.com/undefined/status/1852628281054646697;1,77E+18;
1,85E+18;Sat Nov 02 08:26:05 +0000 2024;0;ah terharu bgt bisa lihat Billboard Indomie X NewJeans ada dimana2 bahkan mereka udah takever jakarta nih https://t.co/4pjTyUZ4gF;1,85E+18;https://pbs.twimg.com/media/GbXbjfOa4AA2owR.jpg;;in;;0;0;0;https://x.com/undefined/status/1852628234774643121;1,81E+18;
1,85E+18;Sat Nov 02 08:26:02 +0000 2024;0;Pas lagi naik gojek gue salfok dah billboard bundaran HI Indomie x Newjeans semua https://t.co/yu4r2EBHrV;1,85E+18;https://pbs.twimg.com/media/GbXbi2gaAAAo-dQ.jpg;;in;;0;0;0;https://x.com/undefined/status/1852628222002987448;1,82E+18;
1,85E+18;Sat Nov 02 08:25:48 +0000 2024;0;liat dari kejauhan waktu ngojol tadi nemu billboard Indomie x NewJeans langsung ajadeh ku potoin hehehe https://t.co/djj5LfWxTl;1,85E+18;https://pbs.twimg.com/media/GbXbfiFbIAAOxUf.jpg;;in;;0;0;0;https://x.com/undefined/status/1852628163333083383;2584009730;
1,85E+18;Sat Nov 02 08:25:45 +0000 2024;0;Aaah di mana-mana ada Billboard Indomie NewJeans Takeover Jakarta. Ini kolaborasi yang bikin Jakarta makin hidup! https://t.co/6iEoyiUV3X;1,85E+18;https://pbs.twimg.com/media/GbXbeaNagAAYm5y.jpg;;in;;0;0;0;https://x.com/undefined/status/1852628146815951121;1,79E+18;
1,85E+18;Sat Nov 02 08:25:42 +0000 2024;0;Lagi di sore nggak sengaja nemuin iklannya Indomie x Newjeans dongg lucu bangettt https://t.co/VlmFI8wOvG;1,85E+18;https://pbs.twimg.com/media/GbXbeTpboAAWZXy.jpg;;in;;0;0;0;https://x.com/undefined/status/1852628138188296457;1,77E+18;
1,85E+18;Sat Nov 02 08:25:41 +0000 2024;0;Ini sih ga main2 kolaborasi. Niat pol sampe mendunia ke uss newjeans x indomie bombastis banget https://t.co/oYqur8VISY;1,85E+18;https://pbs.twimg.com/media/GbXbd1caEAAfgEK.jpg;;in;;0;0;0;https://x.com/undefined/status/1852628129984201154;1,77E+18;
1,85E+18;Sat Nov 02 08:25:36 +0000 2024;0;Gue jadi penasaran mau cobain Indomie yang baru yang Billboard Indomie NewJeans Takeover Jakarta https://t.co/jVQ6xgJ8A5;1,85E+18;https://pbs.twimg.com/media/GbXbcWCakAAUWpL.jpg;;in;;0;0;0;https://x.com/undefined/status/1852628111843876888;1,82E+18;
1,85E+18;Sat Nov 02 08:25:13 +0000 2024;0;Bestt bgt ini collabs nya billboardnya Indomie X NewJeans ada dimana https://t.co/3GIJiR44on;1,85E+18;https://pbs.twimg.com/media/GbXbXGTaAAAtw7U.jpg;;in;;0;0;0;https://x.com/undefined/status/1852628014816964985;1,63E+18;
1,85E+18;Sat Nov 02 08:24:59 +0000 2024;0;salfok beut kemaren jalan-jalan sore liat bilboard bundaran HI Indomie x Newjeans https://t.co/ptcqCuFDOz;1,85E+18;https://pbs.twimg.com/media/GbXbTq5boAA3Ytq.jpg;;in;;0;0;0;https://x.com/undefined/status/1852627957229265224;1,76E+18;
1,85E+18;Sat Nov 02 08:24:48 +0000 2024;1;Sumpah gemes banget aku tuh sama iklan Indomie x Newjeans ini global ambassador tercute https://t.co/sVC02fXZkp;1,85E+18;https://pbs.twimg.com/media/GbXbQ4dbAAA3i1n.jpg;;in;;0;0;0;https://x.com/undefined/status/1852627907794898950;1,80E+18;
1,85E+18;Sat Nov 02 08:24:34 +0000 2024;1;iklannya Indomie x Newjeans kayaknya ada di mana-mana deh sampe dari tadi di billboard jalanan ada banyak banget https://t.co/LBKMkGShzE;1,85E+18;https://pbs.twimg.com/media/GbXbNl9acAAVBzf.jpg;;in;;0;0;0;https://x.com/undefined/status/1852627851712864538;1,69E+18;
1,85E+18;Sat Nov 02 08:24:26 +0000 2024;0;gilasih Billboard Indomie NewJeans Takeover Jakarta sampe ada di mana mana keren bangettt Indomie x NewJeans https://t.co/FxfpAUSJFb;1,85E+18;https://pbs.twimg.com/media/GbXbLsiboAAzgLx.jpg;;in;;0;0;0;https://x.com/undefined/status/1852627818456502282;1,85E+18;
1,85E+18;Sat Nov 02 08:24:21 +0000 2024;0;Numpang bangga deh Indomie x NewJeans takeover Jakarta! Billboardnya gede-gede semua Indonesia makin mendunia! https://t.co/8CVtxvyMwQ;1,85E+18;https://pbs.twimg.com/media/GbXbKWna8AA-9Bw.jpg;;in;;0;0;0;https://x.com/undefined/status/1852627795786256705;1,77E+18;
1,85E+18;Sat Nov 02 08:23:50 +0000 2024;0;Main ke bunderan HI liat iklan gemes di Billboard.. Indomie ada-ada aja dobrakannya. Malah collab sama Newjeans https://t.co/Ff0Ru2WAPW;1,85E+18;https://pbs.twimg.com/media/GbXbCUCaEAAqxv6.jpg;;in;;0;0;0;https://x.com/undefined/status/1852627666085822673;1,79E+18;
1,85E+18;Sat Nov 02 08:23:43 +0000 2024;0;wuidih di jalan sekitaran PI ada billboard Indomie x NewJeans dong https://t.co/lgvCe14CnI;1,85E+18;https://pbs.twimg.com/media/GbXbA8aagAAkRDx.jpg;;in;;0;0;0;https://x.com/undefined/status/1852627637610619014;2441950319;
1,85E+18;Sat Nov 02 08:23:40 +0000 2024;0;Beneran deh billboard Indomie x NewJeans di mana-mana bikin gue penasaran banget sama rasa barunya! https://t.co/1m7y9ACEGH;1,85E+18;https://pbs.twimg.com/media/GbXbAeYaoAAV7Gh.jpg;;in;;0;0;0;https://x.com/undefined/status/1852627626038608240;1,77E+18;
1,85E+18;Sat Nov 02 08:23:40 +0000 2024;0;Bener2 bangga banget deh Ama brand Indonesia ini. Mendunia pol newjeans x indomie https://t.co/f0Iwblo2YB;1,85E+18;https://pbs.twimg.com/media/GbXbAWDb0AALcS0.jpg;;in;;0;0;0;https://x.com/undefined/status/1852627624398569494;1,82E+18;
1,85E+18;Sat Nov 02 08:23:28 +0000 2024;0;Omo omo omooo kaget banget liat Indomie x NewJeans! Keren banget ih dedek2 gemes https://t.co/wCvX6tjif1;1,85E+18;https://pbs.twimg.com/media/GbXa4IMagAAn05f.jpg;;in;;0;0;0;https://x.com/undefined/status/1852627572582175042;1,80E+18;
1,85E+18;Sat Nov 02 08:20:42 +0000 2024;0;Wahhh keren banget nih Billboard Indomie NewJeans Takeover Jakarta ada disetiap jalan pas pulang kerja https://t.co/9lg8AJJrcI;1,85E+18;https://pbs.twimg.com/media/GbXaVHGakAAKGev.jpg;;in;;0;0;0;https://x.com/undefined/status/1852626879997739364;7,62E+17;
1,85E+18;Sat Nov 02 08:20:34 +0000 2024;2;Pulang kerja udah capek eh liat billboard Indomie x NewJeans di Sudirman jadi semangat lagi. Gemes parah! https://t.co/Hp20dYob6V;1,85E+18;https://pbs.twimg.com/media/GbXaS9KbsAEeuJb.jpg;;in;;0;0;0;https://x.com/undefined/status/1852626844727574672;1,75E+18;
1,85E+18;Sat Nov 02 08:20:10 +0000 2024;0;Proud banget sih Jakarta jadi meriah gara-gara billboard Indomie x NewJeans makin cinta Indomie️ https://t.co/J0YwgLuxEs;1,85E+18;https://pbs.twimg.com/media/GbXaF7TbMAAbnBi.jpg;;in;;0;0;0;https://x.com/undefined/status/1852626745629061132;1,82E+18;
1,85E+18;Sat Nov 02 08:19:56 +0000 2024;0;bjirr ternyata Indomie collab sama NewJeans cuyy kaget liat Billboard Indomie NewJeans Takeover Jakarta nihh https://t.co/F8Tn5GzXny;1,85E+18;https://pbs.twimg.com/media/GbXaJMybkAAg_yZ.jpg;;in;;0;0;0;https://x.com/undefined/status/1852626685935616105;1,81E+18;
1,85E+18;Sat Nov 02 08:19:56 +0000 2024;0;Ampuuun dimana mana loh ini Billboard Indomie NewJeans Takeover Jakarta bikin gak sabar aja deh buat nyobain https://t.co/m2L5PnAmOp;1,85E+18;https://pbs.twimg.com/media/GbXaJlAbkAAM376.jpg;;in;;0;0;0;https://x.com/undefined/status/1852626683834318852;1,70E+18;
1,85E+18;Sat Nov 02 08:19:53 +0000 2024;0;Di mrt di KRL semua ada newjeans x indomie. Emang bener keren bgt ini kolaborasi sampe mendunia https://t.co/czjZgyAIxz;1,85E+18;https://pbs.twimg.com/media/GbXaI-UaYAAOTej.jpg;;in;;0;0;0;https://x.com/undefined/status/1852626672065069513;1,81E+18;
1,85E+18;Sat Nov 02 08:19:37 +0000 2024;3;WOI Ketemu neng minji agajakslnsh cakep banget lo neng indomie x newjeans gilaa sih ada pc nya ga sihhh https://t.co/acq9OS9gXT;1,85E+18;https://pbs.twimg.com/media/GbXaEGMagAAB0Bh.jpg;;in;;0;0;0;https://x.com/undefined/status/1852626606034165767;1,81E+18;
1,85E+18;Sat Nov 02 08:19:25 +0000 2024;0;pulang gawe lihat Billboard Indomie x NewJeans lagi takeover Jakarta excited bgt gw lihatnya https://t.co/zrrXQOvf2h;1,85E+18;https://pbs.twimg.com/media/GbXaBnBbwAAjLUt.jpg;;in;;0;0;0;https://x.com/undefined/status/1852626553597042780;1,80E+18;
1,85E+18;Sat Nov 02 08:19:18 +0000 2024;0;Lagi naek gojek gue sempet2in moto Billboard Indomie X Newjeans karna gemesss banget woy elah mana warnanya eyecatching banget https://t.co/j2uJbBLMAo;1,85E+18;https://pbs.twimg.com/media/GbXaAVsaQAAm4a4.jpg;;in;;0;0;0;https://x.com/undefined/status/1852626523855147134;9,96E+17;
1,85E+18;Sat Nov 02 08:19:05 +0000 2024;0;Wahhh kaget banget dehh liat Billboard Indomie NewJeans Takeover Jakarta di setiap jalan https://t.co/JW9XsjrNDb;1,85E+18;https://pbs.twimg.com/media/GbXZ9PSakAAWYNp.jpg;;in;;0;0;0;https://x.com/undefined/status/1852626469840965944;7,62E+17;
1,85E+18;Sat Nov 02 08:19:02 +0000 2024;0;Makin penasaran sama indomie NewJeans karna kemana mana ketemu ginian terus kalian juga gasih Ini sih real Billboard Indomie NewJeans Takeover Jakarta ya https://t.co/oFcHZ1bI4Q;1,85E+18;https://pbs.twimg.com/media/GbXZ8ftaAAAtCDx.jpg;;in;;0;0;0;https://x.com/undefined/status/1852626457362911702;1,69E+18;
1,85E+18;Sat Nov 02 08:18:57 +0000 2024;0;Nungguin macet malah salpok sama billboard indomie x newjeans lucu bnget ooyy https://t.co/ef2fHWO1sL;1,85E+18;https://pbs.twimg.com/media/GbXZ6_SaUAAC6rM.jpg;;in;;0;0;0;https://x.com/undefined/status/1852626436273930422;1,20E+18;
1,85E+18;Sat Nov 02 08:18:53 +0000 2024;0;Wahh.. Pas gue lagi jalan-jalan ngeliat Billboard Indomie x NewJeans. Gokil nih bakal collab mendunia https://t.co/tDicl12uw8;1,85E+18;https://pbs.twimg.com/media/GbXZ6IuawAAbQ7b.jpg;;in;;0;0;0;https://x.com/undefined/status/1852626421270945802;1,16E+18;
1,85E+18;Sat Nov 02 08:18:48 +0000 2024;0;Bangga banget jadi warga Indonesia karena Indomie bisa kolaborasi sama NewJeans https://t.co/oSNidcyXcr;1,85E+18;https://pbs.twimg.com/media/GbXZ5PbaIAAKykp.jpg;;in;;0;0;0;https://x.com/undefined/status/1852626401100521593;1,83E+18;
1,85E+18;Sat Nov 02 08:18:34 +0000 2024;0;Mantulll Bener-bener global banget nih Indomie x Newjeans bangga brand Indo bisa collab gini https://t.co/q52ugMkPCJ;1,85E+18;https://pbs.twimg.com/media/GbXZ1sdbkAAsBTF.jpg;;in;;0;1;0;https://x.com/undefined/status/1852626341734318580;1,74E+18;
1,85E+18;Sat Nov 02 08:18:20 +0000 2024;0;Udah kayak petualangan nemu billboard NewJeans x Indomie di tiap sudut kota Jakarta proud of this collab https://t.co/JHTivXCta7;1,85E+18;https://pbs.twimg.com/media/GbXZofhakAAIpHT.jpg;;in;;0;0;0;https://x.com/undefined/status/1852626282216821022;1,82E+18;
1,85E+18;Sat Nov 02 08:17:41 +0000 2024;0;Liat deh ini aku tadi gak sengaja nemu ini Billboard Indomie NewJeans Takeover Jakarta banyak banget weee. Kapan sih launchnya mau nyobain juga https://t.co/VrI9ulRdwf;1,85E+18;https://pbs.twimg.com/media/GbXZovnakAA5VQt.jpg;;in;;0;0;0;https://x.com/undefined/status/1852626118358307181;1,43E+18;
1,85E+18;Sat Nov 02 08:17:26 +0000 2024;0;Kiyowooo Billboard Indomie X NewJeans dimana mana iniiii https://t.co/UxGMy6lBil;1,85E+18;https://pbs.twimg.com/media/GbXZk-6akAAXk95.jpg;;in;;0;0;0;https://x.com/undefined/status/1852626053854003518;1,84E+18;
1,85E+18;Sat Nov 02 08:17:17 +0000 2024;0;Ini Billboard Indomie x Newjeans udah ada dimana2 jadi penasaran pengen nyobainnn. https://t.co/5d3Iopwaol;1,85E+18;https://pbs.twimg.com/media/GbXZi-pawAADNa1.jpg;;in;;0;0;0;https://x.com/undefined/status/1852626018932039904;1,60E+18;
1,85E+18;Sat Nov 02 08:17:17 +0000 2024;0;Wahhh seneng banget liat Billboard Indomie NewJeans Takeover Jakarta di setiap jalan https://t.co/6hmpgKmljn;1,85E+18;https://pbs.twimg.com/media/GbXZivCaIAAh9D3.jpg;;in;;0;0;0;https://x.com/undefined/status/1852626016755388498;1346453491;
1,85E+18;Sat Nov 02 08:16:43 +0000 2024;0;Iihhh kalian harus tau juga kalo Indomie collabs bareng NewJeans keren kaann ? Hmm jadi penasaran pen nyobain Indomie nya https://t.co/IKRIIr9lDH;1,85E+18;https://pbs.twimg.com/media/GbXZUUMboAAVOMN.jpg;;in;;0;0;0;https://x.com/undefined/status/1852625875981983922;1,82E+18;
1,85E+18;Sat Nov 02 08:16:06 +0000 2024;0;woiiiii akkk udh ada donggg bjir lahhh cakep bangettttt ketemu dijalannnn indomie x newjeans nih bos senggolll https://t.co/pm7GlxgoPB;1,85E+18;https://pbs.twimg.com/media/GbXZPxYbMAAZ6er.jpg;;in;;0;0;0;https://x.com/undefined/status/1852625720574706175;1,81E+18;
1,85E+18;Sat Nov 02 08:15:55 +0000 2024;0;ku dapat kaos indomie newjeans https://t.co/O72vSgX90x;1,85E+18;https://pbs.twimg.com/media/GbXZOfda8AAk_Jv.jpg;;in;;0;1;0;https://x.com/undefined/status/1852625674726752473;48206234;
1,85E+18;Sat Nov 02 08:15:54 +0000 2024;0;Aslii gokil parah sih ini. Di mall aja tiap sudut ada Indomie x Newjeans ngakak banget tapi gemes https://t.co/WxxexVl4Jq;1,85E+18;https://pbs.twimg.com/media/GbXZOjHbgAAkGmu.jpg;;in;;0;0;0;https://x.com/undefined/status/1852625668800147823;1,80E+18;
1,85E+18;Sat Nov 02 08:15:14 +0000 2024;0;Widih di HI ada billboard Indomie x NewJeans gede banget https://t.co/Ihdl1kubXV;1,85E+18;https://pbs.twimg.com/media/GbXZE1TaYAA5OxF.jpg;;in;;0;0;0;https://x.com/undefined/status/1852625502441496600;1,73E+18;
1,85E+18;Sat Nov 02 08:15:07 +0000 2024;0;Gak ada habisnya setiap sudut Jakarta diisi billboard Indomie x NewJeans! Pasti jadi momen berkesan! https://t.co/LpCnKNSfJx;1,85E+18;https://pbs.twimg.com/media/GbXZDLMbMAAl3cM.jpg;;in;;0;0;0;https://x.com/undefined/status/1852625473483718766;1,76E+18;
1,85E+18;Sat Nov 02 08:15:04 +0000 2024;0;makin bangga deh bs lihat brand lokal mendunia lihat aja ni Billboard Indomie x NewJeans di Jakarta beneran bikin bangga deh https://t.co/OC72EV0GPZ;1,85E+18;https://pbs.twimg.com/media/GbXZCBva4AAffRF.jpg;;in;;0;0;0;https://x.com/undefined/status/1852625461618307249;1,84E+18;
1,85E+18;Sat Nov 02 08:15:03 +0000 2024;0;Kaget banget deh liat Billboard Indomie NewJeans Takeover Jakarta waktu pulang kerja https://t.co/lpaJqESy0y;1,85E+18;https://pbs.twimg.com/media/GbXZCOWasAAvQQs.jpg;;in;;0;0;0;https://x.com/undefined/status/1852625456790667657;1,67E+18;
1,85E+18;Sat Nov 02 08:14:45 +0000 2024;0;Udah sampe di uss aja nih. Bombastis banget kolaborasi newjeans x indomie https://t.co/Gjg3Et89oN;1,85E+18;https://pbs.twimg.com/media/GbXY90Oa8AArzvU.jpg;;in;;0;0;0;https://x.com/undefined/status/1852625380597027085;1,82E+18;
1,85E+18;Sat Nov 02 08:14:34 +0000 2024;0;Setiap kali lewat rasanya pengen teriak lihat billboard Indomie x NewJeans! https://t.co/BLOOobN2jR;1,85E+18;https://pbs.twimg.com/media/GbXY64xbMAAdYzh.jpg;;in;;0;0;0;https://x.com/undefined/status/1852625332752580621;1,78E+18;
1,85E+18;Sat Nov 02 08:14:29 +0000 2024;0;Aduh tiap keluar billboard NewJeans x Indomie nongol terus auto pengen beli ramenya https://t.co/a7Up7sJpGY;1,85E+18;https://pbs.twimg.com/media/GbXYeL8awAA_mME.jpg;;in;;0;0;0;https://x.com/undefined/status/1852625311755915406;1,81E+18;
1,85E+18;Sat Nov 02 08:14:16 +0000 2024;0;Gak bisa gak salfok lah tau2 liat Billboard Indomie x Newjeans!! Gue hampir teriak saking excitednya!! https://t.co/np0u6CuBSs;1,85E+18;https://pbs.twimg.com/media/GbXY2xnbgAEx3D6.jpg;;in;;0;0;0;https://x.com/undefined/status/1852625260345962562;1,60E+18;
1,85E+18;Sat Nov 02 08:14:16 +0000 2024;0;ada si cantik2 nih di Billboard Indomie NewJeans Takeover Jakarta super excited deh nunggu produknya nanti https://t.co/gK2ioGmuYF;1,85E+18;https://pbs.twimg.com/media/GbXYtrZbsAAWpEi.jpg;;in;;0;0;0;https://x.com/undefined/status/1852625258328846345;1,45E+18;
1,85E+18;Sat Nov 02 08:14:02 +0000 2024;0;Kagum banget liat Billboard Indomie NewJeans Takeover Jakarta huhuu akhirnya Indomie bisa collab jugaa sama NewJeans yaa guys https://t.co/5HJzfU1yvQ;1,85E+18;https://pbs.twimg.com/media/GbXYyz_bYAAbomE.jpg;;in;;0;0;0;https://x.com/undefined/status/1852625201592414435;1,82E+18;
1,85E+18;Sat Nov 02 08:14:00 +0000 2024;0;Gokill Keren abis Indomie x Newjeans nguasain semua billboard Jakarta gila totalitas https://t.co/w9Au2kfT2O;1,85E+18;https://pbs.twimg.com/media/GbXYy6maEAANga8.jpg;;in;;0;0;0;https://x.com/undefined/status/1852625193547534536;1,80E+18;
1,85E+18;Sat Nov 02 08:13:18 +0000 2024;0;Wahh bagus banget nih billboard Indomie x NewJeans mencuri perhatian banget dengan mencoloknya warna dan yang paling penting mah Indomie mendunia https://t.co/XRSy0WD8uq;1,85E+18;https://pbs.twimg.com/media/GbXYokIa0AAogWC.jpg;;in;;0;0;0;https://x.com/undefined/status/1852625016070041627;1,63E+18;
1,85E+18;Sat Nov 02 08:13:04 +0000 2024;0;Billboard Indomie NewJeans Takeover Jakarta wahhh keren banget nih aku suka koleb ini https://t.co/54yNGpx5K9;1,85E+18;https://pbs.twimg.com/media/GbXYaZzaEAEkOqV.jpg;;in;;0;0;0;https://x.com/undefined/status/1852624955688775906;1,45E+18;
1,85E+18;Sat Nov 02 08:12:59 +0000 2024;0;Pas lagi naik gojek gue salfok dah billboard bundaran HI Indomie x Newjeans gede banget https://t.co/xiRKohYMCc;1,85E+18;https://pbs.twimg.com/media/GbXYj2xaIAAKHYg.jpg;;in;;0;0;0;https://x.com/undefined/status/1852624935757521210;1,73E+18;
1,85E+18;Sat Nov 02 08:12:47 +0000 2024;0;Heran bgt ada aja gebrakan Indomie lengah dikit gaet Newjeans jd Ambbasador https://t.co/BG2xxI1tfa;1,85E+18;https://pbs.twimg.com/media/GbXYhFBaIAA2Ko5.jpg;;in;;0;0;0;https://x.com/undefined/status/1852624886696644799;1,67E+18;
1,85E+18;Sat Nov 02 08:12:32 +0000 2024;0;jadi penasaran banget ini liat Billboard Indomie NewJeans Takeover Jakarta jdi pengen cepet nyobain https://t.co/LenHGb6Uq7;1,85E+18;https://pbs.twimg.com/media/GbXYc2ragAEs4BY.jpg;;in;;0;0;0;https://x.com/undefined/status/1852624821122916785;1,79E+18;
1,85E+18;Sat Nov 02 08:11:52 +0000 2024;0;Di mana2 ada Indomie x NewJeans nih di billboard Bundaran HI juga adaa https://t.co/PLoxxXBadv;1,85E+18;https://pbs.twimg.com/media/GbXYQ-HbMAAhw_p.jpg;;in;;0;0;0;https://x.com/undefined/status/1852624656127467638;1,82E+18;
1,85E+18;Sat Nov 02 08:11:37 +0000 2024;0;ada ape nih dijalan banyak bgt nemu Billboard Indomie NewJeans Takeover Jakarta beneran kah ini mereka koleb? omg gasabar deh kalo beneran ️‍ https://t.co/mvRkZuwOGR;1,85E+18;https://pbs.twimg.com/media/GbXYG6JbMAAqEOg.jpg;;in;;0;0;0;https://x.com/undefined/status/1852624590377525280;1,45E+18;
1,85E+18;Sat Nov 02 08:11:05 +0000 2024;0;Pas di plaza ada billboard NewJeans X Indomie lagi! Kolaborasi yang buat Jakarta makin hidup https://t.co/LFevhdyQZ4;1,85E+18;https://pbs.twimg.com/media/GbXYEhfbkAAO9oZ.jpg;;in;;0;0;0;https://x.com/undefined/status/1852624457904394518;1,82E+18;
1,85E+18;Sat Nov 02 08:11:01 +0000 2024;0;Keren banget deh brand Indonesia meroket dunia nih Billboard Indomie NewJeans Takeover Jakarta https://t.co/4KhmLA79Mz;1,85E+18;https://pbs.twimg.com/media/GbXYHN0aEAAwjd8.jpg;;in;;0;0;0;https://x.com/undefined/status/1852624443035774991;1,42E+18;
1,85E+18;Sat Nov 02 08:10:53 +0000 2024;0;Holl kaget bgt lihat Billboard Indomie x NewJeans di sepanjang Jakarta jadi pingin cepet2 nyobain varian baru nya nih https://t.co/Jv8Fo0Rlk8;1,85E+18;https://pbs.twimg.com/media/GbXYFGJaMAAmg8D.jpg;;in;;0;0;0;https://x.com/undefined/status/1852624406213759339;1,85E+18;
1,85E+18;Sat Nov 02 08:10:51 +0000 2024;0;Malam-malam di Jakarta billboard Indomie x NewJeans bikin hari-hari jadi lebih seru! https://t.co/Ra2TpURqQC;1,85E+18;https://pbs.twimg.com/media/GbXYEk9asAAiklW.jpg;;in;;0;0;0;https://x.com/undefined/status/1852624397846343915;1,73E+18;
1,85E+18;Sat Nov 02 08:10:47 +0000 2024;0;Kaget banget pas mau erangkat kerja di sekitar HI ada billboard Indomie x NewJeans https://t.co/nBsaYwwXWc;1,85E+18;https://pbs.twimg.com/media/GbXYDila0AAvabv.jpg;;in;;0;0;0;https://x.com/undefined/status/1852624380419063828;1,60E+18;
1,85E+18;Sat Nov 02 08:10:45 +0000 2024;0;Jadi kaget pas pulang kerja banyak banget bilboard NEWJEANS x INDOMIE dimana-mana. https://t.co/tArGItPCLB;1,85E+18;https://pbs.twimg.com/media/GbXYDIZbEAAHGl-.jpg;;in;;0;0;0;https://x.com/undefined/status/1852624374123417659;1,85E+18;
1,85E+18;Sat Nov 02 08:10:16 +0000 2024;2;Dari kejauhan udah mencolok banget sih nyuri perhatian banget sih ini billboard Indomie x NewJeans emang BA paling best deh ini https://t.co/YtIYE8hyPL;1,85E+18;https://pbs.twimg.com/media/GbXX8MNbMAAkJj6.jpg;;in;;0;0;0;https://x.com/undefined/status/1852624254329593878;1,61E+18;
1,85E+18;Sat Nov 02 08:10:12 +0000 2024;1;wih kolaborasinya keren ini Billboard Indomie NewJeans Takeover Jakarta nya ajh udh tersebar dimna mna https://t.co/qokZMjfkTy;1,85E+18;https://pbs.twimg.com/media/GbXX68XbAAAH62o.jpg;;in;;0;0;0;https://x.com/undefined/status/1852624235770048994;1,75E+18;
1,85E+18;Sat Nov 02 08:10:02 +0000 2024;0;Jalan di sekitar kota eh lihat Indomie x NewJeans! Menjadi bagian dari iklan ini bikin bangga! https://t.co/eGjzNXaA04;1,85E+18;https://pbs.twimg.com/media/GbXX4pkbwAEkAG4.jpg;;in;;0;0;0;https://x.com/undefined/status/1852624192698802632;1,74E+18;
1,85E+18;Sat Nov 02 08:09:59 +0000 2024;0;Lagi mau jalan ngemall malah salfok liat Billboard ni Indomie x Newjeans gemesssss! Mana cantik2 banget lg :( https://t.co/lHQ6o22QK5;1,85E+18;https://pbs.twimg.com/media/GbXX32ibUAAnTuD.jpg;;in;;0;0;0;https://x.com/undefined/status/1852624179130216801;1,67E+18;
1,85E+18;Sat Nov 02 08:09:46 +0000 2024;0;Indome x NewJeans?? Gilaa keren banget Indomie makin dikenal sm dunia nih https://t.co/NlPw9ywfLi;1,85E+18;https://pbs.twimg.com/media/GbXXzcQaYAALrFX.jpg;;in;;0;0;0;https://x.com/undefined/status/1852624126353318123;1,82E+18;
1,85E+18;Sat Nov 02 08:09:34 +0000 2024;0;Bangga banget ngeliat Billboard Indomie NewJeans Takeover Jakarta bener bener happy Indomie collab sama NewJeans https://t.co/IVDvipjcCa;1,85E+18;https://pbs.twimg.com/media/GbXXxU7a8AAEK4P.jpg;;in;;0;0;0;https://x.com/undefined/status/1852624076822790574;1,79E+18;
1,85E+18;Sat Nov 02 08:09:30 +0000 2024;0;epic sih ini kedua fav aku disatuin udah pada liat Billboard Indomie NewJeans blm bnih? Takeover Jakarta https://t.co/H0fAT90lZ3;1,85E+18;https://pbs.twimg.com/media/GbXXhkebcAA4zAc.jpg;;in;;0;0;0;https://x.com/undefined/status/1852624058833412290;1,45E+18;
1,85E+18;Sat Nov 02 08:09:28 +0000 2024;0;pastinya bakalan makin banyak yang tau Indomie deh berkat Billboard Indomie NewJeans Takeover Jakarta bangga sama Indomie dan NewJeans https://t.co/rRxHEK7jFT;1,85E+18;https://pbs.twimg.com/media/GbXXwcRbEAAvhmb.jpg;;in;;0;0;0;https://x.com/undefined/status/1852624051807953084;3160910682;
1,85E+18;Sat Nov 02 08:09:17 +0000 2024;0;Billboard Indomie x NewJeans bikin suasana Jakarta makin hidup! Keren! https://t.co/TvozDDz0Io;1,85E+18;https://pbs.twimg.com/media/GbXXtxeaMAAkH0P.jpg;;in;;0;0;0;https://x.com/undefined/status/1852624006731661668;1,74E+18;
1,85E+18;Sat Nov 02 08:09:01 +0000 2024;0;Wahh lagi dijalan terus tadi salfok aja gitu ada Indomie x NewJeans ihhh dimana-mana nih iklannya... Emang enak banget sih mie nya https://t.co/wzwBamQV8k;1,85E+18;https://pbs.twimg.com/media/GbXXpuIbUAAJfaR.jpg;;in;;0;0;0;https://x.com/undefined/status/1852623935709540787;1,70E+18;
1,85E+18;Sat Nov 02 08:08:42 +0000 2024;0;yang belum liat kalian semua mesti pada liat dong Billboard Indomie NewJeans Takeover Jakarta ini pada cantik cantik bgt deh NewJeans nya https://t.co/y3hHlQtcHm;1,85E+18;https://pbs.twimg.com/media/GbXXlL7aAAArdWd.jpg;;in;;0;0;0;https://x.com/undefined/status/1852623858664411533;1954104481;
1,85E+18;Sat Nov 02 08:08:40 +0000 2024;0;Ngeliat billboard Indomie x NewJeans di jalan raya bikin pengen buru-buru pulang dan makan! https://t.co/DCYoMSYyiR;1,85E+18;https://pbs.twimg.com/media/GbXXku-bEAA6WZh.jpg;;in;;0;0;0;https://x.com/undefined/status/1852623850548408825;1,74E+18;
1,85E+18;Sat Nov 02 08:08:26 +0000 2024;0;Lagi di kemacetan Jakarta pun tetep seneng karena ketemu billboard NewJeans x Indomie. Jakartaaaa semakin rameee https://t.co/GmX5KCR6M9;1,85E+18;https://pbs.twimg.com/media/GbXXbMaaMAAyTxn.jpg;;in;;0;0;0;https://x.com/undefined/status/1852623789164531913;1,82E+18;
1,85E+18;Sat Nov 02 08:08:24 +0000 2024;0;jadi kepengen nyoba Indomie dehh penasaran sama rasanyaa tadi abis liat Billboard Indomie NewJeans Takeover Jakarta soalnya wkwkw https://t.co/8zTXwzwqFx;1,85E+18;https://pbs.twimg.com/media/GbXXgEaaQAAiJOJ.jpg;;in;;0;0;0;https://x.com/undefined/status/1852623781354954991;1,85E+18;
1,85E+18;Sat Nov 02 08:08:17 +0000 2024;0;wahh keren banget brand Indonesia meroket duniaa luv Indomie yang collab sama NewJeans https://t.co/MOsfbGVto2;1,85E+18;https://pbs.twimg.com/media/GbXXVGMawAAE72q.jpg;;in;;0;0;0;https://x.com/undefined/status/1852623754884481345;1,73E+18;
1,85E+18;Sat Nov 02 08:08:10 +0000 2024;0;Makin terkenal aja nih brand Indonesia. Keren bgt newjeans x indomie https://t.co/1k370pWhKW;1,85E+18;https://pbs.twimg.com/media/GbXXdXpbUAAWeik.jpg;;in;;0;0;0;https://x.com/undefined/status/1852623723834294750;1,82E+18;
1,85E+18;Sat Nov 02 08:07:58 +0000 2024;1;Bener-bener seru Indomie x NewJeans ada di mana-mana! Siapa yang udah coba? https://t.co/gAMjy7V5Mu;1,85E+18;https://pbs.twimg.com/media/GbXXaYobwAAxsYP.jpg;;in;;0;0;0;https://x.com/undefined/status/1852623673250693600;1,73E+18;
1,85E+18;Sat Nov 02 08:07:46 +0000 2024;0;Jakarta dimalam hari terang banget ya iya lah soalnya ada BillBoard Indomie NewJeans TakeOver Jakarta penasaran banget sm Indomie baru nanti https://t.co/6zjscGPNZ3;1,85E+18;https://pbs.twimg.com/media/GbXXXiOb0AAJea3.jpg;;in;;0;0;0;https://x.com/undefined/status/1852623623439430028;1,83E+18;
1,85E+18;Sat Nov 02 08:07:40 +0000 2024;0;keren abis nih brand indonesia bisa meroket dunia liat Billboard Indomie NewJeans Takeover Jakarta ada dimna mana juga https://t.co/Zq7BXOHIvC;1,85E+18;https://pbs.twimg.com/media/GbXXVmHbwAAIUoW.jpg;;in;;0;0;0;https://x.com/undefined/status/1852623597547995180;1,82E+18;
1,85E+18;Sat Nov 02 08:07:35 +0000 2024;1;Pas pulang kerja gue salfok sama billboard Billboard Indomie NewJeans Takeover Jakarta https://t.co/dS1fPJM8Lm;1,85E+18;https://pbs.twimg.com/media/GbXXUUlaEAA6GYj.jpg;;in;;0;0;0;https://x.com/undefined/status/1852623576039555155;1,82E+18;
1,85E+18;Sat Nov 02 08:07:34 +0000 2024;0;Ihh ada kembaran akuuhh di billboard bundaran HI nih jadi penasaran pen nyobain rasa Indomie yg collabs bareng NewJeans https://t.co/p5nadKiugF;1,85E+18;https://pbs.twimg.com/media/GbXXTHLbQAAkxFM.jpg;;in;;0;0;0;https://x.com/undefined/status/1852623571488797173;1,82E+18;
1,85E+18;Sat Nov 02 08:07:30 +0000 2024;0;capek gw langsung ilang pas pulang kerja malah liat Billboard Indomie NewJeans Takeover Jakarta jadi penasaran sama rasa barunya tuh https://t.co/jfa2TuggW8;1,85E+18;https://pbs.twimg.com/media/GbXXTlwbsAAsnGN.jpg;;in;;0;0;0;https://x.com/undefined/status/1852623556162781295;1347655610;
1,85E+18;Sat Nov 02 06:16:52 +0000 2024;0;pengen nyobain Indomie newjeans;1,85E+18;;;in;;0;0;0;https://x.com/undefined/status/1852595715253625295;1,55E+18;
1,85E+18;Sat Nov 02 06:16:14 +0000 2024;0;Indomie new jeans spicy ramyeon yg biru fix enak bgttttt setelah indomie ayam bawang fav aku;1,85E+18;;;in;;0;0;0;https://x.com/undefined/status/1852595554192437377;1,01E+18;
1,85E+18;Sat Nov 02 05:44:07 +0000 2024;0;pen indomie newjeans sumpah;1,85E+18;;;in;;0;0;0;https://x.com/undefined/status/1852587472485753279;1,69E+18;
1,85E+18;Sat Nov 02 05:31:40 +0000 2024;0;@matthwnk kmrin ini beli di bazaar indomie x newjeans;1,85E+18;;matthwnk;in;;0;0;0;https://x.com/undefined/status/1852584339315572885;2602639954;
1,85E+18;Sat Nov 02 05:26:28 +0000 2024;2;NewJeans jadi Global Ambassador Indomie! Sekaligus Indomie baru aja launching 3 varian baru Korean Ramyeon Series. Yuk ke Oh My Good World Indomie di Main Atrium Gandaria City dari tanggal 31 Oktober sampai 3 November! #OhMyGoodItsIndomie #IndomieKoreanSeries #Indomie #NewJeans https://t.co/RPGQ01yP2A;1,85E+18;https://pbs.twimg.com/ext_tw_video_thumb/1852582887138414592/pu/img/ukJKqj0KBlsL4wEg.jpg;;in;;0;0;1;https://x.com/undefined/status/1852583028968603664;1644286464;
1,85E+18;Sat Nov 02 05:25:52 +0000 2024;0;mau nyoba indomie x newjeans tapi gw mau puasa makan mie... ;1,85E+18;;;in;;0;0;0;https://x.com/undefined/status/1852582880045576455;1,66E+18;
1,85E+18;Sat Nov 02 05:19:23 +0000 2024;0;@opasmetawinners Siaap Jamkkanmanyo~ Sambil nunggu bisa banget nyobain semua varian rasa Indomie Korean Ramyeon Series ye ga? ;1,85E+18;;opasmetawinners;in;;0;0;0;https://x.com/undefined/status/1852581250118426875;284428760;
1,85E+18;Sat Nov 02 05:12:36 +0000 2024;0;oaaaalah sebelum ngeliat iklan newjeans indomie gue ke warung terus di tawarin indomie rasa korea varian baru sama Oma pemilik warungnya terus nanti aja oma aku masih banyak stock indomie otw beli‍↕️;1,85E+18;;;in;;0;0;0;https://x.com/undefined/status/1852579540327133499;1,53E+18;
1,85E+18;Sat Nov 02 05:08:11 +0000 2024;0;rekomendasi tas wanita paling dicari cocok buat kondangan ngedate bareng calon mertua OOTD depan kaca hm apalagi ya harganya ga sampe 100ribu beli disini aja https://t.co/2p4y4PRjAl #SekaliLagi Prilly Latuconsina Indomie newjeans CULT #enhypen #jungkook Tom Lembong LPDP https://t.co/12HkG1IAyb;1,85E+18;https://pbs.twimg.com/media/GbWtv6CbMAAqsqB.png;;in;;0;0;0;https://x.com/undefined/status/1852578430027698199;1,71E+18;
1,85E+18;Sat Nov 02 05:04:41 +0000 2024;1;Hi aku open jastip indomie x new jeans Indomie korean ramyeon series. Jastip paket bag pvc 10k aja ya feenya jadi total 40k bisa dicariin mau yang warna biru pink putih atau oren #zonauang #zonajajan #indomiekoreanramyeon #indomienewjeans #newjeans https://t.co/MoIbywP04B;1,85E+18;https://pbs.twimg.com/media/GbWtdBxbkAAQq0Q.jpg;;in;;0;2;0;https://x.com/undefined/status/1852577548552774111;1,29E+18;
1,85E+18;Sat Nov 02 04:57:23 +0000 2024;0;Knezt #SekaliLagi #jhope Asnawi Halloween Prilly Latuconsina JOONGDUNK x iQIYITH #2024MAMAAWARDS indomie newjeans Coblos Botaknya #2024MAMAVOTE #GalaxyZLeaders #enhypen #treasure #benkurabu Liverpool https://t.co/oOfWqSX99l;1,85E+18;;;in;;0;0;0;https://x.com/undefined/status/1852575712315854934;1,56E+18;
1,85E+18;Sat Nov 02 04:50:43 +0000 2024;0;Bunuh diri adalah orang yang makan Indomie Ramyeon x NewJeans yang biru ditambah irisan cabai 5 biji.;1,85E+18;;;in;;0;0;0;https://x.com/undefined/status/1852574035517055206;1,80E+18;
1,85E+18;Sat Nov 02 04:33:43 +0000 2024;57;Kremy di jalan setiap lewatin iklan indomie x newjeans https://t.co/v1Hrxr5v9e;1,85E+18;https://pbs.twimg.com/tweet_video_thumb/GbWmXo1bAAAbuW9.jpg;;in;;0;0;9;https://x.com/undefined/status/1852569756135772374;2877997154;
1,85E+18;Sat Nov 02 04:25:18 +0000 2024;0;Event newjeans x indomie yang di gandaria city sampe tanggal berapa deh?;1,85E+18;;;in;;0;0;0;https://x.com/undefined/status/1852567639056593308;1,78E+18;
1,85E+18;Sat Nov 02 04:18:28 +0000 2024;28;MIN MAU PHOTOCARD LAGU INDOMIE X NEWJEANS &amp;;;;;;;;;;;
1,85E+18;Sat Nov 02 04:12:54 +0000 2024;0;@NewJeans_ADOR @Indomielovers Kalo newjeans konser di indo berarti ada stand food indomie lah ya gpp bagus spy kenyang;1,85E+18;;NewJeans_ADOR;in;;0;0;0;https://x.com/undefined/status/1852564517785628751;362622232;
1,85E+18;Sat Nov 02 04:06:55 +0000 2024;0;Knezt #SekaliLagi #jhope Asnawi Halloween Prilly Latuconsina JOONGDUNK x iQIYITH #2024MAMAAWARDS indomie newjeans Coblos Botaknya #2024MAMAVOTE #GalaxyZLeaders #enhypen #treasure #benkurabu Liverpool https://t.co/y4Mu3EgCFB;1,85E+18;;;in;;0;0;0;https://x.com/undefined/status/1852563013125189915;1,56E+18;
1,85E+18;Sat Nov 02 04:01:52 +0000 2024;1;Eks Dubes Indonesia Yakin Tom Lembong Tidak Korupsi - - - - - - - TAG: Prilly Latuconsina | Tom Lembong | Garuda Calling | Cipondoh | #SekaliLagi | GET WELL SOON KAI | LPDP | indomie newjeans | Polri | Prabowo https://t.co/IB872WvvjA;1,85E+18;https://pbs.twimg.com/ext_tw_video_thumb/1852555632559431680/pu/img/UUsVpoeaoVBVil_U.jpg;;in;;0;0;0;https://x.com/undefined/status/1852561739050786933;1,56E+18;
1,85E+18;Sat Nov 02 03:51:27 +0000 2024;0;kemarin mogu mogu x svt ada di krl skrng newjeans x indomie LUCUUU SEKALIIIII ini mah gue betah di krl;1,85E+18;;;in;;0;0;0;https://x.com/undefined/status/1852559118294556759;1,58E+18;
1,85E+18;Sat Nov 02 03:39:31 +0000 2024;0;Hah? Kaget liat newjeans di tv iklan indomie wkwkwkwk;1,85E+18;;;in;;0;0;0;https://x.com/undefined/status/1852556117538484415;137984084;
1,85E+18;Sat Nov 02 03:36:56 +0000 2024;0;Indomie spicy ramyeon beneran pedes bgt buseeeeettttttttt ;1,85E+18;;;in;;0;1;0;https://x.com/undefined/status/1852555464514687419;95878098;
1,85E+18;Sat Nov 02 03:21:23 +0000 2024;0;indomie x newjeans yg varian spicy ramyeon enak bgt mampus!!!! apalagi kalo makannya pas lagi flu beuhhhh sedep ;1,85E+18;;;in;;0;1;0;https://x.com/undefined/status/1852551550427619375;1,57E+18;
1,85E+18;Sat Nov 02 02:58:37 +0000 2024;0;@hyowithjeong Enakkk yg biru sama goreng. Tapi ini kataku pedes bgt kak rasanya mirip shin ramyeon tapi enakan ini sih. Indomie kayae gak pernah gagal ya ;1,85E+18;;hyowithjeong;in;;0;1;0;https://x.com/undefined/status/1852545821650383150;347839998;
1,85E+18;Sat Nov 02 02:45:35 +0000 2024;0;buset woi kmrn newjeans tbtb jd BA indomie skrg jaejoong masak telur gulung besok apa lagi? ;1,85E+18;;;in;;0;0;0;https://x.com/undefined/status/1852542544468652081;1,73E+18;
1,85E+18;Sat Nov 02 02:45:30 +0000 2024;0;Buat temen2 pppk nih yang bentar lagi mau tes CAT BELAJAR SOAL KOMPETENSI MANAJERIAL PPPK 2024 (Part. 1) https://t.co/lbUFDNdYPD Tags #GalaxyZLeaders #2024MAMAVote THANK YOU LEE HAECHAN #ENHYPEN Halloween LPDP Prilly Latuconsina indomie newjeans prabowo wujudkan nkri maju;1,85E+18;;;in;;0;0;0;https://x.com/undefined/status/1852542520561164715;1,11E+18;
1,85E+18;Sat Nov 02 02:32:21 +0000 2024;0;Oke gua jadi tau nama member newjeans yg di posisi tengah di video iklan indomie;1,85E+18;;;in;;0;0;0;https://x.com/undefined/status/1852539214635966705;343830225;
1,85E+18;Sat Nov 02 02:30:48 +0000 2024;0;Eh penasaran sama indomie yg newjeans itu tapi kayanya masuk sini masih lama;1,85E+18;;;in;;0;0;0;https://x.com/undefined/status/1852538823764513168;1,13E+18;
1,85E+18;Sat Nov 02 02:16:38 +0000 2024;0;gusy yg mau cobain INDOMIE NEWJEANS beli di aku aja yuk banyak bgt stoknya dirumah dan org rumah gaada yg suka pedes woe wts indomie newjeans UNDERPRICE dialfa 6.000 - 6.500 gw jual goceng ajaa malah beli 5 jd cuma 4ribuan yuk CO #ohmygooditsindomie https://t.co/AbXig9y4Y0;1,85E+18;;;in;;0;0;0;https://x.com/undefined/status/1852535255615615022;1,34E+18;
1,85E+18;Sat Nov 02 02:03:23 +0000 2024;0;HARI INI PAKE KRL jadi ak mungkin bisa liat ads newjeans indomie ^__^;1,85E+18;;;in;;0;0;0;https://x.com/undefined/status/1852531924503560614;1,75E+18;
1,85E+18;Sat Nov 02 01:29:58 +0000 2024;0;@dentyra @NewJeans_ADOR @Indomielovers Zayyan kapan yak indomie dan yupi;1,85E+18;;dentyra;in;;0;1;0;https://x.com/undefined/status/1852523514978541906;1,74E+18;
1,85E+18;Sat Nov 02 01:26:09 +0000 2024;0;beli indomie yang edisi newjeans bisa dapet danielle ngga?;1,85E+18;;;in;;0;1;0;https://x.com/undefined/status/1852522553153306909;1,79E+18;
1,85E+18;Sat Nov 02 01:20:33 +0000 2024;0;Indomie newjeans ga enak wkwkwkw;1,85E+18;;;in;;0;0;0;https://x.com/undefined/status/1852521143984627833;79994154;
1,85E+18;Sat Nov 02 01:18:14 +0000 2024;402;@pretzeldiaries kasian kepanasan sendiri blm aja itu bungkus indomie ada muka newjeans;1,85E+18;;pretzeldiaries;in;;0;2;3;https://x.com/undefined/status/1852520562792481268;1,46E+18;
1,85E+18;Sat Nov 02 01:15:11 +0000 2024;0;Hari ini misi gue adalah bikin permen soda itu sama cari indomie newjeans;1,85E+18;;;in;;0;0;0;https://x.com/undefined/status/1852519793066410132;9,70E+17;
1,85E+18;Sat Nov 02 01:15:00 +0000 2024;0;Indomie produsen mi instan asal Indonesia bekerja sama dengan NewJeans grup musik pop Korea. #Nusantara #AdadiKompas https://t.co/t53DfLxF4l;1,85E+18;;;in;;0;0;0;https://x.com/undefined/status/1852519746564231513;255866913;
1,85E+18;Sat Nov 02 01:13:13 +0000 2024;0;Meskipun banyak teori Aristoteles dikemudian hari ternyata keliru [1] namun pendapatnya bertahan hingga 2000 tahun kemudian https://t.co/grLnRAaC9B Trending: Garuda Calling Asnawi dendi marzuki LPDP Sayuri Ernando Malik indomie newjeans My MAMA Padang Erik I STAND with Palestine;1,85E+18;;;in;;0;0;0;https://x.com/undefined/status/1852519300051149128;9,14E+17;
1,85E+18;Sat Nov 02 01:09:11 +0000 2024;0;review indomie newjeans: yg merah awalnya agak asing sama rasanya tapi lama2 enak ada kesan manis gitu &amp;;;;;;;;;;;
1,85E+18;Fri Nov 01 15:47:21 +0000 2024;0;indomie ramyeon ini micinnya kenapa kuat banget yah Pedes sih tapi micinnya sangat huaaah;1,85E+18;;;in;;0;0;0;https://x.com/undefined/status/1852376894294954460;1,43E+18;
1,85E+18;Fri Nov 01 15:39:56 +0000 2024;0;Prediksi Charlotte FC vs Orlando City di MLS 2 November 2024 --------- Prilly Latuconsina #SekaliLagi Tom Lembong KELAKUAN 2024 GET WELL SOON KAI Cipondoh indomie newjeans #PersibDay Kejagung https://t.co/A305iaN2mi;1,85E+18;;;in;;0;0;0;https://x.com/undefined/status/1852375024889442586;1,58E+18;
1,85E+18;Fri Nov 01 15:39:04 +0000 2024;0;Prediksi Monaco vs Angers di Liga 1 Prancis 2 November 2024 --------- Prilly Latuconsina #SekaliLagi Tom Lembong KELAKUAN 2024 GET WELL SOON KAI Cipondoh indomie newjeans #PersibDay Kejagung https://t.co/WWUTUcWFKQ;1,85E+18;;;in;;0;0;0;https://x.com/undefined/status/1852374806773321962;1,58E+18;
1,85E+18;Fri Nov 01 15:38:28 +0000 2024;0;Prediksi Sporting Lisbon vs Estrela Amadora di Liga Portugal 2 November 2024 --------- Prilly Latuconsina #SekaliLagi Tom Lembong KELAKUAN 2024 GET WELL SOON KAI Cipondoh indomie newjeans #PersibDay Kejagung https://t.co/17ScXOnk9M;1,85E+18;;;in;;0;0;0;https://x.com/undefined/status/1852374659682967990;1,58E+18;
1,85E+18;Fri Nov 01 15:18:03 +0000 2024;0;BUSET INDOMIE SPICY RAMYEON ENAK BGT. gurih dan lebih pedes dari shin ramyeon;1,85E+18;;;in;;0;0;0;https://x.com/undefined/status/1852369521212088509;230035069;
1,85E+18;Fri Nov 01 15:16:07 +0000 2024;0;entah tiap ke indoapril ngeliat indomie korean series ga tertarik tapi karna koleb ama newjeans gue pen nyoba dah...;1,85E+18;;;in;;1;0;0;https://x.com/undefined/status/1852369032009404788;1,33E+18;
1,85E+18;Fri Nov 01 15:07:40 +0000 2024;0;indomie yg versi spicy ramyeon kok pedes bgt WOY???? gw tidak expect krn doi bungkusnya biru;1,85E+18;;;in;;0;0;0;https://x.com/undefined/status/1852366905811836968;1,02E+18;
1,85E+18;Fri Nov 01 15:07:35 +0000 2024;0;Prediksi Luton Town vs West Bromwich Albion di Championship 2 November 2024 ------- Prilly Latuconsina #SekaliLagi Tom Lembong KELAKUAN 2024 GET WELL SOON KAI Cipondoh indomie newjeans #PersibDay Kejagung https://t.co/XjxHQKqlNA;1,85E+18;;;in;;0;0;0;https://x.com/undefined/status/1852366885494685830;1,58E+18;
1,85E+18;Fri Nov 01 15:07:03 +0000 2024;0;Prediksi Bayer Leverkusen vs Stuttgart di Bundesliga Jerman 2 November 2024 ------- Prilly Latuconsina #SekaliLagi Tom Lembong KELAKUAN 2024 GET WELL SOON KAI Cipondoh indomie newjeans #PersibDay Kejagung https://t.co/voht13cJmg;1,85E+18;;;in;;0;0;0;https://x.com/undefined/status/1852366750119338147;1,58E+18;
1,85E+18;Fri Nov 01 15:04:48 +0000 2024;0;pengen nyobain indomie newjeans di alfa udah banyak kah;1,85E+18;;;in;;0;3;0;https://x.com/undefined/status/1852366184815222883;1,36E+18;
1,85E+18;Fri Nov 01 15:03:38 +0000 2024;0;@Indomielovers min kalo beli indomie all varian dapet photocard member newjeans gaaa? ;1,85E+18;;Indomielovers;in;;0;0;0;https://x.com/undefined/status/1852365890949616097;7,43E+17;
1,85E+18;Fri Nov 01 14:59:18 +0000 2024;0;@LovelyPhams niaa indomie newjeans yg ga pedes yg mana ya?;1,85E+18;;xabiwru;in;;0;1;0;https://x.com/undefined/status/1852364802011848905;1,52E+18;
1,85E+18;Fri Nov 01 14:54:03 +0000 2024;0;Gandeng NewJeans Jadi BA Indomie Rilis Mie Instan Rasa Korea Ini https://t.co/1H2k2CXmB0;1,85E+18;;;in;;0;0;0;https://x.com/undefined/status/1852363479736594681;1,35E+18;
1,85E+18;Fri Nov 01 14:50:10 +0000 2024;0;Prediksi Alaves vs Mallorca di La Liga spanyol 2 November 2024 --------- Prilly Latuconsina #SekaliLagi Tom Lembong KELAKUAN 2024 GET WELL SOON KAI Cipondoh indomie newjeans #PersibDay Kejagung https://t.co/tOMpqzprjr;1,85E+18;;;in;;0;0;0;https://x.com/undefined/status/1852362502572831053;1,58E+18;
1,85E+18;Fri Nov 01 14:49:37 +0000 2024;0;Prediksi Al-Nassr vs Al-Hilal di Liga Arab Saudi 2 November 2024 --------- Prilly Latuconsina #SekaliLagi Tom Lembong KELAKUAN 2024 GET WELL SOON KAI Cipondoh indomie newjeans #PersibDay Kejagung https://t.co/wmfYeXP9VI;1,85E+18;;;in;;0;0;0;https://x.com/undefined/status/1852362365096141170;1,58E+18;
1,85E+18;Fri Nov 01 14:46:28 +0000 2024;1;nyobain indomie dimasakin zz wening newjeans https://t.co/uPMpzqepGg;1,85E+18;https://pbs.twimg.com/media/GbTpBn6bwAA9ywG.jpg;;in;;0;1;1;https://x.com/undefined/status/1852361570866934252;1240495490;
1,85E+18;Fri Nov 01 14:20:57 +0000 2024;0;Prediksi Boston Celtics vs Charlotte Hornets di Liga Basket NBA 2 November 2024 --------- Prilly Latuconsina #SekaliLagi Tom Lembong KELAKUAN 2024 GET WELL SOON KAI Cipondoh indomie newjeans #PersibDay Kejagung https://t.co/Jqh31mMUMm;1,85E+18;;;in;;0;0;0;https://x.com/undefined/status/1852355150679290300;1,58E+18;
1,85E+18;Fri Nov 01 14:20:39 +0000 2024;0;Prilly Latuconsina Cipondoh KELAKUAN 2024 Tangerang Tom Lembong GET WELL SOON KAI indomie newjeans Berduit #OhMyGoodItsIndomie #SekaliLagi;1,85E+18;;;in;;0;0;0;https://x.com/undefined/status/1852355073122439287;1,80E+18;
1,85E+18;Fri Nov 01 14:20:26 +0000 2024;1;Prediksi Los Angeles Lakers vs Toronto Raptors di Liga Basket NBA 2 November 2024 --------- Prilly Latuconsina #SekaliLagi Tom Lembong KELAKUAN 2024 GET WELL SOON KAI Cipondoh indomie newjeans #PersibDay Kejagung https://t.co/Z0WzFMw8xh;1,85E+18;;;in;;0;0;0;https://x.com/undefined/status/1852355019632447938;1,58E+18;
1,85E+18;Fri Nov 01 14:19:54 +0000 2024;0;Prediksi Oklahoma City Thunder vs Portland Trail Blazers di Liga Basket NBA 2 November 2024 --------- Prilly Latuconsina #SekaliLagi Tom Lembong KELAKUAN 2024 GET WELL SOON KAI Cipondoh indomie newjeans #PersibDay Kejagung https://t.co/DmM6n1OqlS;1,85E+18;;;in;;0;0;0;https://x.com/undefined/status/1852354884311683320;1,58E+18;
1,85E+18;Fri Nov 01 14:19:04 +0000 2024;0;Prediksi Denver Nuggets vs Minnesota Timberwolves di Liga Basket NBA 2 November 2024 --------- Prilly Latuconsina #SekaliLagi Tom Lembong KELAKUAN 2024 GET WELL SOON KAI Cipondoh indomie newjeans #PersibDay Kejagung https://t.co/SOpB8GEBDM;1,85E+18;;;in;;0;0;0;https://x.com/undefined/status/1852354674684563845;1,58E+18;
1,85E+18;Fri Nov 01 14:18:36 +0000 2024;3;Serunya di pasar burung bareng Pak Ahmad Luthfi! #butuhherobukanrambo #ahmadluthfi #tajyasin #jawatengah #ngopeningelakoni Halloween #kodestylo Indomie newjeans MUFC Gege https://t.co/cOIilbHxuR;1,85E+18;https://pbs.twimg.com/ext_tw_video_thumb/1852354443360284672/pu/img/8eCZXjWA68VasFnX.jpg;;in;;1;51;1;https://x.com/undefined/status/1852354557600551219;886975699;
1,85E+18;Fri Nov 01 14:18:06 +0000 2024;0;Prediksi New York Knicks vs Detroit Pistons di Liga Basket NBA 2 November 2024 --------- Prilly Latuconsina #SekaliLagi Tom Lembong KELAKUAN 2024 GET WELL SOON KAI Cipondoh indomie newjeans #PersibDay Kejagung https://t.co/rE4WTlx4z1;1,85E+18;;;in;;0;0;0;https://x.com/undefined/status/1852354434401276124;1,58E+18;
1,85E+18;Fri Nov 01 14:17:27 +0000 2024;0;Prediksi Chicago Bulls vs Brooklyn Nets di Liga Basket NBA 2 November 2024 --------- Prilly Latuconsina #SekaliLagi Tom Lembong KELAKUAN 2024 GET WELL SOON KAI Cipondoh indomie newjeans #PersibDay Kejagung https://t.co/3oHGPvhdRh;1,85E+18;;;in;;0;0;0;https://x.com/undefined/status/1852354270265573884;1,58E+18;
1,85E+18;Fri Nov 01 14:16:59 +0000 2024;0;Prediksi Sacramento Kings Vs Atlanta Hawks di Liga Basket NBA 2 November 2024 --------- Prilly Latuconsina #SekaliLagi Tom Lembong KELAKUAN 2024 GET WELL SOON KAI Cipondoh indomie newjeans #PersibDay Kejagung https://t.co/46najlTwm3;1,85E+18;;;in;;0;0;0;https://x.com/undefined/status/1852354152896282901;1,58E+18;
1,85E+18;Fri Nov 01 14:16:24 +0000 2024;0;Prediksi Orlando Magic vs Cleveland Cavaliers di Liga Basket NBA 2 November 2024 --------- Prilly Latuconsina #SekaliLagi Tom Lembong KELAKUAN 2024 GET WELL SOON KAI Cipondoh indomie newjeans #PersibDay Kejagung https://t.co/2KrN7g6qUL;1,85E+18;;;in;;0;0;0;https://x.com/undefined/status/1852354004019462532;1,58E+18;
1,85E+18;Fri Nov 01 14:13:22 +0000 2024;0;kalo Indomie ada PC newjeans nya gue mau beli banyakkkk;1,85E+18;;;in;;0;0;0;https://x.com/undefined/status/1852353240639406241;1,74E+18;
1,85E+18;Fri Nov 01 14:10:59 +0000 2024;0;Bisa masak indomie sendiri segini 15k udah full topping worth it banget! Btw tadi coba yg biru ENAK. Banyak yg bilang pedes tapi menurutku kok ga terlalu pedes ya #OhMyGoodItsIndomie #NewJeansXIndomie #NewJeans https://t.co/QatlYMwQ9Q;1,85E+18;https://pbs.twimg.com/media/GbTg55XaQAAB48w.jpg;chickayesika;in;;0;0;0;https://x.com/undefined/status/1852352641730597042;1906147338;
1,85E+18;Fri Nov 01 14:06:40 +0000 2024;0;@newjeans_loop Indomie sepiring kagak sebanyak itu yak!!!;1,85E+18;;newjeans_loop;in;;0;0;0;https://x.com/undefined/status/1852351555451666904;9,73E+17;
1,85E+18;Fri Nov 01 14:01:27 +0000 2024;1;Cieee makasih ya Newjeans ini kawan-kawanku dan aku bisa barengan gini baru pada beli Indomie Ramyeon ;1,85E+18;;;in;;0;0;0;https://x.com/undefined/status/1852350243561681197;9,73E+17;
1,85E+18;Fri Nov 01 14:00:07 +0000 2024;0;indomie spicy ramyeon enak banget asli kuahnya pedes tapi bumbu lainnya masih kerasa jujur lebih enak dari fiery chikin;1,85E+18;;;in;;0;0;0;https://x.com/undefined/status/1852349909099491375;1,11E+18;
1,85E+18;Fri Nov 01 13:47:05 +0000 2024;5;hari ini wfc melipir ke booth indomie x newjeans https://t.co/OAhVXUzv8X;1,85E+18;https://pbs.twimg.com/media/GbTba6NaQAA0bQd.jpg;;in;;0;2;1;https://x.com/undefined/status/1852346625513148565;2602639954;
1,85E+18;Fri Nov 01 13:43:41 +0000 2024;12;@breadluvpham Jujur indomie sbnrnya pengen ngepromosiin newjeans di indo kan?? ada nama nama member segala;1,85E+18;;breadluvpham;in;;0;1;0;https://x.com/undefined/status/1852345770290323490;1,79E+18;
1,85E+18;Fri Nov 01 11:38:43 +0000 2024;0;Truk prilly Latuconsina berduit akira kejagung jemima rosalia supir tom lembong cipondoh tanggerang indomie newjeans. Pekan ke-10 sudah di mulai langsung streaming aja.. #MatchDay #TimnasDay #PersibDay #PERSIB #JumatBerkah https://t.co/Oq0ugjOexB;1,85E+18;https://pbs.twimg.com/media/GbS-DxjbwAAhbhv.jpg;;in;;0;0;0;https://x.com/undefined/status/1852314321520603285;1,82E+18;
1,85E+18;Fri Nov 01 11:38:36 +0000 2024;1;@newjeans_loop Jadi BA indomie sekarang emg suara kaum buruh dan anak kosan ini NJ;1,85E+18;;newjeans_loop;in;;0;0;0;https://x.com/undefined/status/1852314292353445936;286996763;
1,85E+18;Fri Nov 01 11:38:19 +0000 2024;0;keren jg indomie collab sama newjeans;1,85E+18;;;in;;0;0;0;https://x.com/undefined/status/1852314220412740030;277278356;
1,85E+18;Fri Nov 01 11:37:13 +0000 2024;0;JKT48 mana bisa kaya indomie x Newjeans wkkwkw Jakarta full of Indomie x Newjeana;1,85E+18;;;in;;0;1;0;https://x.com/undefined/status/1852313945467658570;1378908434;
1,85E+18;Fri Nov 01 11:26:11 +0000 2024;3;pengen cobain indomie x newjeans;1,85E+18;;;in;;0;0;0;https://x.com/undefined/status/1852311167945064926;7,62E+17;
1,85E+18;Fri Nov 01 11:25:37 +0000 2024;2;aku merayakan streak ini dengan makan mie indomie x newjeans hehe. maaf ya sangat sederhana yang penting merayakan;1,85E+18;;;in;;0;1;0;https://x.com/undefined/status/1852311024785150191;9,30E+17;
1,85E+18;Fri Nov 01 11:09:29 +0000 2024;0;@Indomielovers rill nangis mam indomie ini ngga kuat pedes Kayanya aku beneran jatuh cinta ma NewJeans deh ngga kuat pedes pun tetep kuabisin padahal lagi radang ;1,85E+18;;aididla1;in;;0;1;0;https://x.com/undefined/status/1852306965634097580;1,60E+18;
1,85E+18;Fri Nov 01 10:58:23 +0000 2024;0;cuma ada 1 varian rasa indomie x newjeans di indomaret deket rumah ;1,85E+18;;;in;;0;0;0;https://x.com/undefined/status/1852304173053935633;1410570986;
1,85E+18;Fri Nov 01 10:55:05 +0000 2024;1;@Harni bulan ini aku mau comeback by jangan lupa streaming ya nanti newjeans kapan comeback? BTW BAGI INDOMIE SEKARDUS BOLEH?;1,85E+18;;Harni;in;;0;0;0;https://x.com/undefined/status/1852303341373771993;394533107;
1,85E+18;Fri Nov 01 10:46:49 +0000 2024;0;barusan makan indomie gara-gara newjeans;1,85E+18;;;in;;0;0;0;https://x.com/undefined/status/1852301263175839966;1,83E+18;
1,85E+18;Fri Nov 01 10:43:17 +0000 2024;1;Ring Light + 2 Phone Holder untuk alat ngonten ⭐️ Link shopee : https://t.co/C5CRP2SbM6 Tom Lembong Hujan #SekaliLagi Halloween LPDP coblos monasnya Indomie Newjeans CULT https://t.co/qnVjy5p4LZ;1,85E+18;https://pbs.twimg.com/ext_tw_video_thumb/1852300335664214016/pu/img/yWgKGpQWgUBozjlh.jpg;;in;;0;3;0;https://x.com/undefined/status/1852300371689136537;1,36E+18;
1,85E+18;Fri Nov 01 10:33:56 +0000 2024;0;Kaget banget tiba-tiba newjeans jd BA indomie ;1,85E+18;;;in;;0;0;0;https://x.com/undefined/status/1852298019598651445;7,62E+17;
1,85E+18;Fri Nov 01 10:23:01 +0000 2024;1;@strootsys Indomie Seleraku #NewJeansxIndomie #NewJeans #뉴진스 #NewJeans_is_Everywhere;1,85E+18;;strootsys;in;;0;0;0;https://x.com/undefined/status/1852295273239994654;1,84E+18;
1,85E+18;Fri Nov 01 10:12:38 +0000 2024;0;indomie newjeans yg paling enak yg mn ges;1,85E+18;;;in;;0;3;0;https://x.com/undefined/status/1852292659022618999;1,85E+18;
1,85E+18;Fri Nov 01 10:07:11 +0000 2024;0;Tadi keluar plaza senayan Ada juga itu ads Newjeans Indomie Keren deh Newjeans beneran everywhere;1,85E+18;;;in;;0;0;0;https://x.com/undefined/status/1852291288684720458;1378908434;
1,85E+18;Fri Nov 01 10:04:08 +0000 2024;0;INDOMIE RAMYEON ENAK BANGET;1,85E+18;;;in;;0;0;0;https://x.com/undefined/status/1852290520888053879;9,56E+17;
1,85E+18;Fri Nov 01 09:57:27 +0000 2024;0;@tanyakanrl No 2nd chance for shoyu &amp;;;;;;;;;;;
1,85E+18;Fri Nov 01 09:57:12 +0000 2024;1;review dr gue yg suka pedes. merah: ga pedes samsek enak untuk ramyeon harga 5k. biru: pedesnya 3/5 asin kaldunya ayam gitu enakk tapi ini mie korea jd gede gede gitu bukan kek indomie biasa. kuning: my fav pedesnya 4/5 mie kecil kuahnya enak bgt kek daun jeruk gitu;1,85E+18;;;in;;0;2;0;https://x.com/undefined/status/1852288773393875406;1,32E+18;
1,85E+18;Fri Nov 01 09:50:40 +0000 2024;0;Sunners ataupun bunnies (penggemar NewJeans) bisa cobain Spicy Ramyeon Fiery Chickin dan K-Rose dalam indomie Korean Ramyeon Series terbaru ini;1,85E+18;;majalahsunday;in;;0;1;0;https://x.com/undefined/status/1852287131768778960;180240682;
1,85E+18;Fri Nov 01 09:50:28 +0000 2024;0;Makin bikin ngiler indomie merilis varian baru Korean Ramyeon series dengan Global Brand Ambasador NewJeans!;1,85E+18;;majalahsunday;in;;0;1;0;https://x.com/undefined/status/1852287078979211487;180240682;
1,85E+18;Fri Nov 01 09:39:17 +0000 2024;1;Ehem ketemu newjeans juga boleh kalo gak saham indomie aja gapapa Koh Axton https://t.co/MSJIqokYDD;1,85E+18;https://pbs.twimg.com/media/GbSiuKTbUAAuBVJ.jpg;;in;;0;1;0;https://x.com/undefined/status/1852284267772141778;1,48E+18;
1,85E+18;Fri Nov 01 09:24:17 +0000 2024;12;Yeaay akhirnya nemu rasa k-rose indomie x newjeans di supermarket deket rumah https://t.co/78y71TyhUD;1,85E+18;https://pbs.twimg.com/media/GbSfRjra4AAJg2O.jpg;;in;;2;3;1;https://x.com/undefined/status/1852280490549715313;257744409;
1,85E+18;Fri Nov 01 09:23:44 +0000 2024;0;aku udah beli indomie korean ramyeon kepo sekali rasanya tapi malas masak masa heheh;1,85E+18;;;in;;0;1;0;https://x.com/undefined/status/1852280351198212344;1,45E+18;
1,85E+18;Fri Nov 01 09:18:53 +0000 2024;0;@kimjiyeonstwin @crysanths Di event indomie x newjeans ka digancit.. tp sblm itu hrs beli paket yg harganya 60k trs main claw machine.. jd blm tentu dapet semoga dijual terpisah deh;1,85E+18;;stelle_a_ron;in;;0;1;1;https://x.com/undefined/status/1852279131595288597;4849356450;
1,85E+18;Fri Nov 01 09:18:30 +0000 2024;0;Abis nyobain indomie newjeans yg biru spicy korean ramyeon. Sbnrnya udh beli dari lama sebelum newjeans jd GA nya indomie. Lumayan enak dr pd yg K-Rose wkwk;1,85E+18;;;in;;0;0;0;https://x.com/undefined/status/1852279037349306672;201654420;
1,85E+18;Fri Nov 01 09:16:41 +0000 2024;3;OPEN JASTIP MIE INDOMIE KOREAN EDITION NEWJEANS BUNDLE ( ISI 5 mie + PVC BAG ) HARGA PER PACKET BUNDLE 40.000 ( includ packing ) exclude admin shopee Mau beli satuan bisa lebih murah tapi gadapet PVC Bag DM for info #OhMyGoodItsIndomie https://t.co/tihm0zZOTU;1,85E+18;https://pbs.twimg.com/media/GbSdFkfbMAE96hf.jpg;;in;;0;4;0;https://x.com/undefined/status/1852278579629076963;1,27E+18;
1,85E+18;Fri Nov 01 08:57:57 +0000 2024;1;tiba tiba banget nih @Indomielovers colab sama @NewJeans_ADOR dari pada beli produk boikot afiliasi zionis mending beli Indomie NewJeans wkwkwk penasaran banget sama rasa yang dipegang Haerin rasa Kak Ross https://t.co/iEPW9cCaAm;1,85E+18;https://pbs.twimg.com/media/GbSZQe2asAAbikb.jpg;;in;;0;0;0;https://x.com/undefined/status/1852273865805705544;1,82E+18;
1,85E+18;Fri Nov 01 08:52:10 +0000 2024;2;Indomie newjeans bila masuk malaysia;1,85E+18;;;in;;0;0;0;https://x.com/undefined/status/1852272407496781962;1,80E+18;
1,85E+18;Fri Nov 01 08:39:36 +0000 2024;0;@Indomielovers @NewJeans_ADOR KADBWIJABSIABA LOVE SEBADAG BUAT INDOMIE OTW MUKBANG;1,85E+18;;Indomielovers;in;;0;0;0;https://x.com/undefined/status/1852269244777713744;1,55E+18;
1,85E+18;Fri Nov 01 08:32:20 +0000 2024;0;newjeans x indomie = amajing tapi jdi banyak fans indonya... malass;1,85E+18;;;in;;0;1;0;https://x.com/undefined/status/1852267416094675369;1,55E+18;
1,85E+18;Fri Nov 01 08:16:52 +0000 2024;0;@Indomielovers @NewJeans_ADOR beli indomie gratis haerin ga min;1,85E+18;;Indomielovers;in;;0;0;0;https://x.com/undefined/status/1852263525995159664;1,59E+18;
1,85E+18;Fri Nov 01 08:05:55 +0000 2024;0;indomie newjeans pasti belom masuk sini ya;1,85E+18;;;in;;1;1;0;https://x.com/undefined/status/1852260768068063522;3061373490;
1,85E+18;Fri Nov 01 07:46:54 +0000 2024;0;ini indomie newjeans gaada minyak/kaldunya kah? @Indomielovers;1,85E+18;;;in;;0;0;0;https://x.com/undefined/status/1852255983172751565;1,43E+18;
1,85E+18;Fri Nov 01 07:23:36 +0000 2024;0;Ujan-ujan gini pengen indomie newjeans weh;1,85E+18;;;in;;0;0;0;https://x.com/undefined/status/1852250118843466217;417679005;
1,85E+18;Fri Nov 01 07:15:24 +0000 2024;0;@tanyarlfes Betulll guyssss weekend ini cobain experience ramyeon meokgo galle ala K-mart drakor gituuu di eventnya indomie.;1,85E+18;;tanyarlfes;in;;0;0;0;https://x.com/undefined/status/1852248056424534018;536253118;
1,85E+18;Fri Nov 01 07:11:19 +0000 2024;0;@tanyarlfes kenapa harus pake tulisan hangug ramyeon ya.. padahal hangulnya ramyeon aja udah kan indomie aslinya mie indonesia;1,85E+18;;tanyarlfes;in;;0;0;0;https://x.com/undefined/status/1852247027322667340;71465844;
1,85E+18;Fri Nov 01 06:55:59 +0000 2024;0;@Indomielovers Indomie Seleraku #NewJeansxIndomie #NewJeans #뉴진스 #NewJeans_is_Everywhere;1,85E+18;;Indomielovers;in;;0;0;0;https://x.com/undefined/status/1852243170676912148;1,79E+18;
1,85E+18;Fri Nov 01 06:55:46 +0000 2024;0;Seketika jadwal gw lgsg penuh grgr ada yg mau ngegift dadakan wkwk harus diatur sm jadwal ke indomie newjeans jg ;1,85E+18;;;in;;0;0;0;https://x.com/undefined/status/1852243115001942039;1,34E+18;
1,85E+18;Fri Nov 01 06:52:07 +0000 2024;0;indomie spicy ramyeon katsu mentai rice ayam blue turtle kayanya semua enak;1,85E+18;;;in;;0;0;0;https://x.com/undefined/status/1852242198512943336;1,10E+18;
1,85E+18;Thu Oct 31 23:37:25 +0000 2024;0;newjeans jadi BA-nya indomie???? gua kaget banget;1,85E+18;;;in;;0;0;0;https://x.com/undefined/status/1852132800851513842;1,27E+18;
1,85E+18;Thu Oct 31 23:34:44 +0000 2024;0;Daster murah banget https://t.co/XR2gRReqW2 https://t.co/xEjoK2Izsu indomie newjeans Halloween https://t.co/K6Saab0JkA;1,85E+18;https://pbs.twimg.com/ext_tw_video_thumb/1852132068765110274/pu/img/p6QADlH7kjnaHzYM.jpg;;in;;0;0;1;https://x.com/undefined/status/1852132125253996783;1,78E+18;
1,85E+18;Thu Oct 31 23:33:28 +0000 2024;0;@Racunshopee_pi2 Indomie korean ramyeon series mau cobaa;1,85E+18;;Racunshopee_pi2;in;;0;0;0;https://x.com/undefined/status/1852131808781177271;9,12E+17;
1,85E+18;Thu Oct 31 23:32:31 +0000 2024;4;Indomie newjeans korean series viral Ayo checkout sebelum kehabisan. Bisa beli disini https://t.co/Mm4eOR7y2c #OhMyGoodItsIndomie 1 November wish pocong jemima lulu gen 13 jumat pagiii #jumatberkah power mv out now mau beli se truk nih https://t.co/ctkpvnpoUr;1,85E+18;https://pbs.twimg.com/media/GbQX00ZaIAA6ejO.jpg;;in;;0;3;3;https://x.com/undefined/status/1852131569152180590;1,59E+18;
1,85E+18;Thu Oct 31 23:05:44 +0000 2024;0;Lihat video Kota Daima! #TikTok #GrandeFratello #GISELLE Halloween #kodestylo indomie newjeans https://t.co/ij8UeDaNH3;1,85E+18;;;in;;0;0;0;https://x.com/undefined/status/1852124827169230963;1,59E+18;
1,85E+18;Thu Oct 31 22:58:05 +0000 2024;1;yg kemaren bertanya-tanya pernah gaksih member newjeans makan indomie pake nasih pernah kok guys nihhhh.... https://t.co/ZhRYAaRKzZ;1,85E+18;https://pbs.twimg.com/media/GbQP9BEakAExaJ4.jpg;;in;;0;1;0;https://x.com/undefined/status/1852122901899809299;1,81E+18;
1,85E+18;Thu Oct 31 22:48:02 +0000 2024;1;@NewJeans_ADOR @Indomielovers Indomie selerakuuuuuu Check telegram https://t.co/Xv3G8cahSu;1,85E+18;;NewJeans_ADOR;in;;0;0;0;https://x.com/undefined/status/1852120372713525670;1,75E+18;
1,85E+18;Thu Oct 31 22:28:29 +0000 2024;0;Eh CH Ikram baru aja nge-post. Cek dulu ah~ mungkin ada update menarik. #GrandeFratello #GISELLE Halloween #kodestylo Indomie NewJeans https://t.co/q36FO8iHl4;1,85E+18;;;in;;0;0;0;https://x.com/undefined/status/1852115452597801266;1,59E+18;
1,85E+18;Thu Oct 31 22:00:12 +0000 2024;0;@KeiBasar Indomie or Newjeans? Hehe;1,85E+18;;KeiBasar;in;;0;1;0;https://x.com/undefined/status/1852108335509831701;232722266;
1,85E+18;Thu Oct 31 21:33:56 +0000 2024;0;@Indomielovers @NewJeans_ADOR indomie seleraku ceunah bro @fuadmustholahul;1,85E+18;;Indomielovers;in;;0;1;0;https://x.com/undefined/status/1852101724192018508;1514567640;
1,85E+18;Thu Oct 31 21:31:31 +0000 2024;0;@newjeans_loop Apakah aku harus menjadi Indomie dulu biar jadi selera mu Hanni;1,85E+18;;newjeans_loop;in;;0;0;0;https://x.com/undefined/status/1852101117775351994;1,35E+18;
1,85E+18;Thu Oct 31 21:26:51 +0000 2024;0;@Indomielovers @NewJeans_ADOR Aduh indomie knp wehhh;1,85E+18;;Indomielovers;in;;0;0;0;https://x.com/undefined/status/1852099941495378360;1,46E+18;
1,85E+18;Thu Oct 31 19:01:49 +0000 2024;2;@ap_passionato @newjeans_loop iya tp emang langka bgt buat sekelas Indomie. soalnya tiap dia ngeluarin varian rasa baru pun gapernah ada collab sama siapapun. krn udah pasti pada nyobain kalo Indomie yg ngeluarin;1,85E+18;;ap_passionato;in;;0;0;0;https://x.com/undefined/status/1852063446369792050;1,19E+18;
1,85E+18;Thu Oct 31 18:57:46 +0000 2024;6;Yang mau pap boleh sawer link di bio nanggung mumpung lagi colmek Semangat Halloween Indomie NewJeans sange colmek viral SMA https://t.co/dwfpQt3lh4;1,85E+18;https://pbs.twimg.com/media/GbPY9fkakAE73uZ.jpg;;in;;0;3;0;https://x.com/undefined/status/1852062426969346299;1,82E+18;
1,85E+18;Thu Oct 31 18:19:42 +0000 2024;1;Bang aku pengen makan Indomie bareng NewJeans di warkop dong @axtonsalim @indofood ;1,85E+18;;;in;;0;0;0;https://x.com/undefined/status/1852052846344311279;274001014;
1,85E+18;Thu Oct 31 18:09:15 +0000 2024;0;@newjeans_loop aku mau indomie varian putih biru muda ituuu️;1,85E+18;;newjeans_loop;in;;0;0;0;https://x.com/undefined/status/1852050214049452426;1,63E+18;
1,85E+18;Thu Oct 31 18:01:52 +0000 2024;0;@silverqiun emang nih keren abis deh collab nya pasti banyak yang nungguin Indomie NewJeans;1,85E+18;;silverqiun;in;;0;0;0;https://x.com/undefined/status/1852048358892016048;2496445776;
1,85E+18;Thu Oct 31 17:57:34 +0000 2024;0;jir tbtb newjeans ba indomie;1,85E+18;;;in;;0;0;0;https://x.com/undefined/status/1852047273758462194;1,44E+18;
1,85E+18;Thu Oct 31 17:53:33 +0000 2024;1;@strootsys Indomie Seleraku #NewJeansxIndomie #NewJeans #뉴진스 #NewJeans_is_Everywhere;1,85E+18;;strootsys;in;;0;0;0;https://x.com/undefined/status/1852046262725652801;1,79E+18;
1,85E+18;Thu Oct 31 17:53:09 +0000 2024;0;@idextratime Indomie Seleraku #NewJeansxIndomie #NewJeans #뉴진스 #NewJeans_is_Everywhere;1,85E+18;;idextratime;in;;0;0;0;https://x.com/undefined/status/1852046161873637747;1,79E+18;
1,85E+18;Thu Oct 31 17:47:53 +0000 2024;0;Abang gue pas liat iklan Indomie Newjeans di tv tadi siang Lah ganti lagi tuh Indomie dari Jepang ke Korea? Loh rasa jajangmyeonnya kok gak ada? Kan kalau Korea harusnya ada jajangmyeon . Gue : TORI KARA KECINTAANKU BAKAL DISCONTINUE APA GAK? TIDAAAAK ;1,85E+18;;;in;;0;1;0;https://x.com/undefined/status/1852044838465868119;2530965354;
1,85E+18;Thu Oct 31 17:47:38 +0000 2024;0;@iseauseamee Indomie Seleraku #NewJeansxIndomie #NewJeans #뉴진스 #NewJeans_is_Everywhere https://t.co/28AJbbG9sZ;1,85E+18;https://pbs.twimg.com/tweet_video_thumb/GbPI5vEakAA4adE.jpg;iseauseamee;in;;0;0;0;https://x.com/undefined/status/1852044776763462140;1,79E+18;
1,85E+18;Thu Oct 31 17:39:42 +0000 2024;0;@idextratime Indomie Seleraku #NewJeansxIndomie #NewJeans #뉴진스 #NewJeans_is_Everywhere;1,85E+18;;idextratime;in;;0;0;0;https://x.com/undefined/status/1852042779112935857;1,79E+18;
1,85E+18;Thu Oct 31 17:33:02 +0000 2024;0;Indomie x newjeans takde kat msia ke nnti AKU NAK;1,85E+18;;;in;;0;0;0;https://x.com/undefined/status/1852041100439285765;1,26E+18;
1,85E+18;Thu Oct 31 17:05:33 +0000 2024;0;@newjeans_loop Ya Allah gerak dikit jadi ba indomie ;1,85E+18;;newjeans_loop;in;;0;0;0;https://x.com/undefined/status/1852034185600385380;1,79E+18;
1,85E+18;Thu Oct 31 17:03:01 +0000 2024;0;jam segini pengen indomie newjeans;1,85E+18;;;in;;0;0;0;https://x.com/undefined/status/1852033548988944653;184687898;
1,85E+18;Thu Oct 31 16:44:21 +0000 2024;0;Indomie NewJeans ??? ini brand gak perlu global ambassador cukkk gak di apa2 in juga orang dah pada beli ;1,85E+18;;;in;;0;0;0;https://x.com/undefined/status/1852028848918970575;1,08E+18;
1,85E+18;Thu Oct 31 16:40:10 +0000 2024;0;Besok mau beli indomie ramyeon ;1,85E+18;;;in;;0;0;0;https://x.com/undefined/status/1852027798212231212;1,47E+18;
1,85E+18;Thu Oct 31 16:28:35 +0000 2024;0;indomie yg gausah ada BA aja udh laris tiba2 gaet newjeans apa ga makin gede dan banyak peminat. semoga ada pc nyaaaa bakal gue beli sepack ;1,85E+18;;;in;;0;0;0;https://x.com/undefined/status/1852024883447783738;1,72E+18;
1,85E+18;Thu Oct 31 16:28:29 +0000 2024;0;@newjeans_loop kalian harus coba indomie rawon;1,85E+18;;newjeans_loop;in;;0;0;0;https://x.com/undefined/status/1852024858495918385;7,77E+17;
1,85E+18;Thu Oct 31 16:09:21 +0000 2024;0;lucu bgt abang gue dukung newjeans gara² iklanin indomie emang pecinta indomie garis keras tu orang wkwkwk;1,85E+18;;;in;;0;0;0;https://x.com/undefined/status/1852020040662683745;1,17E+18;
1,85E+18;Thu Oct 31 16:05:53 +0000 2024;0;@sarmelss plis cobain indomie ramyeon yang baru sebelum diet sedep;1,85E+18;;;in;;0;0;0;https://x.com/undefined/status/1852019170294280440;205238559;
1,85E+18;Thu Oct 31 16:02:36 +0000 2024;0;@idextratime @newjeans_loop Indomie rasa minji ada gak ti?;1,85E+18;;idextratime;in;;0;0;0;https://x.com/undefined/status/1852018341315252548;8,12E+17;
1,85E+18;Thu Oct 31 16:00:31 +0000 2024;0;Tapi kalau misalnya 10rb terus dalam bungkusnya dapat 1pc random gaoaoa hehhee indomie limited alias yang ada newjeans nya hehehe;1,85E+18;;chvesdalso_;in;;0;0;0;https://x.com/undefined/status/1852017819363479663;1,28E+18;
1,85E+18;Thu Oct 31 16:00:30 +0000 2024;0;Newjeans collab ama indomie... ntaran bakalan naik kagak nih nanti harganya per 1 bungkus diwarung??? tiba-tiba aja ntaran 1 bungkus harganya 10rb atau 12rb https://t.co/8U5tXbgHbk;1,85E+18;https://pbs.twimg.com/amplify_video_thumb/1851853941333725186/img/TdG47p38GVVWzc5I.jpg;;in;;0;1;0;https://x.com/undefined/status/1852017816200974803;1,28E+18;
1,85E+18;Thu Oct 31 15:55:10 +0000 2024;0;@newjeans_loop sudah saatnya membabad habis indomie di warung;1,85E+18;;newjeans_loop;in;;0;0;0;https://x.com/undefined/status/1852016470752211204;2396117768;
1,85E+18;Thu Oct 31 15:51:48 +0000 2024;0;@NewJeans_ADOR @Indomielovers Baru banget tadi lewat ruang tengah liat iklan ini di tv dalem hati laaah keren juga indomie ;1,85E+18;;NewJeans_ADOR;in;;0;0;0;https://x.com/undefined/status/1852015626300330262;628374575;
1,85E+18;Thu Oct 31 15:07:31 +0000 2024;0;menurut gue newjeans sih yg beruntung jadi BA indomie;1,85E+18;;;in;;0;0;0;https://x.com/undefined/status/1852004479027286432;3083439770;
1,85E+18;Thu Oct 31 15:06:51 +0000 2024;0;eh gue barusan liat indomie newjeans di tv. langsung beli. ebuset pedes banget yg spicy ramyeon padahal visualnya gak pedes;1,85E+18;;;in;;0;1;0;https://x.com/undefined/status/1852004313553604778;1,02E+18;
1,85E+18;Thu Oct 31 15:04:36 +0000 2024;0;@Indomielovers @NewJeans_ADOR Congratss gurls! Kalian yang suka ramyeon kesampean juga jadi brand ambass indomie ;1,85E+18;;Indomielovers;in;;0;0;0;https://x.com/undefined/status/1852003748828320076;9,09E+17;
1,85E+18;Thu Oct 31 15:00:18 +0000 2024;0;emg btul klo makan indomie spicy ramyeon bs berjodoh dgn hanni pham? ;1,85E+18;;;in;;0;0;0;https://x.com/undefined/status/1852002664164528468;1,40E+18;
1,85E+18;Thu Oct 31 14:55:30 +0000 2024;0;Indomie x newjeans belum ada bjir dari indomaret;1,85E+18;;;in;;0;0;0;https://x.com/undefined/status/1852001455617773905;7,61E+17;
1,85E+18;Thu Oct 31 14:53:12 +0000 2024;0;lengah dikit indomie collab sama newjeans;1,85E+18;;;in;;0;0;0;https://x.com/undefined/status/1852000879437815961;1419364148;
1,85E+18;Thu Oct 31 14:52:33 +0000 2024;2;Pernyataan Suswono sangat menyakitkan umat Islam yang sangat menghormati Nabi Muhammad SAW Ikatan Santri DKI Jakarta laporkan Suswono ke Polda Metro Jaya!! Unmag ¶ Rosalia ¶ TV One ¶ Indomie NewJeans ¶ Halloween https://t.co/OmWNktesNM;1,85E+18;https://pbs.twimg.com/ext_tw_video_thumb/1852000616006193152/pu/img/0_dM4fdI0dCbwwFC.jpg;;in;;0;0;1;https://x.com/undefined/status/1852000715432169951;1,24E+18;
1,85E+18;Thu Oct 31 14:51:06 +0000 2024;0;eh indomie newjeans itu udh kucoba semua kecuali yg pink MANA YA KG BS TIDUR TENANG GUA;1,85E+18;;;in;;1;0;0;https://x.com/undefined/status/1852000351630823638;1,54E+18;
1,85E+18;Thu Oct 31 14:48:21 +0000 2024;0;indomie x newjeans tu kenapa gaada kemasan special/pc pc an si;1,85E+18;;;in;;0;1;0;https://x.com/undefined/status/1851999655867126250;1,28E+18;
1,85E+18;Thu Oct 31 14:42:11 +0000 2024;0;@kudila_ Kolab Indomie NewJeans tuh combo yang nggak mungkin ditolak pasti laris manis!;1,85E+18;;kudila_;in;;0;0;0;https://x.com/undefined/status/1851998103706231060;1,81E+18;
1,85E+18;Thu Oct 31 14:15:51 +0000 2024;0;@NoBeauty_Queen Indomie NewJeans kolaborasi yang bikin semua orang penasaran;1,85E+18;;Reetrrophile;in;;0;0;0;https://x.com/undefined/status/1851991479893528804;1,76E+18;
1,85E+18;Thu Oct 31 14:15:11 +0000 2024;0;Iring-iringan Ambulans Antar Jenazah 3 Kru TvOne dari Pemalang https://t.co/EIOGEQcibn Halloween #KodeStylo Tom Lembong #peranglobalmindid Indomie NewJeans https://t.co/CraeStSWL7;1,85E+18;https://pbs.twimg.com/media/GbOYRYyakAMkLqr.jpg;;in;;0;0;0;https://x.com/undefined/status/1851991310355624335;1,30E+18;
1,85E+18;Thu Oct 31 14:14:22 +0000 2024;0;@NoBeauty_Queen Indomie NewJeans kolaborasi yang bikin semua orang happy;1,85E+18;;Reetrrophile;in;;0;0;0;https://x.com/undefined/status/1851991104440406023;1,76E+18;
1,85E+18;Thu Oct 31 14:13:18 +0000 2024;0;@NoBeauty_Queen Indomie NewJeans kolaborasi yang bikin semua orang senang;1,85E+18;;Reetrrophile;in;;0;0;0;https://x.com/undefined/status/1851990837535924597;1,74E+18;
1,85E+18;Thu Oct 31 14:11:18 +0000 2024;0;@kudila_ Indomie NewJeans kolaborasi yang bikin semua orang bahagia;1,85E+18;;kudila_;in;;0;0;0;https://x.com/undefined/status/1851990334873702829;1,76E+18;
1,85E+18;Thu Oct 31 14:10:34 +0000 2024;0;@NoBeauty_Queen Indomie NewJeans kolaborasi yang bikin semua orang jatuh cinta;1,85E+18;;Reetrrophile;in;;0;0;0;https://x.com/undefined/status/1851990147577123111;1,75E+18;
1,85E+18;Thu Oct 31 14:10:31 +0000 2024;0;WKWKWK lucu bngt newjeans collab ama indomie;1,85E+18;;;in;;0;1;0;https://x.com/undefined/status/1851990136323731670;1,22E+18;
1,85E+18;Thu Oct 31 14:10:13 +0000 2024;0;@WlNTERI Pastinya udah cobain soalnya waktu shooting dibikinin Indomie satu piring yummm YUUMMM rasanya seperti ramyeon meokgo gallae;1,85E+18;;WlNTERI;in;;0;1;0;https://x.com/undefined/status/1851990058993356920;260661834;
1,85E+18;Thu Oct 31 14:09:10 +0000 2024;0;indomie x newjeans di indomaret deket rumah gw UDAH HABIS WOY ANJER LU PADA YA;1,85E+18;;;in;;0;0;0;https://x.com/undefined/status/1851989797382033605;1,53E+18;
1,85E+18;Thu Oct 31 14:08:57 +0000 2024;0;@itscinat Indomie NewJeans kolaborasi yang bikin semua orang pengen coba;1,85E+18;;itscinat;in;;0;0;0;https://x.com/undefined/status/1851989741920751669;1,76E+18;
1,85E+18;Thu Oct 31 14:08:29 +0000 2024;0;@LINYIgr Newjeans nya jualan indomie bang?;1,85E+18;;WOOCHANngaco;in;;0;2;0;https://x.com/undefined/status/1851989623527944635;2941325408;
1,85E+18;Thu Oct 31 14:08:10 +0000 2024;0;@cimotyy Indomie NewJeans kolaborasi yang bikin makan mie jadi lebih spesial;1,85E+18;;cimotyy;in;;0;0;0;https://x.com/undefined/status/1851989545010762070;1,76E+18;
1,85E+18;Thu Oct 31 14:07:14 +0000 2024;0;@kudila_ Indomie NewJeans kolaborasi yang bikin semua orang happy;1,85E+18;;kudila_;in;;0;0;0;https://x.com/undefined/status/1851989311522246808;1,75E+18;
1,85E+18;Thu Oct 31 14:06:09 +0000 2024;0;beli indomie nanti ketemu newjeans gak?;1,85E+18;;;in;;0;5;0;https://x.com/undefined/status/1851989038124962046;1240495490;
1,85E+18;Thu Oct 31 14:04:56 +0000 2024;3;Unmag Cipondoh truk Malam Jumat tv one innalillahi Universitas Pancasila Halloween ASIH NOMER TIGA indomie newjeans Ridwan Kamil - Suswono truck Satoshi Nakamoto Charlie Kirk! Happy 16th #MicroStrategy Sunak Philadelphia s Murphy Joshua Chancellor Reeves Siraj Radiohead https://t.co/O4Sj8ZEosm;1,85E+18;https://pbs.twimg.com/ext_tw_video_thumb/1851988679147032577/pu/img/0ejCvBBD8EM3rcN2.jpg;;in;;1;0;3;https://x.com/undefined/status/1851988729331880196;1,52E+18;
1,85E+18;Thu Oct 31 13:59:19 +0000 2024;3;mending beli indomie newjeans https://t.co/YDq478jyg7;1,85E+18;https://pbs.twimg.com/media/GbOUpu8akAMf7ic.jpg;;in;;1;0;0;https://x.com/undefined/status/1851987319949316586;1057404380;
1,85E+18;Thu Oct 31 13:54:20 +0000 2024;0;PKS jilat ludah sendiri dulu bilang ke Ahok jangan menistakan agama sekarang malah kadernya yang menistakan agama!? Mau nanya kira-kira bakal di demo berjilid-jilid gak ya??? Rosalia ¶ TV One ¶ Indomie NewJeans ¶ Halloween https://t.co/zsXniOUT9V;1,85E+18;https://pbs.twimg.com/ext_tw_video_thumb/1851986013603926021/pu/img/yeSeJf0RGX5u8Y2U.jpg;;in;;0;0;1;https://x.com/undefined/status/1851986065034449392;1,24E+18;
1,85E+18;Thu Oct 31 13:51:38 +0000 2024;3;Sebwah life hack: Indomie korean spicy ramyeon kalo ditambah crab stick jadi ada rasa &amp;;;;;;;;;;;
1,85E+18;Thu Oct 31 13:47:15 +0000 2024;1;kata gw indofood keren bet bisa jadiin svt &amp;;;;;;;;;;;
1,85E+18;Thu Oct 31 13:45:59 +0000 2024;1;Saatnya nge-tweet seperti indomie newjeans seleraku ;1,85E+18;;;in;;0;0;0;https://x.com/undefined/status/1851983962090147942;84302795;
1,85E+18;Thu Oct 31 13:45:06 +0000 2024;2;Weh ini sih bukan kaleng-kaleng jebolan KKS dibawa ke Portugal ternyata yg dituju Sporting Lisbon Kelas atas di Liga Portugal. #KKS #Melentinglah Unmag Rosalia TV One Indomie NewJeans Halloween Cipondoh BABY BOY https://t.co/nxtrCFEExV;1,85E+18;https://pbs.twimg.com/media/GbORZa2akAMJWm6.jpg;;in;;0;0;1;https://x.com/undefined/status/1851983739884310933;1673058955;
1,85E+18;Thu Oct 31 13:42:58 +0000 2024;0;@tanyarlfes newjeans said indomie seleraku! kalo kalian mah seleraku;1,85E+18;;tanyarlfes;in;;0;0;0;https://x.com/undefined/status/1851983203835482440;1,60E+18;
1,85E+18;Thu Oct 31 13:42:03 +0000 2024;0;dammn sibuk antusias sama newjeans x indomie sampe ga ngeh KWONJI BENERAN COMEBACKKKKKKK https://t.co/pSc0Rm70ex;1,85E+18;;;in;;0;0;0;https://x.com/undefined/status/1851982972485845462;1,21E+18;
1,85E+18;Thu Oct 31 13:39:52 +0000 2024;0;mantap memang bukan hanya indomie yg seleraku tp newjeans jg seleraku anjaaaay;1,85E+18;;;in;;0;0;0;https://x.com/undefined/status/1851982421417460106;9,60E+17;
1,85E+18;Thu Oct 31 13:39:07 +0000 2024;0;@sarcaazt_ pls gw butuh pc newjeans x indomie;1,85E+18;;sarkaszt;in;;0;0;0;https://x.com/undefined/status/1851982232778608685;1,83E+18;
1,85E+18;Thu Oct 31 13:37:44 +0000 2024;15;Suswono kader PKS yang sudah gak laku lagi Cawagub nya Ridwan Kamil ini sedang rame karena menghina Nabi dan merendahkan perempuan. Sudah berkali-kali di pemilihan legislatif dan kalah di Pilkada Brebes! Unmag ¶ Rosalia ¶ TV One ¶ Indomie NewJeans ¶ Halloween https://t.co/PmNIEP6YAj;1,85E+18;https://pbs.twimg.com/ext_tw_video_thumb/1851981783430238210/pu/img/xuO2221u2s2-TuYt.jpg;;in;;0;1;4;https://x.com/undefined/status/1851981884416495845;1,24E+18;
1,85E+18;Thu Oct 31 13:36:44 +0000 2024;8; Rosalia Truk BABY BOY Tugu Adipura Dandadan Tangerang Aku Cinta Kamu Indomie NewJeans Cipondoh TV One BUMN Tangerang https://t.co/o05IrLS9yi;1,85E+18;https://pbs.twimg.com/ext_tw_video_thumb/1851981362720575492/pu/img/De8G8qca1W0tNzEk.jpg;;in;;0;1;2;https://x.com/undefined/status/1851981633752334812;1,11E+18;
1,85E+18;Thu Oct 31 13:34:31 +0000 2024;0;indomie seleraku newjeans juga seleraku;1,85E+18;;;in;;0;0;0;https://x.com/undefined/status/1851981074769023195;1,39E+18;
1,85E+18;Thu Oct 31 13:29:23 +0000 2024;0;Apa anjir random bgt tbtb indomie collab sm newjeans;1,85E+18;;;in;;0;0;0;https://x.com/undefined/status/1851979785418731846;1,47E+18;
1,85E+18;Thu Oct 31 13:26:30 +0000 2024;2;Situs kencan dan kencan baru. Anda juga dapat melakukan Penambangan Kripto https://t.co/zNulDWeH91 Indomie NewJeans #KodeStylo Coblos Monasnya Ridwan Kamil - Suswono #GDRAGON_POWER LISTENING PARTY WITH JIN I'LL BE THERE WITH INDOMY Halloween;1,85E+18;;;in;;0;0;1;https://x.com/undefined/status/1851979058558423433;9,01E+17;
1,85E+18;Thu Oct 31 13:25:31 +0000 2024;0;Newjeans x indomie kalo beli 1 dus dapet minji ga?;1,85E+18;;;in;;0;5;0;https://x.com/undefined/status/1851978812256587859;1,69E+18;
1,85E+18;Thu Oct 31 13:25:23 +0000 2024;0;baru tau newjeans di iklan indomie PLS DEDEK LUCU LUCU BGT;1,85E+18;;;in;;0;0;0;https://x.com/undefined/status/1851978776193962069;1,26E+18;
1,85E+18;Thu Oct 31 13:25:19 +0000 2024;1;sebenernya indomie tuh udh mendunia dan ga perlu gacor banget promosi. tapi emg semesta sayang newjeans sih jadi ba indomie ditengah hura hara ini. hybe doesnt deserve newjeans. brand deal ini jg bkn karna lo yh taiiiiii gosah ngeklaim2 najissssss;1,85E+18;;;in;;0;0;0;https://x.com/undefined/status/1851978760691527841;1,48E+18;
1,85E+18;Thu Oct 31 13:22:59 +0000 2024;1;@idextratime a kolaborasi NewJeans x Indomie ini memang keren banget! Musiknya catchy dan bikin suasana semakin seru.;1,85E+18;;idextratime;in;;0;0;0;https://x.com/undefined/status/1851978173316997258;1,83E+18;
1,85E+18;Thu Oct 31 13:21:34 +0000 2024;3029;newjeans x indomie ini enak juga musiknya https://t.co/7TOcnyj87V;1,85E+18;https://pbs.twimg.com/ext_tw_video_thumb/1851930116802150400/pu/img/J3DBlsE8T1r4-MX3.jpg;;in;;30;78;436;https://x.com/undefined/status/1851977818504356287;1,22E+18;
1,85E+18;Thu Oct 31 13:20:57 +0000 2024;0;adek gua beberapa minggu lalu waktu newjeans di kabarin mau keluar hybe dan denda sekian triliun : kak newjeans mau collab sama indomie tp gatau jadi apa engga karena beritanya mereka mau keluar lg rame gua : masa?;1,85E+18;;;in;;1;0;0;https://x.com/undefined/status/1851977664619516020;1,59E+18;
1,85E+18;Thu Oct 31 13:16:55 +0000 2024;1;ga sabar banget mau beli indomie nya newjeans;1,85E+18;;;in;;0;1;0;https://x.com/undefined/status/1851976646972059978;1,53E+18;
1,85E+18;Thu Oct 31 13:08:09 +0000 2024;0;@hialev_ Menurutku k-rose!! Fiery chikin belum coba cuman sempet sniff di tempat indomie tadi keknya pedes tipikal buldak. Kalau ramyeon yg cup kureng. Belum coba yg versi bungkusan biasa;1,85E+18;;hialev_;in;;0;1;0;https://x.com/undefined/status/1851974440848130328;1,01E+18;
1,85E+18;Thu Oct 31 13:05:33 +0000 2024;1;@coras00n @orpheuzz_ ayo apart mukbang indomie newjeans sampe gumoh;1,85E+18;;coras00n;in;;1;1;0;https://x.com/undefined/status/1851973787224580600;1,80E+18;
1,85E+18;Thu Oct 31 13:05:08 +0000 2024;0;@newjeans_loop Indomie selelakuu ;1,85E+18;;newjeans_loop;in;;0;0;0;https://x.com/undefined/status/1851973684271157641;1,25E+18;
1,85E+18;Thu Oct 31 13:02:11 +0000 2024;0;Sepak bola harus terus didukung untuk lebih berkualitas ... Sore Hanna Indomie NewJeans #karawangmaju #karawang #aepsyaepuloh https://t.co/vbLGoIDGsa;1,85E+18;https://pbs.twimg.com/media/GbOHkpXakAIACYz.jpg;;in;;0;0;0;https://x.com/undefined/status/1851972938997862581;351505580;
1,85E+18;Thu Oct 31 12:59:21 +0000 2024;1;@newjeans_loop @sunwoopwt beli indomie dpt pc newjeans ‍️;1,85E+18;;newjeans_loop;in;;0;0;0;https://x.com/undefined/status/1851972228373713200;1,07E+18;
1,85E+18;Thu Oct 31 12:58:56 +0000 2024;0;Coy kalian ada yang udah nemu Indomie X NewJeans belum? Info coy di mana banyak nya?;1,85E+18;;;in;;0;0;0;https://x.com/undefined/status/1851972120122954101;1,83E+18;
1,85E+18;Thu Oct 31 12:56:21 +0000 2024;0;@levienyo IYAAAAA BENER newjeans jd BA indomie;1,85E+18;;levienyo;in;;0;1;0;https://x.com/undefined/status/1851971473402933719;1,48E+18;
1,85E+18;Thu Oct 31 12:56:06 +0000 2024;0;@newjeans_loop Sumpah jd pengen makan indomie;1,85E+18;;newjeans_loop;in;;0;0;0;https://x.com/undefined/status/1851971407284178966;1,43E+18;
1,85E+18;Thu Oct 31 12:52:23 +0000 2024;0;mantan bos gw di indofood dulu ngeshare vid newjeans x indomie di status wa nya lucu bgt wkwk;1,85E+18;;;in;;0;0;0;https://x.com/undefined/status/1851970474273828900;1,60E+18;
1,85E+18;Thu Oct 31 12:52:17 +0000 2024;0;@Indomielovers @NewJeans_ADOR Mantap mania manciiiiiing indomie seleraku;1,85E+18;;Indomielovers;in;;0;0;0;https://x.com/undefined/status/1851970449485500663;1,77E+18;
1,85E+18;Thu Oct 31 12:51:03 +0000 2024;1;@newjeans_loop Jadi inget tahun lalu ngajak Haerin makan di warmindo. Awalnya dia bingung pas dikasih Indomie goreng Aa warmindo taunya sampe skrg doyan.;1,85E+18;;newjeans_loop;in;;0;0;0;https://x.com/undefined/status/1851970139887145167;1,16E+18;
1,85E+18;Thu Oct 31 12:48:38 +0000 2024;0;@idextratime @newjeans_loop Menu makan sebulan full indomie;1,85E+18;;idextratime;in;;0;0;0;https://x.com/undefined/status/1851969530047926760;1,27E+18;
1,85E+18;Thu Oct 31 12:45:20 +0000 2024;0;@newjeans_loop indomie selerakuuuu ;1,85E+18;;newjeans_loop;in;;0;0;0;https://x.com/undefined/status/1851968699152179291;1,33E+18;
1,85E+18;Thu Oct 31 12:00:19 +0000 2024;0;@kudila_ Indomie NewJeans kolaborasi yang bikin semua orang penasaran;1,85E+18;;kudila_;in;;0;0;0;https://x.com/undefined/status/1851957369196155042;1,74E+18;
1,85E+18;Thu Oct 31 12:00:17 +0000 2024;0;@NoBeauty_Queen Siapa yg nyangka ya ga sih kalo Indomie colabs nya ma NewJeans idola guaa..wow;1,85E+18;;Reetrrophile;in;;0;0;0;https://x.com/undefined/status/1851957364007850089;1,81E+18;
1,85E+18;Thu Oct 31 11:58:22 +0000 2024;0;@adjengayl ajiibb lah gw juga pengen cobain rasa baru dari Indomie NewJeans pliss..;1,85E+18;;adjengayl;in;;0;0;0;https://x.com/undefined/status/1851956877971853742;8,33E+17;
1,85E+18;Thu Oct 31 11:57:48 +0000 2024;0;@adjengayl emang paling topp markotopp lah yess Indomie NewJeans ini sudah muncul di permukaan;1,85E+18;;adjengayl;in;;0;0;0;https://x.com/undefined/status/1851956738989396000;9,18E+17;
1,85E+18;Thu Oct 31 11:57:30 +0000 2024;0;sejujurnya gw tadi rada was was indomie x newjeans seperti yang kita tahu haters nj di indo banyak tapi pas liat komen ig ternyata semuanya welcome ke nj mau nangisss banget ternyata yang masih sayang sama nj tuh banyak bangett!!!!;1,85E+18;;;in;;0;0;0;https://x.com/undefined/status/1851956661545807985;1,71E+18;
1,85E+18;Thu Oct 31 11:57:13 +0000 2024;0;@adjengayl sebuah keajaiban Indomie NewJeans bersatu untuk berikan kebahagiaan nich;1,85E+18;;adjengayl;in;;0;0;0;https://x.com/undefined/status/1851956588657152264;1426967714;
1,85E+18;Thu Oct 31 11:57:06 +0000 2024;0;@kudila_ Suka nih kalo dibuatin surprise ma indomie dengan colabs nya dgn NewJeans..;1,85E+18;;kudila_;in;;0;0;0;https://x.com/undefined/status/1851956561997889712;1,76E+18;
1,85E+18;Thu Oct 31 11:56:39 +0000 2024;0;@tanyakanrl Indomie yg koleb sama newjeans;1,85E+18;;tanyakanrl;in;;0;0;0;https://x.com/undefined/status/1851956448408015084;1,59E+18;
1,85E+18;Thu Oct 31 11:56:36 +0000 2024;0;@adjengayl daebak laahh Indomie NewJeans ini layak diapresiasi kolaborasinya sungguh penuh warna;1,85E+18;;adjengayl;in;;0;0;0;https://x.com/undefined/status/1851956436735267312;8,34E+17;
1,85E+18;Thu Oct 31 11:55:50 +0000 2024;0;@adjengayl ada yg udah tau varian apa yg dikeluarin Indomie NewJeans apa belomm?? kasi tau laaa;1,85E+18;;adjengayl;in;;0;0;0;https://x.com/undefined/status/1851956244279628069;8,29E+17;
1,85E+18;Thu Oct 31 11:55:46 +0000 2024;0;@itscinat Indomie NewJeans Mantap punya nih;1,85E+18;;itscinat;in;;0;0;0;https://x.com/undefined/status/1851956224243417297;1,83E+18;
1,85E+18;Thu Oct 31 11:54:41 +0000 2024;0;sedang mempertimbangkan serius menu baru Indomie x NEWJEANS ;1,85E+18;;;in;;0;0;0;https://x.com/undefined/status/1851955953891180745;537796390;
1,85E+18;Thu Oct 31 11:54:31 +0000 2024;0;beneran ga kebayang imagine youre an indonesian and a newjeans hater terus mereka jd iklan INDOMIE;1,85E+18;;;in;;0;0;0;https://x.com/undefined/status/1851955912770228507;1,55E+18;
1,85E+18;Thu Oct 31 11:54:29 +0000 2024;0;@NoBeauty_Queen kapan lagi bisa cobain rasa yg paling ditunggu di jaman Indomie NewJeans nih bestiee;1,85E+18;;Reetrrophile;in;;0;0;0;https://x.com/undefined/status/1851955903215686001;8,70E+17;
1,85E+18;Thu Oct 31 11:54:23 +0000 2024;0;@gataungapainn @newjeans_loop adanya indomie sumedang;1,85E+18;;gataungapainn;in;;0;0;0;https://x.com/undefined/status/1851955876871180362;1,43E+18;
1,85E+18;Thu Oct 31 11:54:21 +0000 2024;0;@kudila_ Indomie NewJeans siapa sangka ;1,85E+18;;kudila_;in;;0;0;0;https://x.com/undefined/status/1851955869715722605;1,80E+18;
1,85E+18;Thu Oct 31 11:54:20 +0000 2024;14891;Newjeans: -berkarya fashionable skena -berani speak up soal mistreatment di kantornya (sampe ke pengadilan) -berani perjuangin haknya grupnya dan ngebelain trainee/anak magang dr atasan kantor yg jahat -masih ngekos bareng -makannya indomie Real duta buruh gen Z https://t.co/TiR2NW1IUe;1,85E+18;https://pbs.twimg.com/media/GbN4CjDakAA3Hnx.jpg;;in;;368;87;3696;https://x.com/undefined/status/1851955865118740773;1,32E+18;
1,85E+18;Thu Oct 31 11:54:14 +0000 2024;1;itu indomie yg baru sama newjeans udah ada di minimarket belum sih;1,85E+18;;;in;;0;1;0;https://x.com/undefined/status/1851955840326209754;1,72E+18;
1,85E+18;Thu Oct 31 11:54:10 +0000 2024;0;@NoBeauty_Queen yang ditunggu Indomie NewJeans yang bikin banyak orang gak sabar buat rasain varian barunya;1,85E+18;;Reetrrophile;in;;0;0;0;https://x.com/undefined/status/1851955820956913934;1,70E+18;
1,85E+18;Thu Oct 31 11:53:45 +0000 2024;0;@kudila_ Indomie NewJeans diluar ekspektasi ygy;1,85E+18;;kudila_;in;;0;0;0;https://x.com/undefined/status/1851955718712365132;1,74E+18;
1,85E+18;Thu Oct 31 11:53:38 +0000 2024;0;@NoBeauty_Queen bakalan bisa ciptain sejarah baru nih Indomie NewJeans amazing babyy;1,85E+18;;Reetrrophile;in;;0;0;0;https://x.com/undefined/status/1851955688916013295;1,57E+18;
1,85E+18;Thu Oct 31 11:53:14 +0000 2024;0;EH KOCAK GW WAKTU TUGAS COPYWRITING KAN PAKAI INDOMIE YA TERUS GW PURA PURA BUAT COPYWRITING UNTUK INDOMIE VARIAN RAMYEON BJIRR SEKARANG BNERAN ADA;1,85E+18;;;in;;0;0;0;https://x.com/undefined/status/1851955589087400195;1,43E+18;
1,85E+18;Thu Oct 31 11:53:14 +0000 2024;0;@kudila_ Gokill colab nya Indomie NewJeans makin wuahhhh;1,85E+18;;kudila_;in;;0;0;0;https://x.com/undefined/status/1851955588516675928;1,74E+18;
1,85E+18;Thu Oct 31 11:53:08 +0000 2024;0;@kudila_ Abis cobain Indomie NewJeans kayaknya bakal jadi tim mie setia sampe kapanpun!;1,85E+18;;kudila_;in;;0;0;0;https://x.com/undefined/status/1851955561480491281;1,74E+18;
1,85E+18;Thu Oct 31 11:53:04 +0000 2024;0;@NoBeauty_Queen semuanya berkumpul jadi satu kita siap party di era Indomie NewJeans;1,85E+18;;Reetrrophile;in;;0;0;0;https://x.com/undefined/status/1851955545298682012;7,70E+17;
1,85E+18;Thu Oct 31 11:53:03 +0000 2024;0;@cimotyy Gimana ga excited la si NewJeans di boyong Indomie ini ;1,85E+18;;cimotyy;in;;0;0;0;https://x.com/undefined/status/1851955542543237464;1,76E+18;
1,85E+18;Thu Oct 31 11:52:33 +0000 2024;0;@newjeans_loop gapernah terbayang minji makan indomie;1,85E+18;;newjeans_loop;in;;0;0;0;https://x.com/undefined/status/1851955414176534583;1,03E+18;
1,85E+18;Thu Oct 31 11:52:20 +0000 2024;0;@NoBeauty_Queen moment nya tepat nih menjelang akhir tahun Indomie NewJeans kasih satu gebrakan;1,85E+18;;Reetrrophile;in;;0;0;0;https://x.com/undefined/status/1851955363467399199;9,04E+17;
1,85E+18;Thu Oct 31 11:52:16 +0000 2024;0;@kudila_ Otw borong abangkuh Indomie NewJeans nya xixixi;1,85E+18;;kudila_;in;;0;0;0;https://x.com/undefined/status/1851955344588800394;1,78E+18;
1,85E+18;Thu Oct 31 11:52:06 +0000 2024;0;@kudila_ Tetiba bawa NewJeans dong ke indo dan varian baru nya indomie..huaaaa makin Sukaaaa...;1,85E+18;;kudila_;in;;0;0;0;https://x.com/undefined/status/1851955302007980191;1,81E+18;
1,85E+18;Thu Oct 31 11:52:05 +0000 2024;0;@cimotyy makin bikin penasaran sama varian baru Indomie! varian Indomie NewJeans;1,85E+18;;cimotyy;in;;0;0;0;https://x.com/undefined/status/1851955298610897393;1,70E+18;
1,85E+18;Thu Oct 31 11:51:50 +0000 2024;163;@newjeans_loop Katanya minji lebih suka indomie goreng aceh;1,85E+18;;newjeans_loop;in;;5;6;6;https://x.com/undefined/status/1851955235130118570;1,01E+18;
1,85E+18;Thu Oct 31 11:51:27 +0000 2024;0;@NoBeauty_Queen vibes nya berasa banget satu indonesia nih Indomie NewJeans beneran menyala nyala sekali heeeyy;1,85E+18;;Reetrrophile;in;;0;0;0;https://x.com/undefined/status/1851955137646072092;1,38E+18;
1,85E+18;Thu Oct 31 11:51:20 +0000 2024;0;@kudila_ Jadi makin ter Indomie NewJeans ini mah;1,85E+18;;kudila_;in;;0;0;0;https://x.com/undefined/status/1851955108160114926;1,46E+18;
1,85E+18;Thu Oct 31 11:51:18 +0000 2024;0;Indomie NewJeans jadi pengen udah ada beljm di mini market?;1,85E+18;;;in;;0;0;0;https://x.com/undefined/status/1851955102120124631;1,81E+18;
1,85E+18;Thu Oct 31 11:51:00 +0000 2024;0;newjeans makan indomie juga curiga haerin jodoh gua;1,85E+18;;;in;;0;3;0;https://x.com/undefined/status/1851955026425725422;1600422974;
1,85E+18;Thu Oct 31 11:50:41 +0000 2024;0;siapa sangka anjir indomie x newjeans ;1,85E+18;;;in;;0;0;0;https://x.com/undefined/status/1851954946377421016;2711936114;
1,85E+18;Thu Oct 31 11:50:19 +0000 2024;0;@kudila_ @meliawot Jadi ngiler kalo yang pasarin nya Indomie NewJeans;1,85E+18;;kudila_;in;;0;0;0;https://x.com/undefined/status/1851954852949016922;1,76E+18;
1,85E+18;Thu Oct 31 11:50:02 +0000 2024;0;@cimotyy Indomie NewJeans ? Gimana nggak auto bangga sama produk lokal makin internasional banget!;1,85E+18;;cimotyy;in;;0;0;0;https://x.com/undefined/status/1851954783755846095;1,76E+18;
1,85E+18;Thu Oct 31 11:49:52 +0000 2024;0;@kudila_ Mantap surantap kalo ini sih. Indomie NewJeans berkolaborasi.;1,85E+18;;kudila_;in;;0;0;0;https://x.com/undefined/status/1851954738671362551;1,72E+18;
1,85E+18;Thu Oct 31 11:48:40 +0000 2024;0;@itscinat Ini sih gokil abis namanya. Indomie NewJeans;1,85E+18;;itscinat;in;;0;0;0;https://x.com/undefined/status/1851954439646818719;1,66E+18;
1,85E+18;Thu Oct 31 11:48:35 +0000 2024;0;@kudila_ Bjir ada aja gebrakan nya Indomie NewJeans;1,85E+18;;kudila_;in;;0;0;0;https://x.com/undefined/status/1851954417001730565;1,76E+18;
1,85E+18;Thu Oct 31 11:47:45 +0000 2024;0;@cimotyy Nggak sabar buat nyobain Indomie NewJeans sambil vibes ala-ala Korea gitu!;1,85E+18;;cimotyy;in;;0;0;0;https://x.com/undefined/status/1851954207466934336;1,76E+18;
1,85E+18;Thu Oct 31 11:47:44 +0000 2024;0;@kudila_ yang ditunggu Indomie NewJeans yang bikin banyak orang ditunggu ada event meet and greet bareng Indomie NewJeans;1,85E+18;;kudila_;in;;0;0;0;https://x.com/undefined/status/1851954203641679925;1,70E+18;
1,85E+18;Thu Oct 31 11:47:34 +0000 2024;0;@itscinat Bakal makin sukses nih kolaborasi Indomie NewJeans;1,85E+18;;itscinat;in;;0;0;0;https://x.com/undefined/status/1851954163456061573;1,66E+18;
1,85E+18;Thu Oct 31 11:47:22 +0000 2024;0;@kudila_ Brand ambassador nya Indomie NewJeans best emang Indomie otw varian barunya...;1,85E+18;;kudila_;in;;0;0;0;https://x.com/undefined/status/1851954113103188298;1,83E+18;
1,85E+18;Thu Oct 31 11:46:48 +0000 2024;0;@NoBeauty_Queen Indomie NewJeans ini bikin penasaran setengah mati kayaknya bakal ngehits banget sih!;1,85E+18;;Reetrrophile;in;;0;0;0;https://x.com/undefined/status/1851953967087190138;1,82E+18;
1,85E+18;Thu Oct 31 11:46:26 +0000 2024;0;@kudila_ wahh ya hebat banget nich Indomie NewJeans;1,85E+18;;kudila_;in;;0;0;0;https://x.com/undefined/status/1851953874791469107;1,66E+18;
1,85E+18;Thu Oct 31 11:46:20 +0000 2024;0;@itscinat Indomie NewJeans tuh nggak cuma makanan tapi pengalaman!;1,85E+18;;itscinat;in;;0;0;0;https://x.com/undefined/status/1851953849843748987;1,80E+18;
1,85E+18;Thu Oct 31 11:46:14 +0000 2024;0;@cimotyy Wow...keren gokil abis nih Indomie NewJeans;1,85E+18;;cimotyy;in;;0;0;0;https://x.com/undefined/status/1851953825902662049;1,72E+18;
1,85E+18;Thu Oct 31 11:46:12 +0000 2024;0;Aku juga mw di masakin indomie sama newjeans ;1,85E+18;;;in;;0;0;0;https://x.com/undefined/status/1851953815974826204;1,27E+18;
1,85E+18;Thu Oct 31 11:45:48 +0000 2024;0;Gw udah coba Indomie yg di iklannya Newjeans itu dan yg paling ga masuk di gw itu yg k-rose. Wangi bjir jd ga ketelen. Spicy ramyeon sama fiery chicken nya enak;1,85E+18;;;in;;0;0;0;https://x.com/undefined/status/1851953715814764872;1,60E+18;
1,85E+18;Thu Oct 31 11:45:45 +0000 2024;0;@kudila_ Iya nih emang kaget banget sih ada Indomie NewJeans pasti bakalan aku coba semua sih variannya;1,85E+18;;kudila_;in;;0;0;0;https://x.com/undefined/status/1851953705106706458;1,84E+18;
1,85E+18;Thu Oct 31 11:45:33 +0000 2024;0;@itscinat Bakal ada merchandise nggak ya buat kolaborasi Indomie NewJeans ini? Auto borong sih kalo ada!;1,85E+18;;itscinat;in;;0;0;0;https://x.com/undefined/status/1851953656293396684;1,78E+18;
1,85E+18;Thu Oct 31 11:45:15 +0000 2024;0;indomie selera ku newjeans kesukaan ku hanni cinta ku;1,85E+18;;;in;;0;1;0;https://x.com/undefined/status/1851953578241315051;1,83E+18;
1,85E+18;Thu Oct 31 11:45:13 +0000 2024;0;@kudila_ Kebayang nggak sih makan Indomie sambil nonton MV NewJeans? Surga banget gak sih?;1,85E+18;;kudila_;in;;0;0;0;https://x.com/undefined/status/1851953570259832841;1,76E+18;
1,85E+18;Thu Oct 31 11:44:46 +0000 2024;0;@kudila_ Seru emang liat kolaborasi Indomie NewJeans;1,85E+18;;kudila_;in;;0;0;0;https://x.com/undefined/status/1851953458179629306;1,66E+18;
1,85E+18;Thu Oct 31 11:44:11 +0000 2024;4;Dengan menikmati ramyeon edisi kolaborasi Indomie Newjeans. OMG Kamu akan menjadi hype boy. Dan tidak akan menjadi pribadi yang super shy. Sehingga attention akan tertuju padamu. Uh How sweet ;1,85E+18;;;in;;0;1;0;https://x.com/undefined/status/1851953309990662368;1,74E+18;
1,85E+18;Thu Oct 31 11:43:52 +0000 2024;0;enak bgt jadi indomie udah jadi selera newjeans;1,85E+18;;;in;;0;11;0;https://x.com/undefined/status/1851953232656109848;1,75E+18;
1,85E+18;Thu Oct 31 11:43:26 +0000 2024;238;Pejalan Kaki Disambar Truk Tangki Kejadian pinggir kali Citra 2 Garden Kel. Pegadungan Kec. Kalideres Jakbar. Beruntung korban selamat dan dirawat di RS. Hermina Daan Mogot. (29 Okt 2024) Indomie NewJeans Halloween TV One Minang Unmag universitas pancasila Malam Jumat https://t.co/IEdvwaK0L7;1,85E+18;https://pbs.twimg.com/ext_tw_video_thumb/1851949710308970497/pu/img/fy4O6PUzfY76Q-hP.jpg;;in;;4;34;21;https://x.com/undefined/status/1851953120563335594;2442090018;
1,85E+18;Thu Oct 31 11:43:12 +0000 2024;0;@kudila_ bangga ihh Indomie NewJeans sebagai Global Brand Ambassador;1,85E+18;;kudila_;in;;0;0;0;https://x.com/undefined/status/1851953063776653613;1,80E+18;
1,85E+18;Thu Oct 31 11:42:38 +0000 2024;0;@itscinat Indomie NewJeans mangtap banget pastinya donk;1,85E+18;;itscinat;in;;0;0;0;https://x.com/undefined/status/1851952919593287955;1,64E+18;
1,85E+18;Thu Oct 31 11:42:27 +0000 2024;0;@kudila_ Wow keren sih ini akhirnya launching juga Indomie NewJeans .. Pasti nih rasanya enak deh semua varian nya;1,85E+18;;kudila_;in;;0;0;0;https://x.com/undefined/status/1851952876064772155;1,67E+18;
1,85E+18;Thu Oct 31 11:42:12 +0000 2024;0;@kudila_ memang jdi surprise banget nich Indomie NewJeans;1,85E+18;;kudila_;in;;0;0;0;https://x.com/undefined/status/1851952812479123466;1,67E+18;
1,85E+18;Thu Oct 31 11:42:05 +0000 2024;0;@NoBeauty_Queen Mantap sekali emang Indomie NewJeans;1,85E+18;;Reetrrophile;in;;0;0;0;https://x.com/undefined/status/1851952780765962675;1,67E+18;
1,85E+18;Thu Oct 31 11:42:04 +0000 2024;0;@mauratalk @NewJeans_ADOR @Indomielovers Jadi pengen makan indomie.;1,85E+18;;auyeyee;in;;0;1;0;https://x.com/undefined/status/1851952776588501446;1,81E+18;
1,85E+18;Thu Oct 31 11:42:02 +0000 2024;0;@itscinat Sudah pasti tidak ada gak mungkin hehe Indomie NewJeans;1,85E+18;;itscinat;in;;0;0;0;https://x.com/undefined/status/1851952770242503159;1,76E+18;
1,85E+18;Thu Oct 31 11:41:56 +0000 2024;22;@_mardial_ 2020: beat mirip sama lagu Blackpink 2024: backsound iklannya Indomie x NewJeans bakal jadi achievement 4 tahunan sekali kah mang?;1,85E+18;;_mardial_;in;;0;1;2;https://x.com/undefined/status/1851952743172444453;1,01E+18;
1,85E+18;Thu Oct 31 11:41:29 +0000 2024;0;@cimotyy Udah coba belum? Kalau udah sharing dong pendapatnya kita sesama pencinta Indomie pasti seru nih tukar-tukar cerita! Indomie NewJeans;1,85E+18;;cimotyy;in;;0;0;0;https://x.com/undefined/status/1851952632887415201;1,84E+18;
1,85E+18;Thu Oct 31 11:41:29 +0000 2024;0;@itscinat Indomie NewJeans ini sih kolaborasi yang bener-bener gak terduga tapi keren banget! gak sabar nunggu varian barunya;1,85E+18;;itscinat;in;;0;0;0;https://x.com/undefined/status/1851952632346054781;1,70E+18;
1,85E+18;Thu Oct 31 11:41:29 +0000 2024;0;@itscinat Jadi gk sabar pengen nyobain Indomie NewJeans apakah makin lezat;1,85E+18;;itscinat;in;;0;0;0;https://x.com/undefined/status/1851952629917876624;1,74E+18;
1,85E+18;Thu Oct 31 11:41:07 +0000 2024;0;@itscinat emang nich jadi penasaran banget Indomie NewJeans;1,85E+18;;itscinat;in;;0;0;0;https://x.com/undefined/status/1851952539354435760;1,66E+18;
1,85E+18;Thu Oct 31 11:41:07 +0000 2024;0;sejak kapan newjeans jadi BA indomie...... eh BA bukan sih?;1,85E+18;;;in;;0;0;0;https://x.com/undefined/status/1851952538435883443;1,36E+18;
1,85E+18;Thu Oct 31 11:41:00 +0000 2024;0;@NoBeauty_Queen Seru banget ya kolaborasi Indomie NewJeans;1,85E+18;;Reetrrophile;in;;0;0;0;https://x.com/undefined/status/1851952508962541655;1,70E+18;
1,85E+18;Thu Oct 31 11:40:51 +0000 2024;0;@kudila_ Fix ini mah keren jdi pengen belik Indomie terus collab Indomie Newjeans paling top tahun ini no debat;1,85E+18;;kudila_;in;;0;0;0;https://x.com/undefined/status/1851952471725477994;1,65E+18;
1,85E+18;Thu Oct 31 11:40:45 +0000 2024;0;@kudila_ Bikin branding makin kuat Indomie NewJeans;1,85E+18;;kudila_;in;;0;0;0;https://x.com/undefined/status/1851952448270700898;1,69E+18;
1,85E+18;Thu Oct 31 11:40:37 +0000 2024;0;@cimotyy melihat idolaku berkolaborasi dengan makanan favorit Indomie NewJeans jadi gak sabar sama varian baru;1,85E+18;;cimotyy;in;;0;0;0;https://x.com/undefined/status/1851952411000123444;1,70E+18;
1,85E+18;Thu Oct 31 11:40:20 +0000 2024;0;@kudila_ Terharu keren bgt collab Indomie Newjeans paling top tahun ini no debat;1,85E+18;;kudila_;in;;0;0;0;https://x.com/undefined/status/1851952340904948019;1,61E+18;
1,85E+18;Thu Oct 31 11:40:03 +0000 2024;0;@kudila_ banyak yg gak percaya juga kalo Indomie NewJeans collab tapi ini nyata guys!;1,85E+18;;kudila_;in;;0;0;0;https://x.com/undefined/status/1851952272084996590;1,70E+18;
1,85E+18;Thu Oct 31 11:40:00 +0000 2024;0;@NoBeauty_Queen Keren banget nih Indomie NewJeans;1,85E+18;;Reetrrophile;in;;0;0;0;https://x.com/undefined/status/1851952256863912374;1,85E+18;
1,85E+18;Thu Oct 31 11:39:53 +0000 2024;0;@kudila_ Keren abiissss collab Indomie Newjeans paling top tahun ini no debat;1,85E+18;;kudila_;in;;0;0;0;https://x.com/undefined/status/1851952228963397706;1,61E+18;
1,85E+18;Thu Oct 31 11:39:50 +0000 2024;0;@cimotyy ini mah hebat banget jadi penasaran gwe Indomie NewJeans;1,85E+18;;cimotyy;in;;0;0;0;https://x.com/undefined/status/1851952215877173691;1,65E+18;
1,85E+18;Thu Oct 31 11:39:25 +0000 2024;0;@kudila_ collab Indomie Newjeans paling top tahun ini no debat;1,85E+18;;kudila_;in;;0;0;0;https://x.com/undefined/status/1851952112009367620;1,61E+18;
1,85E+18;Thu Oct 31 11:39:19 +0000 2024;0;@kudila_ asiikk dong kalo Indomie NewJeans collab;1,85E+18;;kudila_;in;;0;0;0;https://x.com/undefined/status/1851952086680031234;1,75E+18;
1,85E+18;Thu Oct 31 11:39:14 +0000 2024;0;bejir indomie x newjeans;1,85E+18;;;in;;0;0;0;https://x.com/undefined/status/1851952063544193217;1,32E+18;
1,85E+18;Thu Oct 31 11:39:08 +0000 2024;0;@kudila_ Kolab Indomie NewJeans itu kayak mie rasa idola pasti tiap suapan berasa spesial!;1,85E+18;;kudila_;in;;0;0;0;https://x.com/undefined/status/1851952038848139553;1,76E+18;
1,85E+18;Thu Oct 31 11:39:07 +0000 2024;0;@kudila_ Seriusan keren nih colabs nya Indomie NewJeans;1,85E+18;;kudila_;in;;0;0;0;https://x.com/undefined/status/1851952036771930475;1,66E+18;
1,85E+18;Thu Oct 31 11:39:02 +0000 2024;0;@kudila_ Udh paling keren nih collab Indomie Newjeans paling top tahun ini no debat;1,85E+18;;kudila_;in;;0;0;0;https://x.com/undefined/status/1851952012717625618;1,70E+18;
1,85E+18;Thu Oct 31 11:38:42 +0000 2024;0;@NoBeauty_Queen Mantul banget jdi pingin nyobain banget Indomie NewJeans;1,85E+18;;Reetrrophile;in;;0;0;0;https://x.com/undefined/status/1851951931583009233;1,60E+18;
1,85E+18;Thu Oct 31 11:38:39 +0000 2024;0;@kudila_ Serius ini keren bgt si collab Indomie Newjeans paling top tahun ini no debat;1,85E+18;;kudila_;in;;0;0;0;https://x.com/undefined/status/1851951916710006943;1,70E+18;
1,85E+18;Thu Oct 31 11:38:36 +0000 2024;0;@NoBeauty_Queen Indomie NewJeans kombinasi yang bikin semua orang penasaran siap-siap ya jangan kasih kendor!;1,85E+18;;Reetrrophile;in;;0;0;0;https://x.com/undefined/status/1851951905322504336;1,70E+18;
1,85E+18;Thu Oct 31 11:38:34 +0000 2024;0;@itscinat Keren emang Indomie NewJeans berkolaborasi;1,85E+18;;itscinat;in;;0;0;0;https://x.com/undefined/status/1851951898921963871;1,67E+18;
1,85E+18;Thu Oct 31 11:38:22 +0000 2024;0;@itscinat varian baru collab Indomie NewJeans kayae enak ya;1,85E+18;;itscinat;in;;0;0;0;https://x.com/undefined/status/1851951844903596166;1,54E+18;
1,85E+18;Thu Oct 31 11:38:14 +0000 2024;0;@cimotyy Indomie NewJeans? Sekali cobain udah nggak bisa balik ke rasa lain nih kayaknya.;1,85E+18;;cimotyy;in;;0;0;0;https://x.com/undefined/status/1851951811982430489;1,81E+18;
1,85E+18;Thu Oct 31 11:38:13 +0000 2024;0;@kudila_ collab Indomie Newjeans paling top tahun ini no debat;1,85E+18;;kudila_;in;;0;0;0;https://x.com/undefined/status/1851951810506035551;1,65E+18;
1,85E+18;Thu Oct 31 11:34:02 +0000 2024;0;@itscinat gue aja pengen banget nyobain lho Indomie NewJeans;1,85E+18;;itscinat;in;;0;0;0;https://x.com/undefined/status/1851950757697982686;1,73E+18;
1,85E+18;Thu Oct 31 11:33:59 +0000 2024;0;@kudila_ inovasi baru yg sangat keren abis Indomie NewJeans;1,85E+18;;kudila_;in;;0;0;0;https://x.com/undefined/status/1851950743147942331;1,41E+18;
1,85E+18;Thu Oct 31 11:33:41 +0000 2024;0;@NoBeauty_Queen ini gimana ceritanya ya Indomie NewJeans pikiran di luar kotak banget malah kepikiran buat collab sama Newjeans;1,85E+18;;Reetrrophile;in;;0;0;0;https://x.com/undefined/status/1851950668531302408;1,72E+18;
1,85E+18;Thu Oct 31 11:33:38 +0000 2024;0;@kudila_ Indomie NewJeans seriusan nih harus cobain dech;1,85E+18;;kudila_;in;;0;0;0;https://x.com/undefined/status/1851950653398217053;1,83E+18;
1,85E+18;Thu Oct 31 11:33:25 +0000 2024;0;@kudila_ Indomie NewJeans bener-bener keren banget deh;1,85E+18;;kudila_;in;;0;0;0;https://x.com/undefined/status/1851950599501238783;1,81E+18;
1,85E+18;Thu Oct 31 11:33:24 +0000 2024;0;@kudila_ Emang seru banget kolaborasi Indomie NewJeans;1,85E+18;;kudila_;in;;0;0;0;https://x.com/undefined/status/1851950595743322261;1,71E+18;
1,85E+18;Thu Oct 31 11:33:17 +0000 2024;0;@kudila_ Sukak bgt sama kolaborasi Indomie NewJeans Habis ini nggak doyan mi instan lainnya;1,85E+18;;kudila_;in;;0;0;0;https://x.com/undefined/status/1851950568971071898;1,73E+18;
1,85E+18;Thu Oct 31 11:33:14 +0000 2024;0;@kudila_ Kalau udah ada Indomie NewJeans siapa yang nggak fomo?;1,85E+18;;kudila_;in;;0;0;0;https://x.com/undefined/status/1851950554744000599;1,74E+18;
1,85E+18;Thu Oct 31 11:33:07 +0000 2024;0;@cimotyy pasti ini banyak yang akan cobain varian barunya Indomie NewJeans;1,85E+18;;cimotyy;in;;0;0;0;https://x.com/undefined/status/1851950523383210488;1,84E+18;
1,85E+18;Thu Oct 31 11:33:03 +0000 2024;0;@itscinat kuyy cobain varian baru collab Indomie NewJeans;1,85E+18;;itscinat;in;;0;0;0;https://x.com/undefined/status/1851950510175326680;1,60E+18;
1,85E+18;Thu Oct 31 11:32:48 +0000 2024;0;@kudila_ Ini keren bgt siii a kolaborasi Indomie NewJeans klu gini selalu belik i Indomie sii;1,85E+18;;kudila_;in;;0;0;0;https://x.com/undefined/status/1851950444299587739;1,73E+18;
1,85E+18;Thu Oct 31 11:32:47 +0000 2024;0;@kudila_ Indomie NewJeans gak nyangka weyy bisa kolaborasi keren itu;1,85E+18;;kudila_;in;;0;0;0;https://x.com/undefined/status/1851950442831581671;1,74E+18;
1,85E+18;Thu Oct 31 11:32:38 +0000 2024;0;@cimotyy Indomie NewJeans kollabs sama idol gue happy bener;1,85E+18;;cimotyy;in;;0;0;0;https://x.com/undefined/status/1851950402222366877;1,70E+18;
1,85E+18;Thu Oct 31 11:31:03 +0000 2024;0;@adjengayl seneng banget pasti para fans kalo ada collab Indomie NewJeans;1,85E+18;;adjengayl;in;;0;0;0;https://x.com/undefined/status/1851950007437660297;1,60E+18;
1,85E+18;Thu Oct 31 11:31:01 +0000 2024;0;@kudila_ Indomie NewJeans cocok banget;1,85E+18;;kudila_;in;;0;0;0;https://x.com/undefined/status/1851949998336020557;1,78E+18;
1,85E+18;Thu Oct 31 11:30:56 +0000 2024;0;@kudila_ Kolaborasi Indomie NewJeans ini sih juara banget;1,85E+18;;kudila_;in;;0;0;0;https://x.com/undefined/status/1851949977381347616;1,72E+18;
1,85E+18;Thu Oct 31 11:30:51 +0000 2024;1;Sudaaa datanggg indomie x newjeans https://t.co/CzDPghsrL8;1,85E+18;https://pbs.twimg.com/media/GbNyp_RaEAAVyfa.jpg;;in;;1;1;0;https://x.com/undefined/status/1851949956338454697;1,59E+18;
1,85E+18;Thu Oct 31 11:30:46 +0000 2024;0;@itscinat Gak sabar mau cobain rasa baru dari kolaborasi ini! Pasti menarik Indomie NewJeans;1,85E+18;;itscinat;in;;0;0;0;https://x.com/undefined/status/1851949932447498609;1,82E+18;
1,85E+18;Thu Oct 31 11:30:43 +0000 2024;0;@NoBeauty_Queen Iya setuju bngt pasti Indomie NewJeans bakalan meledak;1,85E+18;;Reetrrophile;in;;0;0;0;https://x.com/undefined/status/1851949920015851793;1,82E+18;
1,85E+18;Thu Oct 31 11:30:40 +0000 2024;0;@NoBeauty_Queen bikin penasaran banget kok Indomie NewJeans mau cobain dong;1,85E+18;;Reetrrophile;in;;0;0;0;https://x.com/undefined/status/1851949909525827699;1,79E+18;
1,85E+18;Thu Oct 31 11:30:40 +0000 2024;0;@itscinat bukan fomo lagi tapi Indomie NewJeans bakalan bikin nagihh karna bayangin idolnyaaa;1,85E+18;;itscinat;in;;0;0;0;https://x.com/undefined/status/1851949909358039243;1,74E+18;
1,85E+18;Thu Oct 31 11:30:38 +0000 2024;0;@cimotyy asli ni mah kudu banget nyobain Indomie NewJeans;1,85E+18;;cimotyy;in;;0;0;0;https://x.com/undefined/status/1851949902278140107;1,61E+18;
1,85E+18;Thu Oct 31 11:30:28 +0000 2024;0;@kudila_ Indomie NewJeans ini gokil kolaborasinya;1,85E+18;;kudila_;in;;0;0;0;https://x.com/undefined/status/1851949858057523283;1,72E+18;
1,85E+18;Thu Oct 31 11:30:23 +0000 2024;0;@kudila_ Indomie NewJeans gak ada matinya;1,85E+18;;kudila_;in;;0;0;0;https://x.com/undefined/status/1851949837543194802;1,78E+18;
1,85E+18;Thu Oct 31 11:30:19 +0000 2024;0;@cimotyy Yakin deh ini Indomie NewJeans pasti bakalan jadi trending topic nih Siap-siap deh;1,85E+18;;cimotyy;in;;0;0;0;https://x.com/undefined/status/1851949818870141325;1,70E+18;
1,85E+18;Thu Oct 31 11:30:18 +0000 2024;0;@NoBeauty_Queen Waaa gila si ini keren colabnya! Indomie NewJeans;1,85E+18;;Reetrrophile;in;;0;0;0;https://x.com/undefined/status/1851949816441639315;2756556826;
1,85E+18;Thu Oct 31 11:30:11 +0000 2024;0;@NoBeauty_Queen ini beneran ga sih Indomie NewJeans collab sama Newjeans koq bisa kepikiran ya;1,85E+18;;Reetrrophile;in;;0;0;0;https://x.com/undefined/status/1851949785718362265;1,74E+18;
1,85E+18;Thu Oct 31 11:30:09 +0000 2024;0;@NoBeauty_Queen Indomie NewJeans bagus banget deh pasti konsumen pengen beli;1,85E+18;;Reetrrophile;in;;0;0;0;https://x.com/undefined/status/1851949777514303524;1,68E+18;
1,85E+18;Thu Oct 31 11:30:02 +0000 2024;0;@kudila_ demi apa Indomie NewJeans Collab ahhh ga sabar bngt;1,85E+18;;kudila_;in;;0;0;0;https://x.com/undefined/status/1851949750570074296;1,82E+18;
1,85E+18;Thu Oct 31 11:30:01 +0000 2024;0;@kudila_ Kalau kata aku ini sih keren bgt kolaborasi Indomie NewJeans;1,85E+18;;kudila_;in;;0;0;0;https://x.com/undefined/status/1851949744173781379;1,64E+18;
1,85E+18;Thu Oct 31 11:29:56 +0000 2024;0;loh ak baru tau newjeans jadi ba Indomie?;1,85E+18;;;in;;0;0;0;https://x.com/undefined/status/1851949725769187427;1,43E+18;
1,85E+18;Thu Oct 31 11:29:55 +0000 2024;0;@itscinat Pastinya banyak yang fomo nih aku aja penasaran sama Indomie NewJeans;1,85E+18;;itscinat;in;;0;0;0;https://x.com/undefined/status/1851949720429826468;2758421217;
1,85E+18;Thu Oct 31 11:29:53 +0000 2024;0;@cimotyy Beneran nih Indomie NewJeans bakalan jadi alasan baru buat ngemil sambil dengerin playlist K-Pop!;1,85E+18;;cimotyy;in;;0;0;0;https://x.com/undefined/status/1851949710652891477;1,74E+18;
1,85E+18;Thu Oct 31 11:29:52 +0000 2024;0;@NoBeauty_Queen huaaa emang paling bener dahh Indomie NewJeans jadi yg teristimewa bakalnya nih;1,85E+18;;Reetrrophile;in;;0;0;0;https://x.com/undefined/status/1851949706160771479;7,07E+17;
1,85E+18;Thu Oct 31 11:29:48 +0000 2024;0;@NoBeauty_Queen wah Indomie NewJeans keren sekali ya collab nya;1,85E+18;;Reetrrophile;in;;0;0;0;https://x.com/undefined/status/1851949691812089898;1,70E+18;
1,85E+18;Thu Oct 31 11:29:48 +0000 2024;0;@NoBeauty_Queen mantul sekali indomie keren banget colabnya Indomie NewJeans;1,85E+18;;Reetrrophile;in;;0;0;0;https://x.com/undefined/status/1851949691484926353;1,84E+18;
1,85E+18;Thu Oct 31 11:29:45 +0000 2024;0;@cimotyy Aku seneng banget pas tau collab antara Indomie NewJeans;1,85E+18;;cimotyy;in;;0;0;0;https://x.com/undefined/status/1851949679363477772;1,53E+18;
1,85E+18;Thu Oct 31 11:29:43 +0000 2024;0;@itscinat Semua nya juga yakin sih pada fomo sama Indomie Indomie NewJeans;1,85E+18;;itscinat;in;;0;0;0;https://x.com/undefined/status/1851949668147826849;1,80E+18;
1,85E+18;Thu Oct 31 11:29:35 +0000 2024;0;@NoBeauty_Queen K-pop dan Indomie? Kolaborasi Indomie NewJeans paling unyu sih fix bakal jadi rebutan di mana-mana!;1,85E+18;;Reetrrophile;in;;0;0;0;https://x.com/undefined/status/1851949637751705765;1,77E+18;
1,85E+18;Thu Oct 31 11:29:35 +0000 2024;0;@kudila_ K-Rose? Fiery Chikin? Spicy Ramyeon? Tiga varian Indomie NewJeans harus di-list buat nyobain semua ;1,85E+18;;kudila_;in;;0;0;0;https://x.com/undefined/status/1851949636522774789;2402001056;
1,85E+18;Thu Oct 31 11:29:31 +0000 2024;0;@adjengayl Seru banget liat kolaborasi Indomie NewJeans;1,85E+18;;adjengayl;in;;0;0;0;https://x.com/undefined/status/1851949621188440167;1,70E+18;
1,85E+18;Thu Oct 31 11:29:24 +0000 2024;0;@itscinat Real ga heran sih Indomie NewJeans bakalan ludess;1,85E+18;;itscinat;in;;0;0;0;https://x.com/undefined/status/1851949590901342418;1,82E+18;
1,85E+18;Thu Oct 31 11:29:22 +0000 2024;0;@kudila_ Udh gak paham lagi sama kolaborasi Indomie NewJeans Habis ini nggak doyan mi instan lainnya;1,85E+18;;kudila_;in;;0;0;0;https://x.com/undefined/status/1851949582525305232;1,70E+18;
1,85E+18;Thu Oct 31 11:29:17 +0000 2024;0;@cimotyy Waoww keren bngt Collab dngn idola Indomie NewJeans pasti uwenak tenan;1,85E+18;;cimotyy;in;;0;0;0;https://x.com/undefined/status/1851949559414689838;1,74E+18;
1,85E+18;Thu Oct 31 11:29:10 +0000 2024;0;@NoBeauty_Queen ngga ngerti lagi mau komen apa intinya Indomie NewJeans ailopyupuuullll;1,85E+18;;Reetrrophile;in;;0;0;0;https://x.com/undefined/status/1851949530956337444;7,03E+17;
1,85E+18;Thu Oct 31 11:29:00 +0000 2024;0;@NoBeauty_Queen Betul banget kagak nyangka tuh Indomie NewJeans keren sih;1,85E+18;;Reetrrophile;in;;0;0;0;https://x.com/undefined/status/1851949491051729158;1,70E+18;
1,85E+18;Thu Oct 31 11:27:48 +0000 2024;0;@NoBeauty_Queen ndak nyangka ini bener² Indomie NewJeans bikin aku makin pengen melayaaanngg keangkasaaa;1,85E+18;;Reetrrophile;in;;0;0;0;https://x.com/undefined/status/1851949185756692799;7,04E+17;
1,85E+18;Thu Oct 31 11:27:47 +0000 2024;0;@kudila_ Wah Indomie NewJeans pasti laris banget nih;1,85E+18;;kudila_;in;;0;0;0;https://x.com/undefined/status/1851949181830861277;1,70E+18;
1,85E+18;Thu Oct 31 11:27:46 +0000 2024;0;@kudila_ Gafaham lagi si sama kolaborasi Indomie NewJeans Habis ini nggak doyan mi instan lainnya;1,85E+18;;kudila_;in;;0;0;0;https://x.com/undefined/status/1851949177280041029;1,54E+18;
1,85E+18;Thu Oct 31 11:27:45 +0000 2024;0;@kudila_ Ga nyangka Indomie NewJeans collab dong! Auto pengen stock nih!;1,85E+18;;kudila_;in;;0;0;0;https://x.com/undefined/status/1851949175191277946;1,74E+18;
1,85E+18;Thu Oct 31 11:27:42 +0000 2024;0;@cimotyy Pasti Indomie NewJeans bakalan jadi favorit bngt;1,85E+18;;cimotyy;in;;0;0;0;https://x.com/undefined/status/1851949161266188506;1,81E+18;
1,85E+18;Thu Oct 31 11:27:41 +0000 2024;0;@cimotyy Kolaborasi Indomie NewJeans emang gokil banget bikin aku terkejut;1,85E+18;;cimotyy;in;;0;0;0;https://x.com/undefined/status/1851949156467921035;1,70E+18;
1,85E+18;Thu Oct 31 11:27:40 +0000 2024;0;@itscinat asli ini sih kolaborasi yang nggak bakal kelewat siapa yang nggak mau coba Indomie NewJeans;1,85E+18;;itscinat;in;;0;0;0;https://x.com/undefined/status/1851949152852419001;1,72E+18;
1,85E+18;Thu Oct 31 11:27:39 +0000 2024;0;@kudila_ Woow banget pokoknya deh Indomie NewJeans;1,85E+18;;kudila_;in;;0;0;0;https://x.com/undefined/status/1851949150361014404;1,80E+18;
1,85E+18;Thu Oct 31 11:27:36 +0000 2024;0;@kudila_ iya bjirr pemikiran siapa ini jadi Indomie NewJeans harus dikasih applause;1,85E+18;;kudila_;in;;0;0;0;https://x.com/undefined/status/1851949135332806817;1,82E+18;
1,85E+18;Thu Oct 31 11:27:34 +0000 2024;0;@kudila_ Pasti bakalan di serbu nih Indomie NewJeans vibes nya itu loooooo;1,85E+18;;kudila_;in;;0;0;0;https://x.com/undefined/status/1851949127589843308;1,72E+18;
1,85E+18;Thu Oct 31 11:27:31 +0000 2024;0;@itscinat Penasaran ngiler banget dan pengen banget mencoba nih Indomie NewJeans;1,85E+18;;itscinat;in;;0;0;0;https://x.com/undefined/status/1851949114424201335;1,61E+18;
1,85E+18;Thu Oct 31 11:27:28 +0000 2024;0;@itscinat bener-bener gabungan yang epic antara Indomie NewJeans harus banget dicoba;1,85E+18;;itscinat;in;;0;0;0;https://x.com/undefined/status/1851949103208632590;1,72E+18;
1,85E+18;Thu Oct 31 11:27:27 +0000 2024;0;@lahguamahsaik terbaikkk makin sayang Indomie NewJeans;1,85E+18;;lahguamahsaik;in;;0;0;0;https://x.com/undefined/status/1851949101199561167;1,60E+18;
1,85E+18;Thu Oct 31 11:27:27 +0000 2024;0;@NoBeauty_Queen Bebas pilih varian Indomie NewJeans semau kalian yg penting happy;1,85E+18;;Reetrrophile;in;;0;0;0;https://x.com/undefined/status/1851949098641052081;1,74E+18;
1,85E+18;Thu Oct 31 11:27:24 +0000 2024;0;@itscinat Ya dah bener sekali banyak yg nyobain Indomie NewJeans;1,85E+18;;itscinat;in;;0;0;0;https://x.com/undefined/status/1851949086930538993;1,76E+18;
1,85E+18;Thu Oct 31 11:27:22 +0000 2024;0;@adjengayl sangat keren dan gokil ini Indomie NewJeans;1,85E+18;;adjengayl;in;;0;0;0;https://x.com/undefined/status/1851949079238185309;1,40E+18;
1,85E+18;Thu Oct 31 11:27:15 +0000 2024;0;@itscinat fomo beneran sih ini Indomie NewJeans pasti ngehits banget;1,85E+18;;itscinat;in;;0;0;0;https://x.com/undefined/status/1851949047445361048;1,69E+18;
1,85E+18;Thu Oct 31 11:24:55 +0000 2024;0;@adjengayl gas cobain varian barunya penasaran sama rasanya Indomie NewJeans;1,85E+18;;adjengayl;in;;0;0;0;https://x.com/undefined/status/1851948460523606080;1,60E+18;
1,85E+18;Thu Oct 31 11:24:55 +0000 2024;0;@itscinat Indomie NewJeans itu kolaborasi yang nggak bisa diabaikan penasaran banget;1,85E+18;;itscinat;in;;0;0;0;https://x.com/undefined/status/1851948460091806055;1,81E+18;
1,85E+18;Thu Oct 31 11:24:52 +0000 2024;0;@lahguamahsaik Pantesan banget tiba2 danniel rambutnya kayak mie oh ternyata ada collab toh udah ada blm nih di minimarket ? Indomie NewJeans nya ?;1,85E+18;;lahguamahsaik;in;;0;0;0;https://x.com/undefined/status/1851948447496310811;1,76E+18;
1,85E+18;Thu Oct 31 11:24:49 +0000 2024;0;@itscinat Iya aku juga fomo banget mau nyoba Indomie NewJeans Penasaran sama rasanya?;1,85E+18;;itscinat;in;;0;0;0;https://x.com/undefined/status/1851948438528889235;1,67E+18;
1,85E+18;Thu Oct 31 11:24:48 +0000 2024;0;@cimotyy banyak yang antusias sama Indomie NewJeans sih kayaknya;1,85E+18;;cimotyy;in;;0;0;0;https://x.com/undefined/status/1851948432166130002;1,70E+18;
1,85E+18;Thu Oct 31 11:24:46 +0000 2024;0;@itscinat ini kolaborasi yang bikin semua orang jadi pengen coba Indomie NewJeans nggak main-main;1,85E+18;;itscinat;in;;0;0;0;https://x.com/undefined/status/1851948422162780230;1,69E+18;
1,85E+18;Thu Oct 31 11:24:38 +0000 2024;0;@itscinat iya bjirr tiba banget Indomie NewJeans apa ga penasaran gw;1,85E+18;;itscinat;in;;0;0;0;https://x.com/undefined/status/1851948390025957484;1,77E+18;
1,85E+18;Thu Oct 31 11:24:38 +0000 2024;0;@lahguamahsaik Event Indomie NewJeans sangat gokil tentunya;1,85E+18;;lahguamahsaik;in;;0;0;0;https://x.com/undefined/status/1851948389975625849;1,70E+18;
1,85E+18;Thu Oct 31 11:24:26 +0000 2024;0;@cimotyy Keren bgt menyala Indomie NewJeans;1,85E+18;;cimotyy;in;;0;0;0;https://x.com/undefined/status/1851948340541559048;1,75E+18;
1,85E+18;Thu Oct 31 11:24:25 +0000 2024;0;@cimotyy aku yang mau nyobain kak jadi mau belu Indomie NewJeans;1,85E+18;;cimotyy;in;;0;0;0;https://x.com/undefined/status/1851948335143244025;1,45E+18;
1,85E+18;Thu Oct 31 11:24:24 +0000 2024;0;@itscinat Indomie NewJeans berhasil bikin semua pada fomo kolaborasinya ikonik;1,85E+18;;itscinat;in;;0;0;0;https://x.com/undefined/status/1851948331645431845;1,82E+18;
1,85E+18;Thu Oct 31 11:24:23 +0000 2024;0;@Jojoadrian_ Indomie NewJeans nggak kaleng-kaleng deh kalau kolab pasti keren;1,85E+18;;Jojoadrian_;in;;0;0;0;https://x.com/undefined/status/1851948327929069871;1,09E+18;
1,85E+18;Thu Oct 31 11:24:15 +0000 2024;0;@itscinat kapan lagi bisa coba kolaborasi kayak Indomie NewJeans pasti wajib dicoba;1,85E+18;;itscinat;in;;0;0;0;https://x.com/undefined/status/1851948293242392650;1,81E+18;
1,85E+18;Thu Oct 31 11:24:08 +0000 2024;0;@kudila_ Gak diragukan lagi karena udah colab aja ternyata Indomie NewJeans;1,85E+18;;kudila_;in;;0;0;0;https://x.com/undefined/status/1851948266310766977;1,75E+18;
1,85E+18;Thu Oct 31 11:24:02 +0000 2024;0;@NoBeauty_Queen Kalian belum tau yah..Indomie NewJeans rasanya bikin nagih..cobain deh;1,85E+18;;Reetrrophile;in;;0;0;0;https://x.com/undefined/status/1851948240733892901;1,74E+18;
1,85E+18;Thu Oct 31 11:24:01 +0000 2024;0;@itscinat nggak bisa ngelewatin Indomie NewJeans ini penasaran sama rasanya;1,85E+18;;itscinat;in;;0;0;0;https://x.com/undefined/status/1851948235444957412;1,82E+18;
1,85E+18;Thu Oct 31 11:23:55 +0000 2024;0;@itscinat Indomie NewJeans jangan cepet soldout dong biar kebagian;1,85E+18;;itscinat;in;;0;0;0;https://x.com/undefined/status/1851948211055006011;1,71E+18;
1,85E+18;Thu Oct 31 11:23:55 +0000 2024;0;@kudila_ dapet hanni ga kalo nnti dah beli varian Indomie NewJeans ;1,85E+18;;kudila_;in;;0;0;0;https://x.com/undefined/status/1851948208521626047;1,75E+18;
1,85E+18;Thu Oct 31 11:23:50 +0000 2024;0;@itscinat kolaborasi Indomie NewJeans ini pasti bikin semua orang pada berburu;1,85E+18;;itscinat;in;;0;0;0;https://x.com/undefined/status/1851948189571530768;1,81E+18;
1,85E+18;Thu Oct 31 11:23:46 +0000 2024;0;@itscinat Indomie NewJeans semua jadi nggak sabar kamu pengen mencoba;1,85E+18;;itscinat;in;;0;0;0;https://x.com/undefined/status/1851948173591191706;1,84E+18;
1,85E+18;Thu Oct 31 11:23:43 +0000 2024;0;@itscinat Teruntuk kalian keren bgt ga nyangka bisa sekeren ini Indomie NewJeans;1,85E+18;;itscinat;in;;0;0;0;https://x.com/undefined/status/1851948158793961897;1,75E+18;
1,85E+18;Thu Oct 31 11:23:41 +0000 2024;0;@itscinat Indomie NewJeans bakal jadi tren baru nggak mungkin nggak ikut nyobain;1,85E+18;;itscinat;in;;0;0;0;https://x.com/undefined/status/1851948150808023418;1,71E+18;
1,85E+18;Thu Oct 31 11:23:31 +0000 2024;0;@cimotyy aku penasaran banget mau nyobain Indomie NewJeans;1,85E+18;;cimotyy;in;;0;0;0;https://x.com/undefined/status/1851948107589914963;1,41E+18;
1,85E+18;Thu Oct 31 11:23:27 +0000 2024;0;@lahguamahsaik Danielle be like : aku suka mie goreng wkwkw keren bgt btw collabnya Indomie NewJeans;1,85E+18;;lahguamahsaik;in;;0;0;0;https://x.com/undefined/status/1851948091219546575;1,76E+18;
1,85E+18;Thu Oct 31 11:23:20 +0000 2024;0;@itscinat semua pasti jadi fomo banget hype Indomie NewJeans nggak ada yang bisa ngalahin;1,85E+18;;itscinat;in;;0;0;0;https://x.com/undefined/status/1851948063973155000;1,81E+18;
1,85E+18;Thu Oct 31 11:22:15 +0000 2024;0;@lahguamahsaik Indomie NewJeans auto wajib stok siapa tau ada photocard kejutan wkwk;1,85E+18;;lahguamahsaik;in;;0;0;0;https://x.com/undefined/status/1851947791381336344;1,76E+18;
1,85E+18;Thu Oct 31 11:22:14 +0000 2024;0;@NoBeauty_Queen What keren banget cuy bakal maju keren bgt dah Indomie NewJeans;1,85E+18;;Reetrrophile;in;;0;0;0;https://x.com/undefined/status/1851947784704069641;1,75E+18;
1,85E+18;Thu Oct 31 11:22:13 +0000 2024;0;@cimotyy bangga banget donk kitanya Indomie NewJeans;1,85E+18;;cimotyy;in;;0;0;0;https://x.com/undefined/status/1851947780669083894;1,67E+18;
1,85E+18;Thu Oct 31 11:22:07 +0000 2024;0;@adjengayl aku jadi pengen coba juga varian barunya Indomie NewJeans;1,85E+18;;adjengayl;in;;0;0;0;https://x.com/undefined/status/1851947758330220904;1,41E+18;
1,85E+18;Thu Oct 31 11:22:06 +0000 2024;0;@kudila_ Nampol banget pasti rasanya Indomie NewJeans;1,85E+18;;kudila_;in;;0;0;0;https://x.com/undefined/status/1851947751850066293;1,71E+18;
1,85E+18;Thu Oct 31 11:22:03 +0000 2024;0;@kudila_ Siapa coba yang ga kaget ngelihat Indomie NewJeans;1,85E+18;;kudila_;in;;0;0;0;https://x.com/undefined/status/1851947741477515614;1,81E+18;
1,85E+18;Thu Oct 31 11:22:03 +0000 2024;0;@kudila_ jadi penasaran sama semua varian Indomie NewJeans dehh;1,85E+18;;kudila_;in;;0;0;0;https://x.com/undefined/status/1851947740953182549;1,72E+18;
1,85E+18;Thu Oct 31 11:22:01 +0000 2024;0;@adjengayl Penasaran banget nih aku sama Indomie NewJeans;1,85E+18;;adjengayl;in;;0;0;0;https://x.com/undefined/status/1851947734019842096;1,70E+18;
1,85E+18;Thu Oct 31 11:22:00 +0000 2024;0;@kudila_ Siap-siap ngantri buat beli Indomie NewJeans;1,85E+18;;kudila_;in;;0;0;0;https://x.com/undefined/status/1851947729620210133;1,70E+18;
1,85E+18;Thu Oct 31 11:21:58 +0000 2024;0;@NoBeauty_Queen Indomie NewJeans udah bikin hype pasti jadi omongan di mana-mana!;1,85E+18;;Reetrrophile;in;;0;0;0;https://x.com/undefined/status/1851947718874402855;7,86E+17;
1,85E+18;Thu Oct 31 11:21:56 +0000 2024;0;@lahguamahsaik Makan mie + fangirling = Indomie NewJeans ! Paket komplit buat fans banget!;1,85E+18;;lahguamahsaik;in;;0;0;0;https://x.com/undefined/status/1851947712721359240;1,76E+18;
1,85E+18;Thu Oct 31 11:21:48 +0000 2024;0;@adjengayl iyaa penasaran syekaliiii pengen juga nyoba Indomie NewJeans;1,85E+18;;adjengayl;in;;0;0;0;https://x.com/undefined/status/1851947677946384583;1,50E+18;
1,85E+18;Thu Oct 31 11:21:47 +0000 2024;0;@NoBeauty_Queen iya woi lah ga expect penasaran juga ga sih di buat Indomie NewJeans inii;1,85E+18;;Reetrrophile;in;;0;0;0;https://x.com/undefined/status/1851947674091602186;1,82E+18;
1,85E+18;Thu Oct 31 11:21:39 +0000 2024;0;@itscinat Yang udah nyoba gimana rasanya nih? Indomie NewJeans;1,85E+18;;itscinat;in;;0;0;0;https://x.com/undefined/status/1851947640130539739;1,79E+18;
1,85E+18;Thu Oct 31 11:21:38 +0000 2024;0;@lahguamahsaik Kolaborasi paling unexpected tapi pas banget! Udah pasti deh Indomie NewJeans bakal laris;1,85E+18;;lahguamahsaik;in;;0;0;0;https://x.com/undefined/status/1851947633813917941;1,76E+18;
1,85E+18;Thu Oct 31 11:21:37 +0000 2024;0;@NoBeauty_Queen Otw nyetok banyak kardus Indomie NewJeans nihh di rumah;1,85E+18;;Reetrrophile;in;;0;0;0;https://x.com/undefined/status/1851947630424920308;1,72E+18;
1,85E+18;Thu Oct 31 11:21:34 +0000 2024;0;@NoBeauty_Queen Keren banget ya Indomie berani ambil langkah dengan NewJeans ini sih kolaborasi epic!;1,85E+18;;Reetrrophile;in;;0;0;0;https://x.com/undefined/status/1851947620341895480;1,68E+18;
1,85E+18;Thu Oct 31 11:21:34 +0000 2024;0;@NoBeauty_Queen Ditungguin yg bakal fomo nyobain Indomie NewJeans;1,85E+18;;Reetrrophile;in;;0;0;0;https://x.com/undefined/status/1851947619460984998;1,83E+18;
1,85E+18;Thu Oct 31 11:20:49 +0000 2024;1;Indomie dan Newjeans Seleraku #OhMyGoodItsIndomie https://t.co/AvpvM2qV2d;1,85E+18;https://pbs.twimg.com/media/GbNwXqvaQAALL3f.jpg;;in;;0;0;0;https://x.com/undefined/status/1851947430574723552;714506702;
1,85E+18;Thu Oct 31 11:20:48 +0000 2024;0;@kudila_ Indomie NewJeans belinya dimana sih...apa sudh beredar...ahh penasaran sayah..;1,85E+18;;kudila_;in;;0;0;0;https://x.com/undefined/status/1851947426703417549;1,74E+18;
1,85E+18;Thu Oct 31 11:20:47 +0000 2024;0;@NoBeauty_Queen Nggak bisa bayangin gimana rasanya Indomie NewJeans ini kombinasi yang sangat unik dan pastinya bikin penasaran;1,85E+18;;Reetrrophile;in;;0;0;0;https://x.com/undefined/status/1851947423385686080;1,85E+18;
1,85E+18;Thu Oct 31 11:20:47 +0000 2024;1;enak coy indomie newjeans https://t.co/AgIHqZ4pJc;1,85E+18;https://pbs.twimg.com/media/GbNwVh9akAEMHMM.jpg;;in;;0;0;1;https://x.com/undefined/status/1851947420164432016;74742452;
1,85E+18;Thu Oct 31 11:20:47 +0000 2024;0;@adjengayl Ak juga penasaran banget nih sama Indomie NewJeans;1,85E+18;;adjengayl;in;;0;0;0;https://x.com/undefined/status/1851947419870679505;1,70E+18;
1,85E+18;Thu Oct 31 11:20:46 +0000 2024;0;@kudila_ Sangat keren banget deh collab nya Indomie NewJeans;1,85E+18;;kudila_;in;;0;0;0;https://x.com/undefined/status/1851947418994237441;1,77E+18;
1,85E+18;Thu Oct 31 11:20:46 +0000 2024;0;@kudila_ Kaget banget tiba tiba Indomie pake BA trus sekali pake BA langsung NewJeans lagi ga ketebak emang ini Indomie NewJeans;1,85E+18;;kudila_;in;;0;0;0;https://x.com/undefined/status/1851947416377008379;1,81E+18;
1,85E+18;Thu Oct 31 11:20:46 +0000 2024;0;@itscinat Gimana ya rasanya Indomie NewJeans tuh;1,85E+18;;itscinat;in;;0;0;0;https://x.com/undefined/status/1851947415697592629;2757758177;
1,85E+18;Thu Oct 31 11:20:45 +0000 2024;0;@kudila_ Baru nyadar se-epik ini sih Indomie NewJeans beneran beda;1,85E+18;;kudila_;in;;0;0;0;https://x.com/undefined/status/1851947413487128698;2758699601;
1,85E+18;Thu Oct 31 11:20:45 +0000 2024;0;@NoBeauty_Queen Wahhhh mantap idolaku collab sama indomie. Kira2 gimana rasanya Indomie NewJeans yak kepo bet;1,85E+18;;Reetrrophile;in;;0;0;0;https://x.com/undefined/status/1851947413323309488;1,48E+18;
1,85E+18;Thu Oct 31 11:20:44 +0000 2024;0;@itscinat Keren banget bakal maju si ini Indomie NewJeans;1,85E+18;;itscinat;in;;0;0;0;https://x.com/undefined/status/1851947409334767863;1,75E+18;
1,85E+18;Thu Oct 31 11:20:37 +0000 2024;0;@itscinat Fix tuh penasaran banget tiba2 Indomie NewJeans;1,85E+18;;itscinat;in;;0;0;0;https://x.com/undefined/status/1851947381581058156;2952749118;
1,85E+18;Thu Oct 31 11:20:36 +0000 2024;0;@itscinat Lamgsung cepat - cepat gas aja Indomie NewJeans;1,85E+18;;itscinat;in;;0;0;0;https://x.com/undefined/status/1851947374857589216;1,70E+18;
1,85E+18;Thu Oct 31 11:20:27 +0000 2024;0;@kudila_ Baru kali ini liat Indomie NewJeans auto penasaran mau cobain;1,85E+18;;kudila_;in;;0;0;0;https://x.com/undefined/status/1851947339348611335;2757220977;
1,85E+18;Thu Oct 31 11:20:27 +0000 2024;0;@itscinat Gw udh kepo sih pengen nyoba Indomie NewJeans;1,85E+18;;itscinat;in;;0;0;0;https://x.com/undefined/status/1851947338501423577;1,57E+18;
1,85E+18;Thu Oct 31 11:20:26 +0000 2024;0;@kudila_ Belum apa-apa collab Indomie NewJeans bikin fans pada happy dong;1,85E+18;;kudila_;in;;0;0;0;https://x.com/undefined/status/1851947331685617681;1,70E+18;
1,85E+18;Thu Oct 31 11:20:24 +0000 2024;0;@kudila_ kolaborasi Indomie NewJeans keren parah;1,85E+18;;kudila_;in;;0;0;0;https://x.com/undefined/status/1851947324806742119;1,84E+18;
1,85E+18;Thu Oct 31 11:20:23 +0000 2024;0;@NoBeauty_Queen Kolaborasi Indomie NewJeans ini bakalan jadi momen bersejarah all eyes on them!;1,85E+18;;Reetrrophile;in;;0;0;0;https://x.com/undefined/status/1851947319882613129;1,68E+18;
1,85E+18;Thu Oct 31 11:20:23 +0000 2024;0;@NoBeauty_Queen Siap memborong sekardus Indomie NewJeans;1,85E+18;;Reetrrophile;in;;0;0;0;https://x.com/undefined/status/1851947319421473098;1,83E+18;
1,85E+18;Thu Oct 31 11:20:18 +0000 2024;0;@kudila_ sebagus ini colab indomie wahhh jadi mau beli Indomie NewJeans;1,85E+18;;kudila_;in;;0;0;0;https://x.com/undefined/status/1851947298655473958;1,59E+18;
1,85E+18;Thu Oct 31 11:20:18 +0000 2024;0;@NoBeauty_Queen Indomie NewJeans Fix gak boleh ketinggalan harus nyoba;1,85E+18;;Reetrrophile;in;;0;0;0;https://x.com/undefined/status/1851947298332529051;1,81E+18;
1,85E+18;Thu Oct 31 11:20:17 +0000 2024;0;@kudila_ Sangat wow sekali deh Indomie NewJeans;1,85E+18;;kudila_;in;;0;0;0;https://x.com/undefined/status/1851947295493014009;1,75E+18;
1,85E+18;Thu Oct 31 11:20:16 +0000 2024;0;@itscinat Beneran sih gw aja pengen nyoba Indomie NewJeans;1,85E+18;;itscinat;in;;0;0;0;https://x.com/undefined/status/1851947293077020825;2757544271;
1,85E+18;Thu Oct 31 11:20:13 +0000 2024;0;@NoBeauty_Queen sangat keren banget sih ini Indomie NewJeans;1,85E+18;;Reetrrophile;in;;0;0;0;https://x.com/undefined/status/1851947278271156673;1,60E+18;
1,85E+18;Thu Oct 31 11:20:12 +0000 2024;0;@kudila_ Tiba-tiba ada Indomie NewJeans? Salut sih sama kreativitasnya;1,85E+18;;kudila_;in;;0;0;0;https://x.com/undefined/status/1851947274630500389;2757677572;
1,85E+18;Thu Oct 31 11:20:12 +0000 2024;0;@itscinat colab Indomie NewJeans yang bikin penasaran banyak orang;1,85E+18;;itscinat;in;;0;0;0;https://x.com/undefined/status/1851947273728725036;1,72E+18;
1,85E+18;Thu Oct 31 11:20:10 +0000 2024;0;@cimotyy Pokoknya suka banget dan keren deh Indomie NewJeans;1,85E+18;;cimotyy;in;;0;0;0;https://x.com/undefined/status/1851947265063280735;1,75E+18;
1,85E+18;Thu Oct 31 11:20:07 +0000 2024;0;@cimotyy Indomie NewJeans bikin semua orang jadi penasaran dengan rasa barunya.;1,85E+18;;cimotyy;in;;0;0;0;https://x.com/undefined/status/1851947254636241126;1,70E+18;
1,85E+18;Thu Oct 31 11:20:07 +0000 2024;0;@lahguamahsaik Eh iya tadi lewat juga ternyta kolaborasi Indomie NewJeans;1,85E+18;;lahguamahsaik;in;;0;0;0;https://x.com/undefined/status/1851947253298270275;1,69E+18;
1,85E+18;Thu Oct 31 11:20:03 +0000 2024;0;@kudila_ Masih gak nyangka banget kalau Indomie NewJeans;1,85E+18;;kudila_;in;;0;0;0;https://x.com/undefined/status/1851947237909406139;1,81E+18;
1,85E+18;Thu Oct 31 11:20:02 +0000 2024;0;@itscinat Varian baru ya ini Indomie NewJeans;1,85E+18;;itscinat;in;;0;0;0;https://x.com/undefined/status/1851947230829183379;1,69E+18;
1,85E+18;Thu Oct 31 11:20:00 +0000 2024;0;@itscinat Dengan adanya Indomie NewJeans pasti banyak yang pengen nyobain;1,85E+18;;itscinat;in;;0;0;0;https://x.com/undefined/status/1851947225880092825;1,81E+18;
1,85E+18;Thu Oct 31 11:20:00 +0000 2024;0;@adjengayl siapa yg ga kepo tauu kollabs nya sekeren ini Indomie NewJeans;1,85E+18;;adjengayl;in;;0;0;0;https://x.com/undefined/status/1851947222704726132;1,51E+18;
1,85E+18;Thu Oct 31 11:19:57 +0000 2024;0;@adjengayl Kolaborasi yg gokil nih Indomie NewJeans;1,85E+18;;adjengayl;in;;0;0;0;https://x.com/undefined/status/1851947213657903249;1,44E+18;
1,85E+18;Thu Oct 31 11:19:57 +0000 2024;0;Gak ketebak banget sih tiba2 ada Indomie NewJeans;1,85E+18;;;in;;0;0;0;https://x.com/undefined/status/1851947210646392972;1,57E+18;
1,85E+18;Thu Oct 31 11:19:56 +0000 2024;0;@kudila_ Susah di tebak nih lama lama apa lagi Indomie NewJeans semakin inovatif;1,85E+18;;kudila_;in;;0;0;0;https://x.com/undefined/status/1851947206728913112;1,71E+18;
1,85E+18;Thu Oct 31 11:19:55 +0000 2024;0;@itscinat mbakk kita samaan Indomie NewJeans bisa bgt bikin orang nungguu ga sabar;1,85E+18;;itscinat;in;;0;0;0;https://x.com/undefined/status/1851947201976766700;1,82E+18;
1,85E+18;Thu Oct 31 11:19:54 +0000 2024;0;@NoBeauty_Queen Biarpun simple Indomie NewJeans itu bikin baper siap-siap buat nyobain!;1,85E+18;;Reetrrophile;in;;0;0;0;https://x.com/undefined/status/1851947198214476033;7,68E+17;
1,85E+18;Thu Oct 31 11:19:53 +0000 2024;0;@adjengayl Indomie NewJeans tuh kolab yang langsung bikin hype fans fix gak bakal tenang sebelum coba!;1,85E+18;;adjengayl;in;;0;0;0;https://x.com/undefined/status/1851947193315528908;1,76E+18;
1,85E+18;Thu Oct 31 11:19:52 +0000 2024;0;@kudila_ Baru kali ini kaget banget ada Indomie NewJeans mantap;1,85E+18;;kudila_;in;;0;0;0;https://x.com/undefined/status/1851947189309968599;2757559000;
1,85E+18;Thu Oct 31 11:19:42 +0000 2024;0;@itscinat pasti akan banyak yang coba Indomie NewJeans;1,85E+18;;itscinat;in;;0;0;0;https://x.com/undefined/status/1851947148658774412;1,43E+18;
1,85E+18;Thu Oct 31 11:19:41 +0000 2024;0;@NoBeauty_Queen fix langganan Indomie NewJeans mulai sekarang;1,85E+18;;Reetrrophile;in;;0;0;0;https://x.com/undefined/status/1851947146410635673;1,74E+18;
1,85E+18;Thu Oct 31 11:19:39 +0000 2024;0;@kudila_ Iya nih ko tiba tiba banget sih Indomie NewJeans;1,85E+18;;kudila_;in;;0;0;0;https://x.com/undefined/status/1851947135610310962;1,81E+18;
1,85E+18;Thu Oct 31 11:19:38 +0000 2024;0;Indomie NewJeans loh bisa aja deh collabnya gk ketebak;1,85E+18;;;in;;0;0;0;https://x.com/undefined/status/1851947132108075109;1,57E+18;
1,85E+18;Thu Oct 31 11:19:38 +0000 2024;0;@NoBeauty_Queen Nggak sabar nunggu Indomie NewJeans keluar kayaknya rasanya bakal juara!;1,85E+18;;Reetrrophile;in;;0;0;0;https://x.com/undefined/status/1851947132099645848;8,79E+17;
1,85E+18;Thu Oct 31 11:19:38 +0000 2024;0;@kudila_ Indomie emang suka banget yaa bikin kaget kita ini tiba tiba aja Indomie NewJeans;1,85E+18;;kudila_;in;;0;0;0;https://x.com/undefined/status/1851947131390624188;1,81E+18;
1,85E+18;Thu Oct 31 11:19:34 +0000 2024;0;@itscinat rasa Indomie NewJeans kayak gimana ya pasti unik banget;1,85E+18;;itscinat;in;;0;0;0;https://x.com/undefined/status/1851947117113467363;1,80E+18;
1,85E+18;Thu Oct 31 11:19:32 +0000 2024;0;@lahguamahsaik Waaah seru nih gila sih kollabnya Indomie NewJeans;1,85E+18;;lahguamahsaik;in;;0;0;0;https://x.com/undefined/status/1851947108401590649;1,72E+18;
1,85E+18;Thu Oct 31 11:19:29 +0000 2024;0;@kudila_ Indomie NewJeans emang gak main-main keren banget;1,85E+18;;kudila_;in;;0;0;0;https://x.com/undefined/status/1851947096020259142;2758460158;
1,85E+18;Thu Oct 31 11:19:28 +0000 2024;0;Newjeans jadi BA indomie??????;1,85E+18;;;in;;0;1;0;https://x.com/undefined/status/1851947088931885264;289271667;
1,85E+18;Thu Oct 31 11:19:27 +0000 2024;0;@itscinat luar biasa banget emang nich Indomie NewJeans;1,85E+18;;itscinat;in;;0;0;0;https://x.com/undefined/status/1851947086503436620;2495330514;
1,85E+18;Thu Oct 31 11:19:24 +0000 2024;0;@newjeans_loop Indomie Seleraku ;1,85E+18;;newjeans_loop;in;;0;1;0;https://x.com/undefined/status/1851947074767782385;105737517;
1,85E+18;Thu Oct 31 11:19:23 +0000 2024;0;Gak ketebak banget ya tiba2 ada Indomie NewJeans;1,85E+18;;;in;;0;0;0;https://x.com/undefined/status/1851947067398320589;2757758177;
1,85E+18;Thu Oct 31 11:19:17 +0000 2024;0;@kudila_ Keren banget ya Indomie NewJeans bisa colab;1,85E+18;;kudila_;in;;0;0;0;https://x.com/undefined/status/1851947044409348484;1,75E+18;
1,85E+18;Thu Oct 31 11:19:17 +0000 2024;0;@NoBeauty_Queen Gila Indomie NewJeans bener-bener jadi highlight tahun ini mesti coba!;1,85E+18;;Reetrrophile;in;;0;0;0;https://x.com/undefined/status/1851947042861650389;8,79E+17;
1,85E+18;Thu Oct 31 11:19:13 +0000 2024;0;@NoBeauty_Queen yaampun se keren ini Indomie NewJeans;1,85E+18;;Reetrrophile;in;;0;0;0;https://x.com/undefined/status/1851947028399689828;1,81E+18;
1,85E+18;Thu Oct 31 11:19:12 +0000 2024;0;@NoBeauty_Queen Bantak yang gak nyangka Indomie NewJeans;1,85E+18;;Reetrrophile;in;;0;0;0;https://x.com/undefined/status/1851947023156879700;1,72E+18;
1,85E+18;Thu Oct 31 11:19:11 +0000 2024;0;siapapun kirimin indomie x newjeans ke rumahku la tolong-tolong aku nak kewajiban ini keperluan not only want it but i NEED it its a need bro gonna break my indomie streak just for this la please bro;1,85E+18;;;in;;0;0;0;https://x.com/undefined/status/1851947020807999888;1,43E+18;
1,85E+18;Thu Oct 31 11:19:11 +0000 2024;0;@lahguamahsaik Asli kolab Indomie NewJeans ini gak main-main. Semoga varian K-Rose ada rasa bunga-bunga Korea yang bikin meleleh kayak visual NewJeans;1,85E+18;;lahguamahsaik;in;;0;0;0;https://x.com/undefined/status/1851947020271129016;598199049;
1,85E+18;Thu Oct 31 11:19:09 +0000 2024;0;@lahguamahsaik Percaya banget sih. Pasti seru dan gokil. Indomie NewJeans;1,85E+18;;lahguamahsaik;in;;0;0;0;https://x.com/undefined/status/1851947010598867274;1,12E+18;
1,85E+18;Thu Oct 31 11:19:08 +0000 2024;0;@kudila_ Ini kolaborasi bener-bener tak terduga Indomie NewJeans keren banget;1,85E+18;;kudila_;in;;0;0;0;https://x.com/undefined/status/1851947007621128674;2757509141;
1,85E+18;Thu Oct 31 11:19:08 +0000 2024;0;Indomie NewJeans loh gokil sih collabnya;1,85E+18;;;in;;0;0;0;https://x.com/undefined/status/1851947005100331097;2952749118;
1,85E+18;Thu Oct 31 11:19:06 +0000 2024;0;@itscinat gw nih salah satunya Indomie NewJeans bikin penasaran bangett;1,85E+18;;itscinat;in;;0;0;0;https://x.com/undefined/status/1851946997005324317;1,82E+18;
1,85E+18;Thu Oct 31 11:19:06 +0000 2024;0;@NoBeauty_Queen Siapa yang nggak penasaran dengan rasa Indomie NewJeans Kolaborasi ini pasti jadi pembicaraan hangat di kalangan penggemar;1,85E+18;;Reetrrophile;in;;0;0;0;https://x.com/undefined/status/1851946996069994548;1,85E+18;
1,85E+18;Thu Oct 31 11:19:04 +0000 2024;1;newjeans skrg gba indomie apkh otomatis jd gba warmindo jg????;1,85E+18;;;in;;0;1;0;https://x.com/undefined/status/1851946991447871798;1,11E+18;
1,85E+18;Thu Oct 31 11:17:54 +0000 2024;0;@adjengayl Indomie NewJeans sih bikin makan mie jadi lebih berasa oma omagad langsung buru beli deh;1,85E+18;;adjengayl;in;;0;0;0;https://x.com/undefined/status/1851946696818782556;1,76E+18;
1,85E+18;Thu Oct 31 11:17:51 +0000 2024;0;@NoBeauty_Queen Indomie NewJeans emang collab paling goks tahun ini. Semoga ada banyak merchandise buat kita semua yang cinta Indomie!;1,85E+18;;Reetrrophile;in;;0;0;0;https://x.com/undefined/status/1851946684668088338;1,72E+18;
1,85E+18;Thu Oct 31 11:17:50 +0000 2024;0;@cimotyy Duh jadi penasaran banget dong pengen nyoba banget Indomie NewJeans;1,85E+18;;cimotyy;in;;0;0;0;https://x.com/undefined/status/1851946680004022648;1,79E+18;
1,85E+18;Thu Oct 31 11:17:49 +0000 2024;0;@itscinat langsung auto checkout Indomie NewJeans biar gak kehabisan;1,85E+18;;itscinat;in;;0;0;0;https://x.com/undefined/status/1851946677009334286;1,68E+18;
1,85E+18;Thu Oct 31 11:17:49 +0000 2024;0;@kudila_ Indomie NewJeans emng susah ditebak tpi tiba kolab;1,85E+18;;kudila_;in;;0;0;0;https://x.com/undefined/status/1851946675402895469;1,82E+18;
1,85E+18;Thu Oct 31 11:17:48 +0000 2024;0;@cimotyy Aku jelas exited bgt NewJeans loh ini siapa yg ga tau coba mantab emang Indomie....;1,85E+18;;cimotyy;in;;0;0;0;https://x.com/undefined/status/1851946670461980708;1,80E+18;
1,85E+18;Thu Oct 31 11:17:47 +0000 2024;0;@kudila_ Penasaran Indomie NewJeans !!! Kok bisa ya indomie tiba-tiba colab sama Newjeans Penasaran pingin cobain varian barunya gara-gara liat kolaborasi Indomie NewJeans;1,85E+18;;kudila_;in;;0;0;0;https://x.com/undefined/status/1851946667932815573;1,81E+18;
1,85E+18;Thu Oct 31 11:17:47 +0000 2024;0;@itscinat Pastinya banyak promo Indomie NewJeans;1,85E+18;;itscinat;in;;0;0;0;https://x.com/undefined/status/1851946667731538347;1134138583;
1,85E+18;Thu Oct 31 11:17:46 +0000 2024;0;@NoBeauty_Queen Kayanya varian Indomie NewJeans tuh kek pedes2 gtu gak sihhhh;1,85E+18;;Reetrrophile;in;;0;0;0;https://x.com/undefined/status/1851946660810887208;1,75E+18;
1,85E+18;Thu Oct 31 11:17:45 +0000 2024;0;@NoBeauty_Queen Cocok banget buat pecinta Indomie sejak dr dlu smpe skrng gaes . Apalagi ada yg terbaru sama Indomie NewJeans ..;1,85E+18;;Reetrrophile;in;;0;0;0;https://x.com/undefined/status/1851946657187009021;1,57E+18;
1,85E+18;Thu Oct 31 11:17:42 +0000 2024;0;@itscinat Indomie NewJeans idenya luar biasa banget emang;1,85E+18;;itscinat;in;;0;0;0;https://x.com/undefined/status/1851946647724658697;1,84E+18;
1,85E+18;Thu Oct 31 11:17:40 +0000 2024;0;@cimotyy Gk bisa nih gk bisa kalau gk nyobain Indomie NewJeans;1,85E+18;;cimotyy;in;;0;0;0;https://x.com/undefined/status/1851946636588781989;1,60E+18;
1,85E+18;Thu Oct 31 11:17:39 +0000 2024;0;@NoBeauty_Queen Indomie NewJeans? Ini sih pasti bikin para K-popers nggak bisa berhenti nyemilin mi instan terenak!;1,85E+18;;Reetrrophile;in;;0;0;0;https://x.com/undefined/status/1851946631576588379;1,71E+18;
1,85E+18;Thu Oct 31 11:17:33 +0000 2024;0;@itscinat Indomie NewJeans ini sih pasti beda dari yang lain;1,85E+18;;itscinat;in;;0;0;0;https://x.com/undefined/status/1851946607291314389;1,68E+18;
1,85E+18;Thu Oct 31 11:17:30 +0000 2024;0;@kudila_ Keren Indomie berani bawa NewJeans jadi BA jadi penasaran sama Indomie Newjeans ini;1,85E+18;;kudila_;in;;0;0;0;https://x.com/undefined/status/1851946595899900095;1,72E+18;
1,85E+18;Thu Oct 31 11:17:30 +0000 2024;0;@NoBeauty_Queen Indomie NewJeans bikin gebrakan yang luar biasa keren nya..;1,85E+18;;Reetrrophile;in;;0;0;0;https://x.com/undefined/status/1851946593290981539;1,70E+18;
1,85E+18;Thu Oct 31 11:17:29 +0000 2024;0;Hujan hujan mmg paling cocok makan Indomie Indomie newjeans Coba lihat produk ini! https://t.co/pgBVbZyk2v;1,85E+18;;;in;;0;0;0;https://x.com/undefined/status/1851946590430466325;713061458;
1,85E+18;Thu Oct 31 11:17:29 +0000 2024;0;@itscinat Fans kaya aku sih fomo bgt dong sama Indomie NewJeans;1,85E+18;;itscinat;in;;0;0;0;https://x.com/undefined/status/1851946590275277233;1,73E+18;
1,85E+18;Thu Oct 31 11:17:25 +0000 2024;0;@lahguamahsaik Seru banget ya kolaborasi Indomie NewJeans;1,85E+18;;lahguamahsaik;in;;0;0;0;https://x.com/undefined/status/1851946575309988169;1,74E+18;
1,85E+18;Thu Oct 31 11:16:49 +0000 2024;0;@lahguamahsaik Penasaran rasanya kayak gimana ya Indomie NewJeans? Pastinya bakal pedes bold dan stylish kayak NewJeans!;1,85E+18;;lahguamahsaik;in;;0;0;0;https://x.com/undefined/status/1851946425091051779;73859939;
1,85E+18;Thu Oct 31 11:16:49 +0000 2024;0;@cimotyy Mah boleh sekeren ini kok bisa sih kepikiran Indomie NewJeans keren loh;1,85E+18;;cimotyy;in;;0;0;0;https://x.com/undefined/status/1851946424650621145;1,63E+18;
1,85E+18;Thu Oct 31 11:16:48 +0000 2024;0;@itscinat Udah siap banget buat nyob ayang paling depan hehee Indomie NewJeans;1,85E+18;;itscinat;in;;0;0;0;https://x.com/undefined/status/1851946420284383594;1,79E+18;
1,85E+18;Thu Oct 31 11:16:44 +0000 2024;0;lho apa ini kok tiba tiba indomie x newjeans musicnya mardial lagi watdehel;1,85E+18;;;in;;0;0;0;https://x.com/undefined/status/1851946404077580725;9,55E+17;
1,85E+18;Thu Oct 31 11:16:43 +0000 2024;0;@kudila_ Indomie NewJeans dong collabnya gak ketebak abis sih;1,85E+18;;kudila_;in;;0;0;0;https://x.com/undefined/status/1851946400051007933;1,67E+18;
1,85E+18;Thu Oct 31 11:16:43 +0000 2024;0;@kudila_ Indomie NewJeans pasti akan lebih cepat lakunya;1,85E+18;;kudila_;in;;0;0;0;https://x.com/undefined/status/1851946396276150775;1,80E+18;
1,85E+18;Thu Oct 31 11:16:40 +0000 2024;0;@itscinat Gila Indomie NewJeans ini hype banget!;1,85E+18;;itscinat;in;;0;0;0;https://x.com/undefined/status/1851946387170365715;1,72E+18;
1,85E+18;Thu Oct 31 11:16:39 +0000 2024;0;@cimotyy siapa sangka woi tau aje nih indomie yang bikin orang pada seneng! Indomie NewJeans;1,85E+18;;cimotyy;in;;0;0;0;https://x.com/undefined/status/1851946380979482862;1,77E+18;
1,85E+18;Thu Oct 31 11:16:37 +0000 2024;0;@NoBeauty_Queen yang mau borong Indomie NewJeans ati ati ya saingannya sama gw;1,85E+18;;Reetrrophile;in;;0;0;0;https://x.com/undefined/status/1851946373911916922;1,65E+18;
1,85E+18;Thu Oct 31 11:16:37 +0000 2024;0;@NoBeauty_Queen Indomie NewJeans keren abis emang ada aja idenya;1,85E+18;;Reetrrophile;in;;0;0;0;https://x.com/undefined/status/1851946373790519760;1,84E+18;
1,85E+18;Thu Oct 31 11:16:35 +0000 2024;0;@itscinat pengen nyobain dehhh. ternyata Indomie NewJeans ini collabs wowww;1,85E+18;;itscinat;in;;0;0;0;https://x.com/undefined/status/1851946363506037145;1,73E+18;
1,85E+18;Thu Oct 31 11:16:35 +0000 2024;0;@itscinat Enak ya kayae varian baru collab antara Indomie NewJeans;1,85E+18;;itscinat;in;;0;0;0;https://x.com/undefined/status/1851946362767839515;1,60E+18;
1,85E+18;Thu Oct 31 11:16:33 +0000 2024;0;Wa... Daebak! NewJeans jadi BA Indomie ;1,85E+18;;;in;;0;0;0;https://x.com/undefined/status/1851946357289889878;9,03E+17;
1,85E+18;Thu Oct 31 11:16:31 +0000 2024;0;@adjengayl Indomie NewJeans beneran bikin aku penasaran nih;1,85E+18;;adjengayl;in;;0;0;0;https://x.com/undefined/status/1851946349048266903;1,79E+18;
1,85E+18;Thu Oct 31 11:16:31 +0000 2024;0;@kudila_ Mantep bnget jdi makin penasaran dan pingin coba Indomie NewJeans;1,85E+18;;kudila_;in;;0;0;0;https://x.com/undefined/status/1851946347177611738;1,82E+18;
1,85E+18;Thu Oct 31 11:16:30 +0000 2024;0;@NoBeauty_Queen Uncchh tiba tiba bgt Indomie NewJeans collab dong;1,85E+18;;Reetrrophile;in;;0;0;0;https://x.com/undefined/status/1851946345516666928;1,69E+18;
1,85E+18;Thu Oct 31 11:16:30 +0000 2024;0;@cimotyy tolong ini varian barunya lucu amat sih Indomie NewJeans;1,85E+18;;cimotyy;in;;0;0;0;https://x.com/undefined/status/1851946345344696609;1,70E+18;
1,85E+18;Thu Oct 31 11:16:29 +0000 2024;0;@kudila_ Kok bisa ya kepikiran bikin Indomie NewJeans? Unik banget;1,85E+18;;kudila_;in;;0;0;0;https://x.com/undefined/status/1851946340349296664;2757539013;
1,85E+18;Thu Oct 31 11:16:29 +0000 2024;0;@itscinat ngemil Indomie NewJeans sambil nonton MV NewJeans pas banget nih;1,85E+18;;itscinat;in;;0;0;0;https://x.com/undefined/status/1851946339128815794;1,72E+18;
1,85E+18;Thu Oct 31 11:16:27 +0000 2024;0;@NoBeauty_Queen bikin lambung gue meronta² pengen cepet cobain Indomie NewJeans ;1,85E+18;;Reetrrophile;in;;0;0;0;https://x.com/undefined/status/1851946330769494059;1,57E+18;
1,85E+18;Thu Oct 31 11:15:10 +0000 2024;0;@lahguamahsaik Nggak salah lagi Indomie NewJeans memang bikin geger dunia persilatan;1,85E+18;;lahguamahsaik;in;;0;0;0;https://x.com/undefined/status/1851946009418510591;9,21E+17;
1,85E+18;Thu Oct 31 11:15:09 +0000 2024;0;@NoBeauty_Queen kerasaaa dehh vibe nya mantapsss Indomie NewJeans;1,85E+18;;Reetrrophile;in;;0;0;0;https://x.com/undefined/status/1851946003408261188;1,76E+18;
1,85E+18;Thu Oct 31 11:15:06 +0000 2024;0;@NoBeauty_Queen Makin mantap nih brand nya. Indomie NewJeans;1,85E+18;;Reetrrophile;in;;0;0;0;https://x.com/undefined/status/1851945990808580261;1,81E+18;
1,85E+18;Thu Oct 31 11:15:05 +0000 2024;0;@cimotyy Hih siapa yg ga penasaran mau nyobain soalnya collabnya aja Indomie NewJeans;1,85E+18;;cimotyy;in;;0;0;0;https://x.com/undefined/status/1851945985280475242;1,71E+18;
1,85E+18;Thu Oct 31 11:15:04 +0000 2024;0;@kudila_ Lohh ketebak sih ada Indomie NewJeans;1,85E+18;;kudila_;in;;0;0;0;https://x.com/undefined/status/1851945983363657740;1,68E+18;
1,85E+18;Thu Oct 31 11:15:01 +0000 2024;0;@itscinat Keren ya skrg ada Indomie NewJeans;1,85E+18;;itscinat;in;;0;0;0;https://x.com/undefined/status/1851945968343880121;1,70E+18;
1,85E+18;Thu Oct 31 11:15:00 +0000 2024;0;@cimotyy Indomie pas tau colab sama Newjeans jadi pengen langsung nyoba yang Indomie NewJeans;1,85E+18;;cimotyy;in;;0;0;0;https://x.com/undefined/status/1851945966925922814;1,74E+18;
1,85E+18;Thu Oct 31 11:14:59 +0000 2024;0;@itscinat Nah iya termasuk aku nih Indomie NewJeans;1,85E+18;;itscinat;in;;0;0;0;https://x.com/undefined/status/1851945963012919563;1,79E+18;
1,85E+18;Thu Oct 31 11:14:59 +0000 2024;0;@NoBeauty_Queen Sekeren itu emang Indomie dari dlu Indomie NewJeans;1,85E+18;;Reetrrophile;in;;0;0;0;https://x.com/undefined/status/1851945961310032189;1,57E+18;
1,85E+18;Thu Oct 31 11:14:58 +0000 2024;0;@cimotyy jadi pengen ikut penasaran juga sih soal rasanya Indomie NewJeans;1,85E+18;;cimotyy;in;;0;0;0;https://x.com/undefined/status/1851945959565201905;1,74E+18;
1,85E+18;Thu Oct 31 11:14:58 +0000 2024;0;@NoBeauty_Queen dari kejauhan udah keliatan tuh cakepnya Indomie NewJeans;1,85E+18;;Reetrrophile;in;;0;0;0;https://x.com/undefined/status/1851945957493211457;1,57E+18;
1,85E+18;Thu Oct 31 11:14:54 +0000 2024;0;@itscinat Indomie NewJeans bikin mie instan jadi tambah estetik;1,85E+18;;itscinat;in;;0;0;0;https://x.com/undefined/status/1851945941668106249;1,68E+18;
1,85E+18;Thu Oct 31 11:14:51 +0000 2024;0;@cimotyy mantap banget emang collab nya indomie Indomie NewJeans wowww;1,85E+18;;cimotyy;in;;0;0;0;https://x.com/undefined/status/1851945928678400172;1,77E+18;
1,85E+18;Thu Oct 31 11:14:49 +0000 2024;0;@itscinat Favorit banget nih sama Indomie NewJeans dr dulu;1,85E+18;;itscinat;in;;0;0;0;https://x.com/undefined/status/1851945919803199505;1,74E+18;
1,85E+18;Thu Oct 31 11:14:48 +0000 2024;0;@kudila_ Indomie NewJeans jdi pingin coba deh;1,85E+18;;kudila_;in;;0;0;0;https://x.com/undefined/status/1851945916682637332;1,82E+18;
1,85E+18;Thu Oct 31 11:13:58 +0000 2024;0;@adjengayl Bukan fansnya si tapi bakal tetep beli Indomie NewJeans hehe;1,85E+18;;adjengayl;in;;0;0;0;https://x.com/undefined/status/1851945708016013699;3173589672;
1,85E+18;Thu Oct 31 11:13:58 +0000 2024;0;@itscinat aku juga mau borong Indomie NewJeans deh ntar kalo udah ada;1,85E+18;;itscinat;in;;0;0;0;https://x.com/undefined/status/1851945706820636879;554896954;
1,85E+18;Thu Oct 31 11:13:56 +0000 2024;0;@lahguamahsaik Indomie NewJeans keren banget sih sampe bikin event heboh di Gancit;1,85E+18;;lahguamahsaik;in;;0;0;0;https://x.com/undefined/status/1851945699577086155;1,52E+18;
1,85E+18;Thu Oct 31 11:13:55 +0000 2024;0;@NoBeauty_Queen keren banget anjirrr Indomie NewJeans ;1,85E+18;;Reetrrophile;in;;0;0;0;https://x.com/undefined/status/1851945695210803370;3415166834;
1,85E+18;Thu Oct 31 11:13:55 +0000 2024;0;@kudila_ Ada apa nih kok tiba bnget langsung Indomie NewJeans;1,85E+18;;kudila_;in;;0;0;0;https://x.com/undefined/status/1851945692064891181;1,82E+18;
1,85E+18;Thu Oct 31 11:13:53 +0000 2024;0;@cimotyy Keknya kalau makan Indomie NewJeans gue bisa jd cantik ;1,85E+18;;cimotyy;in;;0;0;0;https://x.com/undefined/status/1851945683353505950;1,57E+18;
1,85E+18;Thu Oct 31 11:13:52 +0000 2024;0;@cimotyy bener seneng banget gw sama idol yg kolaborasi dengan Indomie NewJeans;1,85E+18;;cimotyy;in;;0;0;0;https://x.com/undefined/status/1851945683097719189;1,69E+18;
1,85E+18;Thu Oct 31 11:13:50 +0000 2024;0;@kudila_ OMG seru banget kali ini Indomie NewJeans Collab;1,85E+18;;kudila_;in;;0;0;0;https://x.com/undefined/status/1851945672611917847;1,81E+18;
1,85E+18;Thu Oct 31 11:13:46 +0000 2024;0;@kudila_ Ihhh beneran loh sampe ada Indomie NewJeans;1,85E+18;;kudila_;in;;0;0;0;https://x.com/undefined/status/1851945655373303876;1,68E+18;
1,85E+18;Thu Oct 31 11:13:44 +0000 2024;0;@NoBeauty_Queen Iya nih bakal rame sih pasti Indomie NewJeans ini;1,85E+18;;Reetrrophile;in;;0;0;0;https://x.com/undefined/status/1851945647257325616;1,73E+18;
1,85E+18;Thu Oct 31 11:13:43 +0000 2024;0;@itscinat Siapa yang setuju Indomie harus ada vlog masak bareng NewJeans? Pasti lucu Indomie NewJeans;1,85E+18;;itscinat;in;;0;0;0;https://x.com/undefined/status/1851945644585553931;2418557504;
1,85E+18;Thu Oct 31 11:13:40 +0000 2024;0;@itscinat Gak nyangka Indomie NewJeans collabs keren bgt;1,85E+18;;itscinat;in;;0;0;0;https://x.com/undefined/status/1851945632606585083;1,85E+18;
1,85E+18;Thu Oct 31 11:13:40 +0000 2024;0;@itscinat Kapan Indomie NewJeans rillis ? Mau nyobain asli penasaran;1,85E+18;;itscinat;in;;0;0;0;https://x.com/undefined/status/1851945632585650372;1,41E+18;
1,85E+18;Thu Oct 31 11:13:37 +0000 2024;0;@itscinat Wajib coba Indomie NewJeans hype banget nih!;1,85E+18;;itscinat;in;;0;0;0;https://x.com/undefined/status/1851945619189022904;1,73E+18;
1,85E+18;Thu Oct 31 11:13:37 +0000 2024;0;@itscinat cewek cantikku sekarang jadi BA Indomie NewJeans keren;1,85E+18;;itscinat;in;;0;0;0;https://x.com/undefined/status/1851945617343549903;1,70E+18;
1,85E+18;Thu Oct 31 11:13:33 +0000 2024;0;@lahguamahsaik Rame pd antusias nyoba Indomie NewJeans;1,85E+18;;lahguamahsaik;in;;0;0;0;https://x.com/undefined/status/1851945600335429838;1,38E+18;
1,85E+18;Thu Oct 31 11:13:32 +0000 2024;0;@kudila_ Apakah kamu sudah cobain juga atau masih penasaran sama rasanya? Indomie NewJeans;1,85E+18;;kudila_;in;;0;0;0;https://x.com/undefined/status/1851945598594822383;1,60E+18;
1,85E+18;Thu Oct 31 11:13:31 +0000 2024;0;@itscinat Termasuk akuu dong yang fomo sama Indomie NewJeans gasabar deh;1,85E+18;;itscinat;in;;0;0;0;https://x.com/undefined/status/1851945591133426170;1,74E+18;
