"conversation_id_str","created_at","favorite_count","full_text","id_str","image_url","in_reply_to_screen_name","lang","location","quote_count","reply_count","retweet_count","tweet_url","user_id_str","username"
"1990692817279336690","Tue Nov 18 08:34:46 +0000 2025","0","@same2u 중국어로 워아이니 영어로 아이러브유. 일본어로 아이시떼루. 불어로 쥬뗌므. 독어로 이히리베디히. 한국어로 . . . 바보...!︎","1990700193269101035","","same2u","ko","","0","0","0","https://x.com/undefined/status/1990700193269101035","1935842556027584513",
"1990587353887617207","Tue Nov 18 08:33:45 +0000 2025","0","@youngone_love 절대잊지말아줘ifwhatwehadisn'twhatis..whatis...love...사실난이해가안가아직우리첫만남그땔기억하니까dontyou그날의향기공간옷차림떨림도다너무도어제처럼생생하니까다시떠올려줘다시내게웃어줘그때처럼내품에달려와안겨줘떠나가더라도절대잊지말아줘잎왓위핻이즌왓이즈왓이즈러어어업","1990699939421433889","","youngone_love","ko","","0","0","0","https://x.com/undefined/status/1990699939421433889","1883417261161279488",
"1990699808777273549","Tue Nov 18 08:33:14 +0000 2025","1","[] 181125 BOOST BR Saatnya dukung brand reputation Sunoo! Like repost &amp; reply postingan ini menggunakan foto/video/gif SUNOO + hastag di bawah 30 replies likes &amp; repost #SUNOO #선우 #ENHYPEN #엔하이픈 #ENHYPEN_SUNOO #엔하이픈_선우 @ENHYPEN @ENHYPEN_members https://t.co/zyjTKcyv3L","1990699808777273549","https://pbs.twimg.com/media/G6Bi7OUbMAQXtqJ.jpg","","in","","0","1","1","https://x.com/undefined/status/1990699808777273549","1525330851977756672",
"1990699595543031868","Tue Nov 18 08:32:23 +0000 2025","0","Keep on collecting jams for #HEEJAKE on UPICK under the category of BEST IDOL CHEMISTRY ! Kindly participate on their rt deals and make sure to follow all the rules! ️ BEST IDOL CHEMISTRY - HEEJAKE : 6th : 1st : November 25 2025 : Hongik Univ Station Airport https://t.co/Gm4mxeYJsG","1990699595543031868","https://pbs.twimg.com/media/G6BiugOb0AAdVwT.jpg","","en","","0","0","0","https://x.com/undefined/status/1990699595543031868","1758121264206708737",
"1990699378059907506","Tue Nov 18 08:31:31 +0000 2025","0","มาจอยๆกันนร้า แฟนคลับน้องอมีนา ทีมหน้างาน ทีมหน้าจอ ทีมหลังบ้าน น่ารักทุกคน รักและพร้อม support ศิลปินแบบไม่มีเงื่อนไข #IceAmena #ไอซ์อมีนา","1990699378059907506","","","th","","0","0","0","https://x.com/undefined/status/1990699378059907506","1886420183629324288",
"1990698897463967847","Tue Nov 18 08:29:37 +0000 2025","0","本日のお礼のスミン1回目 証明送りました！ ENGENEお願いします #AHOM #ENHYPEN #ENGENE https://t.co/jr7RLJQesk","1990698897463967847","https://pbs.twimg.com/media/G6BiGA8bMAI1bCp.jpg","","ja","","0","0","0","https://x.com/undefined/status/1990698897463967847","1435138079572967424",
"1990391652305842419","Tue Nov 18 08:27:41 +0000 2025","0","@icantsanthis Je t aime je t aime je t aime je t aime je T AIME","1990698413231317342","","icantsanthis","fr","","0","1","0","https://x.com/undefined/status/1990698413231317342","1868290489578897408",
"1990697683607245311","Tue Nov 18 08:24:47 +0000 2025","1","Pakailah pakaian hangat sayangku;) My Anime My Lovely Baby BTS Jinie-yaa.. Papi Cayangkuu My Rafayel Nyataku Beloved Groom.. MyKanda(Husband/King) BabyBangtan Alpaca..️ ‍️️‍","1990697683607245311","","","in","","0","0","1","https://x.com/undefined/status/1990697683607245311","1424930493414273037",
"1990697042524737726","Tue Nov 18 08:22:14 +0000 2025","3","얏호우우우우우!!!!!! 요괴 아이젠 나도 뽑았다!!!! 이제 신지만 있음 돼! https://t.co/Qm0HyJm5Rn","1990697042524737726","https://pbs.twimg.com/media/G6BgaSmagAEOr8b.jpg","","ko","","0","1","0","https://x.com/undefined/status/1990697042524737726","1143877491225837571",
"1990696713116660010","Tue Nov 18 08:20:56 +0000 2025","0","NGELEDEK BANGETTT IHHH BONNN ","1990696713116660010","","","in","","0","0","0","https://x.com/undefined/status/1990696713116660010","1895870342159351811",
"1990681072636735848","Tue Nov 18 08:20:13 +0000 2025","0","@iconsiam พร้อมค่ะ รอพรุ่งนี้เลย #ICONSIAM ​ #ZeeNuNew #ICONSIAMBangkokIllumination2025 ​ #ICONSIAMJoyconicDestination","1990696534137319541","","iconsiam","th","","0","0","0","https://x.com/undefined/status/1990696534137319541","4534694833",
"1990695794387853706","Tue Nov 18 08:17:19 +0000 2025","1","251117 현엽이 인스타그램 게시글 (2) Kenshi Yonezu - IRIS OUT 東京でまたね #현엽 #Hyunyeop #yeop_hoto #InAMinute #인어미닛 https://t.co/rHN0z7TUz7","1990695804890419287","https://pbs.twimg.com/media/G6BfSC4aYAAL6-X.jpg","SUNDAYs_SUNDAEs","ja","","0","1","0","https://x.com/undefined/status/1990695804890419287","1544503954616504320",
"1990695794387853706","Tue Nov 18 08:17:17 +0000 2025","1","251117 현엽이 인스타그램 게시글 (1) Kenshi Yonezu - IRIS OUT 東京でまたね #현엽 #Hyunyeop #yeop_hoto #InAMinute #인어미닛 https://t.co/vEVPRlb8Cs","1990695794387853706","https://pbs.twimg.com/media/G6BfRVdbAAAsGAF.jpg","","ja","","0","1","0","https://x.com/undefined/status/1990695794387853706","1544503954616504320",
"1990692761813827593","Tue Nov 18 08:14:36 +0000 2025","0","@miiiiinjeoooong ㅋㅋㅋㅋㅋㅋㅋㅋㅋㅋㅋㅋㅋㅋㅋㅋㅋㅋㅋㅋㅋㅋㅋㅋㅋㅋㅋㅋㅋㅋㅋㅋㅋㅋㅋㅋㅋㅋㅋㅋㅋㅋㅋㅋㅋㅋㅋㅋㅋㅋㅋㅋㅋㅋㅋㅋㅋㅋㅋㅋㅋㅋㅋㅋㅋㅋㅋㅋㅋㅋㅋㅋㅋㅋㅋㅋㅋㅋㅋㅋㅋㅋㅋㅋㅋㅋㅋㅋㅋㅋㅋㅋㅋㅋㅋㅋ","1990695118735880273","","miiiiinjeoooong","ko","","0","0","0","https://x.com/undefined/status/1990695118735880273","1984931897907302400",
"1990694846710100224","Tue Nov 18 08:13:31 +0000 2025","0","เหรินจวิ้นชอบวันที่หิมะตกไหม 【RENJUN】ชอบมากเลย #RENJUN #런쥔 #เหรินจวิ้น https://t.co/bHBFCtBhR6","1990694846710100224","https://pbs.twimg.com/media/G6BeaKJa8AADFcS.jpg","","th","","0","0","0","https://x.com/undefined/status/1990694846710100224","738309624",
"1990694368874012709","Tue Nov 18 08:11:37 +0000 2025","0","Banget banget banget banget banget banget banget banget banget banget banget banget banget banget banget banget banget banget banget banget banget banget banget banget banget banget banget banget banget banget banget banget banget banget banget banget banget banget banget banget","1990694368874012709","","","in","","0","1","0","https://x.com/undefined/status/1990694368874012709","1813307828125532160",
"1990694253425827946","Tue Nov 18 08:11:09 +0000 2025","13","머리 내렸네요 난 형 머리 내린 거 좋아 다 내 머리 내린 거 좋아하지 왜 머리 내린 게 좀 더 취향이긴 해요 연준이 형 너 형 좋아하니 ? 사랑해요 틀리지 마 너나 틀리지 마 임마아 ᷅ࡇ ᷄ 형 틀리나 봐요 내가 수빈이 안 틀리는 걸 본 적이 없는데 ᷅ࡇ ᷄ https://t.co/0xO5a9Cpz6","1990694253425827946","https://pbs.twimg.com/amplify_video_thumb/1990694183334768640/img/e_LmuR8AMQ4jX_cw.jpg","","ko","","1","0","0","https://x.com/undefined/status/1990694253425827946","1529043198995140609",
"1990619911870427152","Tue Nov 18 08:04:39 +0000 2025","0","@chaehyuna @chaehyunkin HIII camat hari selasa jugaa dd. hari ini akuu rencananyaa mauu mmm malas malasan dan masih rayain anniv akuu. dd sendirii gimanaa?? dd mauu ngapain ajaa harii ini?? kasih tauu eonniii karenaa eonnie penasaraaank!","1990692617466904724","","chaehyuna","in","","0","0","0","https://x.com/undefined/status/1990692617466904724","3383194001",
"1990692576815730755","Tue Nov 18 08:04:30 +0000 2025","0"," WHO : #ITZY #있지 #채령 WHERE : Youtube 'ITZY' BRAND : #ANNAKIKI #안나키키 ITEM : ANNAKIKI 출처 : Youtube 'ITZY' 있지 채령 공식 인스타그램 https://t.co/loZ0X0F1jP","1990692576815730755","https://pbs.twimg.com/media/G6BcV2NaoAAfWIv.jpg","","ko","","0","0","0","https://x.com/undefined/status/1990692576815730755","1731536411181092864",
"1990630152993452278","Tue Nov 18 07:54:10 +0000 2025","2","251113 LOVE IN SEOUL eaJ 투어 MD 너무 사랑스러운 이번 엠디!️ 포스터가 꿈에서 봤던 ㅋㅋㅋ 패브릭 포스터니 담요는 아니었지만 ㅋㅋ 너무 짱짱하고 이뻐.. 그리고 진짜 언제 저 많은 걸 싸인한거야.. 심지어 랜덤이었다. 샘플로 놓여있는게 :) 요 마크 웃는 https://t.co/TJ9uQYJplO","1990689978960273853","https://pbs.twimg.com/media/G6BZ-8IbMAA1T3P.jpg","Ilovelife_djWjf","ko","","0","0","0","https://x.com/undefined/status/1990689978960273853","1812927226591256577",
"1990689890103869861","Tue Nov 18 07:53:49 +0000 2025","34","╭━━━Hinatsuki━━Ｑ━╮ #IRIAMメンテ中のフォロー祭り #IRIAMライバーさんと繋がりたい #IRIAMライバーでも拡散されたい ╰━━━━━━ｖ━━━━━━╯","1990689890103869861","","","ht","","0","0","6","https://x.com/undefined/status/1990689890103869861","1690203228842127360",
"1990415242514530353","Tue Nov 18 07:53:49 +0000 2025","1","@_EVE_18 EVEさん、ありがとうございます いつも絵も見てくださり、良い言葉もありがとうございます これからもよろしくお願いします","1990689887293747610","","_EVE_18","ja","","0","0","0","https://x.com/undefined/status/1990689887293747610","1458784891676786689",
"1990689782561976497","Tue Nov 18 07:53:24 +0000 2025","14","ชุดคู่ จะบ้าๆๆๆๆๆๆๆๆๆๆ #JimmySea #jimmyyjp #sea_tawinan https://t.co/McDdI488PW","1990689782561976497","https://pbs.twimg.com/media/G6BZzR9bMAA-kVA.jpg","","th","","0","0","7","https://x.com/undefined/status/1990689782561976497","1740731722529173504",
"1990631667388854419","Tue Nov 18 07:53:19 +0000 2025","0","@kaeIux ️️ ️️ ️️ ️️ ️️ ️️ ️Dih pilih kasih banget. ️️ ️ ️","1990689761905029617","","kaeIux","in","","0","0","0","https://x.com/undefined/status/1990689761905029617","724551542573924352",
"1990689753352819186","Tue Nov 18 07:53:17 +0000 2025","3","맘찍 알티 인알 뭐던 저는 다 좋아합니다. 애초부터 여러분들이 해주는 반응을 전부 좋아 합니다 부담스럽지 않으실가&lt;&lt; 정병 이슈로 두근두근하기는 하다만 정말 좋아 합니다. 반응 없었으면 죽었을듯 (농담)","1990689753352819186","","","ko","","0","0","0","https://x.com/undefined/status/1990689753352819186","1903736711685009408",
"1990689542572224666","Tue Nov 18 07:52:26 +0000 2025","2","知英×JY カン曜日！(^o^)/ #知英 #JY #jiyoung #kangjiyoung #ジヨン #カンジヨン #姜知英 #강지영 #KARA #카라 https://t.co/CEn3KDZ16C","1990689542572224666","https://pbs.twimg.com/media/G6BZlcObwAAu-aa.jpg","","ja","","0","0","1","https://x.com/undefined/status/1990689542572224666","1604870857",
"1990689459273413081","Tue Nov 18 07:52:06 +0000 2025","0","ไอ่หัวหยองมานเดินจ๋องๆน่ารักมากเลยว่ะ ㅠㅠ ㅠㅠ หม่าม๊ารักหนู","1990689459273413081","","","th","","0","0","0","https://x.com/undefined/status/1990689459273413081","1104394403387367424",
"1990689446782734822","Tue Nov 18 07:52:03 +0000 2025","1","คุณชายจิตรพลคุณหนูทวินันท์ดูเหมาะสมกันดีนะคะ️ https://t.co/lTrRGsmb65","1990689446782734822","https://pbs.twimg.com/media/G6BZf9BbIAEdqd0.jpg","","th","","0","0","1","https://x.com/undefined/status/1990689446782734822","3302461159",
"1982871528883757219","Tue Nov 18 07:51:58 +0000 2025","0","@onaecore Semoga haechan sehat selalu dikelilingi oleh hal-hal yang baik bahagia selalu semakin bersinar lagi semakin sukses semakin dikenal banyak orang dan semoga selalu dalam lindungan Tuhan semoga kakak juga sehat selalu rezekinya lancar dilindungi Tuhan dan bahagia selalu https://t.co/rVmdcoYyic","1990689425484140590","https://pbs.twimg.com/media/G6BZe3dbMAM0jtP.jpg","onaecore","in","","0","0","0","https://x.com/undefined/status/1990689425484140590","1816515281298288641",
"1990689407863755106","Tue Nov 18 07:51:54 +0000 2025","0","アイカツ プリパラ ウエハース 交換 譲 画像参照 求 のもの お気軽にお声掛けください‍️ https://t.co/QqH9NYjkOD","1990689407863755106","https://pbs.twimg.com/media/G6BZddFbMAcOiqz.jpg","","ja","","0","2","0","https://x.com/undefined/status/1990689407863755106","1488483596214353920",
"1990689317388460364","Tue Nov 18 07:51:33 +0000 2025","2","อยากเห็นพี่จิมธงแดง น้องซีธงแดงกว่า #GMMTV2026 #jimmyyjp #sea_tawinan #jimmysea #จิมมี่ซี #JimmySeaTogether https://t.co/tcTq97dpnr","1990689317388460364","https://pbs.twimg.com/media/G6BZYEebAAESCZn.jpg","","th","","0","0","1","https://x.com/undefined/status/1990689317388460364","1777211521514504192",
"1990587353887617207","Tue Nov 18 07:51:18 +0000 2025","0","@dolmeng_ie Soit'stheend분명히너의눈엔눈물이고였는데네입술은이별을말해Soit'stheend끝이라고하는데내가여기서뭘더해그저끄덕일수밖에사실난이해가안가네가지금하는말행복한적없었단그말나는기억나니까거짓없는눈빛과누구보다환했던그미소가다시떠올려줘다시내게웃어줘그때처럼내품에달려와안겨줘떠나가더라도","1990689255421784235","","dolmeng_ie","ko","","0","1","0","https://x.com/undefined/status/1990689255421784235","1955285642944057347",
"1990689217580838927","Tue Nov 18 07:51:09 +0000 2025","0","ไหน แจกตังแจกขนม อะไร รีผ่านมากันหน่อย อยากรีบ้าง","1990689217580838927","","","th","","0","0","0","https://x.com/undefined/status/1990689217580838927","80243067",
"1990689199591469533","Tue Nov 18 07:51:05 +0000 2025","11","ㅋㅋㅋㅋㅋㅋㅋㅋㅋㅋㅋㅋㅋㅋㅋㅋㅋㅋㅋㅋㅋㅋㅋㅋㅋㅋㅋㅋㅋㅋㅋㅋㅋㅋㅋㅋㅋㅋㅋㅋㅋㅋㅋㅋㅋㅋㅋㅋㅋㅋㅋㅋㅋㅋㅋㅋㅋㅋㅋㅋㅋㅋㅋㅋㅋㅋㅋㅋㅋㅋㅋㅋㅋㅋㅋㅋㅋㅋㅋㅋㅋㅋㅋㅋㅋㅋㅋㅋㅋㅋㅋㅋㅋㅋㅋㅋㅋㅋㅋㅋㅋㅋㅋㅋㅋㅋㅋㅋㅋㅋㅋㅋㅋㅋㅋㅋㅋㅋㅋㅋㅋㅋㅋㅋㅋㅋ","1990689199591469533","","","ko","","0","1","0","https://x.com/undefined/status/1990689199591469533","1770707318306643968",
"1990686884167876801","Tue Nov 18 07:50:54 +0000 2025","1","@Ideun_96 아 그러니까요 ㅋㅋㅋㅋㅋㅋㅋㅋㅋㅋㅋㅋㅋㅋㅋㅋㅋㅋㅋㅋㅋ우.우리가 동인이야 ㅠ ㅠ ㅠ .... ..... ....","1990689153579938000","","Ideun_96","ko","","0","1","0","https://x.com/undefined/status/1990689153579938000","1202149681834295296",
"1990689149251391679","Tue Nov 18 07:50:53 +0000 2025","0","Mulai dari GMM2025 dan menuju GMM2026 ","1990689149251391679","","","in","","0","0","0","https://x.com/undefined/status/1990689149251391679","1838929340027002880",
"1987102429104775479","Tue Nov 18 07:50:36 +0000 2025","0","@HB02LEO Hello adek ;) salam kenal. Lagu fav saya tuh lagu grup saya :D mau denger gak","1990689079139463583","","HB02LEO","in","","0","0","0","https://x.com/undefined/status/1990689079139463583","60197833",
"1990688563999224033","Tue Nov 18 07:50:34 +0000 2025","0","@iniFein kenapa lagi ini kak?? fandom sebelah lagi??","1990689072537645453","","iniFein","in","","0","1","0","https://x.com/undefined/status/1990689072537645453","1505864885468827648",
"1990640702414598499","Tue Nov 18 07:50:34 +0000 2025","1","@Iwannaberomance 네!!!!!!!!!!!!!!!!!!!! 아..신난다... 역시 료나는 진성씹덕만모인다는 밤에 해야죠 설렌다... 다불러!!!!","1990689070562103659","","Iwannaberomance","ko","","0","0","0","https://x.com/undefined/status/1990689070562103659","1686399058120966144",
"1983885094491418802","Thu Oct 30 13:13:59 +0000 2025","0","yushi bilang jangan buat masakan kaya dia ga rekomen katanya soalnya gaenak larangan adalah perintah yus jd sptnya besok aku buat kaya km tp pake indomie bukan ramyeon ehek ","1983885094491418802","","","in","","0","0","0","https://x.com/undefined/status/1983885094491418802","1039319041603559424",
"1983809233910124664","Thu Oct 30 08:12:33 +0000 2025","0","alternatif shin ramyeon apasih pengen bgt tapi mahal 5x indomie","1983809233910124664","","","in","","0","0","0","https://x.com/undefined/status/1983809233910124664","1709031386701758464",
"1983766805215899818","Thu Oct 30 05:23:57 +0000 2025","1","postcard indomie×newjeans gw jatuh sendiri tadi pagi pertanda apa ya pas liat berita NewJeans kalah nangis bgt anjglah https://t.co/AGNNsZHFfK","1983766805215899818","https://pbs.twimg.com/media/G4fBZW8a8AIu0ky.jpg","","in","","0","0","0","https://x.com/undefined/status/1983766805215899818","1243775622536544257",
"1983113899223462009","Tue Oct 28 10:09:32 +0000 2025","0","kyk jingle collab nya newjeans sm indomie","1983113899223462009","","","in","","0","0","0","https://x.com/undefined/status/1983113899223462009","841155607864328192",
"1982017778648256820","Sat Oct 25 15:10:50 +0000 2025","0","@ngalamfess Indomie spicy ramyeon tori kara mie sedap laksa","1982102558262034591","","ngalamfess","in","","0","0","0","https://x.com/undefined/status/1982102558262034591","2420237658",
"1982017778648256820","Sat Oct 25 13:06:02 +0000 2025","0","@ngalamfess Cakalang kuah Indomie Aceh Ayam special Sedap buldak Tori miso Spicy ramyeon Dan masih banyak lagi","1982071153259950545","","ngalamfess","in","","0","0","0","https://x.com/undefined/status/1982071153259950545","1761995768133767168",
"1981727753675092473","Fri Oct 24 14:22:10 +0000 2025","0","@blisslaceup Hai! Akunmu branding-nya kayak Casual K-Pop Foodie Vibes campuran antara penggemar NMIXX yang antusias curhatan random sehari-hari dan hint makanan pedas kayak Indomie ramyeon di bio. Rating: 8/10. Alasannya: Kontennya relatable dan fun banyak interaksi dengan","1981727922395451523","","blisslaceup","in","","0","1","0","https://x.com/undefined/status/1981727922395451523","1720665183188922368",
"1981645423015281148","Fri Oct 24 08:54:20 +0000 2025","0","indomie goreng seblak shin ramyeon","1981645423015281148","","","in","","0","0","0","https://x.com/undefined/status/1981645423015281148","1709031386701758464",
"1981297300225085551","Thu Oct 23 09:51:01 +0000 2025","4","Sesekali makan mie instan Erna sa buatin Indomie Spicy Ramyeon telur pokchoy dan ada tuna chunks buat proteinnya. Sa lbh rumit Indomie Tori Miso endog pokchoy lalu buat tumisan paha ayam pakai shoyu saus tiram garlic kecap ikan lada dan daun bawang Bon Appetit https://t.co/51jPnp2YBi","1981297300225085551","https://pbs.twimg.com/media/G377YckWgAApalw.jpg","","in","","0","1","0","https://x.com/undefined/status/1981297300225085551","77976639",
"1980584369074164103","Tue Oct 21 13:24:53 +0000 2025","1","@Void_Za_wizard Gabungan banyak hal Roti Dendeng cabe ijo Indomie spicy ramyeon Tong seng Es jeruk Es matcha","1980626346762990072","","Void_Za_wizard","in","","0","1","0","https://x.com/undefined/status/1980626346762990072","1545575117702545408",
"1980578605286535192","Tue Oct 21 10:20:42 +0000 2025","1","@FOOD_FESS Mie indomie × newjeans yang biru yg suka shin ramyun. Coba deh versi murahnya cuma rasanya lebih light dri shin ramyun https://t.co/0OX33HLg3p","1980579992842227719","https://pbs.twimg.com/media/G3xvAeIWMAA5pmW.jpg","FOOD_FESS","in","","0","1","0","https://x.com/undefined/status/1980579992842227719","1041485829770625024",
"1980184782404538551","Mon Oct 20 08:10:16 +0000 2025","0","Indomie tori kara sedaap laksa indomie ramyeon yg biru indomie ayam bawang (basic)","1980184782404538551","","","in","","0","0","0","https://x.com/undefined/status/1980184782404538551","1975723497612845064",
"1979899600942342175","Sun Oct 19 15:24:04 +0000 2025","0","@sbtgirlgroup unsealed postcard indomie x newjeans ada 2 set yap (7.000/set)","1979931561974796723","","sbtgirlgroup","in","","0","0","0","https://x.com/undefined/status/1979931561974796723","1675549593197768704",
"1979524079565852969","Sat Oct 18 12:24:53 +0000 2025","0","indomie spicy ramyeon. rasanya mirip shin ramyun versi low budget.","1979524079565852969","","","in","","0","0","0","https://x.com/undefined/status/1979524079565852969","948751498220994560",
"1979384866123976835","Sat Oct 18 03:11:41 +0000 2025","1","Sarapan Indomie spicy ramyeon enak kali ya https://t.co/OW2t2go9sE","1979384866123976835","https://pbs.twimg.com/media/G3gwC9RX0AAZ5px.jpg","","in","","0","0","0","https://x.com/undefined/status/1979384866123976835","1972159240312967172",
"1979192926719635753","Fri Oct 17 14:29:00 +0000 2025","0","pengen coklat almond beryls pengen ollate peach pengen mie instannya ramyeon carbonara bukan indomie gaada rasanya anj knp kalian jd mahal bgt seh waktu aku ngekost","1979192926719635753","","","in","","0","0","0","https://x.com/undefined/status/1979192926719635753","1342400334967148544",
"1979187389709873455","Fri Oct 17 14:06:59 +0000 2025","1","hi ada yang masih nyari postcard / photocard set newjeans x indomie yang ini kah? isinya utuh semua yaaa sealed 10k/ea unsealed 9k take all 25k only t. wts want to sell jual postcard newjeans ready kamar https://t.co/kbbQ00fUn2","1979187389709873455","https://pbs.twimg.com/media/G3d8b8eWwAEFuGC.jpg","","in","","0","0","1","https://x.com/undefined/status/1979187389709873455","1284831638",
"1979136696412229903","Fri Oct 17 10:45:33 +0000 2025","0","indomie spicy ramyeon enak bgt plissss","1979136696412229903","","","in","","0","1","0","https://x.com/undefined/status/1979136696412229903","1249863479076347904",
"1978892689467670957","Thu Oct 16 18:35:57 +0000 2025","0","kita bikin indomie ramyeon cintaku dulu agar tidak kelaparan","1978892689467670957","","","in","","0","0","0","https://x.com/undefined/status/1978892689467670957","1291414808693112833",
"1978740756857897140","Thu Oct 16 08:32:14 +0000 2025","0","1. Mie gacoan 2. Mie ayam bakso 3. Wow spaghetti carbonara 4. Gekikara Ramen 5. Indomie Soto 6. Sarimi Rendang 7. Mie Sedap Kari Ayam 8. Buldak Ramyeon 9. Pop Mie Baso 10. Mie Gelas Protevit","1978740756857897140","","","in","","0","0","0","https://x.com/undefined/status/1978740756857897140","1893106011894095875",
"1978399738379825296","Wed Oct 15 09:57:09 +0000 2025","0","Ada menu ramyeon trs gw nanya ramyeon pa dijawab ramyeon korea....baangin ke warkop trs nanya ini indomie apa dijawab indomie indonesia ajg gw lempar ya","1978399738379825296","","","in","","0","1","0","https://x.com/undefined/status/1978399738379825296","1267178318836588544",
"1978029977661509916","Tue Oct 14 10:34:14 +0000 2025","0","@attack_urhe4rt indomie goreng kari ayam ramyeon","1978046685759885445","","attack_urhe4rt","in","","0","1","0","https://x.com/undefined/status/1978046685759885445","1374608452023054336",
"1977948751252668758","Tue Oct 14 05:22:20 +0000 2025","0","@munvess indomie: 1. mie kocok bandung 2. soto koya pedas 3. ramyeon all variant 4. mie goreng rica-rica 5. ramen all variant 6. ayam geprek 7. empal gentong 9. soto lamongan","1977968193705824594","","munvess","in","","0","0","0","https://x.com/undefined/status/1977968193705824594","1447512579924844558",
"1977948751252668758","Tue Oct 14 04:10:15 +0000 2025","0","@munvess indomie soto banjar aceh tori miso mie newjeans","1977950051294118394","","munvess","in","","0","0","0","https://x.com/undefined/status/1977950051294118394","1243565988190326788",
"1977685339075703045","Mon Oct 13 11:25:05 +0000 2025","0","11. indomie ramyeon adalah comfort food ak","1977697092924576135","","rikurismeee","in","","0","1","0","https://x.com/undefined/status/1977697092924576135","1955600784760225792",
"1977416204508901417","Sun Oct 12 16:48:56 +0000 2025","0","kenapa ya indomie yg varian mie tebel2 tu cuma pas awal2 doang seterusnya mienya menipis :/ kayak mie aceh trs seblak skrg yg ramyeon series","1977416204508901417","","","in","","0","0","0","https://x.com/undefined/status/1977416204508901417","1260601160391512064",
"1977345941892964481","Sun Oct 12 12:09:44 +0000 2025","0","dunia harus tau Indomie spicy ramyeon enak banget banget banget","1977345941892964481","","","in","","0","0","0","https://x.com/undefined/status/1977345941892964481","1095944686236196869",
"1977327429829222886","Sun Oct 12 11:41:57 +0000 2025","0","@laviehoon indomie goreng hype abis ayam geprek sm soto mie sih pasti suka ga kalah sm shin ramyeon️","1977338950667956496","","laviehoon","in","","0","0","0","https://x.com/undefined/status/1977338950667956496","1338073503581392896",
"1976506943683629166","Fri Oct 10 04:45:12 +0000 2025","0","@pyeonqii aku ttp bikin egg cloud ramyeon heeseung pake indomie","1976509295991849201","","pyeonqii","in","","0","1","0","https://x.com/undefined/status/1976509295991849201","1479445297281449985",
"1976506943683629166","Fri Oct 10 04:35:51 +0000 2025","1","Semenjak tau egg cloud ramyeon heeseung gw jadi gapernah makan indomie lg","1976506943683629166","","","in","","0","4","0","https://x.com/undefined/status/1976506943683629166","1947767315677995009",
"1975610859163414652","Tue Oct 07 23:59:23 +0000 2025","0","@tanyarlfes Baru nyoba tori miso sama tori kara dan besttt kalo yang ramyeon gapernah coba soalnya kata temenku pedes banget tapi aku merindukan indomie chitato","1975712593773011308","","tanyarlfes","in","","0","0","0","https://x.com/undefined/status/1975712593773011308","1858122024994086912",
"1975525415226908994","Tue Oct 07 11:35:37 +0000 2025","0","indomie spicy ramyeon enakkk","1975525415226908994","","","in","","0","0","0","https://x.com/undefined/status/1975525415226908994","1615946623183630337",
"1975111840666673654","Mon Oct 06 08:12:13 +0000 2025","0","indomie spicy ramyeon pedes banget jir ampe kleyengan gini","1975111840666673654","","","in","","0","0","0","https://x.com/undefined/status/1975111840666673654","1054708170394763265",
"1974489640955527538","Sun Oct 05 06:55:09 +0000 2025","0","@aukseen Newjeans taunya dr iklan indomie","1974730060512059840","","aukseen","in","","0","0","0","https://x.com/undefined/status/1974730060512059840","77697051",
"1974482751685624246","Sat Oct 04 18:35:43 +0000 2025","0","@vecotesz Indomie spicy ramyeon! Pernah nyobain nggak?","1974543972933800039","","vecotesz","in","","0","0","0","https://x.com/undefined/status/1974543972933800039","1934708740172939264",
"1974501658173591696","Sat Oct 04 15:47:34 +0000 2025","0","banyak jir gua tukang makan wkwkwk (dimsum ramyeon mi ayam indomie)","1974501658173591696","","","in","","0","0","0","https://x.com/undefined/status/1974501658173591696","1407592240369655814",
"1974270646730510477","Sat Oct 04 03:15:08 +0000 2025","0","@cubitski LUCU BANGET FANDOM INDOMIE SPICY RAMYEON","1974312303928672627","","cubitski","in","","0","0","0","https://x.com/undefined/status/1974312303928672627","142657558",
"1974270646730510477","Sat Oct 04 01:54:34 +0000 2025","0","@namgiriu DEMI APA ADA JG SESAMA FANS INDOMIE SPICY RAMYEON? AKU SMP MAU BIKIN FANDOM RASANYA RA HAHAHA","1974292025291018587","","namgiriu","in","","0","1","0","https://x.com/undefined/status/1974292025291018587","1291414808693112833",
"1974270646730510477","Sat Oct 04 00:29:37 +0000 2025","0","SAYANGKU INDOMIE SPICY RAMYEON https://t.co/R7l5rXMqK1","1974270646730510477","https://pbs.twimg.com/media/G2YEsB_bsAAX6Fx.jpg","","in","","0","6","0","https://x.com/undefined/status/1974270646730510477","1291414808693112833",
"1974181362317078836","Fri Oct 03 18:34:49 +0000 2025","0","makan ramyeon di pinggir sungai han kayak makan indomie rebus di ciwidey kali ya (mau)","1974181362317078836","","","in","","0","1","0","https://x.com/undefined/status/1974181362317078836","1209387196475564032",
"1964892203186270670","Mon Sep 08 03:24:04 +0000 2025","0","Ngelih cukkk ... tadi pagi kgk jadi sarapan soale indomie spicy ramyeon 'e pedes bgt njuk tak tinggal adus","1964892464357196286","","winazharxy","in","","0","0","0","https://x.com/undefined/status/1964892464357196286","1911380607180881920",
"1964668259741184149","Sun Sep 07 12:33:09 +0000 2025","0","kenapa indomie spicy ramyeon PEDES BANGET padahal looksnya kaya biasa aja ya ARGHHH","1964668259741184149","","","in","","0","0","0","https://x.com/undefined/status/1964668259741184149","1900199629939236865",
"1964662837890199927","Sun Sep 07 12:22:20 +0000 2025","0","@sfoHABIN Raka ngajakin indomie lu ngajak ramyeon. Ada ga ya?","1964665538157895719","","sfoHABIN","in","","0","1","0","https://x.com/undefined/status/1964665538157895719","1962350773683298304",
"1964135984791998733","Sat Sep 06 05:01:05 +0000 2025","0","@nomunemii jagoanku indomie kuah ramyeon yg biru","1964192107410694196","","nomunemii","in","","0","0","0","https://x.com/undefined/status/1964192107410694196","1291414808693112833",
"1962740432758038936","Thu Sep 04 12:08:25 +0000 2025","0","@youtngk @selfolx Biar yang namanya Younghyun nggak MIE TERUS. Emm maaf yah gak sedia mie lain selain buldak shin ramyeon chappagetti dan indomie. Tapi ya boleh kalau request mie sakura plus ongkir aja. BISA GAK MAKAN YANG LAINN Hyung?? Oh blur? Itu aku ngetik Brian Kang from toronOuWh.","1963574870236959183","","youtngk","in","","0","1","0","https://x.com/undefined/status/1963574870236959183","1953878958644375553",
"1963426455376773463","Thu Sep 04 02:18:40 +0000 2025","0","Aduh please indomie spicy ramyeon pake telur + enoki + bakso atau sosis.","1963426455376773463","","","in","","0","0","0","https://x.com/undefined/status/1963426455376773463","1921770704556765184",
"1963082059640926266","Wed Sep 03 15:54:53 +0000 2025","0","@FOOD_FESS UDAH TORI KKARA JUARANYA. SPICY RAMYEON SURPRISINGLY LEBIH ENAK POP MIE DARI PADA INDOMIE. TAPI GAADA YANG NGALAHIN TORI KARA NY LOVEEEE.","1963269475819741592","","FOOD_FESS","in","","0","0","0","https://x.com/undefined/status/1963269475819741592","1403983073075613703",
"1963082059640926266","Wed Sep 03 15:22:59 +0000 2025","4","@FOOD_FESS spicy ramyeon enak banget sumpah Aku gasuka mi instan apalagi yang kuah tapi Indomie spicy ramyeon enak banget aku bisa makan sampe tetes kuah terakhir ","1963261447536070824","","FOOD_FESS","in","","0","0","0","https://x.com/undefined/status/1963261447536070824","1297001065716387841",
"1963229754343203034","Wed Sep 03 13:17:03 +0000 2025","0","Tori kara soalnya suka yang pedes Tori miso eneg Spicy ramyeon blend ngambang bgt rasanya Buat yang goreng indomie goreng ori pemegang tahta tertinggi sii","1963229754343203034","","","in","","0","0","0","https://x.com/undefined/status/1963229754343203034","1267849202828144640",
"1963082059640926266","Wed Sep 03 12:44:48 +0000 2025","0","@FOOD_FESS Tori kara tori miso sama spicy ramyeon. Anjir yg ramyeon gara Heeseung gw ketagihan harusnya pake mie shin ramyun tp krna mahal gw pake indomie. Dan untungnya rasanya gk beda jauhh","1963221638776016930","","FOOD_FESS","in","","0","0","0","https://x.com/undefined/status/1963221638776016930","1349714849152995331",
"1963215365850439979","Wed Sep 03 12:19:52 +0000 2025","1","Indomie yang ramyeon chikin dan rose itu enak ga si apalagi yang rose aku pengen nyoba","1963215365850439979","","","in","","0","3","0","https://x.com/undefined/status/1963215365850439979","1738750425724248064",
"1962498865128710348","Mon Sep 01 12:52:45 +0000 2025","0","njf! hi bunnies apakah disini ada yg pernah screenshot postingan iklan indomie x newjeans? kalau ada yg punya boleh minta ga yaa? soalnya postingannya udah ga ada trimakasii sebelumnyaa","1962498865128710348","","","in","","0","0","0","https://x.com/undefined/status/1962498865128710348","1573968056245661696",
"1960562848154959910","Wed Aug 27 04:39:43 +0000 2025","0","Gua jarang makan siang tiba pengen mie karna liat orang mukbang dan akhirnya buat Indomie spicy ramyeon ternyata beneran pedes kirain boong","1960562848154959910","","","in","","0","1","0","https://x.com/undefined/status/1960562848154959910","1950415863007637504",
"1960519327796314207","Wed Aug 27 03:51:33 +0000 2025","0","@meowieppu @roblox_fess Tadi aku mampir ke menara Indomie x Newjeans","1960550727136489809","","meowieppu","in","","0","0","0","https://x.com/undefined/status/1960550727136489809","1015017858688942080",
"1949344668249940317","Tue Aug 26 12:18:24 +0000 2025","0","@seongminf abis masang susuk ya? ah yang bener kalau nemu gimana? beliin gua satu dus ramyeon ya? emang asw tapi gua ngga mau juga se OA sama nih bokem. ngga mau gua udah punya OA. lu mah indomie","1960315892056903977","","seongminf","in","","0","1","0","https://x.com/undefined/status/1960315892056903977","1120571547918356480",
"1959991886871158823","Mon Aug 25 14:50:55 +0000 2025","1","Indomie thankyou udah ciptain mie yang enak kayak spicy ramyeon ini mie nagih banget apalagi makan ditemani es teh dan tictac jadi salah satu rasa favorit selain rendang https://t.co/ubeKwfMZSw","1959991886871158823","https://pbs.twimg.com/media/GzNKOt0aMAA0DAI.jpg","","in","","0","0","0","https://x.com/undefined/status/1959991886871158823","1610194270996267015",
"1959863556083728573","Mon Aug 25 06:42:13 +0000 2025","0","@raabbilt Minat indomie newjeans ngidam dari kemarin","1959868902156210439","","raabbilt","in","","0","0","0","https://x.com/undefined/status/1959868902156210439","1613358697350311936",
"1959767413358252177","Sun Aug 24 23:58:56 +0000 2025","0","aku nyobain resep ramyeon mingyu tadi sore apa lidah aku yang kebiasaan makan micin indomie mie enak cuma kurang kuat rasanya maybe karena itu resep korea tapi overall enak awokaqoakqok kelihatannya kayak mie nyemek","1959767413358252177","","","in","","0","0","0","https://x.com/undefined/status/1959767413358252177","1675897211207692288",
"1958881262506049679","Fri Aug 22 13:17:41 +0000 2025","0","Indomie goreng spicy ramyeon pedes juga ia","1958881262506049679","","","in","","0","0","0","https://x.com/undefined/status/1958881262506049679","1367010631086301185",
"1958505782234042565","Fri Aug 22 12:25:33 +0000 2025","0","@urashnti @dubudubudibdub Sebelum beli mampir dulu kak ke kasir tanya stok Saya pas newjeans indomie bgitu","1958868141431562624","","urashnti","in","","0","0","0","https://x.com/undefined/status/1958868141431562624","273977169",
"1958715482670080233","Fri Aug 22 02:23:27 +0000 2025","0","@moonstars_night Ih aku juga tadi ke indomart masih belum ada si mbaknya malah nunjukin pc indomie newjeans udh punya kata aku teh","1958716619326419362","","moonstars_night","in","","0","1","0","https://x.com/undefined/status/1958716619326419362","1285362027544711168",
"1958128158827270654","Thu Aug 21 13:52:02 +0000 2025","0","@tanyakanrl mie sedaap ayam special sama indomie yang ramyeon yg biru","1958527515506680106","","tanyakanrl","in","","0","0","0","https://x.com/undefined/status/1958527515506680106","1456489867219652613",
"1958128158827270654","Thu Aug 21 05:53:46 +0000 2025","0","@tanyakanrl MIE SEDAP KOREAN SPICY SOUP INDOMIE TORI KARA INDOMIE SPICY RAMYEON","1958407156874744318","","tanyakanrl","in","","0","0","0","https://x.com/undefined/status/1958407156874744318","1494896122740948992",
"1958254910170161194","Wed Aug 20 19:48:47 +0000 2025","0","Skeptis tapi enak jg ramyeon indomie https://t.co/0KUZUUnG6s","1958254910170161194","https://pbs.twimg.com/media/Gy0ebceaoAAIjlK.jpg","","in","","0","0","0","https://x.com/undefined/status/1958254910170161194","1316784799269310464",
"1958128158827270654","Wed Aug 20 13:16:11 +0000 2025","0","@tanyakanrl Sedaap kari spesial sedaap soto indomie tori miso samaa shin ramyeon","1958156107857428821","","tanyakanrl","in","","0","0","0","https://x.com/undefined/status/1958156107857428821","1384721923305656322",
"1958128158827270654","Wed Aug 20 12:52:24 +0000 2025","0","@tanyakanrl Indomie tori kara sama Indomie spicy ramyeon udh no debat","1958150122992505295","","tanyakanrl","in","","0","0","0","https://x.com/undefined/status/1958150122992505295","1513026063634366469",
"1958128158827270654","Wed Aug 20 11:49:31 +0000 2025","0","@tanyakanrl Indomie premium collection newjeans yang varian spicy ramyeon aku ga abis makan mi kuah satu bungkus tapi kalo varian ini bisa aku makan sampe tetes kuah terakhir ️‍","1958134296897892703","","tanyakanrl","in","","0","0","0","https://x.com/undefined/status/1958134296897892703","1297001065716387841",
"1957727792453374228","Tue Aug 19 08:54:13 +0000 2025","0","indomie spicy ramyeon ngapa enak bgt yh https://t.co/Y2pdKgJpqi","1957727792453374228","https://pbs.twimg.com/media/Gys_DQhacAE4lmA.jpg","","in","","0","0","0","https://x.com/undefined/status/1957727792453374228","1374002859734274048",
"1956735421121278457","Sat Aug 16 15:10:53 +0000 2025","0","INDOMIE RAMYEON KOREA YG BUNGKUS BIRU PEDES BGT YA ALLAH","1956735421121278457","","","in","","1","0","0","https://x.com/undefined/status/1956735421121278457","1370042448311820293",
"1955133668680520136","Fri Aug 15 02:19:55 +0000 2025","0","@jaeykn semua buah juga harus habis gak sih kalau udah dipotong dan dimakan sama kita?! AKU JUGA SUKA RAMYEON TAPI VERSI LOKAL ALIAS INDOMIE. ","1956179014797885572","","jaeykn","in","","0","0","0","https://x.com/undefined/status/1956179014797885572","1143472885857603584",
"1955598495374803414","Wed Aug 13 11:53:09 +0000 2025","0","INDOMIE RAMYEON ENAK BANGET ACIKIWIR","1955598495374803414","","","in","","0","1","0","https://x.com/undefined/status/1955598495374803414","1740910742084448257",
"1955292481588957405","Tue Aug 12 15:37:09 +0000 2025","0","gambaran aku ketika menikah dengan heeseung. Bedanya gue indomie dia shin ramyeon https://t.co/OmoWa6KX2n","1955292481588957405","https://pbs.twimg.com/ext_tw_video_thumb/1954947621766017024/pu/img/4QqHOXXvwXzP0Sej.jpg","","in","","0","0","0","https://x.com/undefined/status/1955292481588957405","1108213984463749120",
"1954418489873383820","Mon Aug 11 10:16:37 +0000 2025","0","@es_twr Walau itu origin dari belanda kan bahan bakunya dah beda jg. Itu kan inspired by berarti dia terinspirasi menjadi resep baru. Itu kan kayak pembuatan mie originnya di china terus berubah jadi ramen (jepang) ramyeon (korea) indomie (indonesia)","1954849427300205049","","es_twr","in","","0","0","0","https://x.com/undefined/status/1954849427300205049","1091583301540696064",
"1954144105367556535","Sat Aug 09 16:37:41 +0000 2025","0","@_____bunno aku tteoknya pake ommason trs mie indomie hanguk ramyeon! tambahin kejunya aku pake prochiz :9","1954220549439148049","","_____bunno","in","","0","0","0","https://x.com/undefined/status/1954220549439148049","1211884847070760960",
"1954144105367556535","Sat Aug 09 16:35:32 +0000 2025","0","@Sarasnama GAMPAANGG. tumis bawang putih sampe wangi masukin air sampe agak mendidih. masukin tteok (aku pake ommason) sama ramyeon (aku pake indomie hanguk ramyeon). terus kurangin airnya sedikit masukin susu full cream. masukin bumbu tambahin sosis oregano sm keju mozza!!","1954220007245971915","","Sarasnama","in","","1","1","0","https://x.com/undefined/status/1954220007245971915","1211884847070760960",
"1953842315824390625","Fri Aug 08 15:34:43 +0000 2025","0","mootss mending masak indomie spicy ramyeon dulu atau tori miso dulu yaa? belum pernah coba 22nyaa","1953842315824390625","","","in","","0","2","0","https://x.com/undefined/status/1953842315824390625","1789541228201279488",
"1953350562357129537","Thu Aug 07 08:27:02 +0000 2025","0","Indomie Spicy Ramyeon - Mie lbh keriting &amp; tebel - Pedes tp g bgt (cabeny ngasi sendiri) - Kuahny kentel rasany kyk indomie ayam bawang tp versi pedes less asin agak ad hint rasa samyang stew - Sisa kuahnya dipakein nasi endul - Plg mending dibanding 2 rasa lainnya Score 6/10 https://t.co/s71IUogJH1","1953372299044004342","https://pbs.twimg.com/media/GxvFwNrb0AAXQkI.jpg","teronggholland","in","","0","1","0","https://x.com/undefined/status/1953372299044004342","1832349866598764544",
"1953350562357129537","Thu Aug 07 08:22:46 +0000 2025","0","Indomie Fiery Chikin (Korean Ramyeon) - Tekstur mie sama sausnya kek samyang - Rasanya mirip Mie Sedaap korean spicy chicken yg BAnya Siwon ntuh - Not bad tp not good jg ya okela - At least better dr yg rose ygy Score 5/10 https://t.co/nR8vPyhKtT","1953371225541038319","https://pbs.twimg.com/media/GxvExrgaQAAM0xe.jpg","teronggholland","in","","0","1","0","https://x.com/undefined/status/1953371225541038319","1832349866598764544",
"1953350562357129537","Thu Aug 07 08:20:59 +0000 2025","0","Indomie Rose (Korean Ramyeon) - Mie lbh keriting &amp; tebel - Rasanya.. gajelas susah dijelasin beneran absurd kek ada wangi gjls tp kek ada bau obat jg - Topping oden itu sebiji doang rill - Entah apa yg ad dipikiran pembuat indomie rose enih - Gaenak guys mff Score 2 5/10 https://t.co/nx1TT4Jqpt","1953370776138084633","https://pbs.twimg.com/media/GxvEXksawAQ_qyo.jpg","teronggholland","in","","0","1","0","https://x.com/undefined/status/1953370776138084633","1832349866598764544",
"1952352702417207721","Thu Aug 07 03:30:20 +0000 2025","0","@seongminf @_minanism Hawooo! Kalau aku sih yang berkuah yaa kayak indomie soto indomie kari ayam indomie ayam bawang bahkan indomie korea spicy ramyeon itu. Kamu suka mie gak?","1953297629582115162","","seongminf","in","","0","1","0","https://x.com/undefined/status/1953297629582115162","2467141352",
"1940736995258736896","Thu Jul 03 11:38:51 +0000 2025","0","WTS NewJeans Mini Postcard (Indomie Ver.) Kondisi: Baru (sealed) Versi: Indomie Collab Harga: 18k + packaging Lokasi: Depok kirim via ekspedisi Minat? DM #wts #newjeans #indomie #indomienewjeans #newjeans #wts https://t.co/v4dxCNXlv7","1940736995258736896","https://pbs.twimg.com/media/Gu7h_c0awAAXq9e.jpg","","in","","0","0","0","https://x.com/undefined/status/1940736995258736896","803856872776364032",
"1940375358261584059","Wed Jul 02 11:41:50 +0000 2025","78","njf! haloo bunnies aku boleh minta tolong bantu isi kuesioner aku ga yaaa? skripsi aku bahas tentang pengaruh newjeans sebagai BA Indomie nihh. buat pertanyaan awal jawab ya aja yaa biar bisa lanjut ke pertanyaan selanjutnya. maaciii banyak https://t.co/pfT5EYKSdR https://t.co/ziyF9cBXMq","1940375358261584059","https://pbs.twimg.com/media/Gu2ZF5VWwAAs5Lo.jpg","","in","","2","18","29","https://x.com/undefined/status/1940375358261584059","1573968056245661696",
"1939960444816400576","Tue Jul 01 08:13:07 +0000 2025","1","indomie spicy ramyeon pedes bgt faaaak. ini lebih pedes dari gekikara ramen. rasanya sih mirip2. tapi pedesnya pedesan ini. sampe ingusan idungku. kalo gekikara ramen pedesnya di ending aja https://t.co/ize2Fh1bSe","1939960444816400576","https://pbs.twimg.com/media/Guwfu5DXYAA0OH5.jpg","","in","","0","3","0","https://x.com/undefined/status/1939960444816400576","1261208276873568259",
"1939889692033568933","Tue Jul 01 03:31:58 +0000 2025","1","Pepero indomie dulu di kota gue yang terbilang kecil juga ada muka newjeans terpampang di banner mcd","1939889692033568933","","","in","","0","0","0","https://x.com/undefined/status/1939889692033568933","1816065522020278273",
"1939683538057773087","Mon Jun 30 13:52:47 +0000 2025","1","Aku pengen makan indomie goreng jdnya setelah liat iklan indomie bareng newjeans. Tp td siang baru makan mie pecel HIDEANDSIS FIRST EP #HideAndSisEP1","1939683538057773087","","","in","","0","0","1","https://x.com/undefined/status/1939683538057773087","1248463299710038018",
"1939659408398794765","Mon Jun 30 12:16:54 +0000 2025","5","bro belum liat billboard newjeans indomie yang mukanya segede gaban di kabupaten","1939659408398794765","","","in","","0","0","0","https://x.com/undefined/status/1939659408398794765","1110907761494097920",
"1939551109728567491","Mon Jun 30 05:06:34 +0000 2025","0","jujur after tastenya indomie rose ramyeon itu gak cocok bgt di lidah gw....","1939551109728567491","","","in","","0","0","0","https://x.com/undefined/status/1939551109728567491","1729516467509702656",
"1938596565775737195","Sat Jun 28 04:18:50 +0000 2025","0","@prayuyal Iyaa ya lg hiatus itu eh mereka kalah di pengadilan ya huhu bner2 ni hybe. Aku ga pernah merhatiin iklan indomie newjeans sih tp barangnya kan masih dijual kalo ga salah si hehe","1938814321590706573","","prayuyal","in","","0","0","0","https://x.com/undefined/status/1938814321590706573","120101857",
"1938792163501846694","Sat Jun 28 02:56:53 +0000 2025","0","@ngalamfess indomie spicy ramyeon! bumbunya dulu nanti lek wes agak blebek-blebek masuk telur diaduk biar pecah terakhir mienya. enaak pol!!!","1938793699863076981","","ngalamfess","in","","0","0","0","https://x.com/undefined/status/1938793699863076981","1095944686236196869",
"1938622106776027161","Fri Jun 27 15:35:02 +0000 2025","0","Mending masak ramyeon/Indomie ya‍️","1938622106776027161","","","in","","0","2","0","https://x.com/undefined/status/1938622106776027161","1491023803035848709",
"1938441121006485906","Fri Jun 27 05:35:50 +0000 2025","0","@notCarasuma Aku pernah coba ramyeon tapi gak inget merk apa dan menurutku indomie mie aceh masih lebih pedes ","1938471310226821420","","notCarasuma","in","","0","0","0","https://x.com/undefined/status/1938471310226821420","1184452881673408512",
"1938234084922429886","Thu Jun 26 13:53:11 +0000 2025","0","Indomie ramyeon yg biru enak bgt ","1938234084922429886","","","in","","0","0","0","https://x.com/undefined/status/1938234084922429886","1927286637043552256",
"1937935143756566958","Wed Jun 25 18:05:18 +0000 2025","0","sumpaaa indomie ramyeon yg varian Minjii enak bgttt jadi kepo yg varian Hanni yang Danielle gaenak skip https://t.co/Xz2wHgAV8W","1937935143756566958","https://pbs.twimg.com/media/GuTtvVCbEAEvVVS.jpg","","in","","0","0","0","https://x.com/undefined/status/1937935143756566958","1529836336135385088",
"1937847664131100796","Wed Jun 25 12:17:41 +0000 2025","0","1. Indomie soto special 2. Indomie goreng 3. Indomie ramyeon yg biru 4. Samyang carbonara 5. Mie sedaap kari special","1937847664131100796","","","in","","0","0","0","https://x.com/undefined/status/1937847664131100796","204256340",
"1937790816522776646","Wed Jun 25 10:03:10 +0000 2025","0","@justfor_gyu Makan indomie spicy ramyeon pake telor + keju no debat","1937813814185255321","","justfor_gyu","in","","0","0","0","https://x.com/undefined/status/1937813814185255321","1826096653348253700",
"1937794084187594849","Wed Jun 25 08:44:46 +0000 2025","0","tiap iklan indomie x newjeans lewat di tv atau yt kiamat mundur sehari","1937794084187594849","","","in","","0","0","0","https://x.com/undefined/status/1937794084187594849","1033235378331742208",
"1937557874391286062","Tue Jun 24 17:06:09 +0000 2025","0","makan indomie sambil nangis krn tanggal tua dan keinget newjeans","1937557874391286062","","","in","","0","0","0","https://x.com/undefined/status/1937557874391286062","3011699600",
"1937516936088408228","Tue Jun 24 14:23:29 +0000 2025","0","aku cinta indomie korea spicy ramyeon","1937516936088408228","","","in","","0","1","0","https://x.com/undefined/status/1937516936088408228","1841504020822896640",
"1936796853225537665","Sun Jun 22 14:45:14 +0000 2025","0","@matapandaan pake indomie kuah juga enak bngt ((gasuka ramyeon))","1936797632187572381","","matapandaan","in","","0","2","0","https://x.com/undefined/status/1936797632187572381","1413091139326930944",
"1936746094702334222","Sun Jun 22 11:39:11 +0000 2025","0","@coupsbongie Indomie korean series yg spicy ramyeon","1936750811281052147","","coupsbongie","in","","0","1","0","https://x.com/undefined/status/1936750811281052147","1157189221498548224",
"1933854221499281636","Sat Jun 14 12:07:17 +0000 2025","0","@BurstMinji Indomie goreng ori Indomie soto mie dan Nongshim Shin Ramyeon kalau dd apaaa?","1933858782045688188","","BurstMinji","in","","0","1","0","https://x.com/undefined/status/1933858782045688188","781200399575289857",
"1933805768308043929","Sat Jun 14 08:36:38 +0000 2025","1","i indomie lovers~ *WTS SPESIAL PROMO* yg masih ready: indomie soto indomie ayam bawang indomie goreng indomie korean series (coming soon) ~ spicy ramyeon ~ fiery chikin harga start 3k an yaa exp sampai 2026 https://t.co/h54o6NkfS1","1933805768308043929","https://pbs.twimg.com/media/GtZCFu-bkAEZtoZ.jpg","","in","","0","0","0","https://x.com/undefined/status/1933805768308043929","1876157257324572672",
"1933755095520510269","Sat Jun 14 05:15:16 +0000 2025","0","Kirain bakal naik banyak. Cuma naik 400 rupiah. Tapi salfok Indomie NewJeans kok mahal bgt. Perasaan 2 bulan lalu masih 5000.","1933755095520510269","","","in","","0","1","0","https://x.com/undefined/status/1933755095520510269","1326483725165580289",
"1933736043356041656","Sat Jun 14 03:59:34 +0000 2025","0","hii indomie lovers~ *WTS* yg masih ready: indomie soto indomie soto sepesial indomie ayam bawang indomie ayam sepesial indomie goreng indomie korean series ~ spicy ramyeon ~ fiery chikin harga start 3k an yaa exp sampai 2026 https://t.co/hqY37frD1R","1933736043356041656","https://pbs.twimg.com/media/GtYCrV3bMAEkVT1.jpg","","in","","0","0","0","https://x.com/undefined/status/1933736043356041656","1876157257324572672",
"1933557919184007499","Fri Jun 13 16:11:46 +0000 2025","0","Nyobain omoide mi udon engga zonk sih tp buat kaum mendang mending kyk gue mau beli lg ya mikir banyak. Ft daging qurban dan cabe yg selalu di hati Bisa dipake beli 2 indomie spicy ramyeon so far mi yg varian aneh2 si spicy ramyeon ini best bahkan si tori kara kalah. https://t.co/XMGPeNCJAM","1933557919184007499","https://pbs.twimg.com/media/GtVgqS-bMAEE8pg.jpg","","in","","0","0","0","https://x.com/undefined/status/1933557919184007499","1285218953204101120",
"1933538145875997126","Fri Jun 13 14:53:12 +0000 2025","0","Kalo ga berkasus udah ada fanmeet Indomie x NewJeans kali ya ","1933538145875997126","","","in","","0","1","0","https://x.com/undefined/status/1933538145875997126","78568379",
"1933466542085447890","Fri Jun 13 10:08:40 +0000 2025","0","indomie rendang aceh spicy ramyeon","1933466542085447890","","","in","","0","0","0","https://x.com/undefined/status/1933466542085447890","1639194539134169088",
"1933437408508539319","Fri Jun 13 08:12:54 +0000 2025","0","hii indomie lovers~ WTS yg masih ready: indomie soto indomie soto sepesial indomie ayam bawang indomie ayam sepesial indomie goreng indomie korean series ~ spicy ramyeon ~ fiery chikin harga start 3k exp sampai 2026 free delivery tembalang min order 15k https://t.co/4sLaimd1kN","1933437408508539319","https://pbs.twimg.com/media/GtTzEeGaUAA2v8w.jpg","","in","","0","0","0","https://x.com/undefined/status/1933437408508539319","1876157257324572672",
"1932448240596840704","Thu Jun 12 16:10:26 +0000 2025","0","@sandelweis btw anomali ini yang ngebikin sama ngedirect voice di iklan Indomie x NewJeans","1933195197120471102","","sandelweis","in","","0","0","0","https://x.com/undefined/status/1933195197120471102","440403571",
"1933157058054123739","Thu Jun 12 13:38:53 +0000 2025","0","Indomie ramyeon rose ga enak bener bener ga kemakan ","1933157058054123739","","","in","","0","1","0","https://x.com/undefined/status/1933157058054123739","1385062133868556288",
"1933147003170791763","Thu Jun 12 12:58:56 +0000 2025","0","Indomie original indomie sambal matah indomie yang x newjeans itu","1933147003170791763","","","in","","0","0","0","https://x.com/undefined/status/1933147003170791763","1881356098420228097",
"1933136028878938183","Thu Jun 12 12:18:00 +0000 2025","0","@munvess hello.. aku lagi suka banget sama indomie yang varian korean ramyeon","1933136701519704427","","munvess","in","","0","1","0","https://x.com/undefined/status/1933136701519704427","1929544545735413760",
"1932365873718886451","Wed Jun 11 08:35:16 +0000 2025","1","@awkhaaay @_mardial_ BGM iklan Indomie x Newjeans beliau yg garap","1932718264054133218","","awkhaaay","in","","0","0","0","https://x.com/undefined/status/1932718264054133218","321328094",
"1932669792747728951","Wed Jun 11 05:22:40 +0000 2025","0","gue cm beli indomie.... #NewJeans https://t.co/Nbf9RRAydZ","1932669792747728951","https://pbs.twimg.com/media/GtI47evbMAAbmCE.jpg","","in","","0","0","0","https://x.com/undefined/status/1932669792747728951","1059748015701807104",
"1932488152876466661","Tue Jun 10 17:30:06 +0000 2025","1","@renebxebxe bagus bgt sih aslinya emg ga salah indomie pilih new jeans *NJZ (MHDHH)@Indomielovers #NJZ #NewJeans #MHDHH","1932490470359539893","","renebxebxe","in","","0","1","1","https://x.com/undefined/status/1932490470359539893","1354120160148242434",
"1932340865927975243","Tue Jun 10 09:55:02 +0000 2025","0","@Composhit_chaos harus cobain indomie newjeans enak banget ","1932375948260978832","","Composhit_chaos","in","","0","1","0","https://x.com/undefined/status/1932375948260978832","1011948390840594432",
"1932295539204460798","Tue Jun 10 04:35:31 +0000 2025","332","newjeans indomie baemon good day lambung gue sbg bunnies &amp; monstiez lagi nyengir https://t.co/JuRTYqFYI7","1932295539204460798","https://pbs.twimg.com/media/GtDkiX4bYAAvpbs.jpg","","in","","3","8","42","https://x.com/undefined/status/1932295539204460798","1852356310265978880",
"1932109438695170435","Tue Jun 10 02:22:46 +0000 2025","0","@munvess Mie Aceh enak sender cuman kalau kamu mau selain Indomie aku sukanya Shin Ramyeon yang stir fry seri! Enak semuaaa. Aku paling suka yang Gourmet Spicy.","1932262129555648942","","munvess","in","","0","0","0","https://x.com/undefined/status/1932262129555648942","2508616250",
"1931977706016833609","Mon Jun 09 07:32:34 +0000 2025","0","bokap gua beli banyak indomie sampe dikasih postcard newjeans dari indomaret ","1931977706016833609","","","in","","0","1","0","https://x.com/undefined/status/1931977706016833609","1394869797578416135",
"1931957602793173284","Mon Jun 09 06:12:41 +0000 2025","0","Halo ada yang bersedia aku wawancara yang pernah ikut fan event kayak carat having fun carat go healthy carat beach party bts monochrom newjeans bunnyland newjeans indomie allo bank project Enhypen Fate Plus The City Jakarta dll buat tugas akhir aku ? please ","1931957602793173284","","","in","","0","0","1","https://x.com/undefined/status/1931957602793173284","1577020020395507712",
"1931890898306302332","Mon Jun 09 01:47:37 +0000 2025","0","Jd kmrn aku nonton nana bnb yg eps 2. Lalu lalu laluuuu ak lapar sekali melihat mereka masak dan mamam Akhirnya dengan bodohnya aku masak indomie yg spicy ramyeon tapi versi cup. Itukan enak dan pedas. Gws perut.","1931890898306302332","","","in","","0","0","0","https://x.com/undefined/status/1931890898306302332","536253118",
"1931856583941837116","Sun Jun 08 23:31:16 +0000 2025","0","adiknya temen gue tuh yg menang tender indomie x newjeans. jd dia ke korea buat ngedirect newjeans ngiklanin indomie. katanya anak2 newjeans tuh unyu2 bocip gt lho wkwk gemes banget.","1931856583941837116","","","in","","0","0","0","https://x.com/undefined/status/1931856583941837116","136943140",
"1931791711925403935","Sun Jun 08 19:13:29 +0000 2025","0","indomie spicy ramyeon ini enak juga ya","1931791711925403935","","","in","","0","1","0","https://x.com/undefined/status/1931791711925403935","1003250055237648385",
"1931546735165247891","Sun Jun 08 03:05:15 +0000 2025","1","@undipmfs hii indomie lovers~ WTS yg masih ready: indomie soto indomie soto sepesial indomie ayam bawang indomie ayam sepesial indomie goreng indomie goreng jumbo indomie goreng jumbo rendang indomie korean series ~ k-rose ~ spicy ramyeon ~ fiery chikin https://t.co/nZ45FVdPp4","1931548048687296716","https://pbs.twimg.com/media/Gs48tbBa4AA44BX.jpg","undipmfs","in","","0","2","0","https://x.com/undefined/status/1931548048687296716","1876157257324572672",
"1931328541687496989","Sat Jun 07 12:33:01 +0000 2025","0","ramyeon mingyu dibikin pake indomie tuh bisa ngga ya dhdhhsjsjd tbtb kepengen ramyeon mingyu tp cuma ada indomie kuah terlalu malas untuk jalan ke alfa","1931328541687496989","","","in","","0","0","0","https://x.com/undefined/status/1931328541687496989","798021629410299905",
"1931067791777681683","Sat Jun 07 08:06:22 +0000 2025","0","@jivsal yg satu tori misoo yg satu yg spicy ramyeon gituu. indomie semua :3","1931261438875832390","","jivsal","in","","0","2","0","https://x.com/undefined/status/1931261438875832390","2364989947",
"1931004569422897385","Fri Jun 06 15:53:05 +0000 2025","1","@kkruuby Bener banget skskskk waktu itu aku nonton its ngeliat mingyu masak ramyeon jadi ikutan masak indomie 3 bungkus ","1931016504520429683","","kkruuby","in","","0","0","0","https://x.com/undefined/status/1931016504520429683","1310074895024357376",
"1930146282414182608","Thu Jun 05 09:26:42 +0000 2025","1","@tanyarlfes Aku suka modelan kuah kek gini pedes gurih asin nder. Kadang shin ramyun kadang indomie spicy ramyeon. https://t.co/KFdTIFVKiS","1930556876691030085","https://pbs.twimg.com/media/Gsq3PeqaoAARYl4.jpg","tanyarlfes","in","","0","0","0","https://x.com/undefined/status/1930556876691030085","1590922674448265216",
"1930146282414182608","Thu Jun 05 06:00:47 +0000 2025","1","@tanyarlfes indomie ramyeon yg warna biru GA BOONG RASANYA PERSIS RAMYEON CUMA VER INDO JADI DI LIDAH GUE PAS AJA GITUU","1930505056115396734","","tanyarlfes","in","","0","0","0","https://x.com/undefined/status/1930505056115396734","1724808376629227520",
"1930146282414182608","Thu Jun 05 04:48:04 +0000 2025","0","@tanyarlfes No debat sekarang kalau ke hypermart belanja bulanan mie yg dibeli 2 ini.. Mie Gaga Lada Hitam sama Indomie Spicy Ramyeon https://t.co/CVj6fSZQYL","1930486758065709499","https://pbs.twimg.com/media/Gsp3SXSasAEyhv5.jpg","tanyarlfes","in","","0","0","0","https://x.com/undefined/status/1930486758065709499","573264515",
"1930146282414182608","Thu Jun 05 00:09:02 +0000 2025","0","@tanyarlfes indomie mie instant premium korean spicy ramyeon 3 varian semuanya enak sih cuman yang paling enak menurutku ini","1930416538433270095","","tanyarlfes","in","","0","0","0","https://x.com/undefined/status/1930416538433270095","2166167010",
"1930200712757293064","Wed Jun 04 15:56:02 +0000 2025","0","@ranahbingkuang @strootsys Lebih ajaib kalau di bawahnya lagi ada iklan indomie newjeans.","1930292469700407647","","ranahbingkuang","in","","0","0","0","https://x.com/undefined/status/1930292469700407647","1240285357897220096",
"1930258847228207475","Wed Jun 04 13:42:26 +0000 2025","0","mie goreng: indomie rendang mie sedap korean spicy chicken mie kuah: indomie korean spicy ramyeon mie sedap white curry honorable mention: wow spageti carbonara &amp; samyang carbonara","1930258847228207475","","","in","","0","0","0","https://x.com/undefined/status/1930258847228207475","741495831396655105",
"1930146282414182608","Wed Jun 04 11:35:20 +0000 2025","0","@tanyarlfes Indomie x newjeans yg biru","1930226860841197617","","tanyarlfes","in","","0","0","0","https://x.com/undefined/status/1930226860841197617","1381672734699134979",
"1930202069174235570","Wed Jun 04 09:56:49 +0000 2025","0","bulddak ramyeon yg bungkus item super pedes sama carbonara neoguri shin ramen rasa jamur smaa udang gekikara ramen yg bungkus item indomie ramen premium collection yg rasa takoyaki dan tori miso ","1930202069174235570","","","in","","0","0","0","https://x.com/undefined/status/1930202069174235570","289906628",
"1930189191650128328","Wed Jun 04 09:05:39 +0000 2025","0","INDOMIE SPICY RAMYEON JUARAAA POKONYAAA","1930189191650128328","","","in","","0","0","0","https://x.com/undefined/status/1930189191650128328","2872180999",
"1930146282414182608","Wed Jun 04 08:53:22 +0000 2025","0","@tanyarlfes Nissin gekikara kuah sama goreng enak semua minusnya agak lebih mahal tapi ttep kubeli. Sama akhir-akhir ini suka beli indomie korean spicy ramyeon","1930186104101318747","","tanyarlfes","in","","0","0","0","https://x.com/undefined/status/1930186104101318747","1111609532944285697",
"1930146282414182608","Wed Jun 04 08:42:45 +0000 2025","0","@tanyarlfes Indomie goreng cabe ijo tapi sayangnya dah ga pernah nemu d sulawesi selatan indomie spicy ramyeon juga enak","1930183429947306479","","tanyarlfes","in","","0","0","0","https://x.com/undefined/status/1930183429947306479","1210881196072165376",
"1930146282414182608","Wed Jun 04 07:51:49 +0000 2025","0","@tanyarlfes Sedaap laksa singapur yg spicyyy sedaap goreng ayam bakar limau mie gaga Indomie tori kara spicy ramyeon","1930170612510798019","","tanyarlfes","in","","0","0","0","https://x.com/undefined/status/1930170612510798019","1070719637594169344",
"1930146282414182608","Wed Jun 04 07:27:04 +0000 2025","1","@tanyarlfes indomie aceh indomie rendang indomie mi keriting indomie spicy ramyeon indomie fiery chikin sm indomie tori miso enak polll","1930164384652771356","","tanyarlfes","in","","0","0","0","https://x.com/undefined/status/1930164384652771356","1094618309784293376",
"1929871183262151039","Wed Jun 04 04:40:35 +0000 2025","0","@chorong2x wkwkwkw betul enakan indomie tori miso maksudnya yang sejenis kuahnya itu kan. Tapi yang korean ramyeon juga enak ","1930122488887029817","","chorong2x","in","","0","1","0","https://x.com/undefined/status/1930122488887029817","730558923753684993",
"1929871183262151039","Wed Jun 04 04:16:28 +0000 2025","0","@gimochiii Wkwkwkwk mantap gi aku jadi ikut ngebayangin rasanya jadi kesimpulannya mending beli yg asli atau kalau mau mie instant mending ramyeon indomie yak ","1930116417720078708","","gimochiii","in","","0","1","0","https://x.com/undefined/status/1930116417720078708","1037620674498506752",
"1929894772245967148","Tue Jun 03 13:40:30 +0000 2025","0","@A_FionyJKT48 Goreng: best wok original samyang rose indomie goreng Kuah: shin ramyeon original mie sedaap kaldu ayam spesial","1929895973540770190","","A_FionyJKT48","in","","0","0","0","https://x.com/undefined/status/1929895973540770190","1646080747575607296",
"1929871183262151039","Tue Jun 03 13:31:33 +0000 2025","0","@chorong2x duh aku g pinter repiu zi tp yaaaa gabisa dibandingin sm yg asli si namanya juga instan. Aku tuh lebih suka shoyu dibanding ekstrim jadi tadi tuh keknya aku pake bubuk lemonnya kebanyakan jd rasanya asem gitu wkwwkkw rasanya asin gurih asem aja gt si. Masih enakan ramyeon indomie","1929893719366610981","","chorong2x","in","","0","1","0","https://x.com/undefined/status/1929893719366610981","730558923753684993",
"1929791146181738600","Tue Jun 03 06:43:57 +0000 2025","0","indomie k-series yg hanguk ramyeon ini pedes bener buat aku... lebih pedes daripada shin ramyeon nongshim","1929791146181738600","","","in","","0","0","0","https://x.com/undefined/status/1929791146181738600","104410124",
"1929726842585702560","Tue Jun 03 02:28:26 +0000 2025","3","Awokwwowkwok emak nanyain Erine habis nonton iklan Indomie newjeans. Emak : kok di hp kamu ga ada yang kayak mereka (karena wa pake foto Intun). Gw : oh itu orang Bogor. Emak : terus yang cina-cina itu mana? Siapa namanya? Gw : ....... Lanjut makan Uli ️","1929726842585702560","","","in","","0","1","0","https://x.com/undefined/status/1929726842585702560","2246898924",
"1929135971888488949","Sun Jun 01 11:20:31 +0000 2025","0","every papa as my favorite insutanto ramen: primo buldak jjajang. secondo shin ramyeon. terzo indomie seblak. copia sedaap korean cheese buldak. perpy sedaap singapore spicy laksa.","1929135971888488949","","","in","","0","1","0","https://x.com/undefined/status/1929135971888488949","1515465188786737152",
"1928673952123204047","Sat May 31 14:59:38 +0000 2025","0","@jerukjepang indomie udah sama newjeans","1928828722766815635","","jerukjepang","in","","0","0","0","https://x.com/undefined/status/1928828722766815635","83586867",
"1928816497972904349","Sat May 31 14:11:03 +0000 2025","1","Kesampean beli indomie di superindo buat dapetin mereka #OhMyGoodItsIndomie https://t.co/KJonpVEfSu","1928816497972904349","https://pbs.twimg.com/media/GsSIX9NbMAA3-Tj.jpg","","in","","0","0","0","https://x.com/undefined/status/1928816497972904349","199220728",
"1928793501182968165","Sat May 31 12:39:40 +0000 2025","0","rehat dl mau beli indomie ramyeon","1928793501182968165","","","in","","0","1","0","https://x.com/undefined/status/1928793501182968165","1302207514902052864",
"1928732836321964467","Sat May 31 08:38:36 +0000 2025","0","WTS Postcard Frame + Photo New Jeans x Indomie READY Sealed &amp; Unboxing‼️ Bisa CO Shopee &amp; JNT Yang udah di unboxing harga lebih murah #newjeans #newjeansxindomie #postcardnewjeans #minji #hanni #danielle #HAERIN #hyein #wtspcnewjeans #indomienewjeans https://t.co/l4dqGQsLZw","1928732836321964467","https://pbs.twimg.com/media/GsQ8SXTaYAAHpqa.jpg","","in","","0","0","0","https://x.com/undefined/status/1928732836321964467","1317801220765970435",
"1928643826669007256","Sat May 31 02:44:55 +0000 2025","6","Indomie: Jadikan NewJeans BA kita! Mie Sedaap: Santai kawan kita pakai produk lokal https://t.co/C1yuJe5p7g","1928643826669007256","https://pbs.twimg.com/media/GsPrVsVboAAoDEs.jpg","","in","","0","0","2","https://x.com/undefined/status/1928643826669007256","282245805",
"1921420141939601492","Fri May 30 15:58:43 +0000 2025","0","@ivewonno Pasti sunghoon kan (menjawab dengan nada tidak kegeeran) betul NewJeans seleranya indomie. Apalagi yang bikinnya kamu apa gak melejit harga indomie","1928481206351319140","","ivewonno","in","","0","0","0","https://x.com/undefined/status/1928481206351319140","2936358876",
"1928075151431606335","Thu May 29 13:05:12 +0000 2025","0","Saya menjual 3 SET INDOMIE X NEWJEANS POSTCARD OFFICIAL (NEW/SEGEL) seharga Rp40.000. Ayo beli di Shopee! https://t.co/ZSt7Y200v8","1928075151431606335","","","in","","0","0","0","https://x.com/undefined/status/1928075151431606335","841644998",
"1927975087887835214","Thu May 29 06:27:35 +0000 2025","0","Indomie newjeans yg biru yg versi cup lebih enak ik","1927975087887835214","","","in","","0","0","0","https://x.com/undefined/status/1927975087887835214","263603762",
"1927549679707041980","Wed May 28 02:31:17 +0000 2025","0","@shaquirreloveu nanti siapin indomie telur cabe 2 biji yaa biar nyobain ramyeon versi indo ","1927553231443402800","","shaquirreloveu","in","","0","1","0","https://x.com/undefined/status/1927553231443402800","1696595857490186243",
"1927453545713819953","Tue May 27 19:55:10 +0000 2025","0","#NewJeans 8 pcs Bundling 2 Goreng &amp; Korean Free Mini Postcard Set Indomie https://t.co/ZrdBGsiSPt","1927453545713819953","","","in","","0","0","0","https://x.com/undefined/status/1927453545713819953","3253419608",
"1925179738517299373","Tue May 27 14:19:02 +0000 2025","0","@warin @sooink Hihihi happy sekaliiii satu rumah sama DD anin!! Kenalan lagi dari awal sampai sedekat perangko? KOPI TERUSSSS tapi itu Indomie ramyeon kasih bon cabe apa ga makin pedes? Bukannya tanpa bon cabe juga udah pedes banget ya? Aku tim air putih dan ayam kriuk aja dehh soalnya kek ga","1927368957062684754","","warin","in","","0","0","0","https://x.com/undefined/status/1927368957062684754","1552877006856921089",
"1925179738517299373","Tue May 27 14:11:50 +0000 2025","0","@warin @sooink Hihihi happy sekaliiii satu rumah sama DD anin!! Kenalan lagi dari awal sampai sedekat perangko? KOPI TERUSSSS tapi itu Indomie ramyeon kasih bon cabe apa ga makin pedes? Bukannya tanpa bon cabe juga udah pedes banget ya? Aku tim air putih dan ayam kriuk aja dehh soalnya kek ga","1927367142392975514","","warin","in","","0","0","0","https://x.com/undefined/status/1927367142392975514","1552877006856921089",
"1926814788883009871","Mon May 26 01:36:58 +0000 2025","0","Ada yg mau Indomie harganya 2.800 - 5.000 varian nya sekarang ada cabe ijo Korean series dll bisa co oren yaa aku juga jual postcard baru newjeans isi 7 postcard harga 25k/set detail harga ada dibawah yaa boleh tinggalin jejak dulu exp masih aman semua yaa https://t.co/79ZVkwsIl2","1926814788883009871","https://pbs.twimg.com/media/Gr1rzSUXIAAgVoY.jpg","","in","","0","0","0","https://x.com/undefined/status/1926814788883009871","764191190879129601",
"1926659765557428533","Sun May 25 15:21:59 +0000 2025","0","indomie gf ramyeon bf gpplhhh","1926660020994715813","","hisengism","in","","0","0","0","https://x.com/undefined/status/1926660020994715813","1140142003",
"1921420141939601492","Sun May 25 13:28:00 +0000 2025","0","@srnghoon Punya dong aku! Tebak coba bias aku siapa? :P Indomie seleranya NewJeans yaa. Kalo itu mah emang kesukaan semua orang nggak sih! Paling nanti disuruh bayar aja","1926631339186438489","","srnghoon","in","","0","1","0","https://x.com/undefined/status/1926631339186438489","713367715310731264",
"1926613470515953934","Sun May 25 12:17:00 +0000 2025","0","1. wanpis 2. h2h 3. indomie 4. dimsum 5. shin ramyeon 6. bebek madura 7. nasi goreng 8. gudeg 9. efootball 10. banyak deh","1926613470515953934","","","in","","0","1","0","https://x.com/undefined/status/1926613470515953934","1407592240369655814",
"1926543474431582657","Sun May 25 09:15:07 +0000 2025","0","@ayumi_cells lucunya lagi (ini aku baru tau setelah ador mention tim bunnies yg kerjasama sama indomie soal eent newjeans) ternyata di tahun sebelumnya indomie udah hubungin beberapa fanbase newjeans lain dan adain meeting sama mereka. like.. brands lebih percaya sama fans drpd agensi","1926567696998490567","","onevzaa","in","","0","0","0","https://x.com/undefined/status/1926567696998490567","1493843002153787394",
"1925561100139209175","Fri May 23 22:48:51 +0000 2025","0","@kodeliciouss RILLLL.. Indomie yg ramyeon tori miso sama rose itu enak2 bgtttttttt woiiii","1926047703663845862","","donatpahaayam","in","","0","0","0","https://x.com/undefined/status/1926047703663845862","1346022073815113728",
"1925815092030898430","Fri May 23 07:25:31 +0000 2025","0","Tp varian indomie yg baru2 keluar emg kurang semua si dibandingin sm yg dulu. Kek ramen series ramyeon series trs ada soto koya semuanya kuranggg","1925815341361324529","","deep_darkred","in","","0","0","0","https://x.com/undefined/status/1925815341361324529","1745855853121732610",
"1925561100139209175","Fri May 23 07:17:58 +0000 2025","1","@sweetcurze @kodeliciouss Varian spesial indomie emang gila banget natriumnya yang spicy ramyeon kelar makan mulut keset banget berasa nyeruput kuah garem","1925813439936495844","","sweetcurze","in","","0","0","0","https://x.com/undefined/status/1925813439936495844","383042998",
"1925576421931614528","Thu May 22 15:36:09 +0000 2025","0","sama kagetnya kayak pas liat Indomie Newjeans","1925576421931614528","","","in","","0","0","0","https://x.com/undefined/status/1925576421931614528","102003336",
"1925353862879486166","Thu May 22 05:30:49 +0000 2025","0","@ramiiwuvu wkwk bener juga tpi indomie korean spicy ramyeon 6k'an","1925424086928576816","","ramibaemonina","in","","0","1","0","https://x.com/undefined/status/1925424086928576816","1537658702312112128",
"1925179738517299373","Wed May 21 14:35:17 +0000 2025","0","@wsooin @sooink hawo akhirnya satu rumah sama kakakku yang keren ini. beneran akhirnya kewujud buat satu rumah (selain satu dorm) kita mau kenalan lagi sampe mana kakak? :c kalo untuk makanan aku mau pilih indomie ramyeon soalnya i love it cita rasa bumbunya yummy bikin nagih apalagi kalo","1925198716975403375","","meovwsooin","in","","0","2","0","https://x.com/undefined/status/1925198716975403375","892441182994710528",
"1922211130161721735","Wed May 21 13:21:53 +0000 2025","0","@YOKARllNA Soalnya kamu umpetin indomie rendangku.. kamu sih malesin maunya makan ramyeon asli dari korea.. aku tuh bosen tau ngerti gak sih?! ","1925180245050814961","","YOKARllNA","in","","0","1","0","https://x.com/undefined/status/1925180245050814961","2198246146",
"1925117835992535146","Wed May 21 09:13:53 +0000 2025","0","kenapa ya indomie spicy ramyeon enak bgt? apalagi ditambahin sosis kanzler yg hot ","1925117835992535146","","","in","","0","0","0","https://x.com/undefined/status/1925117835992535146","1472862958740852739",
"1925107401331823094","Wed May 21 08:32:25 +0000 2025","0","Dapet bumbu tori kara nya 2 nih. Di sudut lain ada gak yg dalam bungkus mie gak ada bumbunya @Indomielovers #OhMyGoodItsIndomie #KoreanRamyeonSeries https://t.co/mSyvOLzK1s","1925107401331823094","https://pbs.twimg.com/media/Grda-J6bYAA36Fc.jpg","","in","","0","0","0","https://x.com/undefined/status/1925107401331823094","157269143",
"1924784166463570000","Tue May 20 11:08:00 +0000 2025","0","Wkwk ada indomie XIUMIN S RAMYEON STORE OPENING #XIUMIN_STORE #XIUMIN #시우민 #슈밍의라면가게 https://t.co/nO7bMhOHy8","1924784166463570000","https://pbs.twimg.com/media/GrY0_XnbAAIsH0A.jpg","","in","","0","0","0","https://x.com/undefined/status/1924784166463570000","1159745875",
"1924467592246505875","Mon May 19 14:10:03 +0000 2025","0","Beli Indomie @indomie 5 bungkus Di Indomaret @indomaret Rasa Indomie Goreng Kari Ayam dan Ramen Series Free 3 Postcards New Jeans @newjeans_official &amp; 1 Frame Album Buruan Gengs Sebelum Kehabisan promo berlaku sampai 28 Mei 2025 #NewJeans #indomie #indomaret https://t.co/qfq2LgEhSV","1924467592246505875","https://pbs.twimg.com/media/GrUVEjKaYAApVpj.jpg","","in","","0","1","0","https://x.com/undefined/status/1924467592246505875","17701682",
"1922581138205200617","Sun May 18 14:40:58 +0000 2025","0","@Rindaput bener kak hihi soalnya kapan lagi kaaaannn beli indomie bisa dapet postcard newjeans yang cantik cantik kaya gini","1924112985347465364","","Rindaput","in","","0","0","0","https://x.com/undefined/status/1924112985347465364","1248147314033610752",
"1924005889109053449","Sun May 18 13:47:04 +0000 2025","0","@freysjelfjh Eh iyaa akupun aneka merk paling pas emang indomie goreng.. Tpi coba deh kamu incip yg misedaap korea yg miekuah pedes sama migoreng pedesnya rasanya mirip ramyeon instant yg lebih mahal ituuuenakk sii klo misedaap yg itu mnurut aku yaaaa","1924099422138614233","","freyelfwzn","in","","0","1","0","https://x.com/undefined/status/1924099422138614233","1837917504326586369",
"1924061144588935240","Sun May 18 11:14:58 +0000 2025","0","Open PO Indomie Korean Series Include : 1 Tas PVC Putih + Tali Indomie Korean Series 5 Pcs 3 Varian Rasa Rose Spicy Ramyeon Fiery Chikin IDR. 60.000 Pengiriman dari Jakarta Barat Via Shopee #Indomie #KoreanSeries #WTS #Jakarta #NewJeans https://t.co/t4dRosln83","1924061144588935240","https://pbs.twimg.com/media/GrOjacCXgAAt_s7.jpg","","in","","0","0","0","https://x.com/undefined/status/1924061144588935240","61091603",
"1924044821758669056","Sun May 18 10:10:07 +0000 2025","5","Ada yg mau Indomie harganya 2.800 - 5.000 varian nya sekarang ada cabe ijo Korean series dll bisa co oren yaa aku juga jual postcard baru newjeans isi 7 postcard harga 25k/set detail harga ada dibawah yaa boleh tinggalin jejak dulu exp masih aman semua yaa https://t.co/QGRMjQ3oqn","1924044821758669056","https://pbs.twimg.com/media/GrOUiSiXEAE5H7a.jpg","","in","","0","1","1","https://x.com/undefined/status/1924044821758669056","764191190879129601",
"1924009395907883328","Sun May 18 07:49:21 +0000 2025","1","Akhirnya menjemput adek-adek cantik (lagi) #OhMyGoodItsIndomie https://t.co/plW6aZThm4","1924009395907883328","https://pbs.twimg.com/media/GrN0V1GWcAAhfLp.jpg","","in","","0","0","0","https://x.com/undefined/status/1924009395907883328","156529555",
"1923721461539238149","Sun May 18 02:59:35 +0000 2025","2","@FOOD_FESS terlihat sangat micin alias akan aku masukin list. so far kuah favoritku masih indomie soto lamongan sama spicy ramyeon","1923936476099903720","","FOOD_FESS","in","","0","0","0","https://x.com/undefined/status/1923936476099903720","1095944686236196869",
"1922588481915666541","Sat May 17 12:49:24 +0000 2025","0","@crushnyareece Pecinta indomie dan penggemar newjeans wajib beli dan dapetin ini juga sih","1923722520743850356","","crushnyareece","in","","0","0","0","https://x.com/undefined/status/1923722520743850356","1912375157206970369",
"1922588481915666541","Sat May 17 12:45:49 +0000 2025","0","@crushnyareece collab tersweet sih ini Indomie x NewJeans??? CRYINGG ","1923721619878576262","","crushnyareece","in","","0","0","0","https://x.com/undefined/status/1923721619878576262","1803224162514903040",
"1922588481915666541","Sat May 17 12:44:29 +0000 2025","0","@crushnyareece Sekarang beli indomie bisa dapat postcard nya newjeans hayu belii.. kiyowo..","1923721283935797372","","crushnyareece","in","","0","0","0","https://x.com/undefined/status/1923721283935797372","1610927905802186752",
"1922588481915666541","Sat May 17 12:42:44 +0000 2025","0","@crushnyareece abis gajian langsung lari beli Indomie demi postcard NewJeans ","1923720840681758871","","crushnyareece","in","","0","0","0","https://x.com/undefined/status/1923720840681758871","1867406098791378944",
"1922585560507371855","Sat May 17 12:34:41 +0000 2025","0","@dhelsadell Serius ini indomie ada pc NewJeans?? Berasa dapet angin segar karna dah lama ga berburu pc","1923718818071007678","","dhelsadell","in","","0","0","0","https://x.com/undefined/status/1923718818071007678","957490243",
"1922588481915666541","Sat May 17 12:24:35 +0000 2025","0","@crushnyareece Kren banget nih indomie gass lah beli varian indomie semua biar dpet postcard nya NewJeans","1923716273109869045","","crushnyareece","in","","0","0","0","https://x.com/undefined/status/1923716273109869045","1816009318468313091",
"1922575232767820154","Sat May 17 12:15:34 +0000 2025","0","@nisanindita_ Gue tuh ya awalnya niat beli Indomie doang eh sekarang nyari figure NewJeans juga ","1923714006252126611","","nisanindita_","in","","0","0","0","https://x.com/undefined/status/1923714006252126611","1912349495708602368",
"1922575232767820154","Sat May 17 12:14:42 +0000 2025","0","@nisanindita_ NewJeans bener-bener tau cara nyentuh hati fans. Even di bungkus Indomie pun tetep iconic ","1923713786596487662","","nisanindita_","in","","0","0","0","https://x.com/undefined/status/1923713786596487662","1912355530087231489",
"1922588481915666541","Sat May 17 12:08:50 +0000 2025","0","@crushnyareece Beli indomie x newjeans bisa dapet postcard keren banget ini bisa beli di semua tempat kah atau toko bertanda khusus","1923712312755753193","","crushnyareece","in","","0","0","0","https://x.com/undefined/status/1923712312755753193","1667877215957286913",
"1922575232767820154","Sat May 17 11:56:24 +0000 2025","0","@nisanindita_ Siapa yang relate: ngga lapar tapi tetep beli Indomie demi NewJeans ","1923709183733662192","","nisanindita_","in","","0","0","0","https://x.com/undefined/status/1923709183733662192","1912165019178930176",
"1922585560507371855","Sat May 17 11:55:49 +0000 2025","0","@dhelsadell Gak nyangka NewJeans bisa gemes di Indomie juga ","1923709035481903121","","dhelsadell","in","","0","0","0","https://x.com/undefined/status/1923709035481903121","1753620817702006784",
"1922585560507371855","Sat May 17 11:50:19 +0000 2025","0","@dhelsadell Sebagai pecinta indomie dan NewJeans aku mau borong semua pc nya","1923707652410138967","","dhelsadell","in","","0","0","0","https://x.com/undefined/status/1923707652410138967","1751863723663532032",
"1922585560507371855","Sat May 17 11:48:53 +0000 2025","0","@dhelsadell Serius ini beli indomie dapat pc nya NewJeans? Info dong belinya dimana","1923707291414704513","","dhelsadell","in","","0","1","0","https://x.com/undefined/status/1923707291414704513","1760481988509929472",
"1922588481915666541","Sat May 17 11:48:25 +0000 2025","0","@crushnyareece NewJeans emang selalu bikin dompet gak aman ku belain beli indomie banyak ","1923707175161168078","","crushnyareece","in","","0","0","0","https://x.com/undefined/status/1923707175161168078","1563863073328287746",
"1922575232767820154","Sat May 17 11:47:54 +0000 2025","0","@nisanindita_ Indomie + NewJeans = kolaborasi paling niat yang pernah ada GUA MAU BELI","1923707041950072885","","nisanindita_","in","","0","0","0","https://x.com/undefined/status/1923707041950072885","892924957877043200",
"1922585560507371855","Sat May 17 11:47:14 +0000 2025","0","@dhelsadell Baru tau kalo ternyata Indomie collab sama NewJeans beli dimana ini mbak?","1923706876409282628","","dhelsadell","in","","0","0","0","https://x.com/undefined/status/1923706876409282628","1864952093683126274",
"1922588481915666541","Sat May 17 11:46:20 +0000 2025","0","@crushnyareece Plis bilang ini gak limited edition... soalnya aku panik demi NewJeans aku beli sekarton indomie ️","1923706648117510443","","crushnyareece","in","","0","0","0","https://x.com/undefined/status/1923706648117510443","1726107526570328064",
"1922585560507371855","Sat May 17 11:45:52 +0000 2025","0","@dhelsadell Gemes banget NewJeans pc nya makan indomie ","1923706531746546160","","dhelsadell","in","","0","0","0","https://x.com/undefined/status/1923706531746546160","1773329464921071616",
"1922588481915666541","Sat May 17 11:44:35 +0000 2025","0","@crushnyareece Udah beli 2 karton Indomie. Demi NewJeans gaspol! ","1923706208621621346","","crushnyareece","in","","0","0","0","https://x.com/undefined/status/1923706208621621346","1598206154106019842",
"1922574662422106560","Sat May 17 11:44:08 +0000 2025","0","@fryuputrii Indomie + NewJeans? OMG JIWAKU TIDAK TENANG ","1923706095652176207","","fryuputrii","in","","0","0","0","https://x.com/undefined/status/1923706095652176207","1825791635692859393",
"1922588481915666541","Sat May 17 11:42:53 +0000 2025","0","@crushnyareece NewJeans + Indomie = COMBO TERBAIK ","1923705778881560655","","crushnyareece","in","","0","0","0","https://x.com/undefined/status/1923705778881560655","1599417684537450496",
"1922585560507371855","Sat May 17 11:37:09 +0000 2025","0","@dhelsadell Mau postcard NewJeans nya ka. Minta link nya dong gue mau co Indomie nya","1923704339639697574","","dhelsadell","in","","0","0","0","https://x.com/undefined/status/1923704339639697574","1905808470424817664",
"1922571977455198477","Sat May 17 09:56:12 +0000 2025","1","@luckyloeyli NewJeans bener-bener bikin Indomie naik level ","1923678934241337647","","luckyloeyli","in","","0","0","0","https://x.com/undefined/status/1923678934241337647","1820844552758190080",
"1922571977455198477","Sat May 17 09:49:50 +0000 2025","0","@luckyloeyli NewJeans makan Indomie aja cakep banget ","1923677329454399670","","luckyloeyli","in","","0","0","0","https://x.com/undefined/status/1923677329454399670","1876983419630129152",
"1922571977455198477","Sat May 17 09:44:26 +0000 2025","0","@luckyloeyli Waduh makin ngiler beli Indomie demi postcard NewJeans ","1923675971628232877","","luckyloeyli","in","","0","0","0","https://x.com/undefined/status/1923675971628232877","1626111026503770112",
"1922581138205200617","Sat May 17 09:27:33 +0000 2025","0","@cerealcakes Newjeans bikin aku makin rajin makan Indomie nih ","1923671724845039667","","cerealcakes","in","","0","1","0","https://x.com/undefined/status/1923671724845039667","1828809751502983168",
"1922581138205200617","Sat May 17 09:27:15 +0000 2025","0","@cerealcakes Di Superindo Deket rumah tinggal dikit Indomie nya langsung kuborong biar dapet NewJeans","1923671647225249842","","cerealcakes","in","","0","0","0","https://x.com/undefined/status/1923671647225249842","1569651732921356290",
"1922581138205200617","Sat May 17 09:26:45 +0000 2025","0","@cerealcakes Aku juga baru beli gara gara ada postcardnya NewJeans jadi beli Indomie banyak deh hehe","1923671523325509820","","cerealcakes","in","","0","0","0","https://x.com/undefined/status/1923671523325509820","1857547664",
"1922581138205200617","Sat May 17 09:26:19 +0000 2025","0","@cerealcakes Makin lahap deh makan Indomie nya gara gara diliatin sama NewJeans","1923671411018826224","","cerealcakes","in","","0","1","0","https://x.com/undefined/status/1923671411018826224","2254394252",
"1922581138205200617","Sat May 17 09:25:59 +0000 2025","0","@cerealcakes Kapan lagi kan makan Indomie ditemenin sama NewJeans gini ","1923671327355138104","","cerealcakes","in","","0","0","0","https://x.com/undefined/status/1923671327355138104","2428270723",
"1922581138205200617","Sat May 17 09:25:37 +0000 2025","0","@cerealcakes Lumayan nih beli Indomie banyak buat stok di kos eh malah dapet postcardnya NewJeans","1923671237303337231","","cerealcakes","in","","0","0","0","https://x.com/undefined/status/1923671237303337231","3018658546",
"1922581138205200617","Sat May 17 09:25:08 +0000 2025","0","@cerealcakes Disini cantik bgt NewJeans nya jadi beli Indomie banyak deh aku","1923671112866726250","","cerealcakes","in","","0","0","0","https://x.com/undefined/status/1923671112866726250","1818309845231300608",
"1922581138205200617","Sat May 17 09:24:45 +0000 2025","0","@cerealcakes Ada aja gebrakan Indomie bikin gw pengen bawa pulang postcardnya NewJeans","1923671016590671894","","cerealcakes","in","","0","0","0","https://x.com/undefined/status/1923671016590671894","1892839699",
"1922571977455198477","Sat May 17 09:22:25 +0000 2025","0","@luckyloeyli newjeans + indomie tuh combo paling nggak bisa ditolak ","1923670432894550488","","luckyloeyli","in","","0","0","0","https://x.com/undefined/status/1923670432894550488","1816816589104381953",
"1922581138205200617","Sat May 17 09:22:00 +0000 2025","0","@cerealcakes Pas tau dapet postcard NewJeans aku langsung checkout Indomie banyak banyak","1923670324710867203","","cerealcakes","in","","0","1","0","https://x.com/undefined/status/1923670324710867203","2234792678",
"1922581138205200617","Sat May 17 09:20:49 +0000 2025","0","@cerealcakes Rak Indomie Superindo gw kosongin biar bisa bawa pulang NewJeans ","1923670030434304324","","cerealcakes","in","","0","0","0","https://x.com/undefined/status/1923670030434304324","1590599798",
"1922581138205200617","Sat May 17 09:20:25 +0000 2025","0","@cerealcakes Indomie makanan favorit sama NewJeans grup favorit udah klop sih ini ️","1923669928642740421","","cerealcakes","in","","0","0","0","https://x.com/undefined/status/1923669928642740421","2290570478",
"1922574662422106560","Sat May 17 09:20:21 +0000 2025","0","@fryuputrii nggak nyangka Indomie bisa collab sama NewJeans keren banget ih","1923669911144128906","","fryuputrii","in","","0","0","0","https://x.com/undefined/status/1923669911144128906","1816056879174541313",
"1922581138205200617","Sat May 17 09:19:52 +0000 2025","0","@cerealcakes Senengnya beli Indomie bisa dapet koleksi postcardnya NewJeans ","1923669789312156017","","cerealcakes","in","","0","0","0","https://x.com/undefined/status/1923669789312156017","1583380377279688704",
"1922581138205200617","Sat May 17 09:18:03 +0000 2025","0","@cerealcakes Indomie ngerti banget cara bikin fans NewJeans bahagia","1923669331566789116","","cerealcakes","in","","0","0","0","https://x.com/undefined/status/1923669331566789116","1770499880248803328",
"1922571977455198477","Sat May 17 09:16:32 +0000 2025","0","@luckyloeyli gemooyyy nya ya Ampun tolong. mau belii indomie yang banyak biar bisa ngumpulin postcard nya newjeans ️","1923668949952233810","","luckyloeyli","in","","0","0","0","https://x.com/undefined/status/1923668949952233810","1816763615258771457",
"1922570785677349109","Sat May 17 09:08:24 +0000 2025","0","@pramuhtialll Cuma di Superindo sama official Indomie aja ya kak yang bisa dapetin postcard NewJeans?","1923666904251818473","","pramuhtialll","in","","0","0","0","https://x.com/undefined/status/1923666904251818473","1816898615291613184",
"1922570785677349109","Sat May 17 09:06:37 +0000 2025","0","@pramuhtialll Pas bgt lagi hujan Indomie nya dimakan NewJeans nya nemenin makan ","1923666456836976782","","pramuhtialll","in","","0","0","0","https://x.com/undefined/status/1923666456836976782","1850025469464412165",
"1922570785677349109","Sat May 17 09:03:17 +0000 2025","0","@pramuhtialll Emang gemesin banget NewJeans tuh ngga rugi deh beli Indomie banyak banyak","1923665617263178073","","pramuhtialll","in","","0","0","0","https://x.com/undefined/status/1923665617263178073","1807419763263696896",
"1922575379623010466","Sat May 17 09:02:05 +0000 2025","0","@Nurafilah__ Indomie makanan fav gue tambah ada newjeans makin gue beli terus","1923665312064602469","","Nurafilah__","in","","0","0","0","https://x.com/undefined/status/1923665312064602469","1904617721779904512",
"1922570785677349109","Sat May 17 09:01:20 +0000 2025","0","@pramuhtialll Siap deh tiap hari makan Indomie demi punya postcardnya NewJeans ","1923665126118523203","","pramuhtialll","in","","0","0","0","https://x.com/undefined/status/1923665126118523203","1816907743477006338",
"1922570785677349109","Sat May 17 08:57:36 +0000 2025","0","@pramuhtialll akan aku usahain dapetin postcard newjeans via indomie ","1923664185470443570","","pramuhtialll","in","","0","0","0","https://x.com/undefined/status/1923664185470443570","1724678917955674112",
"1922570785677349109","Sat May 17 08:57:09 +0000 2025","0","@pramuhtialll Seriusan ini beli Indomie dapet postcard newjeans?? Mauu jugaa spill dong beli nya dimanaa","1923664072505164183","","pramuhtialll","in","","0","0","0","https://x.com/undefined/status/1923664072505164183","1731215913784139776",
"1922570785677349109","Sat May 17 08:54:51 +0000 2025","0","@pramuhtialll Demi dapet postcard NewJeans hujan² nekat beli indomie ","1923663492856545414","","pramuhtialll","in","","0","0","0","https://x.com/undefined/status/1923663492856545414","1826069328728567808",
"1922571977455198477","Sat May 17 08:40:04 +0000 2025","0","@luckyloeyli NewJeans aku datang mau borong indomie goreng dulu","1923659774081777892","","luckyloeyli","in","","0","0","0","https://x.com/undefined/status/1923659774081777892","1879785619364388864",
"1922790446306119680","Sat May 17 08:35:37 +0000 2025","0","@paracetamoods Postcard nya Newjeans ada di Indomie beneran?? Mauu","1923658654819156230","","paracetamoods","in","","0","0","0","https://x.com/undefined/status/1923658654819156230","1788985612432994309",
"1922571977455198477","Sat May 17 08:31:25 +0000 2025","0","@luckyloeyli Demi NewJeans gw langsung borong Indomie sepuluh bungkus! hahah","1923657595635761249","","luckyloeyli","in","","0","0","0","https://x.com/undefined/status/1923657595635761249","1903443065194651648",
"1922571977455198477","Sat May 17 08:31:09 +0000 2025","0","@luckyloeyli Kesukaan gue indomie dapet poscard newjeans lagi yakali ga borong ","1923657531119018414","","luckyloeyli","in","","0","0","0","https://x.com/undefined/status/1923657531119018414","1904592451492601861",
"1922790446306119680","Sat May 17 08:29:20 +0000 2025","0","@paracetamoods Borong Indomie suka banget sama postcard nya newjeans","1923657070529872243","","paracetamoods","in","","0","0","0","https://x.com/undefined/status/1923657070529872243","1813753046217936896",
"1922575379623010466","Sat May 17 08:27:37 +0000 2025","0","@Nurafilah__ Oke fix abis ini gue nyari Indomie rasa Korea demi NewJeans","1923656641901363681","","Nurafilah__","in","","0","0","0","https://x.com/undefined/status/1923656641901363681","1807065931216293888",
"1921431943813415253","Sat May 17 06:45:07 +0000 2025","0","@IndoPopBase @Indomielovers indomie jadi makin berkelas karena newjeans","1923630843903541728","","IndoPopBase","in","","0","0","0","https://x.com/undefined/status/1923630843903541728","1816727826185486336",
"1921431943813415253","Sat May 17 06:42:31 +0000 2025","0","@IndoPopBase @Indomielovers ini combo paling gila sih newjeans x indomie","1923630192989438306","","IndoPopBase","in","","0","0","0","https://x.com/undefined/status/1923630192989438306","1815742978432094208",
"1921434060322218048","Sat May 17 06:42:10 +0000 2025","0","@koreanindo gila sih ini fix bisa jadi koleksi newjeans x indomie","1923630101373255815","","koreanindo","in","","0","0","0","https://x.com/undefined/status/1923630101373255815","1667446737714450434",
"1921431943813415253","Sat May 17 06:38:56 +0000 2025","0","@IndoPopBase @Indomielovers newjeans bawa rejeki buat indomie sih ini","1923629288676524395","","IndoPopBase","in","","0","0","0","https://x.com/undefined/status/1923629288676524395","1711385748736524288",
"1920799332846182802","Sat May 17 06:19:59 +0000 2025","0","@officialkvibes @Indomielovers big thanks to Indomie udah bikin fans NewJeans bahagia bgt bgt bgttt ","1923624519132119120","","officialkvibes","in","","0","0","0","https://x.com/undefined/status/1923624519132119120","1867406098791378944",
"1921430669617680510","Sat May 17 06:12:32 +0000 2025","0","@coppamagz @Indomielovers newjeans di packaging indomie??? GILA MAU ","1923622643410018702","","coppamagz","in","","0","0","0","https://x.com/undefined/status/1923622643410018702","1905288404985921536",
"1920799332846182802","Sat May 17 06:11:02 +0000 2025","0","@officialkvibes @Indomielovers ngga nyangka beli Indomie bisa dapet postcard NewJeans combo terbaik tahun ini ","1923622267688452266","","officialkvibes","in","","0","0","0","https://x.com/undefined/status/1923622267688452266","1825791635692859393",
"1922164577464119344","Sat May 17 06:08:21 +0000 2025","0","@strootsys ni ngeborong Indomie buat dapet PC newjeans juga ga bkal rugi si","1923621591994466723","","strootsys","in","","0","0","0","https://x.com/undefined/status/1923621591994466723","1841674801708253184",
"1921430669617680510","Sat May 17 06:06:15 +0000 2025","0","@coppamagz @Indomielovers Wajib punya sih ini NewJeans + Indomie?? Gak kuat ","1923621063755485451","","coppamagz","in","","0","0","0","https://x.com/undefined/status/1923621063755485451","1726114691641192448",
"1920799332846182802","Sat May 17 06:02:27 +0000 2025","0","@officialkvibes @Indomielovers Makasih Indomie bikin fans NewJeans bahagia ","1923620105910616197","","officialkvibes","in","","0","0","0","https://x.com/undefined/status/1923620105910616197","1714838182683148288",
"1921431943813415253","Sat May 17 05:06:07 +0000 2025","0","@IndoPopBase @Indomielovers Dapet Indomie + NewJeans? Combo sempurna ","1923605930245226556","","IndoPopBase","in","","0","0","0","https://x.com/undefined/status/1923605930245226556","2754491747",
"1921431943813415253","Sat May 17 05:03:37 +0000 2025","0","@IndoPopBase @Indomielovers Demi postcard NewJeans rela makan Indomie tiap hari ","1923605301967933915","","IndoPopBase","in","","0","0","0","https://x.com/undefined/status/1923605301967933915","1913221187100168192",
"1921431943813415253","Sat May 17 05:03:02 +0000 2025","0","@IndoPopBase @Indomielovers NewJeans x Indomie tuh definisi kolaborasi impian ","1923605155867656287","","IndoPopBase","in","","0","0","0","https://x.com/undefined/status/1923605155867656287","1503022397540401155",
"1921434060322218048","Sat May 17 04:59:13 +0000 2025","0","@koreanindo ini serius kalau beli Indomie dapet postcard nya newjeans y min","1923604193706934546","","koreanindo","in","","0","0","0","https://x.com/undefined/status/1923604193706934546","1700428840261287936",
"1921431943813415253","Sat May 17 04:59:12 +0000 2025","0","@IndoPopBase @Indomielovers gamau ketinggalan moment ini newjeans sama indomie","1923604190200463606","","IndoPopBase","in","","0","0","0","https://x.com/undefined/status/1923604190200463606","1898318671938027520",
"1923603826713690495","Sat May 17 04:57:45 +0000 2025","33","eneg Alpukat 20rb ku #OhMyGoodItsIndomie https://t.co/lbU9rwkpqw","1923603826713690495","https://pbs.twimg.com/media/GrIDemhWYAAOMY8.jpg","","in","","1","3","3","https://x.com/undefined/status/1923603826713690495","1740747500523581440",
"1920799332846182802","Sat May 17 04:51:13 +0000 2025","0","@officialkvibes @Indomielovers baru tahu Indomie collab sama NewJeans! Postcard-nya gemes banget ","1923602180474536354","","officialkvibes","in","","0","0","0","https://x.com/undefined/status/1923602180474536354","1823714299048812544",
"1922317318006153321","Sat May 17 04:50:46 +0000 2025","0","@panncafe Ini lucunya gak ada obat! NewJeans + Indomie = combo paling manis","1923602067375165860","","panncafe","in","","0","0","0","https://x.com/undefined/status/1923602067375165860","1861935263926333440",
"1923464344387383444","Fri May 16 19:43:30 +0000 2025","0","my biggest fear akhirnya terjadi juga. jauh2 bawa indomie yang ga dijual di jerman dari indonesia pas mau makan masa gaada seasoning packet nya TANGGUNG JWB KIRIM 1 DUS KE JERMAN!!!!!!!! @Indomielovers https://t.co/oMqrFN2CaG","1923464344387383444","https://pbs.twimg.com/media/GrGEnOxXwAAczRk.jpg","","in","","0","0","0","https://x.com/undefined/status/1923464344387383444","982290897063653376",
"1923298678535537010","Fri May 16 13:49:49 +0000 2025","0","@hhhmbuh Indomie yang varian ramen atau ramyeon itu 6000 kalo yang basic atau rasa nusantara 3500","1923375336244248859","","hhhmbuh","in","","0","0","0","https://x.com/undefined/status/1923375336244248859","401152915",
"1923295120394183148","Fri May 16 08:36:22 +0000 2025","0","@casranghae BUAT CEPETT ENAK BGT INI INDOMIE SPICY RAMYEON","1923296452886843698","","casranghae","in","","0","1","0","https://x.com/undefined/status/1923296452886843698","1296061732977176579",
"1923160759539839455","Fri May 16 06:28:35 +0000 2025","1","@Jongseongxi 8. indomie goreng aceh dengan indomie ramyeon 16. coklat tapi yang dark chocolate soalnya aku ga terlalu bisa makan yang manis banget ","1923264294675726670","","Jongseongxi","in","","0","0","0","https://x.com/undefined/status/1923264294675726670","1843452836040060930",
"1923214151951757453","Fri May 16 03:09:20 +0000 2025","0","skrg aku sdg mam indomie spicy ramyeon","1923214151951757453","","","in","","0","0","0","https://x.com/undefined/status/1923214151951757453","1763408425369866240",
"1922989837012897945","Fri May 16 00:33:33 +0000 2025","0","@burvbery menamatkan newjeans pepero ️ menamatkan postcard newjeans indomie ️ abis ini apalagi ayo ","1923174950443077691","","burvbery","in","","0","1","0","https://x.com/undefined/status/1923174950443077691","1587461362686775296",
"1922157778174362042","Tue May 13 05:11:40 +0000 2025","0"," wts aab bts photocard jk v ina ୨୧ co ୨୧ include all ୨୧ dm for condition batam ୨୧ karna batam ada biaya cukai jadi kena pajak 18% yaa ୨୧ biaya pajak spay pas paket mau dikirim wts wtb photocard pc bts newjeans nj indomie postcard https://t.co/QoQw0Ma6ni","1922157778174362042","https://pbs.twimg.com/media/GqzgTf5XMAAQfc8.jpg","","in","","1","0","0","https://x.com/undefined/status/1922157778174362042","402465149",
"1921742150099755414","Mon May 12 16:02:32 +0000 2025","0","@tanyarlfes Indomie ramyeon yang biru asli itu pedes bukan yg pedes di idung doang ","1921959182762148346","","tanyarlfes","in","","0","0","0","https://x.com/undefined/status/1921959182762148346","1468776271513411584",
"1921932085620559957","Mon May 12 15:18:50 +0000 2025","0","@suncterry pls mawu sm junet mamam ramyeon indomie","1921948187264254151","","suncterry","in","","0","0","0","https://x.com/undefined/status/1921948187264254151","1627376403619680256",
"1921742150099755414","Mon May 12 10:52:18 +0000 2025","0","@tanyarlfes mie gaga 100 (kuah jalapeno) indomie (spicy ramyeon)","1921881111338115093","","tanyarlfes","in","","0","0","0","https://x.com/undefined/status/1921881111338115093","1163942189778362368",
"1921865706913587600","Mon May 12 09:53:52 +0000 2025","1","@boospresso indomie x popmie yg spicy ramyeon enaaaak","1921866408415085051","","boospresso","in","","0","1","0","https://x.com/undefined/status/1921866408415085051","1161860530694307841",
"1921844536893927907","Mon May 12 08:26:58 +0000 2025","0","Masa skrg beli indomie dapet pc NewJeans? ","1921844536893927907","","","in","","0","0","0","https://x.com/undefined/status/1921844536893927907","1460586262956425220",
"1921268912798257463","Sun May 11 16:13:37 +0000 2025","1","@orangitemm Indomie korean yg collab sama newjeans mas","1921599585413214513","","orangitemm","in","","0","1","0","https://x.com/undefined/status/1921599585413214513","1376948658868875266",
"1921545988398825944","Sun May 11 12:40:38 +0000 2025","0","GUSY JUJURLY MIE SEDAP&gt;&gt;&gt;&gt;INDOMIE MAAF UTK FANS NEWJEANS MAAF YAK (aku ituh)","1921545988398825944","","","in","","0","0","0","https://x.com/undefined/status/1921545988398825944","1464127566638460930",
"1921545856177651988","Sun May 11 12:40:07 +0000 2025","0","wtf no one told me kalo mie sedap lebih gak micin dr indomie kayak WOYYY BISA BISANYA W SEUMUR IDUP MAKAN INDOMIE ok mksi. No offense y mff utk pecinta newjeans(aku)","1921545856177651988","","","in","","0","3","0","https://x.com/undefined/status/1921545856177651988","1464127566638460930",
"1921540815303721337","Sun May 11 12:20:05 +0000 2025","1","Semua ramyeon ny dia jadi otot..... Indomie ku jd lemak.....","1921540815303721337","","","in","","0","0","0","https://x.com/undefined/status/1921540815303721337","1622217297225199617",
"1921533656977314242","Sun May 11 12:00:43 +0000 2025","0","@pharitakecil 8. indomie ayam geprek &amp; spicy ramyeon","1921535941409144862","","pharitakecil","in","","0","0","0","https://x.com/undefined/status/1921535941409144862","1537658702312112128",
"1921442309377253643","Sun May 11 05:48:39 +0000 2025","1","OPEN JASTIP K-FUN FEST X Indomilk Chitato Indomie (edisi Seventeen &amp; NewJeans) dp 20k/item | fee : 10k/item dom jakbar bisa co via oren pack 5k #zonauang #zonaba https://t.co/ZZdO4A8o9y","1921442309377253643","https://pbs.twimg.com/media/GqpVl9AawAAxQ5G.jpg","","in","","1","1","0","https://x.com/undefined/status/1921442309377253643","1771852789280575488",
"1921434060322218048","Sun May 11 05:15:53 +0000 2025","77","Ayo siapa yang kemarin ketinggalan? Jangan sampai ketinggalan lagi yaa~ Beli Indomie min. 35K (varian apa aja) di Super Indo/ Official Store &amp; dapetin Mini Postcard Set terbaru Indomie! Jgn lupa mainkan AR Filter seru yang ada di packagingnya! #Indomie #OhMyGooditsIndomie https://t.co/4WBXy7atfN","1921434060322218048","https://pbs.twimg.com/media/GqpOGEMacAAJwmB.jpg","","in","","0","168","62","https://x.com/undefined/status/1921434060322218048","31092279",
"1921429421254160798","Sun May 11 04:57:27 +0000 2025","0","OPEN JASTIP K-FUN FEST X Indomilk Chitato Indomie (edisi Seventeen &amp; NewJeans) dp 20k/item | fee : 10k/item dom jakbar bisa co via oren pack 5k . https://t.co/qqbD64Ncqe","1921429421254160798","https://pbs.twimg.com/media/GqpJ2tAX0AAfybI.jpg","","in","","0","1","0","https://x.com/undefined/status/1921429421254160798","1771852789280575488",
"1921054874847858968","Sat May 10 08:19:24 +0000 2025","0","@briankhrisna Ikut meramaikan #PERSIBDAY dengan seporsi indomie spicy ramyeon enak bgt . Wish me luck menang bukunya ️. Mie ayam fav https://t.co/uTYdyoNNVg","1921117859314389383","https://pbs.twimg.com/media/GqkugNFbcCIYk5D.jpg","briankhrisna","in","","0","0","0","https://x.com/undefined/status/1921117859314389383","1510137626984316929",
"1921113989016125581","Sat May 10 08:04:02 +0000 2025","7","Antara lagi mood makan indomie yg speciall edition ramyeon an sama emg gada duet jembt","1921113989016125581","","","in","","0","0","0","https://x.com/undefined/status/1921113989016125581","1732534241265901568",
"1920684538390261921","Sat May 10 06:22:56 +0000 2025","0","#everyvvonu_jastip secured 3 chitato + ls bag 2 indomilk 2 indomie yg masih mau jastip chitato (kecuali warna rqs) with ls bag indomie newjeans njz indomilk scoups wonwoo vernon cherry kucing bear bisa lgsng dm yah!! https://t.co/pB7K8ABDe6","1921088546149928994","https://pbs.twimg.com/media/GqkTzrpbcAI2KQe.jpg","everyvvonu","in","","1","2","0","https://x.com/undefined/status/1921088546149928994","1326511466027995142",
"1920905952137511421","Fri May 09 18:23:44 +0000 2025","0","@heesunnoona Udah paling bener emang Indomie aja gausa ramyeon ramyeon-an","1920907556509069463","","heesunnoona","in","","0","1","0","https://x.com/undefined/status/1920907556509069463","767240884614270980",
"1920905952137511421","Fri May 09 18:17:22 +0000 2025","0","Cloud egg aku lebih berhasil di Indomie dibandingkan di Shin ramyeon. https://t.co/FBZcp1BsOL","1920905952137511421","https://pbs.twimg.com/media/GqhtxUFWkAAjxH5.jpg","","in","","0","2","0","https://x.com/undefined/status/1920905952137511421","767240884614270980",
"1920800546631348388","Fri May 09 11:18:31 +0000 2025","0","up. jastip k-fun kvibes chitato cp indomie dan indomilk package fee jastip 10k (indomilk indomie) fee jastip 15k (chitato) bisa cod langsung sekitar jakbar bisa via oren atau gosend/grbxpress t. chitato rqs indomilk pvc bag vernon scoups wonwoo newjeans indomie","1920800546631348388","","","in","","0","0","1","https://x.com/undefined/status/1920800546631348388","1326511466027995142",
"1920799332846182802","Fri May 09 11:13:42 +0000 2025","1191"," Ada yang baru dari Indomie! Beli varian apa aja min. 35K di Super Indo dan Indomie official store kamu bisa dapet Mini Postcard Set terbaru dari Indomie &amp; NewJeans (5 foto member + 2 grup) Sudah beli jangan lupa buat main AR Filter seru! cuma sampai 31 Mei 2025 https://t.co/IWDgjSrsjS","1920799332846182802","https://pbs.twimg.com/media/GqgMzj_bsAAG9Wn.jpg","","in","","9","172","103","https://x.com/undefined/status/1920799332846182802","430845087",
"1920773206371082505","Fri May 09 09:29:53 +0000 2025","0","Newjeans tetiba indomie pulak dah","1920773206371082505","","","in","","0","0","0","https://x.com/undefined/status/1920773206371082505","511887138",
"1920771751522218173","Fri May 09 09:24:06 +0000 2025","12","Hai Indomielovers mau seru-seruan + dapet hadiah? Jangan lupa datang dan ajak Bestie Crush atau Keluarga Hari Sabtu &amp; Minggu 10 - 11 Mei 2025 ke K-FUN Fest di Tribeca Park Central Park Mall Jakarta yaah! #OhMyGoodItsIndomie https://t.co/JMU2iHQmmR","1920771751522218173","https://pbs.twimg.com/amplify_video_thumb/1920771685168373760/img/ttv1sK-HpYGOFCut.jpg","","in","","0","0","0","https://x.com/undefined/status/1920771751522218173","284428760",
"1920508811195961495","Thu May 08 15:59:16 +0000 2025","0","Indomie spicy ramyeon enak jg","1920508811195961495","","","in","","0","1","0","https://x.com/undefined/status/1920508811195961495","1644611410763337735",
"1920437066380554400","Thu May 08 11:14:11 +0000 2025","11","Indomielovers udah siap belum nyobain Authentic Taste yang Korea banget dan Playful Journey bareng Indomie Korean Ramyeon Series? Yuk datang ke K-FUN FEST Hari Sabtu &amp; Minggu 10 - 11 Mei 2025 di Tribeca Park Central Park Mall Jakarta! #OhMyGoodItsIndomie https://t.co/n92rqZnuHK","1920437066380554400","https://pbs.twimg.com/amplify_video_thumb/1920436992837382145/img/5Y_5T1h5IbfoN_p_.jpg","","in","","0","0","0","https://x.com/undefined/status/1920437066380554400","284428760",
"1920340632834592986","Thu May 08 04:50:59 +0000 2025","2","Hari ini Minji dari NewJeans membuat kejutan manis dengan mengunjungi birthday cafe event yang diselenggarakan oleh para penggemarnya. Dalam momen tersebut gadis kelahiran 7 Mei 2004 itu tidak lupa mempromosikan mempromosikan produk Indomie menunjukkan dukungannya secara https://t.co/j7FK8X519J","1920340632834592986","https://pbs.twimg.com/media/GqZrntWWoAAL-tX.jpg","","in","","0","0","0","https://x.com/undefined/status/1920340632834592986","430845087",
"1920134804349304943","Wed May 07 15:13:06 +0000 2025","10","Oh My Good! Indomie bareng Indomilk &amp; Chitato buat acara yang Korea banget nih! Yuk datang &amp; having FUN bareng di K-FUN FEST with Indomie Tanggal 10 - 11 Mei 2025 di Tribeca Park Central Park Jakarta! Tenang aja acaranya gratis!! #OhMyGoodItsIndomie https://t.co/dTNB9mYKMd","1920134804349304943","https://pbs.twimg.com/amplify_video_thumb/1920134717082664960/img/h466Bdly-HQdxMbI.jpg","","in","","1","0","2","https://x.com/undefined/status/1920134804349304943","284428760",
"1920064254595784856","Wed May 07 10:32:46 +0000 2025","0","Fak ramen ramyeon dan sejenisnya. Indomie paling enak sedunia.","1920064254595784856","","","in","","0","0","0","https://x.com/undefined/status/1920064254595784856","782015418",
"1920023774277079072","Wed May 07 10:32:33 +0000 2025","0","@holly111i @with_koma COY IYA LG ANJIR???? KURANG MECIN AJGGGG buat klen pecinta indomie mau yg mecin bgt indomie varian ayam geprek yg rasanya masih mecin bgt ges ayo cobain (dengan nada brand ambassador seperti newjeans)","1920064200556310705","","leitedeomca","in","","0","1","0","https://x.com/undefined/status/1920064200556310705","1679448843438678016",
"1920049146830213155","Wed May 07 09:32:44 +0000 2025","0","gua beli indomie kuah 100 rebu kirain dapet postcard newjeans ternyata harus beli yg GORENG ","1920049146830213155","","","in","","0","1","0","https://x.com/undefined/status/1920049146830213155","1214594254082723840",
"1920030272508105081","Wed May 07 08:39:51 +0000 2025","1","@newjeans_loop indomie seleraku iyah ga minj?","1920035842166489494","","newjeans_loop","in","","0","0","0","https://x.com/undefined/status/1920035842166489494","888704610",
"1919950249377857554","Wed May 07 05:31:36 +0000 2025","0","@newjeans_loop Ada Indomie coy","1919988464885604539","","newjeans_loop","in","","0","0","0","https://x.com/undefined/status/1919988464885604539","1041939036183461888",
"1919950249377857554","Wed May 07 04:07:19 +0000 2025","0","@newjeans_loop Ada indomie goreng cuy Minjiyaa sehat selalu yaaa","1919967256504655908","","newjeans_loop","in","","0","0","0","https://x.com/undefined/status/1919967256504655908","67866459",
"1919790008711667952","Tue May 06 16:23:00 +0000 2025","0","kimchi emang lebih masuk buat indomie spicy ramyeon daripada shin ramyeon https://t.co/5i6WwmfwHe","1919790008711667952","https://pbs.twimg.com/media/GqR21VAbQAAlzCm.jpg","","in","","0","0","0","https://x.com/undefined/status/1919790008711667952","815172133",
"1919678778013323661","Tue May 06 09:01:01 +0000 2025","0","Indomie x NewJeans dapet mini Postcard set Bisa cek disini https://t.co/swKqfBddXS https://t.co/Klng7R4POj","1919678778013323661","https://pbs.twimg.com/media/GqQRqoZbAAADOEF.jpg","","in","","0","0","0","https://x.com/undefined/status/1919678778013323661","808578305561624576",
"1919506355620348305","Mon May 05 21:35:52 +0000 2025","0","akhirnya memberanikan diri mencoba spicy ramyeon indomie. rasanya 8/10 namun aku tidak menyukainya karena pedas.","1919506355620348305","","","in","","0","1","0","https://x.com/undefined/status/1919506355620348305","2759024542",
"1919384141994369229","Mon May 05 13:33:02 +0000 2025","0","@DeathRails iyaa tadi abis makan indomie newjeans","1919384844653777024","","DeathRails","in","","0","1","0","https://x.com/undefined/status/1919384844653777024","2240729012",
"1919359212347691452","Mon May 05 11:51:10 +0000 2025","0","trying indomie x newjeans yang varian k rose oh god ternyata emang lidah gue gak bisa menyatu dengan yang bau bau carbonara atau rose gitu kecuali rose tokpokinya red dog :) indomie nomor satu masih aceh ","1919359212347691452","","","in","","0","0","0","https://x.com/undefined/status/1919359212347691452","1371310246174486528",
"1919337518345891949","Mon May 05 10:24:58 +0000 2025","13","Yeyyy akhirnya postcard Indomie x MHDHH aku sampai #OhMyGoodItsIndomie https://t.co/d8Xk0tPVxk","1919337518345891949","https://pbs.twimg.com/media/GqLbS95asAAAVH8.jpg","","in","","0","0","0","https://x.com/undefined/status/1919337518345891949","1702000200733335552",
"1919335575649173543","Mon May 05 10:22:44 +0000 2025","0","@skeloveska ada indomie collab newjeans itu","1919336957739425989","","skeloveska","in","","0","0","0","https://x.com/undefined/status/1919336957739425989","1415737573645770755",
"1919253051874955352","Mon May 05 04:49:20 +0000 2025","0","saatnya mencoba indomie spicy ramyeon ntu","1919253051874955352","","","in","","1","0","0","https://x.com/undefined/status/1919253051874955352","1572044911",
"1644022278764777473","Sun May 04 18:02:27 +0000 2025","1","#93 Indomie Korean Series Spicy Ramyeon. A nongshim wannabe yang rasanya tentu belum bisa menyamakan nongshim. Tapi dari harga anggap saja ini versi bpjs nya yang masih bisa dijangkau kalau lagi kepengen nongshim di akhir bulan. 7/10 https://t.co/O7GPKYnbln","1919090258102059309","https://pbs.twimg.com/media/GqH6a2VaoAAMsyQ.jpg","dekinoreborn","in","","0","1","0","https://x.com/undefined/status/1919090258102059309","1111585585955663872",
"1918654572823994384","Sat May 03 13:11:11 +0000 2025","1","wts postcard newjeans | indomie x new jeans bisa co di oren #wts #NewJeans #photocard https://t.co/Axa2w4qn5o","1918654572823994384","https://pbs.twimg.com/media/GqBuJ7baYAAXmve.jpg","","in","","0","0","0","https://x.com/undefined/status/1918654572823994384","1201147921925734401",
"1918629465154032068","Sat May 03 11:31:25 +0000 2025","0","indomie spivy ramyeon pedes banget tapi spicy chicken ga ada pedesnya samsek. spicy ramyeon masi masuk di lidah ak tapi spicy chicken issa no no skrng ak bingung gimana ngabisinnya","1918629465154032068","","","in","","0","0","0","https://x.com/undefined/status/1918629465154032068","1782608614571823104",
"1918623436328640526","Sat May 03 11:07:28 +0000 2025","4","Ya lo bawa² logical fallacy Gw tanya skrng lo masih mempermasalahkan indomie X Newjeans itu kan ? Gw dritadi baca mana ada lo bawa2 ador. Touch some grass","1918623436328640526","","","in","","0","0","0","https://x.com/undefined/status/1918623436328640526","1878067916593303552",
"1918291651874963923","Fri May 02 13:47:24 +0000 2025","0","@minjisuroboyo Ga konsisten apa njir Ya emg jarang mention newjeans cuma nama member Plus yg gw suruh tuntut krn ngadain survey lewat third party Lagian akhirnya sempet ditakedown artinya indomie_kr aware sama pengumuman ador ttg masalah survei2 itu probably udh solved+ kontakan sm ador","1918301299449495920","","minjisuroboyo","in","","0","0","0","https://x.com/undefined/status/1918301299449495920","1853052436925353984",
"1918224782375698688","Fri May 02 13:27:02 +0000 2025","0","@dontbebIu @wndfJIHYE Ko kocak lu melenceng kemana2 KALAU-pun indomie ngerasa DIRUGIIN atas situasi sengketa hukum antara njz sama ador Indomie BISA nuntut ke ador atas tidak kondusif situasi promosi brand indomie dgn newjeans ","1918296174148374713","","dontbebIu","in","","0","0","0","https://x.com/undefined/status/1918296174148374713","1853052436925353984",
"1918224782375698688","Fri May 02 12:52:14 +0000 2025","0","@dontbebIu @wndfJIHYE Terus apa ngaruhnya indomie yg teken sm manajemen lama? Lu kira indomie kaya newjeans?? Ngebatalin kontrak/ga ngehormati ador AS company/agency; krn ganti manajemen didalamnya ","1918287414768136349","","dontbebIu","in","","0","1","0","https://x.com/undefined/status/1918287414768136349","1853052436925353984",
"1918008968276021447","Fri May 02 12:31:31 +0000 2025","5","@722whp @Ayrien_Kim Lihat ig nya indomie wkwk. Udh jelas² Indomie | NewJeans https://t.co/cE7W6RB4aD","1918282202737185056","https://pbs.twimg.com/media/Gp8bXeEboAAGTdF.jpg","722whp","in","","0","0","0","https://x.com/undefined/status/1918282202737185056","3038820883",
"1918224782375698688","Fri May 02 12:16:06 +0000 2025","0","@dontbebIu @wndfJIHYE Ador scr hukum pny copyright atas brand newjeans Tp setelah ador ngumumin kalo tindakan njz illegal mengganti nama sepihak sblm proses hukum indomie ttp nulis nama member doang 2) yg gw tulis itu tuntut krn pake pihak KETIGA utk survei BUKAN tuntut krn ngadai event blok ️","1918278323979075765","","dontbebIu","in","","0","1","0","https://x.com/undefined/status/1918278323979075765","1853052436925353984",
"1918270138912260198","Fri May 02 11:43:35 +0000 2025","0","Indomie yang spicy ramyeon enak banget pls https://t.co/5HmDmp7maK","1918270138912260198","https://pbs.twimg.com/media/Gp8QhOnbwAAlRHc.jpg","","in","","0","0","0","https://x.com/undefined/status/1918270138912260198","981573225699164162",
"1918160996226744752","Fri May 02 04:29:53 +0000 2025","0","3. Shin ramyeon 2. Mie yamin 1. Indomie goreng jumbo keriting","1918160996226744752","","","in","","0","0","0","https://x.com/undefined/status/1918160996226744752","1243250647991848961",
"1918158166715756681","Fri May 02 04:18:39 +0000 2025","0","pake tas mission no.9? entar aku bawa tas pvc indomie newjeans","1918158166715756681","","","in","","0","0","0","https://x.com/undefined/status/1918158166715756681","819579811391631360",
"1903785422435549577","Fri May 02 02:55:27 +0000 2025","1","@nanabuntoori @Indomielovers emang ga makan indomie yang korean ramyeon series wkwkwk enek liat muka2 orang ga tau diri WKWKW","1918137229400281281","","nanabuntoori","in","","0","1","0","https://x.com/undefined/status/1918137229400281281","565162274",
"1918010546697412804","Thu May 01 18:32:03 +0000 2025","0","postcard newjeans yg indomie sedus bjir banyak banget niiii mo gua buka in sayang","1918010546697412804","","","in","","0","1","0","https://x.com/undefined/status/1918010546697412804","929912261505794048",
"1917992351655719379","Thu May 01 17:25:12 +0000 2025","0","@woongandpie semenjak kena trauma maag dari indomie aku dah ga gitu doyan indomie lagi sih (ramyeon kadang masih tapi karena mahal suka mikir juga kalo mau beli wkwkwkwk)","1917993722530398487","","woongandpie","in","","0","1","0","https://x.com/undefined/status/1917993722530398487","3242115217",
"1917964165593137519","Thu May 01 15:27:45 +0000 2025","0","indomie goreng indomie ramyeon indomie ayam bawang","1917964165593137519","","","in","","0","0","0","https://x.com/undefined/status/1917964165593137519","1659879983739985923",
"1917941830970445956","Thu May 01 14:38:19 +0000 2025","0","Bahkan u know.. Indomie... Dari akhir tahun lalu mereka hubungin beberapa fanbase NewJeans. Bahkan ajakin zoom meeting. Terus yg baru kemarin sama tim bunnies dan meskipun ada kendala dari ADOR dan bbrp komentar negatif dari haters acaranya tetap berjalan dengan lancar","1917951724251480434","","onevzaa","in","","0","1","0","https://x.com/undefined/status/1917951724251480434","1493843002153787394",
"1917929691744501874","Thu May 01 13:10:46 +0000 2025","587"," Kasian CK putusin kontraknya sama NJ gara gara rebranding jadi NJZ *Gak lama langsung kolab official dan gak pake nama NewJeans tapi pake nama member Pop up Indomie batal dan ador bisa nuntut Indomie kalo maksa buat acaranya Acara tetep jadi dan iklan di mana mana ","1917929691744501874","","","in","","4","4","98","https://x.com/undefined/status/1917929691744501874","1886977692387696640",
"1917913258356605170","Thu May 01 12:18:16 +0000 2025","7","@maewishie tapi karna emg pop up indomie newjeans ini ada disleuruh dunia dan legal tetep di buka meskipun udah dibikin medplay sama diserang buzzer kuning segala macem maju terus indofood nih tweet ador dan team bunnies https://t.co/L6WN4pnZzM https://t.co/SxjQRy96TP","1917916477946306887","","gcrlhyein","in","","0","0","0","https://x.com/undefined/status/1917916477946306887","2795641115",
"1917908359690559863","Thu May 01 12:00:35 +0000 2025","0","@munvess 1 indomie soto medan 2 indomie ayam bawang 3 shin ramyeon","1917912029303898432","","munvess","in","","0","0","0","https://x.com/undefined/status/1917912029303898432","1554808207637303297",
"1917886509568704981","Thu May 01 10:19:11 +0000 2025","0","#nwask cinta ada yang tau ga newjeans x indomie postcard yg ver 2 ini dimana dapetnya https://t.co/FbrSiQNBOg","1917886509568704981","https://pbs.twimg.com/media/Gp2zndsbIAAAnum.jpg","","in","","0","0","0","https://x.com/undefined/status/1917886509568704981","1876212558375665664",
"1917879208107454873","Thu May 01 09:50:10 +0000 2025","0","indomie keluarin postcard newjeans baru lagi ada di shopee atau tiktok shop https://t.co/X99cIceWoa https://t.co/iuY2HCoggv","1917879208107454873","https://pbs.twimg.com/media/Gp2s-GCbUAAJklL.jpg","","in","","0","0","0","https://x.com/undefined/status/1917879208107454873","1371132820937080832",
"1917861404193026170","Thu May 01 08:39:25 +0000 2025","0","BURUAN beli indomie bisa langsung dapet Mini Postcard Set Indomie x NewJeans NJZ https://t.co/0i9xoZHqe0 https://t.co/wHdUXtgF3n","1917861404193026170","https://pbs.twimg.com/media/Gp2cxsMawAA29IC.jpg","","in","","0","0","0","https://x.com/undefined/status/1917861404193026170","808578305561624576",
"1917823318599819659","Thu May 01 06:08:05 +0000 2025","6","enak banget bjil fiery chikin dibikin nyemek #OhMyGoodItsIndomie https://t.co/gxfBlMDvnV","1917823318599819659","https://pbs.twimg.com/media/Gp16HOpaYAAC4S0.jpg","","in","","0","0","0","https://x.com/undefined/status/1917823318599819659","1504114060337446916",
"1917796447048851741","Thu May 01 06:07:36 +0000 2025","0","@fenziel ahh gituu jd beli 40 tuh semuany indomie korean ramyeon kh byy?? atau dicampur sm indomie yg biasa?","1917823199150235873","","","in","","0","0","0","https://x.com/undefined/status/1917823199150235873","1243527271341678595",
"1917757128527286416","Thu May 01 01:52:26 +0000 2025","0","@FOODFESS2 mie korean ramyeon (indomie korean series yg biru sama sosis) beuh enak bgt https://t.co/vRu5PR23fP","1917758982107849152","https://pbs.twimg.com/media/Gp0_oHlaYAACyG1.jpg","FOODFESS2","in","","0","0","0","https://x.com/undefined/status/1917758982107849152","242691538",
"1917616887019794786","Wed Apr 30 16:27:48 +0000 2025","0","guys ada yang nyari postcard newjeans indomie atau pc itzy skz ultramilk gak?? gue punya banyak banget yang mau adopsi boleh bangett","1917616887019794786","","","in","","0","2","0","https://x.com/undefined/status/1917616887019794786","1534026641889845248",
"1917245262105657779","Tue Apr 29 15:51:05 +0000 2025","0","1. indomie mie goreng 2. shin ramyeon 3. samyang","1917245262105657779","","","in","","0","0","0","https://x.com/undefined/status/1917245262105657779","1583038069523247104",
"1916114079678185709","Tue Apr 29 07:28:26 +0000 2025","0","@Listalivia @Snper22 tanya karena ga ngikutin jadi indomie collab ma newjeans tu ga lewat ador???","1917118764912677297","","Listalivia","in","","0","1","0","https://x.com/undefined/status/1917118764912677297","418276741",
"1917063234554892410","Tue Apr 29 04:12:02 +0000 2025","0","@ednmza rawon juga enak! indomie newjeans yang ramen itu? paling enak yang mana din?","1917069340643659987","","ednmza","in","","0","1","0","https://x.com/undefined/status/1917069340643659987","1539222155564810240",
"1917063234554892410","Tue Apr 29 04:10:10 +0000 2025","0","@dhirggi UDAH PERNAH. Itu enak bangeet yang rawon juga enaaak tapi aku lagi suka Indomie NEWJEANS WKWKWKWK.","1917068870604685705","","dhirggi","in","","0","1","0","https://x.com/undefined/status/1917068870604685705","1579801287654137857",
"1916770119985901877","Mon Apr 28 08:23:03 +0000 2025","0","Ternyata Indomie kprean spicy ramyeon enaaaaaaak bgt hehe","1916770119985901877","","","in","","0","0","0","https://x.com/undefined/status/1916770119985901877","1603059799",
"1916057067338551496","Mon Apr 28 04:53:30 +0000 2025","1","@Danielkyugf @etaernalmin @daratatawarning @a1071364 @Indomielovers Kayaknya brand Indomie udah terlalu besar sih untuk sekedar hancur keseret NewJeans. Kecuali ADOR atau pengadilan Korea mau menegur Indomie karena lancang melangkahi keputusan hukum pengadilan Republik Korean.","1916717388583895323","","weirdpastelrest","in","","0","1","0","https://x.com/undefined/status/1916717388583895323","1466864464758657025",
"1851857429736362388","Sun Apr 27 20:46:42 +0000 2025","0","@Indomielovers Lagi rame nih di korea katanya Indomie batalin iklan bareng NewJeans ini hahaha.","1916594879809065437","","Indomielovers","in","","0","0","0","https://x.com/undefined/status/1916594879809065437","538184084",
"1916115301969858713","Sun Apr 27 14:15:32 +0000 2025","0","@Melody_doremi3 nah form itu untuk data demografi konsumen yg ada di korea. karena ini pop up store indomie x newjeans pertama di korea jadi indomie butuh data perkiraan berapa banyak stok yg harus dijual disana. nah nanti yg po bisa beli lewat email yg dicantumkan di form setelah dapat notif","1916496437115789524","","onevzaa","in","","0","0","0","https://x.com/undefined/status/1916496437115789524","1493843002153787394",
"1916115301969858713","Sun Apr 27 14:11:25 +0000 2025","0","@Melody_doremi3 fyi team bunnies ini akun fanbase newjeans kak yg ada di korea. nah acara indomie ini kan nggak cuma di korea aja tapi diluar korea juga ada. tahun lalu juga indomie vietnam hubungin fanbase newjeans fund dan diajak zoom bareng juga. jadi bukan bunnies duluan hubungin indomie","1916495405090767148","","Melody_doremi3","in","","0","1","0","https://x.com/undefined/status/1916495405090767148","1493843002153787394",
"1916115301969858713","Sun Apr 27 14:07:30 +0000 2025","0","@Listalivia @Melody_doremi3 ngurusin transaksi bisnis newjeans terus2an whenn? source please. yg indomie itu jg nggak cuma team bunnies tapi indomie hubungin akun fanbase newjeans lain diajak zoom bareng juga","1916494418745721322","","Listalivia","in","","0","0","0","https://x.com/undefined/status/1916494418745721322","1493843002153787394",
"1916078825940668890","Sun Apr 27 10:38:46 +0000 2025","0","@ChinguStars @Listalivia @Snper22 @Listalivia @Snper22 Ya bener. Pop-up store NewJeans x Indomie resmi di Seoul (1-13 Mei 2025) tapi ada akun fan tidak resmi seperti Team Bunnies yang coba kumpulin data pribadi lewat survei tanpa izin ADOR. Indomie hapus iklan karena aturan hukum yang batasi aktivitas","1916441887277453687","","ChinguStars","in","","0","0","0","https://x.com/undefined/status/1916441887277453687","1720665183188922368",
"1916078825940668890","Sun Apr 27 08:30:46 +0000 2025","1","@screwp0cket @Listalivia @emgmales @Snper22 Yaelah kalo mau bicara masalah hukum sekalian aja noh brand CK yg gaet mereka tanpa embel2 NewJeans itu kan pake pake nama PERSONAL MEMBER sekalian tuntut brand CK nya wkwkwkwk klo Indomie x NJ apakah mau dilaporkan juga?? Kan mereka pake embel2 NJ ","1916409673760096464","","screwp0cket","in","","0","1","0","https://x.com/undefined/status/1916409673760096464","1637333654111387648",
"1916078825940668890","Sun Apr 27 08:13:47 +0000 2025","6","@Snper22 Lalu berita penjualan ramen limited edition NewJeans sudah dihapus Indomie dan Indofood.","1916405403073626522","","Listalivia","in","","0","0","0","https://x.com/undefined/status/1916405403073626522","1466864464758657025",
"1916379798881870218","Sun Apr 27 06:32:03 +0000 2025","0","nggak salah kontak kok mereka juga hubungin newjeans fund vietnam + bbrp akun fanbase newjeans dan diajak zoom bareng buat diskusi terkait promosi indomie ini","1916379798881870218","","","in","","0","2","0","https://x.com/undefined/status/1916379798881870218","1493843002153787394",
"1916078825940668890","Sun Apr 27 05:02:39 +0000 2025","0","@emgmales @Snper22 Mereka kan mesti balik modal abis ngabisin duit buat Newjeans. Nah ini upaya mereka ngabisin stok. Indomie sendiri nggak majang ramen NJ di etalase di toko-toko berbagai kota besar di Indonesia malah diem-diem suruh toko Popmie di Korsel beli dan mau diimporin aja ke sana.","1916357299687592005","","emgmales","in","","1","1","0","https://x.com/undefined/status/1916357299687592005","1466864464758657025",
"1916320669740240957","Sun Apr 27 02:37:05 +0000 2025","0","Wkwk asli lu bisa banget NUNTUT indomie tau dor 1) almost never using newjeans 2) ngadain event tp ngontak pihak ketiga buat so called survei buat estimasi ketersediaan produk","1916320669740240957","","","in","","0","0","0","https://x.com/undefined/status/1916320669740240957","1853052436925353984",
"1916276755742232855","Sat Apr 26 23:42:35 +0000 2025","18","anying haters makin kesini makin ga nyambung beli indomie newjeans nanti data pembeli di pake ador teh apaaa coba","1916276755742232855","","","in","","0","3","0","https://x.com/undefined/status/1916276755742232855","1782072642423697408",
"1916247598819906018","Sat Apr 26 21:46:44 +0000 2025","0","ADOR vs. #TeamBunnies: Kontroversi Survei #Indomie Pop-Up Store Picu Kebingungan di Kalangan Fans #NewJeans Read More: https://t.co/wREjJbRrLI -KGaeul https://t.co/ynfTPGZtzL","1916247598819906018","https://pbs.twimg.com/media/GpfhB2YbwAEdoOD.jpg","","in","","0","0","0","https://x.com/undefined/status/1916247598819906018","1687094580670615552",
"1916125984056873190","Sat Apr 26 18:26:37 +0000 2025","1","@flyhigharies Ngga kak ini tuh cuman pendataan biasa kayak survei kepuasan indomie x newjeans di korea. Di Indonesia ngga kenapa2 kok","1916197237459390553","","flyhigharies","in","","0","0","0","https://x.com/undefined/status/1916197237459390553","1878067916593303552",
"1916107801132470395","Sat Apr 26 17:13:58 +0000 2025","3","@_Crescentmoon7 emg iyh penyalahan kontrak min? @Indomielovers survey cm diminta email sm kuantiti mau beli brp udh byk popup store indomie x newjeans di berbagai negara lwt fanbase research dlu deh ya","1916178957256561035","","_Crescentmoon7","in","","0","1","0","https://x.com/undefined/status/1916178957256561035","741495831396655105",
"1916152487570190576","Sat Apr 26 15:45:19 +0000 2025","0","@haetokkies Emang pernah beli indomie newjeans mba/masnya nanyin data diri? ","1916156644364587143","","haetokkies","in","","0","1","0","https://x.com/undefined/status/1916156644364587143","1863197291823423488",
"1916152487570190576","Sat Apr 26 15:28:48 +0000 2025","157","Serius nanya emang beli indomie x newjeans sama kasirnya ditanyain nama kamu siapa kah","1916152487570190576","","","in","","0","9","9","https://x.com/undefined/status/1916152487570190576","3269921683",
"1916019390061097285","Sat Apr 26 14:16:44 +0000 2025","0","@minjisuroboyo @alldoorsoneroom Ada bukti ngak ? Mereka Indomie melalui ador lah pertanyaan gw team bunnies itu legal ngak ? Ingat keputusan pengadilan semua kegiatan newjeans di bawah ador","1916134353605984338","","minjisuroboyo","in","","0","1","0","https://x.com/undefined/status/1916134353605984338","1372867077346791427",
"1916078825940668890","Sat Apr 26 13:58:46 +0000 2025","11","@songyunikeenayk @Snper22 Hai @Snper22! Iklan Indomie x NewJeans dihapus kemungkinan karena dipromosikan oleh akun fan (Team Bunnies) bukan saluran resmi yang menimbulkan kebingungan. ADOR sudah konfirmasi pop-up store di Seoul (1-13 Mei 2025) itu resmi tapi mereka tidak setuju dengan promosi akun fan.","1916129833647759764","","songyunikeenayk","in","","0","1","0","https://x.com/undefined/status/1916129833647759764","1720665183188922368",
"1916078825940668890","Sat Apr 26 13:17:03 +0000 2025","16","@Rafifjkt @Snper22 Mereka mah terserah. Tapi Indofood aja lagi cuci tangan dari NJ dan ngabisin stok. Itu kan Indomie lagi nyelenggarain promosi Popmie goreng di seluruh toko mereka di dunia tapi ramen NewJeans malah dijual online PO ke Bunnies bukannya dipajang di pagelaran seluruh dunia mereka","1916119333903937603","","Rafifjkt","in","","0","2","0","https://x.com/undefined/status/1916119333903937603","1466864464758657025",
"1916115301969858713","Sat Apr 26 13:09:12 +0000 2025","0","@Melody_doremi3 Betul hati-hati kalau mau beli Kak. Lebih baik tunggu PO dari Indomie. Kan aneh Team Bunnies tiba-tiba bilang butuh data pribadi. Untuk apa coba data pribadi kalian yang cuma mau beli ramen NewJeans? Iyaa sama-sama Kak ","1916117359766725082","","Melody_doremi3","in","","1","1","0","https://x.com/undefined/status/1916117359766725082","1466864464758657025",
"1916078825940668890","Sat Apr 26 12:56:55 +0000 2025","177","@Snper22 Teman-teman dari Indonesia hari-hari sekali ya kalau mau beli ramen NewJeans Indomie. Data pribadi kalian dikumpulin lho oleh Team Bunnies dan ADOR menyatakan mereka tidak terlibat maka kalau data pribadi kalian disalahgunakan Team Bunnies jangan ngamuk bg nanti sama ADOR. https://t.co/zrVRRoiPIO","1916114265368629351","https://pbs.twimg.com/media/GpdnwwxakAAMqAT.jpg","Snper22","in","","101","26","10","https://x.com/undefined/status/1916114265368629351","1466864464758657025",
"1916057067338551496","Sat Apr 26 12:36:19 +0000 2025","13","@daratatawarning @a1071364 @Indomielovers Jadi [5] Indomie gak salah. Mereka lagi berusaha nyelametin duit mereka dengan segala cara memastikan ramen NewJeans terjual dan duit kembali dari hasil PO. Yang salah Team Bunnies. Pengadilan dan putusan hakim melarang NJ/pihak ketiga melakukan aktivitas bisnis di luar ADOR.","1916109082567839813","","daratatawarning","in","","0","1","0","https://x.com/undefined/status/1916109082567839813","1466864464758657025",
"1916057067338551496","Sat Apr 26 12:30:18 +0000 2025","7","@daratatawarning @a1071364 @Indomielovers Kalem Kak. Jadi gini ceritanya: [1] Di seluruh dunia lagi ada pagelaran popup store Indomie Popmie goreng. Nah Indofood sama importir Indomie tuh nanya ke popup store di Korea nawarin mau gak beli stok mienya NewJeans tapi open PO....","1916107567744364588","","daratatawarning","in","","1","0","0","https://x.com/undefined/status/1916107567744364588","1466864464758657025",
"1916030604698677734","Sat Apr 26 12:17:10 +0000 2025","0","@Snper22 Team Bunnies pula yang ngadain survey PO. Berapa nih fans NJ yang mau beli Indomie? Mereka bilang cuma nanya data pribadi pembeli untuk pengiriman mau tahu seberapa banyak jumlah mie yang butuh dipesen setelah tahu lewat survey seberapa banyak fans NJ mau beli ramen NewJeans.","1916104261605462250","","Listalivia","in","","0","0","0","https://x.com/undefined/status/1916104261605462250","1466864464758657025",
"1916030604698677734","Sat Apr 26 12:08:47 +0000 2025","9","@Snper22 Buat yang orang Indonesia: Indomie tampaknya berupaya menghabiskan stock Ramen NewJeans mereka pakai kata-kata sopan dalam melakukan penjualan mendahulukan Bunnies dengan PO duluan secara eksklusif. Bahasa mudahnya https://t.co/qmyKSe5jBb","1916102154840117415","https://pbs.twimg.com/media/GpdcZtjbEAId9c5.jpg","Snper22","in","","0","7","0","https://x.com/undefined/status/1916102154840117415","1466864464758657025",
"1916024576300945587","Sat Apr 26 07:00:31 +0000 2025","0","Indomie x NewJeans: Toko Pop Up Resmi Dikonfirmasi ADOR Peringatkan #Bunnies Soal Penipuan Data Pribadi! #Kpop #ADOR #NewJeans #Indomie Selengkapnya https://t.co/NkdpaTeCpY -K.Gaeul https://t.co/A8CSorqRS7","1916024576300945587","https://pbs.twimg.com/media/GpcWMGqbEAILiqw.jpg","","in","","0","0","0","https://x.com/undefined/status/1916024576300945587","1687094580670615552",
"1916024006253408545","Sat Apr 26 06:58:15 +0000 2025","2","Kontroversi Toko Pop Up Indomie x NewJeans: ADOR Angkat Bicara Soal Brand Ambassador dan Informasi di Luar Akun Resmi #NewJeans https://t.co/mjtBKnAMvH","1916024006253408545","","","in","","0","0","0","https://x.com/undefined/status/1916024006253408545","972179486",
"1916010648133341605","Sat Apr 26 06:05:10 +0000 2025","0","ADOR Peringatkan Akun Fan Tidak Resmi #NewJeans Terkait Survei Data Pribadi Sementara #TeamBunnies Terlibat dalam Promosi #PopUpStore #Indomie di Tengah Konflik dengan #ADOR Selengkapnya https://t.co/NdiiRBairN -K.Gaeul https://t.co/yxYFnvu664","1916010648133341605","https://pbs.twimg.com/media/GpcJhW_bEAEz_NX.jpg","","in","","0","0","0","https://x.com/undefined/status/1916010648133341605","1687094580670615552",
"1916005974772748350","Sat Apr 26 05:46:36 +0000 2025","0","Kontroversi Pop-Up Indomie #NewJeans: Antara Dukungan #ADOR dan Kekhawatiran Pengumpulan Data Pribadi #Fans Selengkapnya https://t.co/3vp3ms1bWR -K.Gaeul https://t.co/9eZ2Bs6i86","1916005974772748350","https://pbs.twimg.com/media/GpcFRZxagAAfabn.jpg","","in","","0","0","0","https://x.com/undefined/status/1916005974772748350","1687094580670615552",
"1915825414427316341","Fri Apr 25 17:49:07 +0000 2025","0","#NewJeans x #Indomie Mi Goreng: Pop-Up Store Eksklusif di Seoul Bunnies Merapat! Selengkapnya https://t.co/7PuakFPd29 -K.Gaeul https://t.co/5DlS6UJNH9","1915825414427316341","https://pbs.twimg.com/media/GpZhDWHbEAEu_DT.jpg","","in","","0","0","0","https://x.com/undefined/status/1915825414427316341","1687094580670615552",
"1915824624082030601","Fri Apr 25 17:45:59 +0000 2025","1","Indomie X NJZ: Kebocoran Pop-Up Store Seoul oleh Akun Fans Picu Pertanyaan #Indomie #NewJeans #ADOR #TeamBunnies #PopUpStore #Seoul Selengkapnya https://t.co/BuNGnLQOro -K.Gaeul https://t.co/pzTPkNMZnX","1915824624082030601","https://pbs.twimg.com/media/GpZgVYqbEAIJY_7.jpg","","in","","0","0","0","https://x.com/undefined/status/1915824624082030601","1687094580670615552",
"1915757894580211999","Fri Apr 25 13:20:49 +0000 2025","0","mam malam pake nasi + ayam tepung spicy ala korea mamasuka + indomie tori miso dicampur spicy ramyeon https://t.co/QAgpCHvY4o","1915757894580211999","https://pbs.twimg.com/media/GpYjplEbEAAsFRu.jpg","","in","","0","0","0","https://x.com/undefined/status/1915757894580211999","1809835001359527936",
"1915726711305420929","Fri Apr 25 11:28:03 +0000 2025","0","@Bamtan97 Naspad didukung Atau kalau indomie yang ramyeon aja pake cabe rawit lagi Mantap ","1915729512710701116","","Bamtan97","in","","0","1","0","https://x.com/undefined/status/1915729512710701116","1553024044370300928",
"1915687718119715014","Fri Apr 25 08:41:58 +0000 2025","38","Di Kereta Api udah bisa masak Indomie Ramyeon Odeng &amp; Bakso 2 biji! Argo Semeru 29k Persediaan terbatas ya paling cuma ada 20gt jadi kalo mau langsung beli pas naik. Masak pake mesin tinggal scan nanti airnya keluar sendiri dan otomatis masak &amp; berhenti sendiri! https://t.co/SqQ7v6POsC","1915687718119715014","https://pbs.twimg.com/media/GpXj0buawAAh4mK.jpg","","in","","0","4","1","https://x.com/undefined/status/1915687718119715014","379008920",
"1915405156558266791","Thu Apr 24 13:59:10 +0000 2025","0","Indomie aceh indomie takoyaki (tp udh gak produksi) indomie spicy ramyeon soup noodle gekikara ramen carbonara","1915405156558266791","","","in","","0","0","0","https://x.com/undefined/status/1915405156558266791","1061922167007264768",
"1915378086788686079","Thu Apr 24 12:11:36 +0000 2025","0","Gamau nonton reality show yg ada makan ramyeon nya aku dah puasa indomie 3 minggu moga ttp kuat","1915378086788686079","","","in","","0","0","0","https://x.com/undefined/status/1915378086788686079","1394148690143502337",
"1915365412373463361","Thu Apr 24 11:21:14 +0000 2025","0","selain samyang carbonara indomie ramyeon yg biru tuh enak banget sumpil kaya rasa shin ramyun tp lebih enak menurut gue ","1915365412373463361","","","in","","0","0","0","https://x.com/undefined/status/1915365412373463361","1755971986076110848",
"1915102350811000994","Wed Apr 23 17:55:55 +0000 2025","0","- shin ramyeon - indomie aceh + indomie rendang - sedaap kari special + sedaap rawit","1915102350811000994","","","in","","0","0","0","https://x.com/undefined/status/1915102350811000994","1318605568093814789",
"1914690421923713184","Tue Apr 22 15:33:38 +0000 2025","0","@Saiberkrimjkt iyakah? lain kali deh aku ambil indomie spicy ramyeōn sama torikara tadi","1914704154125385996","","Saiberkrimjkt","in","","0","0","0","https://x.com/undefined/status/1914704154125385996","1840078670687547399",
"1914643196086489204","Tue Apr 22 11:36:22 +0000 2025","0","@whimsocal mie gaga atauga indomie yang spicy ramyeon. kalaau suka berkuah bisa coba shin ramyun atau gekikara ramen","1914644445665853620","","whimsocal","in","","0","1","0","https://x.com/undefined/status/1914644445665853620","1325759242981158912",
"1914353901035540943","Mon Apr 21 16:21:51 +0000 2025","0","Indomie k-rose enak bgt fawk no.2 setelah spicy ramyeon","1914353901035540943","","","in","","0","0","0","https://x.com/undefined/status/1914353901035540943","1502566519108415488",
"1914288215642747175","Mon Apr 21 13:43:29 +0000 2025","0","cukub ngeongnya jawaban benarnya dia mau mie indomie newjeans dan pepero newjeans di rak makanan instan ya ^^ yang jawabnya ke rak makanan instan betul yang lain salah nyebut mie + pepero: + 50 nyebut salah satu mie/pepero: +25 ngeong: +30 like dan rt tambahin ky sblmnya https://t.co/0OOvx0Q6Zq","1914314045823570418","https://pbs.twimg.com/media/GpECJbEbQAAq3Nf.png","RantauSelasa","in","","10","1","0","https://x.com/undefined/status/1914314045823570418","758188934111301632",
"1914141561929302132","Mon Apr 21 02:18:06 +0000 2025","0","Habis nyoba indomie spicy ramyeon dan menurut aku bukan jadi mie yang akan aku stock setiap belanja bulanan. Rasanya bagi aku kaya pop mie ver bakso tp kental atau mungkin aku bisa salah menginterpretasikan rasanya tp pas mencoba kuahnya itu yg pertama kali muncul di pikiran. https://t.co/y6GRtbbOZt","1914141561929302132","https://pbs.twimg.com/media/GpBlm20aoAAjGTq.jpg","","in","","0","0","0","https://x.com/undefined/status/1914141561929302132","1283092780919648256",
"1913609924661354702","Sat Apr 19 15:05:33 +0000 2025","0","Mau makan tahu baxo yg dikasih muridku dr semarang pake kuah sisa indomie spicy ramyeon tp ku simpen di freezer &amp; struggling bgt buat defrostnya akhirnya nyerah....lalu masukin nugget ","1913609924661354702","","","in","","1","0","0","https://x.com/undefined/status/1913609924661354702","1865710375758684160",
"1913602914314321969","Sat Apr 19 14:37:42 +0000 2025","0","Menurut kalian mendingan Indomie Mie Goreng atau Shin Ramyeon?","1913602914314321969","","","in","","0","1","0","https://x.com/undefined/status/1913602914314321969","420981971",
"1913561754334089660","Sat Apr 19 11:54:09 +0000 2025","0","1. Indomie goreng aceh 2. Indomie soto 3. Indomie ramyun newjeans","1913561754334089660","","","in","","0","0","0","https://x.com/undefined/status/1913561754334089660","2654801917",
"1913449354297589995","Sat Apr 19 04:27:30 +0000 2025","0","Abis nyoba cloud ramyeon nya hee (meskipun pake indomie sih aslinya) ini bener gasi tp dia gabisa yg textured bgt gitu jadinya mulus tp nekuk nekuk https://t.co/trIHaG23wG","1913449354297589995","https://pbs.twimg.com/media/Go3wCQxbAAAjy7O.jpg","","in","","0","0","0","https://x.com/undefined/status/1913449354297589995","945080816",
"1913207841604964688","Fri Apr 18 12:27:49 +0000 2025","0","Jangankan shun ramyeon sekarang kalo makan indomie aja eggnya harus cloud egg https://t.co/G5m78AAWsH","1913207841604964688","https://pbs.twimg.com/ext_tw_video_thumb/1913172734324232192/pu/img/8Ujh_xX2OyYgIubf.jpg","","in","","0","0","0","https://x.com/undefined/status/1913207841604964688","947180942539472896",
"1912159500276007056","Tue Apr 15 15:56:33 +0000 2025","0","@jheonsa OOOH ABIS RAMEN. ramen mah jepun. iyaaah hrs ramyeon meokgo gallae pake indomie kuah telor plus cabe rawit ","1912173205256851508","","jheonsa","in","","0","0","0","https://x.com/undefined/status/1912173205256851508","968666617000308736",
"1907673173027373113","Tue Apr 15 14:44:05 +0000 2025","0","@woewoo MASA RAMYEON. T___T emangnya di sana gak ada ramyeon? Nanti kakak bawain indomie 5 kardus oke? :3 BiSA gak dd permintaannya yang masih bisa diterima akal sehat.. kalau bawa pacar dd nanti kakak dimarahin sama CARAT gimana.. ","1912154967621722444","","woewoo","in","","0","0","0","https://x.com/undefined/status/1912154967621722444","707097319",
"1912111990384021966","Tue Apr 15 11:53:18 +0000 2025","0","Apakah aku ramyeon indomie atau tokushima ramen hidup adalah pilihan","1912111990384021966","","","in","","0","0","0","https://x.com/undefined/status/1912111990384021966","64715722",
"1911704502920438252","Tue Apr 15 05:52:43 +0000 2025","0","@acenaraa Itu indomie spicy ramyeon terus dikasih sayur sesuai selera aja terus gue tambahin saos keju sama mayonnaise dikit biar nggak terlalu pedes Maap banget baru bales ","1912021246604349688","","acenaraa","in","","0","1","0","https://x.com/undefined/status/1912021246604349688","1256670642667020288",
"1911704502920438252","Tue Apr 15 05:51:27 +0000 2025","1","@marabelongsyou Mon maap banget baru dijawab indomie yang spicy ramyeon nihhh","1912020929183727947","","marabelongsyou","in","","0","0","0","https://x.com/undefined/status/1912020929183727947","1256670642667020288",
"1911662010690855078","Tue Apr 15 05:15:18 +0000 2025","3","@tanyakanrl - sedap ayam jerit - indomie ayam pop - Indomie goreng - sedap soto - sedap kari - Samyang spicy - Samyang jjajang - shin ramyeon - pop mie pedas gledek Maaf kl soal mie aku rakus","1912011831838949494","","tanyakanrl","in","","0","0","0","https://x.com/undefined/status/1912011831838949494","1240986050719141889",
"1911662010690855078","Tue Apr 15 04:11:10 +0000 2025","0","@tanyakanrl Gekikara mie sedap korean spicy chicken sama Indomie yg biru itu spicy ramyeon kalo nggak salah. Behhh mantep bgt","1911995688738762866","","tanyakanrl","in","","0","0","0","https://x.com/undefined/status/1911995688738762866","1437004414418448388",
"1911662010690855078","Mon Apr 14 06:18:33 +0000 2025","0","@tanyakanrl Buldak shin ramyeon gaga soto indomie goreng","1911665358580404497","","tanyakanrl","in","","0","0","0","https://x.com/undefined/status/1911665358580404497","1311551105738788864",
"1911391468805038579","Mon Apr 14 04:43:09 +0000 2025","0","@yourmuffin_s @FOODFESS2 Indomie soto tapi ini di campur saos sambal sama kecap. Kalo mau pure merah + pedes dari kuah mie nya coba pake pop mie spicy ramyeon biru. ","1911641353521631425","","yourmuffin_s","in","","0","1","0","https://x.com/undefined/status/1911641353521631425","1613147791643283459",
"1911618141408641185","Mon Apr 14 03:10:55 +0000 2025","0","ternyata indomie yg BAnya newjeans ada kemasan yg cup yaa kupikir cuma ada buat kemasan mie pada umumnya aja (soalnya kebanyakan) https://t.co/sGGB4Mc7VK","1911618141408641185","https://pbs.twimg.com/media/GodukVPWQAE9xpB.jpg","","in","","0","1","0","https://x.com/undefined/status/1911618141408641185","1035536395794710528",
"1911037881499476199","Sun Apr 13 07:43:18 +0000 2025","0","@FOODFESS2 Pertama Laksa Singapur Trus nemu Indomie Ramyeon yg bungkus warna biru Menyusul lagi nemu Indomie Tori Kara Dan sekarang Jagoan aku Indomie Tori Kara di tambahi irisan kol yg di rebus Udahlah manteppp bangettt","1911324298289066143","","FOODFESS2","in","","0","0","0","https://x.com/undefined/status/1911324298289066143","475672653",
"1911037881499476199","Sun Apr 13 07:39:57 +0000 2025","0","@FOODFESS2 SEDAP kari INDOMIE aceh rendang soto spicy ramyeon tori miso SAMYANG cheese carbo ABC sup tomat SHIN RAMYUN tp sekarang uda jarang beli indomie sm abc.. masuk boikot list soalny (tp bukan yg paling urgent untuk diboikot seingetku)","1911323456136003735","","FOODFESS2","in","","0","0","0","https://x.com/undefined/status/1911323456136003735","1858816340527886337",
"1911037881499476199","Sun Apr 13 03:13:38 +0000 2025","0","@FOODFESS2 1. Indomie goreng yang jumbo 2. Indomie kriuk (yang bungkusnya warna oren) 3. Mie sedap laksa 4. Ramyeon antara neoguri atau shin ramyeon. Tapi aku lebih suka neoguri:)","1911256435356581934","","FOODFESS2","in","","0","0","0","https://x.com/undefined/status/1911256435356581934","1589899543784882177",
"1911037881499476199","Sat Apr 12 22:56:46 +0000 2025","0","@FOODFESS2 indomie yg x njz itu yg biru enak bgt mirip shin ramyeon","1911191794257457259","","FOODFESS2","in","","0","0","0","https://x.com/undefined/status/1911191794257457259","1568831577152712704",
"1911037881499476199","Sat Apr 12 17:16:32 +0000 2025","0","@FOODFESS2 dah pernah nyobain hampir seluruh varian indomi ampe merk lain tapi bener2 nemu yg aseli enak nih ya INDOMIE NEWJEANS alias varian terbaru Indomie rasa korea (ada 3 varian 2 goreng 1 kuah HIGHLY RECOMMEND YG WARNA PINK demi apapun enak bgt ) https://t.co/PHJvFKBDGy","1911106170372370789","https://pbs.twimg.com/tweet_video_thumb/GoWc7U6WcAA86ps.jpg","FOODFESS2","in","","0","0","0","https://x.com/undefined/status/1911106170372370789","1821201747710504960",
"1911078844007850163","Sat Apr 12 15:27:57 +0000 2025","0","Sumpah indomie spicy ramyeon pedes banget ternyata hidung gue meleleh ","1911078844007850163","","","in","","0","0","0","https://x.com/undefined/status/1911078844007850163","1440996415635800064",
"1911069709564535209","Sat Apr 12 14:51:39 +0000 2025","0","spicy ramyeon nya indomie enak banget cokk","1911069709564535209","","","in","","0","0","0","https://x.com/undefined/status/1911069709564535209","1659879983739985923",
"1911037881499476199","Sat Apr 12 13:29:22 +0000 2025","0","@FOODFESS2 shin ramyeon indomie soto dower bestwok yg pink","1911049002214441076","","FOODFESS2","in","","0","0","0","https://x.com/undefined/status/1911049002214441076","1605963261223915533",
"1907903259748233249","Thu Apr 03 21:09:18 +0000 2025","0","ada yg mau postcard newjeans indomie ga? aku punya 2 tp mau jual 1 aja 18k udh incl. all co oren yaah","1907903259748233249","","","in","","1","0","0","https://x.com/undefined/status/1907903259748233249","1692858793472983040",
"1907886350763704638","Thu Apr 03 20:44:12 +0000 2025","0","@serojargv Palingan buldak gak sih Tp indomie sm ramyeon rasanya beda bgt gaada yg ngalahin ","1907896943306502288","","serojargv","in","","0","1","0","https://x.com/undefined/status/1907896943306502288","45129340",
"1907707874341695567","Thu Apr 03 08:12:55 +0000 2025","0","ternyata iklan indomie newjeans beneran ada di tv wkwkwkkw","1907707874341695567","","","in","","0","1","0","https://x.com/undefined/status/1907707874341695567","1488275323594555394",
"1907693613947257177","Thu Apr 03 07:16:15 +0000 2025","0","first time nyobain mkan ramyeon ala korean mukbangers wlaupun sbnarnya indomie coto mkssr not familiar sih agak susah aja mkannya tpi seruu https://t.co/sGDTFQ4EmE","1907693613947257177","https://pbs.twimg.com/media/Gnl9OOebAAAy6Ds.jpg","","in","","0","0","0","https://x.com/undefined/status/1907693613947257177","1523956952845365249",
"1907592383203819876","Thu Apr 03 00:34:00 +0000 2025","0","bingunggg mau beli indomie ramyeon series / japanese series","1907592383203819876","","","in","","0","0","0","https://x.com/undefined/status/1907592383203819876","3255115181",
"1899802255039304184","Wed Apr 02 07:11:25 +0000 2025","1","@rinaaaq_ Anyway kalo cek perkembangan terbaru yang kasus MHJ ternyata pihak HYBE yang menang soal kontrak eksklusif member NewJeans (karena ini juga iklan Indomie x NewJeans sampai hari ini jalan terus di hampir semua TV nasional +62)","1907330011448889814","","rinaaaq_","in","","0","1","0","https://x.com/undefined/status/1907330011448889814","1127564263",
"1907034596723536029","Tue Apr 01 12:24:50 +0000 2025","0","@twelvejihoonie ka aku juga awalnya beli minum terus pas liat di display etalase kasir belakang dia naro bingkai kaya yang belakang terus aku tanya dulu ka stok post card indomie newjeans masih ada? pas dia bilang masih baru aku langsung beli jadi aku gamau nyesel beli dulu tapi ga dapet free https://t.co/YkVakbDuJj","1907046496966787213","https://pbs.twimg.com/media/GncwopobQAAo4n9.jpg","twelvejihoonie","in","","0","1","0","https://x.com/undefined/status/1907046496966787213","1621818211519037441",
"1907034596723536029","Tue Apr 01 11:39:55 +0000 2025","0","Kesel min ga terima padahal beli produk indomie x newjeans ga beli yg indomie biasaa tp ga dpt kesel","1907035191471972594","","twelvejihoonie","in","","0","1","0","https://x.com/undefined/status/1907035191471972594","1430754731211714565",
"1907033183092342818","Tue Apr 01 11:33:19 +0000 2025","0","Aku bilang Kak dapet photocard ga soalnya temenku beli dicabang lain dapet Ga kak gada muncul dimonitor Kan kalau beli min 35k dpt itu kak temenku prnah beli Disini ga ada yg dpt ini beli yang indomie putih Lah ini ga? Ini juga kan produk nya bareng newjeans -","1907033530925748603","","twelvejihoonie","in","","1","1","0","https://x.com/undefined/status/1907033530925748603","1430754731211714565",
"1907033183092342818","Tue Apr 01 11:31:56 +0000 2025","0","Wkwkwk kwesell pooolll sensi bgt bangke pegawai indomaret Berawal dari liat promo sosis fiezta dia bilang yg ada dikulkas yg ori yg ga ori aja yg promo tp habis oke aku jawab Lanjut beli mie indomie beli banyak pengen dpt photocard newjeans tapi udh belanja lebih 35k -","1907033183092342818","","","in","","0","1","0","https://x.com/undefined/status/1907033183092342818","1430754731211714565",
"1906941237074202654","Tue Apr 01 05:43:14 +0000 2025","0","@amandcee Tadi aku makan indomie newjeans","1906945430384185599","","amandcee","in","","0","1","0","https://x.com/undefined/status/1906945430384185599","1795077594670616576",
"1906938372083556590","Tue Apr 01 05:15:11 +0000 2025","0","Indomie x newjeans lebih menggoda daripada opor ayam ","1906938372083556590","","","in","","0","0","0","https://x.com/undefined/status/1906938372083556590","2274219301",
"1906927111249731881","Tue Apr 01 04:30:26 +0000 2025","0","lebaran hari ke-2 gue makan indomie spicy ramyeon opor dan ketupatnya dah abis cuy https://t.co/ROr7Qd5Bwy","1906927111249731881","https://pbs.twimg.com/media/GnbEF4kbMAAWr_6.jpg","","in","","1","0","0","https://x.com/undefined/status/1906927111249731881","1605345206832074752",
"1851857429736362388","Tue Apr 01 03:47:29 +0000 2025","2","@hywinnie22 Annyeong chingu setiap pembelian varian Indomie Korean Ramyeon Series dan varian rasa Indomie lain senilai IDR 35k dalam satu struk pembelian. Berhak mendapatkan 1 set POSTCARD Minji Hanni Danielle Haerin Hyein. Berlaku kelipatan selama stok di toko masih ada yaa. ","1906916300166955170","","hywinnie22","in","","0","1","0","https://x.com/undefined/status/1906916300166955170","284428760",
"1906255074935935036","Sun Mar 30 14:49:49 +0000 2025","0","@nakamahargamati kalo di korea ada namanya ajakan tidur bareng sambil makan ramyeon. nah mungkin di Indonesia diadopsi tapi ajakan makan indomie","1906358207251145042","","pikpikripik","in","","0","0","0","https://x.com/undefined/status/1906358207251145042","477679422",
"1906189828560978191","Sun Mar 30 03:40:45 +0000 2025","0","Mau ramyeon yg indomie trs dikasih kimchi. Abis lebaran nanti deh","1906189828560978191","","","in","","0","0","0","https://x.com/undefined/status/1906189828560978191","1455009296",
"1906027034993938526","Sat Mar 29 16:53:52 +0000 2025","0","Mens gini gw bm mie bngt anjirrrr terserah ramyeon indomie apa gacoan GW PENGEN MIEEEEE TAPIASIH GADIBOLEHIN gmna ini...","1906027034993938526","","","in","","0","0","0","https://x.com/undefined/status/1906027034993938526","1771875500576964608",
"1906014429789196445","Sat Mar 29 16:03:46 +0000 2025","0","Indomie Soto Banjar sedaap laksa shin ramyeon","1906014429789196445","","","in","","0","0","0","https://x.com/undefined/status/1906014429789196445","1845832992796872704",
"1905994258173284427","Sat Mar 29 14:47:43 +0000 2025","0","@fernandosbp Indomie newjeans terus numpang masak di tukang bakso. ","1905995289548456423","","fernandosbp","in","","0","0","0","https://x.com/undefined/status/1905995289548456423","1009255521323401216",
"1905905617187016817","Sat Mar 29 08:51:23 +0000 2025","0","wts exclusive postcard newjeans x indomie masih baru stok terbatas 35k dom samarinda wts wtb #zonauang #NewJeans #indomie https://t.co/3JhxvlhDYJ","1905905617187016817","https://pbs.twimg.com/media/GnMjDZOaAAACihJ.jpg","","in","","0","0","0","https://x.com/undefined/status/1905905617187016817","1435218885226102791",
"1905854526990454850","Sat Mar 29 05:50:44 +0000 2025","0","@AIESTHETlC Aku punya indomie newjeans tapi gak tau itu enak apa kagak","1905860153548915035","","AIESTHETlC","in","","0","1","0","https://x.com/undefined/status/1905860153548915035","957938402799755265",
"1905575557930385413","Fri Mar 28 10:59:51 +0000 2025","0","Senang bisa bikin mie lagi️ hari ini bikin indomie spicy ramyeon + bakso (ik gk nyambung tp stok di rumah adanya bakso)","1905575557930385413","","","in","","0","0","0","https://x.com/undefined/status/1905575557930385413","1459550959667793927",
"1905511446257262739","Fri Mar 28 06:50:53 +0000 2025","0","@cheshireith Makasih ya! Kalau idol 4th gen NewJeans populer banget di Indo apalagi buat Gen-Z soalnya media sosial mereka kuat &amp; kolab sama Indomie. Aespa IVE sama LE SSERAFIM juga top konser di Jakarta laku keras. Tapi NewJeans kayanya paling pas buat vibe santai &amp; femininmu!","1905512902703915091","","cheshireith","in","","0","1","0","https://x.com/undefined/status/1905512902703915091","1720665183188922368",
"1905268191896768680","Thu Mar 27 14:38:29 +0000 2025","0","nyoba ramyeon egg cloud nya heeseung (pake indomie soalnya mau beli ramyeon keburu hujan). cuma kok bentukan punyaku jelek banget ya anjay kenapa orang-orang kok bisa estetik bagus gitu ya tapi ini enak guyss suerrr https://t.co/IFMc1ybk6u","1905268191896768680","https://pbs.twimg.com/media/GnDfUr1bMAAnA9p.jpg","","in","","0","3","0","https://x.com/undefined/status/1905268191896768680","1767854630372024320",
"1905266719373021681","Thu Mar 27 14:32:38 +0000 2025","0","indomie spicy ramyeon enak bgt sumpahhh bakalan repurchase barengan soto lamongan sih ini","1905266719373021681","","","in","","0","0","0","https://x.com/undefined/status/1905266719373021681","1095944686236196869",
"1905194507131609186","Thu Mar 27 09:45:41 +0000 2025","0","indomie varian yang collab sama newjeans warna biru enakkkk! buat yang gak bisa makan pedes itu gak pedes ","1905194507131609186","","","in","","0","4","0","https://x.com/undefined/status/1905194507131609186","1442379807371661320",
"1905025568485294514","Wed Mar 26 22:37:35 +0000 2025","0","1. Indomie kuah ramyeon + Kuahnya lumayan kental jadi bumbunya kerasa enak + Pedesnya pas (aslinya agak kepedesan sih di gw ‍↔️) + Mienya tipis kecil kecil suka + Isinya banyak (ntah karna gw makannya dalam keadaan perut terisi atau karna emang banyak https://t.co/QYajKHVY8S","1905026371128311964","https://pbs.twimg.com/media/GnADYPgbUAApteE.jpg","piithcyy_","in","","0","1","0","https://x.com/undefined/status/1905026371128311964","1168013248475480064",
"1904601318494556609","Tue Mar 25 18:28:34 +0000 2025","0","indomie newjeans yang pink rose ga enak anjir","1904601318494556609","","","in","","0","0","0","https://x.com/undefined/status/1904601318494556609","1763616105086808064",
"1904584548530479181","Tue Mar 25 17:21:56 +0000 2025","0","open jastip Postcard New Jeans special edition collab with Indomie (for serious buyer only) 46.000 (postcard + frame + Indomie goreng 12pcs) Karanganyar Jateng ️ melayani cod untuk Kra-Solo bisa co oren (blm termasuk ongkir) #postcard #newjeans #kpopsale #zonauang️ https://t.co/bDAixNfuNZ","1904584548530479181","https://pbs.twimg.com/media/Gm5xi9_a8AAam7q.jpg","","in","","0","0","0","https://x.com/undefined/status/1904584548530479181","1044147115",
"1904540737875968252","Tue Mar 25 14:27:51 +0000 2025","0","ada yang cari postcard newjeans bonusan dari indomie gaa??? aku punya 2 set soalnya (krn bapakku dpt terus )","1904540737875968252","","","in","","0","1","0","https://x.com/undefined/status/1904540737875968252","953620941359136769",
"1904530000977817646","Tue Mar 25 13:45:11 +0000 2025","0","indomie korean spicy ramyeon enak bangett https://t.co/sYiZgVUUwu","1904530000977817646","https://pbs.twimg.com/media/Gm4_4lnbMAAc_yG.jpg","","in","","0","1","0","https://x.com/undefined/status/1904530000977817646","1392742097233403905",
"1904499288350298330","Tue Mar 25 11:43:08 +0000 2025","0","gue baru aja nemu resep indomie ramyeon enak bgt.... pake putih telur pake sawi hijau sama gue tambahin 5 biji cabe (diulek krn gabisa makan cabe potongan) garem micin sama tambahin rumput laut. enak bgt yaAllah ","1904499288350298330","","","in","","0","0","0","https://x.com/undefined/status/1904499288350298330","1440177987786137601",
"1904044733464523228","Mon Mar 24 05:36:54 +0000 2025","1","gais aku dikasih abangku postcard newjeans gini sampe 3 set mau diapain ya postcard indomie https://t.co/3QVhXrHW1f","1904044733464523228","https://pbs.twimg.com/media/GmyGi7FbsAA2nN_.jpg","","in","","0","1","0","https://x.com/undefined/status/1904044733464523228","1829830511394766848",
"1904044696500097144","Mon Mar 24 05:36:45 +0000 2025","0","#a guyss aku dikasih abangku postcard newjeans indomie ini sampe 3 set bingung mau diapainn https://t.co/mRG05plLcf","1904044696500097144","https://pbs.twimg.com/media/GmyGhF0aAAA3mSb.jpg","","in","","0","1","0","https://x.com/undefined/status/1904044696500097144","1829830511394766848",
"1904028795587445000","Mon Mar 24 04:33:34 +0000 2025","0","*direktur ke meja gw* ‍: ini siapa? : newjeans pak BA nya indomie ‍: cantik2 ya bisa kali ya kita pake BA korea? dalem ati gw ud mau teriak BOLEH PAK PAKE AESPA BOLEH BANGET SAYA BIKIN DECK NYA GPP https://t.co/Dfjbmno1J2","1904028795587445000","https://pbs.twimg.com/media/Gmx4GHxbUAEkt_p.jpg","","in","","0","3","0","https://x.com/undefined/status/1904028795587445000","1659714831619096577",
"1903848556043321557","Sun Mar 23 16:37:22 +0000 2025","0","Memasak indomie ramyeon dengan wajah bersedih:( https://t.co/kQR3VzYTKT","1903848556043321557","https://pbs.twimg.com/media/GmvUIdIbQAAX7Nd.jpg","","in","","0","0","0","https://x.com/undefined/status/1903848556043321557","1284911180180385792",
"1903832398946852956","Sun Mar 23 15:33:10 +0000 2025","1","indomie spicy ramyeon kinda taste kaya shin ramyun tpi lebih light tpi spicynya berasa tpi not too spicy buat yg suka pedes","1903832398946852956","","","in","","0","0","0","https://x.com/undefined/status/1903832398946852956","980119720744517632",
"1903388703449633261","Sat Mar 22 10:27:09 +0000 2025","0","@convomf indomie spicy ramyeon geikara ramen hot chicken (ini kalau mau nyari mie kayak samyang) pop mie ndower ofc mie sedap yang ayam jerit (ga se pedes itu sih tapi)","1903393002912952352","","convomf","in","","0","0","0","https://x.com/undefined/status/1903393002912952352","1052565610360524807",
"1902579334252261397","Thu Mar 20 04:37:13 +0000 2025","0","@fotnatt Cukupny beli indomie ramyeon segini mah wkkwkw","1902580163902378103","","fotnatt","in","","0","1","0","https://x.com/undefined/status/1902580163902378103","1239120082304823296",
"1902362388449653162","Wed Mar 19 14:11:52 +0000 2025","0","indomie ramyeon bungkus biru + sate jengkol + sate kerang + sambal lamongan https://t.co/qlSQjsrmy9","1902362388449653162","https://pbs.twimg.com/media/GmaMgBRa4AEBpBU.jpg","","in","","0","1","0","https://x.com/undefined/status/1902362388449653162","741872131",
"1902349912005865765","Wed Mar 19 14:04:03 +0000 2025","0","@giejin7 jadi Indonesia kpan nih gapapa sekali² pindah dari Indomie 3 rebu ke jin ramyeon yang sudah pasti ini up 3rebu wkwkwk","1902360422969413849","","giejin7","in","","0","1","0","https://x.com/undefined/status/1902360422969413849","3919167793",
"1902036367909285975","Tue Mar 18 16:36:22 +0000 2025","0","cinta banget sama Indomie korean ramyeon yg merah enak dari kemaren makanin itu mulu","1902036367909285975","","","in","","0","0","0","https://x.com/undefined/status/1902036367909285975","1362420465457750025",
"1901794584541467060","Tue Mar 18 00:35:37 +0000 2025","0","Lucu ya tiap konten viral dibikin challenge padahal aslinya cuma nyari engagement buat jualan. Kalo lo nonton drakor sambil makan ramyeon di mall bukan jadi wibu tapi kalo nonton anime sambil makan indomie di kamar kos tiba-tiba jadi kurang gaul.","1901794584541467060","","","in","","0","0","0","https://x.com/undefined/status/1901794584541467060","1881375460963254272",
"1901640800179769770","Mon Mar 17 14:24:32 +0000 2025","1","@ENHYPEN_members Heeseung makasih banyak ya resepnya ENAK BANGET MIE REBUS TELUR DADARNYA (ALIAS CLOUDY EGG RAMYEON) Btw aku ga pake RAMYEON wkwkwk. Aku pake Indomie Torimiso. Enak banget ga boong https://t.co/4PpAexoPpm","1901640800179769770","https://pbs.twimg.com/media/GmP8Oppa8AEzsvR.jpg","ENHYPEN_members","in","","0","0","0","https://x.com/undefined/status/1901640800179769770","1708303463648747520",
"1899702721722347779","Mon Mar 17 03:20:45 +0000 2025","16","@cheezeny @coppamagz Benar chinguuu 35k pada 1 struk berisi varian Indomie Korean Ramyeon Series dan bisa di mix dengan varian rasa lainnya ya .","1901473756515586171","","cheezeny","in","","2","3","1","https://x.com/undefined/status/1901473756515586171","284428760",
"1901360002830626918","Sun Mar 16 19:48:44 +0000 2025","0","postcard set indomie x newjeans (njz) udah hadir di batam rupanya https://t.co/LvWQPC24tb","1901360002830626918","https://pbs.twimg.com/media/GmL814raQAAa_PI.jpg","","in","","0","0","0","https://x.com/undefined/status/1901360002830626918","503873317",
"1901263122125729842","Sun Mar 16 13:23:46 +0000 2025","4","LUCU BANGETT mamah pulang dari indomaret nenteng postcard newjeans × indomie : Kakk mama bawa ini~ kata mbak nya beli minimal 30an dapet ini : Ihh kirain gaada disini kok dapett beli berapa dah? : mama beli mie 20 bungkus ya dapet https://t.co/RJQyzfbeOe","1901263122125729842","https://pbs.twimg.com/media/GmKku3aaoAAxWT0.jpg","","in","","0","1","0","https://x.com/undefined/status/1901263122125729842","1502914011704475651",
"1901256536007364940","Sun Mar 16 12:57:36 +0000 2025","1","nyobain spicy ramyeon punyanya indomie~ https://t.co/KG516SEFPy","1901256536007364940","https://pbs.twimg.com/media/GmKeuxQboAA0LTZ.jpg","","in","","0","2","0","https://x.com/undefined/status/1901256536007364940","1950381282",
"1901233760731033834","Sun Mar 16 11:43:19 +0000 2025","0","@swastamitta indomie ramyeon yang biru ituloh","1901237840937427334","","swastamitta","in","","0","0","0","https://x.com/undefined/status/1901237840937427334","1898464904266633216",
"1901237496002019590","Sun Mar 16 11:41:56 +0000 2025","0","sumpah porsi ramyeon indomie yang biru 1 aja tuh BANYAK BGT ANJIR","1901237496002019590","","","in","","0","2","0","https://x.com/undefined/status/1901237496002019590","1898464904266633216",
"1901185440549347650","Sun Mar 16 08:17:13 +0000 2025","0","@enginafess Aku kalo buat pake Indomie bumbunya gk aku masak soalnya gk boleh kan Tapi kalo pake ramyeon baru ikutin resep Hee","1901185975365365981","","enginafess","in","","0","0","0","https://x.com/undefined/status/1901185975365365981","1326428323128414209",
"1900961033218637971","Sat Mar 15 17:23:23 +0000 2025","0","Indomie spicy ramyeon enak! Meski pedes tapi gk bikin pencernaanku babak belur ️","1900961033218637971","","","in","","0","0","0","https://x.com/undefined/status/1900961033218637971","1145164683290136576",
"1900942102059774405","Sat Mar 15 16:10:26 +0000 2025","0","@tomkira88 Ga suka indomie ramyeon atau tori kara kah?","1900942675999944840","","tomkira88","in","","0","1","0","https://x.com/undefined/status/1900942675999944840","1166270224527585282",
"1900897642101830139","Sat Mar 15 14:53:53 +0000 2025","0","@ilovjakez ituu akuu pake shin ramyeon raaa boleehh bgtt ihh aku juga pernah bikin pake indomie kari sama soto tetep enakk bgt!! yg penting telurnya itu sih","1900923411939111180","","ilovjakez","in","","0","0","0","https://x.com/undefined/status/1900923411939111180","1691743806335651840",
"1900907747849203716","Sat Mar 15 13:51:38 +0000 2025","0","Aku pengen coba resep ramyeon Heeseung di Indomie soto ","1900907747849203716","","","in","","1","1","0","https://x.com/undefined/status/1900907747849203716","2613097489",
"1900888230364672475","Sat Mar 15 12:34:05 +0000 2025","0","indomaret atau alfamart tembalang mana yang masih ready postcard newjeans x indomie?","1900888230364672475","","","in","","0","1","0","https://x.com/undefined/status/1900888230364672475","1733384940891619328",
"1900878305303375991","Sat Mar 15 11:54:39 +0000 2025","4","Aku open lg Indomie murah harganya 2.700 - 4.500 aja yaa limited stock jd cepet cepetan aja yaa buat postcard newjeans nya aku masih jual yaa udah free Indomie juga https://t.co/SXzxxUtkm3","1900878305303375991","https://pbs.twimg.com/media/GmFGu0kbcAQ-GdD.jpg","","in","","0","2","0","https://x.com/undefined/status/1900878305303375991","1522071922183327744",
"1900871979756122572","Sat Mar 15 11:29:31 +0000 2025","2","budak! Beli Indomie yang dapat postcard newjeans tu bise di semue toko ke budak? Atau cuma di indomar*t same Alf*mart? https://t.co/YvjNm1XRWi","1900871979756122572","https://pbs.twimg.com/media/GmFA_fqaQAACcsO.jpg","","in","","0","3","0","https://x.com/undefined/status/1900871979756122572","1212717256234291200",
"1900259007794979095","Sat Mar 15 07:26:08 +0000 2025","0","@dnyar_ @pajeon98 @bewthoven @tang__kira @Indomielovers kalo mie biasanya bubuk cabainya dipisah sama bubuk bawangnya kalau bubuk cabai iya bisa optional tapi kalau bubuk bawang yg putih itu cuma separo apa ga hambar rasanya? nah kasusnya indomie spicy ramyeon ini kan langsung dicampur jadi kalo cuma separo bumbunya kurang nendang","1900810733555704225","","dnyar_","in","","0","1","0","https://x.com/undefined/status/1900810733555704225","2229082393",
"1900669496811286698","Fri Mar 14 22:04:56 +0000 2025","3","udah coba semua rasa indomie Korean series enak semua si yang paling ak suka spicy ramyeon karena berkuah dan pedes enak bangettt https://t.co/rE6JdxlUkU","1900669499734716525","","awayyae","in","","0","0","2","https://x.com/undefined/status/1900669499734716525","760821813416894464",
"1900669496811286698","Fri Mar 14 22:04:55 +0000 2025","16","OMG Indomie Korean Series x NewJeans kalau beli bundle dapet postcard NewJeans! jadi bundle ini dapet 6pcs indomie Korean series 1 set postcard NewJeans https://t.co/rE6JdxlUkU #Minji #Hanni #Danielle #Haerin #hyein #Kpop #NJZ @Indomielovers https://t.co/vdsnaliwRR","1900669496811286698","https://pbs.twimg.com/media/GmCI1BUaEAAAd1A.jpg","","in","","1","1","10","https://x.com/undefined/status/1900669496811286698","760821813416894464",
"1895566127943860244","Fri Mar 14 21:21:12 +0000 2025","0","Day 15. Mie part 2 kali ini indome spicy ramyeon. Menurut gw ya indomie yang versi kr ini enak semua. https://t.co/VLqEdTL0dM","1900658496011382855","https://pbs.twimg.com/media/GmB-0-6X0AADwEU.jpg","anansd","in","","0","1","0","https://x.com/undefined/status/1900658496011382855","69581816",
"1900575579113443756","Fri Mar 14 15:51:43 +0000 2025","0","Btw kemaren ke alfamart nanya soal pack indomie newjeans. Katanya udh gak adaadanya di online doang","1900575579113443756","","","in","","0","0","0","https://x.com/undefined/status/1900575579113443756","1289170748666339330",
"1900535940977971321","Fri Mar 14 15:12:50 +0000 2025","0","@soboroppang aku pake indomie ramyeon yg biru itu","1900565794607845406","","soboroppang","in","","0","0","0","https://x.com/undefined/status/1900565794607845406","1468029261692899328",
"1900550664486260964","Fri Mar 14 14:12:43 +0000 2025","0","asikkk akhirnya dapet postcard newjeans x indomie trs di swalayan domku ada yg dapet gift kipas lipat mantep bener https://t.co/yScWcYb5NG","1900550664486260964","https://pbs.twimg.com/media/GmAcvvgaoAAXE9m.jpg","","in","","0","0","0","https://x.com/undefined/status/1900550664486260964","1498963464416493573",
"1900539350796108050","Fri Mar 14 13:27:46 +0000 2025","2","Udah sampe dari kemaren belum dianboksing isinya. Sekalian mau dibuat konten awikwok #OhMyGoodItsIndomie #Indomie https://t.co/kz7xkXHEAx","1900539350796108050","https://pbs.twimg.com/media/GmASTB5WcAAqQep.jpg","","in","","0","0","0","https://x.com/undefined/status/1900539350796108050","4888625689",
"1900521757137662186","Fri Mar 14 12:17:51 +0000 2025","3","Dapet dari indomie yg NewJeans set itu https://t.co/CkHVO4cNwD","1900521757137662186","https://pbs.twimg.com/media/GmACdkdbYAAVwL9.jpg","","in","","0","0","0","https://x.com/undefined/status/1900521757137662186","1154586305700831232",
"1900521009465491586","Fri Mar 14 12:14:53 +0000 2025","0","bikin ini versi indomie kali ya? mager keluar buat beli ramyeon nya tapi pengen ","1900521009465491586","","","in","","0","0","0","https://x.com/undefined/status/1900521009465491586","1430514707505455106",
"1900503283216601165","Fri Mar 14 11:04:27 +0000 2025","0","terima kasih newjeans aku jadi beli varian indomie selain indomi goreng ","1900503283216601165","","","in","","0","0","0","https://x.com/undefined/status/1900503283216601165","1545624545650167808",
"1900498429014659544","Fri Mar 14 10:45:09 +0000 2025","1","Tadi di indomaret ada poca newjeans kayaknya. Pas gue tanya harus beli berapa indomie biar dapet. Katanya 35k indomie baru dapet. Murah sih tapi siapa yang mau makan indomie sebanyak itu anjeeer wkwkwk","1900498429014659544","","","in","","0","1","0","https://x.com/undefined/status/1900498429014659544","1405374320537264131",
"1900477537341292786","Fri Mar 14 09:22:08 +0000 2025","0","eh terimakasih AAAAAAAAAAAAAA pingin nyobain dari kapan hari tapi aku gak terlalu suka shim ramyeon takut gak kemakan akan kucoba pake Indomie besok kekekeke","1900477537341292786","","","in","","0","0","0","https://x.com/undefined/status/1900477537341292786","1590471633843519488",
"1900259007794979095","Fri Mar 14 09:18:29 +0000 2025","1","@tang__kira misal ini mienya ga pake shin ramyeon diganti sama indomie/mie sedaap gitu masih enak ga ya?","1900476619065602470","","tang__kira","in","","0","4","0","https://x.com/undefined/status/1900476619065602470","1217400321376305152",
"1900471214231216255","Fri Mar 14 08:57:01 +0000 2025","0","waktu itu pernah nyoba si tp pake indomie kari mari nanti kita coba pake shin ramyeon","1900471214231216255","","","in","","0","0","0","https://x.com/undefined/status/1900471214231216255","918708032221061122",
"1900381114432369145","Fri Mar 14 03:13:25 +0000 2025","0","@nanonsfuture Shin ramyeon ada kakk bisa dibeli di Alfa/indo. Kalo indomie banyak yg nyaranin pake rasa soto / buldak korea / mie aceh^^","1900384743990141345","","nanonsfuture","in","","0","1","0","https://x.com/undefined/status/1900384743990141345","1530473534635769856",
"1900268894004400329","Thu Mar 13 19:33:04 +0000 2025","0","gue ga boleh terlalu sering makan mie instan tapi dengan sadar dan dengan semangatnya gue beli indomie x newjeans demi frame lucu adik2ku... sampe detik ini tu mie kaga habis2 pdhal gue beli 39rb dapat 9 dari awal puasa sampe skrg belum habis","1900268894004400329","","","in","","0","2","0","https://x.com/undefined/status/1900268894004400329","1806513850826838016",
"1900174013240140161","Thu Mar 13 13:16:02 +0000 2025","0","Harus beli berapa biji anjir itu mie sampe 35k buat dapetin foto newjeans masalahnya di rumah udah ada 2 kardus indomie","1900174013240140161","","","in","","0","2","0","https://x.com/undefined/status/1900174013240140161","1768524530438598656",
"1900144121475719325","Thu Mar 13 11:17:16 +0000 2025","0","mau recook ramyeon wonwoo pake mie indomie yg biru","1900144121475719325","","","in","","0","0","0","https://x.com/undefined/status/1900144121475719325","2434761367",
"1895582506671571032","Thu Mar 13 11:14:57 +0000 2025","0","Berbuka Day 13 - Karena ujannya udah ga masuk akal i can't go wrong with Indomie Ramyeon. https://t.co/i3tCe3D6o6","1900143538173571074","https://pbs.twimg.com/media/Gl6qej6aEAAUru0.jpg","26Aphr","in","","0","1","0","https://x.com/undefined/status/1900143538173571074","1112666586274422784",
"1900122416283885671","Thu Mar 13 09:51:01 +0000 2025","32","anw my fellow ina friends kalo mau coba egg cloud ramyeon heeseung bisa pake indomie juga enak banget ayo ramein resep heeseung inii","1900122416283885671","","","in","","0","6","4","https://x.com/undefined/status/1900122416283885671","1479445297281449985",
"1900119873897832946","Thu Mar 13 09:40:55 +0000 2025","1","kemarin udh coba pakek shin ramyeon tp lupa foto hiks pengen coba pakek indomie cocok ga si? tp indomie apa yaa yg enak?","1900119873897832946","","","in","","0","7","0","https://x.com/undefined/status/1900119873897832946","1715912994901970944",
"1900112565289775394","Thu Mar 13 09:19:56 +0000 2025","0","@yeyunaaa Shin ramyeon tapi pake indomie juga enak pliss telornya ","1900114593030300022","","yeyunaaa","in","","0","1","0","https://x.com/undefined/status/1900114593030300022","947180942539472896",
"1900103971102220735","Thu Mar 13 08:37:43 +0000 2025","0","ga harus shin ramyeon kan??? indomie aja g si lebih murah?","1900103971102220735","","","in","","0","4","0","https://x.com/undefined/status/1900103971102220735","1764980534969868288",
"1900100363107107326","Thu Mar 13 08:23:23 +0000 2025","0","resep ramyeon heeseung kalau mie nya diganti indomie soto apa boleh?!?! ada nya indomie soto sama bihunku soalnya di kost gw","1900100363107107326","","","in","","0","0","0","https://x.com/undefined/status/1900100363107107326","1349377298852560896",
"1900064332391592112","Thu Mar 13 06:35:51 +0000 2025","0","@heeseungfess mau recook tp pake indomie spicy ramyeon itu krn kata org2 enak","1900073300883366380","","heeseungfess","in","","0","0","0","https://x.com/undefined/status/1900073300883366380","1355027265877229577",
"1900061994407125236","Thu Mar 13 05:50:55 +0000 2025","0","Resep telur Heeseung nih memang enak banget sih fluffy kek makan awan Gk cuma Ramyeon skrng selalu bikin telur kek gitu walaupun pake Indomie ","1900061994407125236","","","in","","0","0","0","https://x.com/undefined/status/1900061994407125236","1326428323128414209",
"1899840353454149822","Thu Mar 13 04:48:43 +0000 2025","0","@lovingleey @heeseungfess Buat lidah lokal kek kita memang shin ramyeon tuh kurang medok tapi cobain resep nya hiseng ke indomie enak poll (menurut ku)","1900046339339120904","","lovingleey","in","","0","0","0","https://x.com/undefined/status/1900046339339120904","1611214898113175556",
"1900027250395001003","Thu Mar 13 03:32:51 +0000 2025","0","Pernah tapi pake Indomie soalnya shin ramyeon rasanya hambar menurutku","1900027250395001003","","","in","","0","1","0","https://x.com/undefined/status/1900027250395001003","1263225483610615808",
"1899840353454149822","Thu Mar 13 00:34:40 +0000 2025","1","@heeseungfess aku sudah mencoba resep mie heeseung ini bolak balik tpi pake mie indomie yg spicy ramyeon soalnya micin dan pedesnya nampol huhu","1899982406066856285","","heeseungfess","in","","0","1","0","https://x.com/undefined/status/1899982406066856285","1809590212890415106",
"1899853347706036304","Wed Mar 12 16:01:50 +0000 2025","1","gue gasuka ramyeon ntar coba pake indomie ajadah","1899853347706036304","","","in","","0","3","0","https://x.com/undefined/status/1899853347706036304","1413091139326930944",
"1899840262727459277","Wed Mar 12 15:09:50 +0000 2025","0","Newjeans literally nyuruh kita untuk makan indomie sama minum cocacola banyak-banyak. Oke ","1899840262727459277","","","in","","0","0","0","https://x.com/undefined/status/1899840262727459277","952004702006272000",
"1899827632000438689","Wed Mar 12 14:19:39 +0000 2025","0","kenapa lidah gue cocoknya indomie bukan shin ramyeon","1899827632000438689","","","in","","0","11","0","https://x.com/undefined/status/1899827632000438689","1829125763955863552",
"1899782303427203583","Wed Mar 12 12:31:08 +0000 2025","0","@kat56op Dituang di mangkok dulu tapi khusus indomie yang ramyeon itu ku masak langsung bareng mie nya","1899800323335819576","","BaerriAllen","in","","0","0","0","https://x.com/undefined/status/1899800323335819576","1156025289400442886",
"1899795447851651484","Wed Mar 12 12:11:45 +0000 2025","0","gak expect Indomie spicy ramyeon bakal sepedes itu","1899795447851651484","","","in","","0","0","0","https://x.com/undefined/status/1899795447851651484","1373474087020883968",
"1899184019075629329","Wed Mar 12 09:32:23 +0000 2025","0","@GoesEdit @serenarcissism @koucilok @Baaariie @idextratime 35k tapi harus ada varian Indomie Korean Ramyeon Series ya gan ","1899755340314603709","","GoesEdit","in","","0","2","0","https://x.com/undefined/status/1899755340314603709","284428760",
"1899702721722347779","Wed Mar 12 06:03:18 +0000 2025","3880","Yang ditunggu-tunggu akhirnya dateng jugaa! Indomie baru aja rilis postcard spesial featuring Minji Danielle Hanni Haerin sampe Hyein gemes parahhh! Bunnies udah siap koleksi belum nih? Jangan sampe ketinggalan yaa~ #OhMyGoodItsIndomie #Indomie #Minji #Hanni https://t.co/f3mkH7bNRZ","1899702721722347779","https://pbs.twimg.com/media/Gl0ZjaBbkAAl7zo.jpg","","in","","46","31","113","https://x.com/undefined/status/1899702721722347779","1078999759",
"1899575373412843783","Tue Mar 11 21:37:16 +0000 2025","0","ketika lo salah liat jam pas sahur dikira 3.18 taunya 4.18 dan lo malah makan indomie spicy ramyeon","1899575373412843783","","","in","","0","1","0","https://x.com/undefined/status/1899575373412843783","1132889438",
"1899331702566375434","Tue Mar 11 11:15:37 +0000 2025","0","@NEKOCHiiNG btw kmu harus cobain indomie cuo rasa ramyeon spicy itu enak bingitss gila mampus cup nya warna biru. keliatan gk pedes aslinya pedes bingitsss","1899418930244211062","","NEKOCHiiNG","in","","0","1","0","https://x.com/undefined/status/1899418930244211062","3243675267",
"1899331702566375434","Tue Mar 11 05:41:24 +0000 2025","0","@NEKOCHiiNG hus hus huss indomie cup rasa ramyeon spicy enak bgt lohhh rii","1899334821442396468","","NEKOCHiiNG","in","","0","1","0","https://x.com/undefined/status/1899334821442396468","3243675267",
"1899307827233161511","Tue Mar 11 03:54:08 +0000 2025","0","INDOMIE NEWJEANS KALO DI PYK CARI DIMANA WOI ....","1899307827233161511","","","in","","0","1","0","https://x.com/undefined/status/1899307827233161511","1269831529951158272",
"1899087697458983366","Tue Mar 11 02:19:52 +0000 2025","0","@breadluvpham Yang boikot gk akan tau seenak apa indomie spicy ramyeon pedes nampolllll","1899284107508720046","","breadluvpham","in","","0","0","0","https://x.com/undefined/status/1899284107508720046","1208205079100051457",
"1898252735423955216","Sat Mar 08 06:01:34 +0000 2025","0","nyari indomie x newjeans di alfamidi malah ketemu ini indomienya gak ada https://t.co/KSLxTlD45C","1898252735423955216","https://pbs.twimg.com/media/Glfyy-obwAA4cbm.jpg","","in","","0","1","0","https://x.com/undefined/status/1898252735423955216","801247272109412352",
"1898022925451903190","Fri Mar 07 14:48:23 +0000 2025","1","buset berasa ngaca ini mah indomie x newjeans https://t.co/203W6Tl4IT","1898022925451903190","https://pbs.twimg.com/media/Glchx5jbwAI0skH.jpg","","in","","0","0","0","https://x.com/undefined/status/1898022925451903190","1094048844860424193",
"1898017819117469738","Fri Mar 07 14:32:24 +0000 2025","0","@fightSUNGHOON Indomie Seblak Ayam geprek Ayam goreng Ayam krispi Cumi goreng Udang goreng Nasi padang Nasi campur Bakso Soto Kari ayam Rendang Ikan goreng Ikan bakar Sosis Sushi Pizza Pisang goreng Hot dog Burger Steak Pasta Ramen Ramyeon Mie ayam Mie goreng Mie kuah Nasi goreng Dimsum","1898018900505460798","","fightSUNGHOON","in","","0","1","1","https://x.com/undefined/status/1898018900505460798","4802146236",
"1898001720833429583","Fri Mar 07 13:24:08 +0000 2025","2","wah dapet postcard NJ ternyata... #ตลาดนัดนิวจีนส์ #NewJeans #NJZ #indomie https://t.co/uOQ2E9pnwF","1898001720833429583","https://pbs.twimg.com/media/GlcOZwlbcAEh_4U.jpg","","in","","0","0","0","https://x.com/undefined/status/1898001720833429583","1648075959302762496",
"1897993371576132056","Fri Mar 07 12:50:57 +0000 2025","21","LUCUUU BANGET! @indomielovers postcard featuring Minji Hanni Danielle Haerin dan Hyein tiap beli Indomie! Hunting di Indomaret akhirnya dapat minimal beli 35K Indomie apapun! sc images by x @priomada #OhMyGoodItsIndomie #Minji #Hanni #Danielle #Haerin #Hanni #Kpop https://t.co/0vRLiRUleL","1897993371576132056","https://pbs.twimg.com/media/GlcGukWbwAAh_bS.jpg","","in","","0","5","4","https://x.com/undefined/status/1897993371576132056","972179486",
"1897991810661994847","Fri Mar 07 12:44:45 +0000 2025","0","#wts yukk jajan ada aab enhypen sunoo seventeen mingyu txt yeonjun aespa winter karina ive wonyoung newjeans x indomie https://t.co/y7HrlqtaUG","1897991810661994847","","","in","","0","0","0","https://x.com/undefined/status/1897991810661994847","1442808428921978880",
"1897991174126027032","Fri Mar 07 12:42:13 +0000 2025","0","#s yukk jajan ada aespa wonyoung ive newjeans x indomie https://t.co/y7HrlqtaUG","1897991174126027032","","","in","","0","0","0","https://x.com/undefined/status/1897991174126027032","1442808428921978880",
"1897990991103377569","Fri Mar 07 12:41:29 +0000 2025","0","#wts yukk jajan ada aespa wonyoung ive newjeans x indomie https://t.co/y7HrlqtaUG","1897990991103377569","","","in","","0","0","0","https://x.com/undefined/status/1897990991103377569","1442808428921978880",
"1897990835620430089","Fri Mar 07 12:40:52 +0000 2025","0","#gs yukk jajan ada aespa wonyoung sama newjeans x indomie https://t.co/y7HrlqtaUG","1897990835620430089","","","in","","0","0","0","https://x.com/undefined/status/1897990835620430089","1442808428921978880",
"1897958855021412368","Fri Mar 07 10:33:48 +0000 2025","481","Bahas bola cm sidejob dukung bias itu main job #njztillidie Sebagai bunnies sejati mari sempetin dulu hunting ke Indomaret buat dapetin postcard set Indomie featuring Minji Hanni Danielle Haerin dan Hyein. #OhMyGoodItsIndomie #njztillidie #Minji #Hanni #Danielle #Haerin https://t.co/YsqbYZPB8S","1897958855021412368","https://pbs.twimg.com/media/GlbngpubwAE2D49.jpg","","in","","10","25","71","https://x.com/undefined/status/1897958855021412368","1315170681261228032",
"1897954164636041637","Fri Mar 07 10:15:09 +0000 2025","3","@indomielovers baru aja release exclusive postcard set featuring Minji Hanni Danielle Haerin dan Hyein loh. Harus banget kalian dapetin cuman ada di Indomaret Alfamart Alfamidi dan official storenya Indomie. Buruan deh jangan sampe ketinggalan!!! #OhMyGoodItsIndomie https://t.co/BaAsVMXLgZ","1897954164636041637","https://pbs.twimg.com/media/GlbjQL0bwAMvgS7.jpg","Indomielovers","in","","0","0","0","https://x.com/undefined/status/1897954164636041637","31092279",
"1897947106239033510","Fri Mar 07 09:47:06 +0000 2025","32","Indomie Exclusive Postcard featured Minji Danielle Hanni Haerin Hyein ?! Gemes gemes bangetttttt ada yang udah dapetin belum ? #OhMyGoodItsIndomie #Minji #Hanni #Danielle #Haerin #Hyein #Kpop https://t.co/BHNK5FicWc","1897947106239033510","https://pbs.twimg.com/media/Glbc05AbwAIKKo4.jpg","","in","","1","6","7","https://x.com/undefined/status/1897947106239033510","252997004",
"1897939972357079296","Fri Mar 07 09:18:46 +0000 2025","1357","POPO? Aniyo~~ Haengbokheyo!! Ekskuslif postcard set Minji Hanni Danielle Haerin dan Hyein spesial kolaborasi dengan Indomie udah rilis. Affiliator drop link nya !! Photo credit: @Indomielovers #OhMyGoodItsIndomie #Indomie #Minji #Hanni #Danielle #Haerin #Hanni #Kpop https://t.co/ebWfOW7DrV","1897939972357079296","https://pbs.twimg.com/media/GlbWR8sbIAA-okG.jpg","","in","","20","15","35","https://x.com/undefined/status/1897939972357079296","92476849",
"1897936903242236381","Fri Mar 07 09:06:34 +0000 2025","1","kita rayakan kemenangan itu dengan indomie newjeans","1897936903242236381","","","in","","0","0","0","https://x.com/undefined/status/1897936903242236381","1233069637",
"1897871511656317131","Fri Mar 07 04:46:43 +0000 2025","1","Kpoper jateng sama jatim udh nyikat indomie newjeans nih diliat-liat ‍↕️","1897871511656317131","","","in","","1","1","0","https://x.com/undefined/status/1897871511656317131","1321907196",
"1897275694826316133","Fri Mar 07 03:55:20 +0000 2025","0","@Woosetok Ramyeon dong kk pilihanku indomie di dadakuh. Btw kk suka main gim apatuh?!","1897858577395859912","","Woosetok","in","","0","1","0","https://x.com/undefined/status/1897858577395859912","1044981194",
"1897792609034420600","Thu Mar 06 23:33:11 +0000 2025","0","daripada indomie ramyeon yg pink ada odengnya dan cuman sebiji anjritttt bener bener sebiji‍↕️","1897792609034420600","","","in","","0","2","0","https://x.com/undefined/status/1897792609034420600","1439088727599505412",
"1897590554797478296","Thu Mar 06 16:05:18 +0000 2025","3","@Adelfjkt48 @convomf Dan fyi... Untuk semua varian Korea terbaru dari Indomie itu pedas semua yaa kalo kalian suka yg kuah bisa cobain varian spicy ramyeon rasa sup jamur. Dan tekstur mie nya agak tebal dikarenakan premium. Cmiiw","1897679892176855370","","cahrska","in","","0","0","0","https://x.com/undefined/status/1897679892176855370","1291564909575069696",
"1897668708576948488","Thu Mar 06 15:20:51 +0000 2025","0","besok gw mau ke indomaret beli indomie+pc newjeans bodoamat #fomo","1897668708576948488","","","in","","0","0","0","https://x.com/undefined/status/1897668708576948488","1106931332343459840",
"1897646842109935753","Thu Mar 06 13:53:58 +0000 2025","0","Duh...mie apa ya yg odengnya juga 2 doang indomie newjeans kayanya ","1897646842109935753","","","in","","0","2","0","https://x.com/undefined/status/1897646842109935753","1752278568590336000",
"1897634366383124904","Thu Mar 06 13:48:23 +0000 2025","0","@Nettodachi di tempat isa udah nggak ada mie sakura apalagi indomie ibu kantin pake shin ramyeon sih. ","1897645438280577184","","Nettodachi","in","","0","0","0","https://x.com/undefined/status/1897645438280577184","811053642052763648",
"1897637007884722443","Thu Mar 06 13:44:06 +0000 2025","0","@Saturnern Esa pernah makan mie carbonara indomie X NewJeans enggak... They give us odeng.... A tiny piece of odeng... Seujung kuku.","1897644359505604737","","Miidnightse","in","","0","1","0","https://x.com/undefined/status/1897644359505604737","781188738047021056",
"1897597453488332846","Thu Mar 06 10:37:43 +0000 2025","0","Adek-adek cantik sudah sampaiiii #OhMyGoodItsIndomie #NJZ Ada drama dikit sama kurir tapi gapapa yg penting barangnya selamat https://t.co/U0KPmhPRIj","1897597453488332846","https://pbs.twimg.com/media/GlWe02AboAAiVuL.jpg","","in","","0","1","0","https://x.com/undefined/status/1897597453488332846","156529555",
"1897582014989037904","Thu Mar 06 09:36:22 +0000 2025","0","iseng² beli indomie ternyata beneran dpt postcard newjeans avv","1897582014989037904","","","in","","0","1","0","https://x.com/undefined/status/1897582014989037904","1114554343473070080",
"1896881273861447778","Thu Mar 06 07:47:56 +0000 2025","0","@HaveGoodDaay @menyalahhh ka maaf disini beli indomie minimal 35rb. Sudah dapet postcard with frame NewJeans nggak ya kalau kasirnya bilang dapet nah kaka langsung beli.","1897554728336396713","","HaveGoodDaay","in","","0","1","0","https://x.com/undefined/status/1897554728336396713","1268534467896934407",
"1897516636720222593","Thu Mar 06 05:16:35 +0000 2025","0","berburu indomie sama dedek haerin #OhMyGoodItsIndomie #NJZ #Minji #Hanni #Danielle #Haerin #Hyein https://t.co/lh9IYlB7Ev","1897516636720222593","https://pbs.twimg.com/media/GlVVS8sa4AAIyVX.jpg","","in","","0","0","0","https://x.com/undefined/status/1897516636720222593","1579607015000723457",
"1897504117821714780","Thu Mar 06 04:26:50 +0000 2025","1854","Udah seliweran banget nih di TL! Finally Indomie ngeluarin postcard bareng Minji Hanni Danielle Haerin dan Hyein Kalian udah punya? Thank you @Indomielovers yang udah ngeluarin yang udh kita tunggu2 Source: @panagene @/nyachanya #OhMyGoodItsIndomie #NJZ #Minji #Hanni https://t.co/fDBrmGUgPm","1897504117821714780","https://pbs.twimg.com/media/GlVJ2x1WwAEBwB6.jpg","","in","","68","8","66","https://x.com/undefined/status/1897504117821714780","430845087",
"1897496192390742258","Thu Mar 06 03:55:20 +0000 2025","1","Pc indomie x newjeans cari dimana lagi aaaaa","1897496192390742258","","","in","","0","0","0","https://x.com/undefined/status/1897496192390742258","983044216732303360",
"1897422114573205514","Wed Mar 05 23:00:59 +0000 2025","0","Apa gw buka jastip ni newjeans x indomie ye","1897422114573205514","","","in","","0","0","0","https://x.com/undefined/status/1897422114573205514","1233759276562124801",
"1897370494346911816","Wed Mar 05 19:35:51 +0000 2025","0","bundle indomie + bonus pp newjeans kayaknya lebih worth it dibandingkan pp jeketi imo","1897370494346911816","","","in","","0","0","0","https://x.com/undefined/status/1897370494346911816","389335185",
"1897323335211737324","Wed Mar 05 16:28:28 +0000 2025","0","pengen beli indomie cuma mau dapet poto newjeans aja mwehehehe","1897323335211737324","","","in","","0","2","0","https://x.com/undefined/status/1897323335211737324","1872591723383369728",
"1897316373975719988","Wed Mar 05 16:00:48 +0000 2025","1","Open Jastip INDOMIE X NEWJEANS Dapat 6 pcs Indomie varian random Price : 40k Exc : adm + pack #indomie #NewJeans https://t.co/6mxU9MhkXX","1897316373975719988","https://pbs.twimg.com/media/GlSfMAIbYAAvUjG.jpg","","in","","0","1","1","https://x.com/undefined/status/1897316373975719988","1812151726478368768",
"1897272292369183203","Wed Mar 05 13:05:38 +0000 2025","0","Mau sungkem ke indomie ramyeon biru. Pedes co ga kuat gweh","1897272292369183203","","","in","","0","0","0","https://x.com/undefined/status/1897272292369183203","1160217940525895680",
"1897223758047506533","Wed Mar 05 09:52:47 +0000 2025","1","ada yg cari postcard njz newjeans x indomie? https://t.co/ChoSdP2uRM","1897223758047506533","https://pbs.twimg.com/media/GlRK8lkXQAAqRDS.jpg","","in","","0","1","0","https://x.com/undefined/status/1897223758047506533","1470345688189833216",
"1897195381777477963","Wed Mar 05 08:55:30 +0000 2025","0","@lexigo109 beli indomie seri korean ramyeon di indomaret minimal 35K kak","1897209345030717905","","lexigo109","in","","0","0","0","https://x.com/undefined/status/1897209345030717905","2467054748",
"1897177241542644000","Wed Mar 05 06:47:56 +0000 2025","183","gais aku jual indomie karena aku cuma ambil postcard newjeans ajaah semua indomie harganya 2.500/pcs yaah. varian yg tersedia ayam bawang ayam spesial ayam geprek soto Indomie goreng (kalau mau rasa lain bisa request) https://t.co/A67v8D3RHt","1897177241542644000","https://pbs.twimg.com/media/GlQgpY0WQAA57GR.jpg","","in","","7","41","24","https://x.com/undefined/status/1897177241542644000","1541791983542210560",
"1897166023041978754","Wed Mar 05 06:03:22 +0000 2025","13","Ehh lucu banget dong #OhMyGoodItsIndomie https://t.co/F2avJDvfJX","1897166023041978754","https://pbs.twimg.com/media/GlQWbv2aQAEiGIU.jpg","","in","","0","0","0","https://x.com/undefined/status/1897166023041978754","1783417273786724352",
"1897161668528103533","Wed Mar 05 05:46:03 +0000 2025","0","belanja indomie 35 terus dapet postcard newjeans CAKEP BANGET DAN BANYAAKKK https://t.co/mdYGq6AEcZ","1897161668528103533","https://pbs.twimg.com/media/GlQSeHobkAAN9-w.jpg","","in","","0","0","0","https://x.com/undefined/status/1897161668528103533","1152570624176353281",
"1897150359476502709","Wed Mar 05 05:01:07 +0000 2025","490","Ada yg mau Indomie gak harga nya 2.700 - 4.000 an aja rasanya macem macem yaa aku beli cuman mau ambil fotonya newjeans aja tp kalau mau beli postcard aku juga jual yaa bisa via shopee yaa https://t.co/a11QVI8PKQ","1897150359476502709","https://pbs.twimg.com/media/GlQILdca4AEWjs3.jpg","","in","","10","89","20","https://x.com/undefined/status/1897150359476502709","1522071922183327744",
"1897134577631756469","Wed Mar 05 03:58:25 +0000 2025","1","Ada yang suka New Jeans kah ??? Aku abis beli indomie dapet postcard indomie x new jeans #IndomieXNEWJEANS #NewJeans https://t.co/AN9OhhyWH7","1897134577631756469","https://pbs.twimg.com/media/GlP51JVaMAAKlGH.jpg","","in","","0","1","0","https://x.com/undefined/status/1897134577631756469","1259887287560622085",
"1896408795473195228","Mon Mar 03 03:54:25 +0000 2025","2","wtp postcard indomie x newjeans ++ sendok cantik kata mas indomaret https://t.co/ouBe1xE8ja","1896408795473195228","https://pbs.twimg.com/media/GlFlrnHbIAA9yEo.jpg","","in","","0","3","0","https://x.com/undefined/status/1896408795473195228","1051861372223381504",
"1896388177189077348","Mon Mar 03 02:32:29 +0000 2025","0","AAAA GEMASNYA OYY #OhMyGoodItsIndomie #KoreanRamyeonSeries https://t.co/mEp2ZAak0a","1896388177189077348","https://pbs.twimg.com/media/GlFS-UUbgAAhlT7.jpg","","in","","1","0","0","https://x.com/undefined/status/1896388177189077348","1525379679380963329",
"1896259732815708238","Sun Mar 02 18:02:05 +0000 2025","0","info alfa/indomaret yg sdh nyediain postcard newjeans guys aku siap borong indomie","1896259732815708238","","","in","","0","0","0","https://x.com/undefined/status/1896259732815708238","1496314043241353217",
"1896122340251140419","Sun Mar 02 15:44:49 +0000 2025","0","@adorearteu Semua varian indomie atau yg newjeans aja cey?","1896225188205011379","","adorearteu","in","","0","1","0","https://x.com/undefined/status/1896225188205011379","1680458267699593216",
"1896192983420244463","Sun Mar 02 13:36:51 +0000 2025","0","halooo ada yg cari ga ya??? wts postcard set + frame newjeans x indomie https://t.co/XEjP7LxxSN","1896192983420244463","https://pbs.twimg.com/media/GlChdwKaQAALXX_.jpg","","in","","0","3","0","https://x.com/undefined/status/1896192983420244463","2900309981",
"1896192510642516119","Sun Mar 02 13:34:58 +0000 2025","0","baru tau Indomie x newjeans ada ginian https://t.co/zLYQit7FOK","1896192510642516119","https://pbs.twimg.com/media/GlChB3PaYAAxuwE.jpg","","in","","0","4","0","https://x.com/undefined/status/1896192510642516119","1275368698010730498",
"1896086017545019404","Sun Mar 02 13:13:37 +0000 2025","0","@vexr44 beliau mie ae biasane 4-5 porsi (ramyeon bukan indomie) (normal). nek kelaparan iso 7 :)","1896187136191377720","","vexr44","in","","0","0","0","https://x.com/undefined/status/1896187136191377720","1482268518523359232",
"1896166794492309846","Sun Mar 02 11:52:47 +0000 2025","1","Ngabuburit bukannya hunting takjil malah hunting indomie x NewJeans https://t.co/i7Donj7DUf","1896166794492309846","https://pbs.twimg.com/media/GlCJpoBaIAA3xNJ.jpg","","in","","0","0","0","https://x.com/undefined/status/1896166794492309846","1204749730657402881",
"1896150718509379964","Sun Mar 02 10:48:54 +0000 2025","0","Akhirnya ada juga indomie newjeans postcard https://t.co/4YDGNOAkZX","1896150718509379964","https://pbs.twimg.com/media/GlB7BTCaUAE56eA.jpg","","in","","0","1","0","https://x.com/undefined/status/1896150718509379964","1543948103195439105",
"1896088613085200818","Sun Mar 02 06:42:07 +0000 2025","0","Open jastip NJZ Oh my god it's indomie postcard set with frame Minbel 35k Fee 10k dikirim include indomienya~ (bebas var ramyeon njz) bisa option diberikan ke duafa/ojol yaa Avail 5-6slot https://t.co/0isnJWIYua","1896088613085200818","https://pbs.twimg.com/media/GlBCinFXsAA5bjn.jpg","","in","","1","0","0","https://x.com/undefined/status/1896088613085200818","1145734451428618240",
"1896086852022780407","Sun Mar 02 06:35:07 +0000 2025","2","indomie yg newjeans itu enak ga sih? wkwkwk","1896086852022780407","","","in","","0","5","0","https://x.com/undefined/status/1896086852022780407","1888109854205906944",
"1895846968938905940","Sun Mar 02 06:33:54 +0000 2025","5","@pinkbunnylovey_ sebelum beli Kaka tanya dulu ke kasir nya kurang lebih seperti ini ka maaf beli Indomie minimal 35rb disini. Sudah dapet postcard with frame NewJeans nggak ya? Kalau kasirnya nggak paham. Kaka kasih tau foto ini. semoga membantu ka. https://t.co/uAiWg7cfGb","1896086543804371430","https://pbs.twimg.com/media/GlBAp4rbYAAmi2W.jpg","pinkbunnylovey_","in","","1","1","1","https://x.com/undefined/status/1896086543804371430","1268534467896934407",
"1896083537478205659","Sun Mar 02 06:21:57 +0000 2025","1","Indomie x Newjeans Berhadiah Postcard dan Frame _ Korean Noodles Series ... https://t.co/Q7dc3KGAW1 via @YouTube Mau tau beli dimana? Yuk nonton sampe abis. Buruan keburu abis #indomiexnewjeans #newjeans #njz https://t.co/gir8O1ZVdV","1896083537478205659","https://pbs.twimg.com/media/GlA97HtbQAA19KR.jpg","","in","","0","0","0","https://x.com/undefined/status/1896083537478205659","64603785",
"1896064426463449539","Sun Mar 02 05:59:18 +0000 2025","0","semoga haerin minji hanni @NewJeans_ADOR #OhMyGoodItsIndomie #OhMyGoodItsIndomie #OhMyGoodItsIndomie https://t.co/Fuk1TO8kIh","1896077835296784431","https://pbs.twimg.com/media/GlA4vY5awAAMznM.jpg","rihadita","in","","0","0","0","https://x.com/undefined/status/1896077835296784431","389335185",
"1896033560638996952","Sun Mar 02 03:03:22 +0000 2025","0","di jogja udah ada merch indomie x newjeans belum yah","1896033560638996952","","","in","","0","0","0","https://x.com/undefined/status/1896033560638996952","1617427947178307584",
"1896027723794878913","Sun Mar 02 02:40:10 +0000 2025","215"," udah adaa. cakep bngt packagingnya indomie x newjeans https://t.co/9hDjLKyh7h","1896027723794878913","https://pbs.twimg.com/media/GlALKrSWEAAazb9.jpg","","in","","19","48","4","https://x.com/undefined/status/1896027723794878913","3543482659",
"1896011819975909608","Sun Mar 02 01:36:58 +0000 2025","0","cuss ke indomaret terdekat yg mau dapetin exclusive postcard newjeans!!!!^^ #NewJeans #OhMyGoodItsIndomie https://t.co/1azMsKtKWj","1896011819975909608","https://pbs.twimg.com/media/Gk_8s6AbgAAOq0d.jpg","","in","","0","0","0","https://x.com/undefined/status/1896011819975909608","1464923460874899456",
"1895975568308601205","Sat Mar 01 23:12:55 +0000 2025","3","eh ini sama gasi?? indomie x newjeans ada photocard?? https://t.co/sWFWc54S7Y","1895975568308601205","https://pbs.twimg.com/media/Gk_buw9bQAY8giF.jpg","","in","","0","2","0","https://x.com/undefined/status/1895975568308601205","1680929470394544134",
"1895860111173951750","Sat Mar 01 15:34:08 +0000 2025","0","List Indomie mahal paling rekomended buatku 1. Tori Miso 10/10 2. Spicy Ramyeon 10/10","1895860111173951750","","","in","","0","0","0","https://x.com/undefined/status/1895860111173951750","400789567",
"1895844943731835362","Sat Mar 01 14:33:52 +0000 2025","11","lucu banget #indomie #NewJeans #OhMyGoodItsIndomie https://t.co/23oJx4Lq6W","1895844943731835362","https://pbs.twimg.com/media/Gk9k7YkboAI2qGa.jpg","","in","","0","0","1","https://x.com/undefined/status/1895844943731835362","1574894253699780608",
"1895758137803907083","Sat Mar 01 08:48:56 +0000 2025","2","Yang mau beli indomie korean series di tokped udah tersedia lagi https://t.co/LGg30KZCgA","1895758137803907083","","","in","","0","0","0","https://x.com/undefined/status/1895758137803907083","1756603317508288512",
"1895717989963661617","Sat Mar 01 06:09:24 +0000 2025","0","IH DI ALFA INDO BELUM ADA HADIAH YG INDOMIE NEWJEANS ITU. Hmmmm","1895717989963661617","","","in","","0","0","0","https://x.com/undefined/status/1895717989963661617","1009255521323401216",
"1895702032998416774","Sat Mar 01 06:08:36 +0000 2025","0","@Indomielovers Siap siap CO dan gas beli offline Love indomie love @NJZ_official #OhMyGoodItsIndomie","1895717791447334932","","Indomielovers","in","","0","0","0","https://x.com/undefined/status/1895717791447334932","815400982611791873",
"1895708857571426713","Sat Mar 01 05:56:29 +0000 2025","0","@hyeinizer Iya dia akun tiktok indomie asti dapet dan indomienya yang varian collab newjeans dapat 2 per rasa jadi 6 total","1895714741831811418","","f1xinlong","in","","0","0","0","https://x.com/undefined/status/1895714741831811418","1410969615451099141",
"1895714740984557935","Sat Mar 01 05:56:29 +0000 2025","3","Baru sadar ini Indomie nggak pake NewJeans lagi pakenya nama nama member makasii min","1895714740984557935","","","in","","0","2","0","https://x.com/undefined/status/1895714740984557935","1268534467896934407",
"1895706714521157985","Sat Mar 01 05:24:35 +0000 2025","3","#wts #NewJeans #indomie OPEN JASTIP INDOMIE X NEWJEANS MIE NYA RANDOM SEADANYA DAPAT 6 MIE HARGA :40.000 FEE GO PACK DOM KARAWANG https://t.co/tf5NmAMOuW","1895706714521157985","https://pbs.twimg.com/media/Gk7nM4XbEAAaK2s.jpg","","in","","0","3","0","https://x.com/undefined/status/1895706714521157985","1642610172379148288",
"1895702032998416774","Sat Mar 01 05:05:59 +0000 2025","2833","OH MY GOOD!! Siapa yang mau makan Indomie ditemenin Postcard Set + Frame with Minji Hanni Danielle Haerin dan Hyein? Cukup beli Indomie minimal RP35 000 bisa dapetin Postcard Set + Frame yang isinya 3 foto Minji Hanni Danielle Haerin and Hyein! #OhMyGoodItsIndomie https://t.co/8cc2EXAdXd","1895702032998416774","https://pbs.twimg.com/amplify_video_thumb/1895701956821491712/img/i-6qMW99TeFEubHu.jpg","","in","","209","102","908","https://x.com/undefined/status/1895702032998416774","284428760",
"1895697990565966323","Sat Mar 01 04:49:55 +0000 2025","124","bunnies cepet co Indomie free PC set with frame NewJeans lagi di jual di Tiktok. Langsung join live Indomie sekarang https://t.co/Cp6pyFxdnu https://t.co/fmudiUDosB","1895697990565966323","https://pbs.twimg.com/media/Gk7fRrKbQAE1Q-y.jpg","","in","","11","16","24","https://x.com/undefined/status/1895697990565966323","1268534467896934407",
"1895694601396359454","Sat Mar 01 04:36:27 +0000 2025","398","GEMAS SEKALI BAYI UCULLL POSTCARD INDOMIE X NEWJEANS AKA NJZ #Indomie #NewJeans #NJZ_REDEBUT #njz #indomiexnjz https://t.co/y6ewb80B0M","1895694601396359454","https://pbs.twimg.com/media/Gk7cMQMXgAAu2Sc.jpg","","in","","11","6","72","https://x.com/undefined/status/1895694601396359454","1870015449574121472",
"1895421804409438622","Fri Feb 28 10:32:28 +0000 2025","0","LAH INDOMIE NEWJEANS GUE UDAH BELI TPI PC NYA BARU MAU NONGOL ","1895421804409438622","","","in","","0","0","0","https://x.com/undefined/status/1895421804409438622","1075569438932459520",
"1895107635789304317","Thu Feb 27 13:44:04 +0000 2025","1","Hujan-hujan makan indomie spicy ramyeon enak sih tapi pedes juga ya wkwkwk","1895107635789304317","","","in","","0","1","0","https://x.com/undefined/status/1895107635789304317","1708884272411742208",
"1895082747783454939","Thu Feb 27 12:05:10 +0000 2025","0","ujan ujan nonton encok ditemenin ramyeon indo alias indomie manteupp bat ini","1895082747783454939","","","in","","0","0","0","https://x.com/undefined/status/1895082747783454939","1513049255157854214",
"1894674452912492677","Wed Feb 26 09:02:45 +0000 2025","0","INDOMIE NEWJEANS YANG BIRU ENAK BANGET ","1894674452912492677","","","in","","0","1","0","https://x.com/undefined/status/1894674452912492677","1197207721612734464",
"1894641600040767941","Wed Feb 26 06:52:12 +0000 2025","0","lamaaaa bgt ga makan mi instan trs hr ini nyoba indomie korean spicy ramyeon enak beneran pedes ","1894641600040767941","","","in","","0","2","0","https://x.com/undefined/status/1894641600040767941","277309562",
"1894477261019254797","Wed Feb 26 04:01:35 +0000 2025","0","@bluesmiley_ Betuuull mau beli indomie yg newjeans kaga ada","1894598661088448581","","bluesmiley_","in","","0","0","0","https://x.com/undefined/status/1894598661088448581","2493761792",
"1894360486650450215","Tue Feb 25 12:50:07 +0000 2025","0","@FOODFESS2 indomie spicy ramyeon yg bungkus biru itu enakkkkk loh surprisingly","1894369283649802724","","FOODFESS2","in","","0","0","0","https://x.com/undefined/status/1894369283649802724","1603972858874859520",
"1894360486650450215","Tue Feb 25 12:22:51 +0000 2025","0","@FOODFESS2 Indomie spicy ramyeon yg varian baru itu","1894362421231587577","","FOODFESS2","in","","0","0","0","https://x.com/undefined/status/1894362421231587577","1608316813774823425",
"1894343494594171137","Tue Feb 25 11:07:38 +0000 2025","0","spicy ramyeon indomie itu enak banget plijjj","1894343494594171137","","","in","","0","0","0","https://x.com/undefined/status/1894343494594171137","1369594123460616192",
"1894012951763341349","Tue Feb 25 10:50:16 +0000 2025","0","@convomf Indomie Coto Makassar Indomie Spicy Ramyeon dan Indomie Soto Banjar Limau Kuit.","1894339122996940957","","convomf","in","","0","0","0","https://x.com/undefined/status/1894339122996940957","1663722582997340161",
"1893609246832353647","Sun Feb 23 10:30:00 +0000 2025","1","Biar vibes Korea makin terasa di #WeekendProjectTRANS7 &amp; #SoundOfLoveTRANS7 seruput Indomie Korea Ramyeon Series dulu dong! Rasanya otentik cocok buat nemenin nonton konser! 🇰🇷 Kapan sih event-nya? ️23 Februari 2025 Senayan Park Jakarta LIVE DI TRANS7 19:30 WIB [FREE https://t.co/dp7HwsL0j9","1893609246832353647","https://pbs.twimg.com/media/GkZsO4DaoAIB5hj.jpg","","in","","0","0","0","https://x.com/undefined/status/1893609246832353647","124839730",
"1893579047872979008","Sun Feb 23 08:30:00 +0000 2025","124","#WeekendProjectTRANS7 &amp; #SoundOfLoveTRANS7 udah rame tapi bakal lebih rame kalau kamu cobain Indomie Korea Ramyeon Series! Lagi ngantri nonton artis favorit? Seruput dulu dong! Kapan sih event-nya? ️23 Februari 2025 Senayan Park Jakarta LIVE DI TRANS7 19:30 WIB https://t.co/WSOhjwfBKI","1893579047872979008","https://pbs.twimg.com/media/GkZs-EhWMAAbCjj.jpg","","in","","0","0","10","https://x.com/undefined/status/1893579047872979008","124839730",
"1893533749188420043","Sun Feb 23 05:30:00 +0000 2025","1","Musik udah temen udah tapi masih kurang satu Indomie Korea Ramyeon Series dong! Cus cobain biar makin full team! Kapan sih event-nya? ️23 Februari 2025 Senayan Park Jakarta LIVE DI TRANS7 19:30 WIB [FREE ENTRY] #WeekendProjectTRANS7 &amp; #SoundOfLoveTRANS7 https://t.co/YpnPzids17","1893533749188420043","https://pbs.twimg.com/media/GkZs6wUaoAEi41A.jpg","","in","","0","0","0","https://x.com/undefined/status/1893533749188420043","124839730",
"1893346353385783496","Sat Feb 22 17:05:21 +0000 2025","0","Indomie goreng Indomie premium Korean spicy ramyeon (yang bungkus biru) Indomie goreng aceh","1893346353385783496","","","in","","0","0","0","https://x.com/undefined/status/1893346353385783496","3548098166",
"1893318203264376862","Sat Feb 22 15:13:30 +0000 2025","137","Udah ada line-up favoritmu di #WeekendProjectTRANS7 tapi udah ada camilan favoritmu belum? Indomie Korea Ramyeon Series siap nemenin kamu nge-vibes di #SoundOfLoveTRANS7 Kapan sih event-nya? ️23 Februari 2025 Senayan Park Jakarta LIVE DI TRANS7 19:30 WIB [FREE https://t.co/bBdGkZwueP","1893318203264376862","https://pbs.twimg.com/media/GkZotm-WIAA1S12.jpg","","in","","0","1","16","https://x.com/undefined/status/1893318203264376862","124839730",
"1893316589682073731","Sat Feb 22 15:07:05 +0000 2025","0","Musiknya kenceng suasananya seru tapi kurang lengkap tanpa yang pedes-pedes! Coba Indomie Korea Ramyeon Series di Weekend Project. Rasa Korea yang otentik ada di #WeekendProjectTRANS7 &amp; #SoundOfLoveTRANS7 🇰🇷 Kapan sih event-nya? ️23 Februari 2025 Senayan Park Jakarta https://t.co/s7Za64KFmz","1893316589682073731","https://pbs.twimg.com/media/GkZpZPAaoAQmAj2.jpg","","in","","0","0","0","https://x.com/undefined/status/1893316589682073731","124839730",
"1893276057081401857","Sat Feb 22 12:26:02 +0000 2025","0","gk espek indomie spicy ramyeon pedes bgt","1893276057081401857","","","in","","0","0","0","https://x.com/undefined/status/1893276057081401857","407650770",
"1893192797676576779","Sat Feb 22 06:55:11 +0000 2025","1","Mau tau dong Indomielovers selama ini kalo makan Indomie Spicy Ramyeon kaya gimana? ","1893192797676576779","","","in","","0","0","0","https://x.com/undefined/status/1893192797676576779","284428760",
"1893171473197736053","Sat Feb 22 05:30:27 +0000 2025","7","Siapa yang keinginannya tergantung sama isi FYPnya? Tenang aja kalau kamu BM ramyeon yang pedas creamy pasti cocok dengan kenikmatan saus rose yang creamy dan otentik Korea di Indomie K-Rose lhooo~ #OhMyGoodItsIndomie https://t.co/k5oHQxFq8U","1893171473197736053","https://pbs.twimg.com/amplify_video_thumb/1893171405975625730/img/9_XkzgQLPG6RHklg.jpg","","in","","0","0","0","https://x.com/undefined/status/1893171473197736053","284428760",
"1892910390008271235","Fri Feb 21 12:13:00 +0000 2025","0","Ngapain sedih kalo ada indomie spicy ramyeon (ENAK BGT????!) https://t.co/0ca72wWa4M","1892910390008271235","https://pbs.twimg.com/media/GkT38vNWMAA43J_.jpg","","in","","0","1","0","https://x.com/undefined/status/1892910390008271235","1613785930602778624",
"1892825758982123675","Fri Feb 21 06:36:42 +0000 2025","6","Berarti udah gak main-main nih masalahnya untung ada Indomie Fiery Chikin yang rasanya otentik ala ayam goreng Korea bisa buat semangat kamu lagi deh #OhMyGoodItsIndomie https://t.co/WkYQ3oXT7J","1892825758982123675","https://pbs.twimg.com/amplify_video_thumb/1892825678221103106/img/OsGhSrkaY52g1Gpu.jpg","","in","","1","0","0","https://x.com/undefined/status/1892825758982123675","284428760",
"1892741228418027693","Fri Feb 21 01:00:48 +0000 2025","0","Kalo newjeans jadi BA indomie kok gadapat PCnya pas beli indomie","1892741228418027693","","","in","","0","0","0","https://x.com/undefined/status/1892741228418027693","1153166158977126401",
"1892603483213455802","Thu Feb 20 15:53:27 +0000 2025","0","padahal gw udh makan mie ayam tapi karna liat enha makan ramyeon jadi pengen indomie kari:)","1892603483213455802","","","in","","0","0","0","https://x.com/undefined/status/1892603483213455802","885439358810996737",
"1892444859019251794","Thu Feb 20 05:23:08 +0000 2025","0","Indomie soto koya pedas dower trnyta cm kek indomie soto ketambah rawit merah sebiji. So so aja pedesnya masi pedes yg spicy ramyeon","1892444859019251794","","","in","","0","0","0","https://x.com/undefined/status/1892444859019251794","1230889038552457229",
"1892420334659203124","Thu Feb 20 03:45:41 +0000 2025","0","NEW FLAVORS ALERT! Indomie Lovers ready for a flavor explosion?! Yuk cobain Korea Ramyeon Series terbaru kami; Spicy Ramyeon Fiery Chickin dan K-Rose. Setiap rasa menawarkan keunikan dan otentik Korea! Varian mana yang akan jadi favorit kamu? #OhMyGoodItsIndomie RamyeonSeries https://t.co/mXlfFbQmIy","1892420334659203124","https://pbs.twimg.com/amplify_video_thumb/1892420260877520897/img/DXYXiIlHJCFp_szM.jpg","","in","","0","0","0","https://x.com/undefined/status/1892420334659203124","298741535",
"1892244853192364485","Wed Feb 19 16:08:23 +0000 2025","0","kapok beli indomie ramyeon series GAADA YG ENAK jirrrr","1892244853192364485","","","in","","0","0","0","https://x.com/undefined/status/1892244853192364485","1409404092280049667",
"1891865820101255317","Tue Feb 18 15:02:15 +0000 2025","0","menyesali perbuatan ku yang siangnya mam seblak pedes malamnya makan indomie spicy ramyeon ","1891865820101255317","","","in","","0","0","0","https://x.com/undefined/status/1891865820101255317","1593061625132568577",
"1891796654925422598","Tue Feb 18 10:27:25 +0000 2025","3","Baru sampe rumah abis konseran Tapi udah kangen lagi sama Idol Untungnya ambil banyak fancam yang bisa diliatin lagi sambil makan Indomie Spicy Ramyeon yang pedas gurih segar buat nemenin kamu yang gagal move on dari konser Indomielovers! #OhMyGoodItsIndomie https://t.co/XDhFDgrADg","1891796654925422598","https://pbs.twimg.com/amplify_video_thumb/1891796581986549760/img/xtFU_UDVNfFxU8Kn.jpg","","in","","0","0","0","https://x.com/undefined/status/1891796654925422598","284428760",
"1891762132506509427","Tue Feb 18 08:10:14 +0000 2025","0","indomie fiery chikin oke sih tapi gila ini spicy ramyeon pedes banget anjir","1891762132506509427","","","in","","0","0","0","https://x.com/undefined/status/1891762132506509427","264020427",
"1891500098338562391","Mon Feb 17 14:49:00 +0000 2025","1","Indomie ramyeon rose menurutku enak2 aja sih. Kirain bakal aneh bgt ternyata masih ok kok. Gak sejelek itu masih bisa dihabisin sambil dinikmati dan kuanggap enak. ","1891500098338562391","","","in","","0","0","0","https://x.com/undefined/status/1891500098338562391","973393893768151040",
"1891126003528831380","Sun Feb 16 14:02:29 +0000 2025","35","guys kalo kesel makan indomie atau ramyeon aja biar kaya noah","1891126003528831380","","","in","","1","9","0","https://x.com/undefined/status/1891126003528831380","3881457733",
"1890756897344553402","Sat Feb 15 14:00:53 +0000 2025","0","@flythcv bukan itu ramyeon indomie yg bru ","1890763214817808759","","flythcv","in","","0","0","0","https://x.com/undefined/status/1890763214817808759","1293354536979980289",
"1890727425098613049","Sat Feb 15 11:38:40 +0000 2025","0","Apa cuma gue yang ngerasa kalo rasa indomie spicy ramyeon itu aneh? tapi katanya enak","1890727425098613049","","","in","","0","1","0","https://x.com/undefined/status/1890727425098613049","1803106787949961216",
"1890307322800394740","Fri Feb 14 07:49:20 +0000 2025","1","Mafa : indomie korea biru yang newjeans Mifa : nipis jeruk","1890307322800394740","","","in","","0","1","0","https://x.com/undefined/status/1890307322800394740","857962977714069504",
"1890255813106934232","Fri Feb 14 04:28:31 +0000 2025","0","@euphonioas Ada tau perawat yang ngeluh di tiktok tentang pasien yang udah diingetin dokternya buat pantang makan ini itu eh dia malah makan indomie spicy ramen yang diiklanin newjeans gblk banget dah. Terus biar apa minta dirawat? Biar nyusahin dokternya kah?","1890256783186546799","","euphonioas","in","","0","1","0","https://x.com/undefined/status/1890256783186546799","1802674899938664448",
"1890020632106070334","Thu Feb 13 13:40:41 +0000 2025","0","@lampungbase indomie korean series yang ramyeon sihh enak bgt nder","1890033352822120508","","lampungbase","in","","0","0","0","https://x.com/undefined/status/1890033352822120508","1448990293286477830",
"1890032799887110314","Thu Feb 13 13:38:29 +0000 2025","0","Tengs indomie udh bkin Mie kuah Spicy Ramyeon bener2 enakkkkkkkk bgt pedes beneran nampol. Tp klo w tambahin cabe setanagi 3pcs sama orak arik telurrrr omegaaa love it","1890032799887110314","","","in","","0","0","0","https://x.com/undefined/status/1890032799887110314","1089515873243607041",
"1890032388807479612","Thu Feb 13 13:36:51 +0000 2025","0","Review Indomie ramyeon edition: rasanya seperti biasa pedasnya juga lumayan pedas tapi nggak pedas-pedas banget. Jadi penasaran versi mie instannya https://t.co/TOBWr1FwrJ","1890032388807479612","https://pbs.twimg.com/media/Gjq-ZbjbsAAi5sr.jpg","","in","","0","0","0","https://x.com/undefined/status/1890032388807479612","1850850265190277120",
"1889687979590902253","Wed Feb 12 14:48:17 +0000 2025","0","@ hisenk kl jadi BA indomie/shin ramyeon ngobrol plis gue takut kejadian kayak samyang ajg","1889687979590902253","","","in","","0","0","0","https://x.com/undefined/status/1889687979590902253","1369498689694171136",
"1889640397544083703","Wed Feb 12 11:39:13 +0000 2025","0","tiba² kepikiran pengen ngasih yushi mie gaga jalapeno sama indomie korean ramyeon since he likes ramyeon esp the spicy ones. tapi gimana caranya wkwk","1889640397544083703","","","in","","0","0","0","https://x.com/undefined/status/1889640397544083703","389381727",
"1889624157001830769","Wed Feb 12 10:51:35 +0000 2025","0","@MawJihoon mie gaga yang jalapeno (yang kuah) tapi ini kalo gak kuat pedes dan baru pertama kali makan jadi pedes mampuss. terus mie selera pedas yang rasa sapi pedas indomie tori kara sama yang spicy ramyeon mushroom itu juga enak!","1889628411942883587","","MawJihoon","in","","0","1","0","https://x.com/undefined/status/1889628411942883587","1370310060648243200",
"1889595886377861563","Wed Feb 12 08:42:20 +0000 2025","0","tl gue isinya jake samyang tp iklannya indomie newjeans :)","1889595886377861563","","","in","","0","0","0","https://x.com/undefined/status/1889595886377861563","1292346531740172289",
"1889315476037374104","Tue Feb 11 14:08:05 +0000 2025","1","Indomie Ramyeon + telur asin https://t.co/oKsP6iNZ1J","1889315476037374104","https://pbs.twimg.com/media/GjgyZ2mbMAEJT3W.jpg","","in","","0","0","0","https://x.com/undefined/status/1889315476037374104","4769448206",
"1889288873353822307","Tue Feb 11 14:02:26 +0000 2025","0","@ihanssi Pls cobain indomie newjeaNs!! Yg biru","1889314051190313419","","ihanssi","in","","0","1","0","https://x.com/undefined/status/1889314051190313419","732058375014494208",
"1889285549644792106","Tue Feb 11 12:09:10 +0000 2025","0","makan malam indomie nj spicy ramyeon pakai nori kesukaankuuu ","1889285549644792106","","","in","","0","0","0","https://x.com/undefined/status/1889285549644792106","1871454360343085057",
"1889268639729373327","Tue Feb 11 11:57:45 +0000 2025","0","@Daska_Lt Ini fase di tl ku jugakk bahkan sampe ke youtube kayak 2 minggu lebih padahal gapernah ngesearch/beli produk itu di gugel/e-commerce Tp sekarang sudah engga sih iklan tlku sudah provider sama indomie newjeans","1889282673614729608","","Daska_Lt","in","","0","1","0","https://x.com/undefined/status/1889282673614729608","1537106111870173184",
"1889130345058255289","Tue Feb 11 01:52:27 +0000 2025","0","spicy ramyeon indomie pake keju oles enak juga WAKAKAKAKAKAK KAGET 🇮🇩","1889130345058255289","","","in","","0","1","0","https://x.com/undefined/status/1889130345058255289","1069123419445190657",
"1888830884620677601","Tue Feb 11 01:45:16 +0000 2025","1","@TheZxcvbnm000 @_mardial_ bilang kek gini ke orang yg project music nya dipake buat iklan indomie newjeans","1889128537787121707","","TheZxcvbnm000","in","","0","0","0","https://x.com/undefined/status/1889128537787121707","1175989678589136896",
"1888933291329499170","Mon Feb 10 12:49:25 +0000 2025","0","ini keknya gw mw bgt makan indomie newjeans tp wkt itu blm punya meja dapur... gatau knp tweetnya kepotong wakkwkw","1888933291329499170","","","in","","0","0","0","https://x.com/undefined/status/1888933291329499170","1181513715377553408",
"1888919925064180174","Mon Feb 10 11:56:19 +0000 2025","0","wkwkwk lucu bgt bukan ramyeon meokgo gallae tp Indomie ️","1888919925064180174","","","in","","0","0","0","https://x.com/undefined/status/1888919925064180174","1398252161893429253",
"1888837445635948704","Mon Feb 10 06:28:34 +0000 2025","0","INI KENAPA INDOMIE SPICY RAMYEON SEPEDES INI GA EKSPEK SEPEDES INI PADAHAL","1888837445635948704","","","in","","0","0","0","https://x.com/undefined/status/1888837445635948704","1550796226529882112",
"1888578862034112527","Sun Feb 09 13:21:03 +0000 2025","0","INDOMIE SPICY RAMYEON PEDES BANGET ANJIRR","1888578862034112527","","","in","","0","7","0","https://x.com/undefined/status/1888578862034112527","1840078484657610752",
"1888210040794018160","Sat Feb 08 12:55:29 +0000 2025","0","indomie kapan ada pc newjeans/njz nya ","1888210040794018160","","","in","","0","0","0","https://x.com/undefined/status/1888210040794018160","1617172912263565312",
"1888209795330539760","Sat Feb 08 12:54:31 +0000 2025","0","indomie newjeans enak ga si?","1888209795330539760","","","in","","0","3","0","https://x.com/undefined/status/1888209795330539760","1508415143826583553",
"1888050024598401318","Sat Feb 08 02:19:38 +0000 2025","2","cobain rasa baru dari @Indomielovers bumbunya enak! tapi buat yg ga bisa tahan pedes (toleran pedesnya cupu pake bgt) kayak aku ini beneran pedesnext bumbu TRUS SEDIH BGT ODENG KU CUMA DAPAT SATUUU rasa odengnya se odeng itu TOP #KoreanRamyeonSeries #OhMyGoodItsIndomie https://t.co/4690BimtJ3","1888050024598401318","https://pbs.twimg.com/media/GjOzd_naQAEoYHP.jpg","","in","","0","0","0","https://x.com/undefined/status/1888050024598401318","1427198775424995330",
"1887851869810073715","Fri Feb 07 13:12:15 +0000 2025","0","indomie spicy ramyeon skrg emang udah ngga pedes kahh? ","1887851869810073715","","","in","","0","1","0","https://x.com/undefined/status/1887851869810073715","762992261126696960",
"1887569642354581927","Thu Feb 06 18:30:46 +0000 2025","0","makan Indomie spicy ramyeon tiap hari biar inget Haerin terussssss","1887569642354581927","","","in","","0","0","0","https://x.com/undefined/status/1887569642354581927","520506500",
"1887555417724813778","Thu Feb 06 17:35:39 +0000 2025","0","gopud nasgor bejo atau buat indomie newjeans yh","1887555771916845468","","flashdyx","in","","0","0","0","https://x.com/undefined/status/1887555771916845468","1787844902765944832",
"1887406665991135238","Thu Feb 06 08:02:13 +0000 2025","0","@Boocarisweat udah mam indomie newjeans","1887411462467166236","","Boocarisweat","in","","0","1","0","https://x.com/undefined/status/1887411462467166236","1419451067037716480",
"1887397169994604771","Thu Feb 06 07:05:26 +0000 2025","0","aku balik dorm trus selorong bau indomie soto gile enak bgt baunya jd laper siapa yang masak indomie soto‍️ woi lah ramyeon instan disini gaada yg sesedep ini baunya","1887397169994604771","","","in","","0","0","0","https://x.com/undefined/status/1887397169994604771","361696043",
"1887096644338163879","Wed Feb 05 11:11:15 +0000 2025","1","jgnkan ini mereka collab indomie sama NewJeans aja waktu menang penghargaan dikasih ucapan selamat baik bgt kata aku teh sampe hal yg kaya gitu jg mereka perhatiin","1887096644338163879","","","in","","0","0","0","https://x.com/undefined/status/1887096644338163879","1237183860",
"1886469105555005461","Tue Feb 04 10:15:25 +0000 2025","0","@chiizz13 Masalahnya susah nyarinya ya guis... Apalagi kayaknya ada beberapa yang udah discontinue. Kayaknyaaa... Eh itu Indomie x Newjeans dah coba?","1886720208511099158","","chiizz13","in","","0","1","0","https://x.com/undefined/status/1886720208511099158","903031793170788353",
"1886714195351396813","Tue Feb 04 09:51:32 +0000 2025","0","soto banjar tori miso indomie newjeans yang pink","1886714195351396813","","","in","","0","0","0","https://x.com/undefined/status/1886714195351396813","1243565988190326788",
"1886682782153498790","Tue Feb 04 07:46:42 +0000 2025","2","Indomie enak sih nih beli ramyeon ah ke bawah","1886682782153498790","","","in","","1","2","0","https://x.com/undefined/status/1886682782153498790","1585967851281620993",
"1886670875652694406","Tue Feb 04 07:32:50 +0000 2025","1","@nyenyo_0 indomie yang bungkus biru apa tuh yang sama newjeans sama mie sedap laksa","1886679293058855229","","nyenyo_0","in","","0","0","0","https://x.com/undefined/status/1886679293058855229","1796128876558774272",
"1886649887552626739","Tue Feb 04 05:36:00 +0000 2025","0","kt aku lidah newborn ini gaush so so an makan indomie newjeans dh","1886649887552626739","","","in","","0","0","0","https://x.com/undefined/status/1886649887552626739","1635263868971921410",
"1886456470537228795","Mon Feb 03 16:47:25 +0000 2025","0","INDOMIE KOREAN RAMYEON FIERY CHIKIN YANG BUNGKUSNYA WARNA MERAH ENAAKKK BROOO tapi kurang banyak ","1886456470537228795","","","in","","0","0","0","https://x.com/undefined/status/1886456470537228795","1652643220273397761",
"1886407146872701016","Mon Feb 03 16:01:26 +0000 2025","0","@clevernonie indomie newjeans yg gada minyak nya aja aku kasi minyak sendiri ","1886444897647112452","","clevernonie","in","","0","1","0","https://x.com/undefined/status/1886444897647112452","1307164523476840449",
"1886422545429311767","Mon Feb 03 14:32:37 +0000 2025","0","Makasih banyak @Indomielovers udah menciptakan indomie spicy ramyeon","1886422545429311767","","","in","","0","0","0","https://x.com/undefined/status/1886422545429311767","2578684231",
"1886391221389500507","Mon Feb 03 12:28:09 +0000 2025","0","indomie newjeans yang enak yang mana ya?","1886391221389500507","","","in","","0","1","0","https://x.com/undefined/status/1886391221389500507","1547738664213524480",
"1886199364357656601","Mon Feb 03 01:34:18 +0000 2025","1","@hosxea jadwal mabar + nobar : senin: indomie goreng selasa: indomie aceh rabu: indomie soto kamis: indomie ayam geprek jumat: indomie kari ayam sabtu: pop mie spicy ramyeon minggu: pop mie tori miso","1886226676021129250","","hosxea","in","","0","1","1","https://x.com/undefined/status/1886226676021129250","1675417901111869440",
"1882982125248610324","Sat Jan 25 03:21:23 +0000 2025","0","@71zhuo Mie bihun trus ramyeon sama indomie rendang","1882992134271435225","","71zhuo","in","","0","0","0","https://x.com/undefined/status/1882992134271435225","1859802945241612289",
"1882782633777893579","Fri Jan 24 16:07:26 +0000 2025","0","@ddoingdoyi Yakann!! Tadinya mau di tas aja jd electric blue tp kebetulan kayanya gue jg mau pake tas yg dr indomie newjeans itu sih yg pink dia spacious tp pvc yg ga begitu bening bgt jd okelah mnurut gue tp ttp ga masuk ke dc wkwkwkwk iyaa ijo gitu cat nya ala jennie yg era dia two tone","1882822528865009837","","ddoingdoyi","in","","0","1","0","https://x.com/undefined/status/1882822528865009837","3117606373",
"1882809050108432884","Fri Jan 24 15:13:53 +0000 2025","0","Astagfirullah emang udah bener indomie aja. Nggak usah ramyeon ramyeon","1882809050108432884","","","in","","0","0","0","https://x.com/undefined/status/1882809050108432884","1799081242186637312",
"1882790568390234116","Fri Jan 24 14:00:26 +0000 2025","0","tadii sore abis beli kopi sama indomie korean series yang spicy ramyeon","1882790568390234116","","","in","","0","0","0","https://x.com/undefined/status/1882790568390234116","1448990293286477830",
"1882759108912447611","Fri Jan 24 12:20:40 +0000 2025","0","@imnotfyth Rasanya kayak gimana tuh indomie newjeans? Tadi habis mam indomie kari ayam. Saya cuma suka yang original rendang sama kari ayam wkwkw.","1882765462242800062","","imnotfyth","in","","0","1","0","https://x.com/undefined/status/1882765462242800062","1835386921809514496",
"1882761511346880941","Fri Jan 24 12:04:58 +0000 2025","0","Lagi cobain booth indomie x new jeans di summarecon serpong Dan bisa nyobain makan ramyeon full toping cuman 15k Mana cuman sampai hari minggu sih jadi buru2 nyobain pulang kerja https://t.co/t4BnEz19k5","1882761511346880941","https://pbs.twimg.com/media/GiDpm6uaYAAz8we.jpg","","in","","0","0","0","https://x.com/undefined/status/1882761511346880941","903851652490264576",
"1882715055101538369","Fri Jan 24 09:00:22 +0000 2025","9","Halo Warga Tangerang dan sekitarnyaa!! Oh My Good Mart kali ini mampir di Tangerang nih mulai Hari ini Tanggal 24 - 26 Januari 2025 di Atrium Circle Summarecon Mall Serpong Yuk datang &amp; ramaikan karena ini adalah Oh My Good Mart di Kota terakhir! #OhMyGoodItsIndomie https://t.co/xo09EzMqzx","1882715055101538369","https://pbs.twimg.com/media/GiC_WHEb0AAMGWl.jpg","","in","","0","0","2","https://x.com/undefined/status/1882715055101538369","284428760",
"1882369553675502003","Fri Jan 24 08:56:34 +0000 2025","0","@moviemnfs Ciptakan karakternya sendiri itu adapt sama karakter original gak? Karena satu dan lain hal adaptasi itu ya gimana kita mengadopsi dan adaptasi sesuai dengan culture dan budaya yang ada. Orang korea makan ramyeon masa kita makan indomie? Walo sejatinya sama-sama mi instant tapi","1882714098997326189","","moviemnfs","in","","0","0","0","https://x.com/undefined/status/1882714098997326189","1358109983691317252",
"1882701450742292498","Fri Jan 24 08:06:19 +0000 2025","0","Nampak seorang bro tersenyum senyum beli Indomie x Newjeans. Bro is cultured","1882701450742292498","","","in","","0","0","0","https://x.com/undefined/status/1882701450742292498","136208582",
"1882658205177897020","Fri Jan 24 05:14:28 +0000 2025","0","indomie yg ramyeon warna biru itu enak ternyata","1882658205177897020","","","in","","0","1","0","https://x.com/undefined/status/1882658205177897020","1874393521010200576",
"1882489040932606345","Thu Jan 23 18:10:48 +0000 2025","0","@goodlluke cobain indomie korean spicy ramyeon yg biru itu enak poll dupenya samyang menurutku","1882491185778082034","","goodlluke","in","","0","1","0","https://x.com/undefined/status/1882491185778082034","1414076732131319808",
"1882450644138861009","Thu Jan 23 15:29:42 +0000 2025","0","plisss jangan ilangin indomie yg korean ramyeon series huhuuu i'm begging @Indomielovers","1882450644138861009","","","in","","0","0","0","https://x.com/undefined/status/1882450644138861009","1168492587084218370",
"1882441175984120317","Thu Jan 23 14:52:05 +0000 2025","0","Mens hari pertama tu rungsiiiing bgt kan ya segala sakit. Tadi dibeliin indomie spicy ramyeon sm es krim juga sm suamiku. Lgsg mendingannn wkwkw enak bgttttt makasih ya Allah","1882441175984120317","","","in","","0","0","0","https://x.com/undefined/status/1882441175984120317","2160589908",
"1879121282408587488","Thu Jan 23 06:54:43 +0000 2025","2","@ngePopMie demi apapaun aku bukan buzer popmie tapi sumpa popmie ramyon x newjeans yng warna merah enak banget demi apapun ga boong. cuma kurang pedes aja. kmren aku baru nyoba itu kucampur saos itam yang pedas sumpa enak bet. yang warna biru mines si enakan indomie yang rasa soto biasa","1882321042481545528","","ngePopMie","in","","0","0","0","https://x.com/undefined/status/1882321042481545528","1833404437400068096",
"1882222919671267625","Thu Jan 23 00:24:48 +0000 2025","0","mau buat indomie ramyeon mari kita rate seberapa enak","1882222919671267625","","","in","","0","2","0","https://x.com/undefined/status/1882222919671267625","1537901259822223362",
"1882116417463726294","Wed Jan 22 17:21:36 +0000 2025","0","Shin ramyeon jamur Shin ramyeon seafood bulgogi Omoide kake udon Indomie goreng yang biasa Samyang","1882116417463726294","","","in","","0","0","0","https://x.com/undefined/status/1882116417463726294","1681631087800516609",
"1882030509246881866","Wed Jan 22 13:55:35 +0000 2025","0","@oshkaisxoxo Kemarin aku abis coba mi indomie yg spicy ramyeon sama rose itu.. enak ternyata","1882064570031931640","","oshkaisxoxo","in","","0","1","0","https://x.com/undefined/status/1882064570031931640","1448431543316189188",
"1882053647716196823","Wed Jan 22 13:12:11 +0000 2025","0","tolong info indomie newjeans rasa paling enakkk mo ke supermarket nii","1882053647716196823","","","in","","0","0","0","https://x.com/undefined/status/1882053647716196823","1854958496208633857",
"1881971367920222504","Wed Jan 22 09:01:16 +0000 2025","0","@tanyarlfes Indomie goreng sama spicy ramyeon https://t.co/SwFpaFFP7T","1881990502670844323","https://pbs.twimg.com/media/Gh4sYj1bYAAsNv1.jpg","tanyarlfes","in","","0","0","1","https://x.com/undefined/status/1881990502670844323","1664263972328198144",
"1881930549633392724","Wed Jan 22 05:03:02 +0000 2025","1","first time nyobain indomie newjeans mnurut gw ini cocok buat yg suka tekstur ramyeon krn mienya lebar &amp; chewy kuahnya enak sih mirip sama shin ramyeon cm lebih spicy &amp; kuat bumbunya di gue agak kureng krn gw lebih suka tipe mie yg kecil kurus https://t.co/Gn1TNak1aI","1881930549633392724","https://pbs.twimg.com/media/Gh312CYboAAYEAF.jpg","","in","","0","2","0","https://x.com/undefined/status/1881930549633392724","1610242667400818688",
"1881755863859573195","Tue Jan 21 17:28:53 +0000 2025","1","dengan kesadaran penuh tengah malem bikin indomie rose ramyeon + telor. bener-bener jam rawan","1881755863859573195","","","in","","0","0","0","https://x.com/undefined/status/1881755863859573195","2243482296",
"1881731080555995194","Tue Jan 21 15:50:25 +0000 2025","0","btw indomie yang diiklanin newjeans pedes bgt bjir","1881731080555995194","","","in","","0","1","0","https://x.com/undefined/status/1881731080555995194","1718956006255046656",
"1881634164484841954","Tue Jan 21 15:19:03 +0000 2025","0","@delightedIy Ngomong-ngomong aku habis makan Indomie Ramyeon K-Rose.","1881723189904183582","","delightedIy","in","","0","1","0","https://x.com/undefined/status/1881723189904183582","1555425338456678400",
"1881317074242342997","Tue Jan 21 15:02:15 +0000 2025","0","@FOODFESS2 indomie spicy ramyeon gada lawann https://t.co/nQso2JOeQv","1881718960531689872","https://pbs.twimg.com/media/Gh01aycbAAEn0V7.jpg","FOODFESS2","in","","0","0","0","https://x.com/undefined/status/1881718960531689872","1553335039404158982",
"1881401667951931584","Tue Jan 21 11:11:17 +0000 2025","0","@chzomiyeon Hallo kak Miyeon!! Paling suka mie apa nih? Mie ayam? Mie goreng? Ramyeon? Indomie? Seleraku?","1881660835594154115","","chzomiyeon","in","","0","1","0","https://x.com/undefined/status/1881660835594154115","849378690580586496",
"1881567002671927625","Tue Jan 21 05:10:17 +0000 2025","0","@stayracha03 Indomie kak yg sama newjeans/? Ga tau pokoknya yg bungkus nya pink hehehe","1881569987732853180","","stayracha03","in","","0","1","0","https://x.com/undefined/status/1881569987732853180","1362937575938224130",
"1881539486741598671","Tue Jan 21 03:09:05 +0000 2025","0","Halo @Indomielovers aku mau kasih feedback soal varian Indomie NewJeans. Tadi aku baru buka salah satu bungkusnya dan ada beberapa hal yang mengganggu. Semoga bisa jadi perhatian ya! https://t.co/7w5vPmWIBY","1881539486741598671","https://pbs.twimg.com/media/GhySL0tawAAy6BG.jpg","","in","","0","1","0","https://x.com/undefined/status/1881539486741598671","707197668624171008",
"1881288252122161616","Mon Jan 20 10:30:46 +0000 2025","0","mau nanya sbnernya Indomie korea yg newjeans itu yg rekomen rasa apa? kok aku ragu2 tiap mau beli yaa","1881288252122161616","","","in","","0","18","0","https://x.com/undefined/status/1881288252122161616","1485971795073466368",
"1880910417624789227","Sun Jan 19 09:29:23 +0000 2025","1","indomie spicy ramyeon enak anjayy pedesnya mantep https://t.co/09VeI9tSNM","1880910417624789227","https://pbs.twimg.com/media/GhpWDoAaAAAJeeH.jpg","","in","","0","0","0","https://x.com/undefined/status/1880910417624789227","1291207077826764802",
"1880858412839583956","Sun Jan 19 06:02:44 +0000 2025","0","aduh ada newjeans indomie di paskal tp gua males","1880858412839583956","","","in","","0","0","0","https://x.com/undefined/status/1880858412839583956","1477911323967057920",
"1880832519400292488","Sun Jan 19 04:19:51 +0000 2025","0","tdinya hari ini pgn ke paskal:( ke booth indomie newjeans tapi malah sakitttt ke kampus tiap hari bgt smpe kmren pas sempro gaada suara:'","1880832519400292488","","","in","","0","0","0","https://x.com/undefined/status/1880832519400292488","1552189713976414210",
"1880772100824445401","Sun Jan 19 01:29:18 +0000 2025","0","@dynsalja Ah i see aku 2 telor klo indomie biasanya karena mienya dikit kan. Shin ramyeon tuh makan mie doang aja udah kenyang ","1880789601058779551","","dynsalja","in","","0","1","0","https://x.com/undefined/status/1880789601058779551","1381786915599310850",
"1880636684032991634","Sat Jan 18 15:21:40 +0000 2025","0","Noraebang Paskal Indomie x Newjeans tp aku ga videoin semua karena keseringan headbanging Sempet juga duduk di backstage saking capeknya maaf tapi aku ngevibe semua lagu KPOP grup BTS NCT Aespa Twice msh banyak lagi yg gilak dan aku nyesel ga rekam video amatir https://t.co/JykmEPB1Pb","1880636684032991634","https://pbs.twimg.com/ext_tw_video_thumb/1880636256989990912/pu/img/jjL0tMVw0HFr6n3R.jpg","","in","","0","1","0","https://x.com/undefined/status/1880636684032991634","930711009660039168",
"1879833566604820914","Sat Jan 18 14:56:10 +0000 2025","0","@OmaoPoaoOalAoo @tanyarlfes Belum sampe situ kali ya? ini aja baru ada di warung dua minggu yg lalu keknya. Belum nyoba indomie newjeans aku ","1880630264038318502","","","in","","0","0","0","https://x.com/undefined/status/1880630264038318502","1529838142312058880",
"1880618746685137240","Sat Jan 18 14:18:05 +0000 2025","0","@thxnsz aku ngira nya indomie ngeluarin mie goreng jumbo yg biru itu versi bentukan gini juga plis taunya spicy ramyeon mana tadi langsung naro dikeranjang aja","1880620682314416590","","thxnsz","in","","0","1","0","https://x.com/undefined/status/1880620682314416590","1408960171297034243",
"1880618746685137240","Sat Jan 18 14:13:20 +0000 2025","0","@ketovrak_ kamu tau indomie goreng jumbo yg warna biru itu ngga kak pin? Nah aku ngira yg itu beneran langsung ambil aja ngga liat liat dulu soalnya aku liat warna biru ternyata spicy ramyeon","1880619488451948949","","ketovrak_","in","","0","1","0","https://x.com/undefined/status/1880619488451948949","1408960171297034243",
"1880594991925621044","Sat Jan 18 12:36:00 +0000 2025","0","wah kalo ada gue di situ sih gue jalan di tengah permisi pak mau beli indomie newjeans ","1880594991925621044","","","in","","0","0","0","https://x.com/undefined/status/1880594991925621044","337014787",
"1880584924903952591","Sat Jan 18 11:56:00 +0000 2025","0","Setelah lama ga makan mie instan cobain menu baru indomie yg spicy ramyeon pedesnya ntap . https://t.co/fY9WlyMx8b","1880584924903952591","https://pbs.twimg.com/media/Ghkt-hwaoAAcgV7.jpg","","in","","0","0","0","https://x.com/undefined/status/1880584924903952591","101914451",
"1880550084422902224","Sat Jan 18 09:44:34 +0000 2025","0","@kausarAsukardi Ga beraniii.. gue makan Indomie ramyeon aja kapok malah kembung kebanyakan minum karena pedes banget ‍","1880551847691448487","","kausarAsukardi","in","","0","1","0","https://x.com/undefined/status/1880551847691448487","1175456641543598080",
"1880467928363274242","Sat Jan 18 04:11:06 +0000 2025","0","EH indomie yang sama newjeans itu enak!! yang paling enak yang bungkusnya pink sama biru :3","1880467928363274242","","","in","","0","1","0","https://x.com/undefined/status/1880467928363274242","1285920053636952068",
"1880439552697069614","Sat Jan 18 02:18:20 +0000 2025","13","Kamu gak cuma bisa nikmatin Indomie Korean Ramyeon Series tapi juga bisa buat photocard pakai foto kamu sendiri terus bisa dapetin exclusive freebies dan malam ini ada NORAEVIBES juga! Yuk cek info lebih lengkap di Instagram Indomie &amp; officialkvibes! #OhMyGoodItsIndomie https://t.co/DKL7Jstnxu","1880439552697069614","https://pbs.twimg.com/media/GhipwTEacAIWmd3.jpg","","in","","0","0","0","https://x.com/undefined/status/1880439552697069614","284428760",
"1880437612575617421","Sat Jan 18 02:10:38 +0000 2025","9","Keseruan Hari pertama Oh My Good Mart Bandung di Atrium 23 Paskal! Oh My Good Mart masih ada sampai Hari Minggu Indomielovers yuk datang dan ramaikan~ #OhMyGoodItsIndomie https://t.co/euX6WC6b34","1880437612575617421","https://pbs.twimg.com/media/Ghin_ffboAAH0ya.jpg","","in","","0","0","1","https://x.com/undefined/status/1880437612575617421","284428760",
"1880434623509127489","Sat Jan 18 01:58:45 +0000 2025","0","Sedap kari spesial indomie rendang tori kara ramyeon","1880434623509127489","","","in","","0","1","0","https://x.com/undefined/status/1880434623509127489","2241236496",
"1880238140398661865","Fri Jan 17 12:58:00 +0000 2025","0","sumpah indomie newjeans yang biru pedes banget anj gue sampe ngos2an","1880238140398661865","","","in","","0","0","0","https://x.com/undefined/status/1880238140398661865","786245998813192193",
"1880109954037936435","Fri Jan 17 04:28:38 +0000 2025","0","indomie spicy ramyeon ama kanzler bakso yg pedes adalah kombinasi pedes yg ku cari.. pedes banget tapi nagihhh nanti malem buat lg apa yaa:D","1880109954037936435","","","in","","0","0","0","https://x.com/undefined/status/1880109954037936435","1543142084751740929",
"1879967024774009272","Thu Jan 16 19:00:41 +0000 2025","0","jam segini ngeliat wonu makan ramyeon jadi pengen padahal tadi siang udh makan indomie","1879967024774009272","","","in","","0","0","0","https://x.com/undefined/status/1879967024774009272","853969942009438208",
"1879949681914180041","Thu Jan 16 17:51:46 +0000 2025","1","Malam jumat pada ngapain (?) #OhMyGoodItsIndomie","1879949681914180041","","","in","","0","0","0","https://x.com/undefined/status/1879949681914180041","1616359466399846402",
"1879843168365183008","Thu Jan 16 12:29:29 +0000 2025","0","@newjeans_loop gambaran cwe yg suka Indomie ","1879868577995694199","","newjeans_loop","in","","0","0","0","https://x.com/undefined/status/1879868577995694199","1332745093334315008",
"1879682912976818465","Thu Jan 16 00:16:41 +0000 2025","0","Indomie Korean Ramyeon: gagal Indomie Japanese Ramen: berhasil Menurut gua Indomie kalau mau ngeluarin rasa harus riset banget deh. Jangan keburu karena brand ambassador idol terkenal.","1879684161960812668","","prasajournal","in","","0","0","0","https://x.com/undefined/status/1879684161960812668","366567010",
"1879510870189105260","Wed Jan 15 13:09:36 +0000 2025","0","@jex00lynn cobain ramyeon indomie enakk","1879516284527972664","","jelyjeyin","in","","0","0","0","https://x.com/undefined/status/1879516284527972664","1630480500812050433",
"1851845657470058984","Wed Jan 15 11:56:22 +0000 2025","0","@Indomielovers @NewJeans_ADOR Kayaknya uda harus ganti BA..mereka kan uda kluar dari ADOR..ntar malah indomie bermasalah dgn ADOR","1879497854324228212","","Indomielovers","in","","0","0","0","https://x.com/undefined/status/1879497854324228212","410095495",
"1879168688211001724","Wed Jan 15 09:23:15 +0000 2025","0","@poetriyw Cobain indomie ramyeon Alana.","1879459322910110091","","poetriyw","in","","0","0","0","https://x.com/undefined/status/1879459322910110091","1850127752214761472",
"1879168688211001724","Wed Jan 15 02:59:55 +0000 2025","0","@carouvsei Beli cepat indomie spicy ramyeon.","1879362852324356446","","carouvsei","in","","0","0","0","https://x.com/undefined/status/1879362852324356446","1850127752214761472",
"1879168688211001724","Wed Jan 15 02:59:09 +0000 2025","0","@cilokmarebu Cobain indomie spicy ramyeon yang sama Newjeans Trisha.","1879362660350960124","","cilokmarebu","in","","0","0","0","https://x.com/undefined/status/1879362660350960124","1850127752214761472",
"1879168688211001724","Wed Jan 15 02:57:19 +0000 2025","0","@steafth Cobain indomie ramyeon yang sama Newjeans itu.","1879362198205874439","","qctionq","in","","0","0","0","https://x.com/undefined/status/1879362198205874439","1850127752214761472",
"1879168688211001724","Wed Jan 15 02:55:56 +0000 2025","0","@orenspaces Cobain indomie ramyeon yang sama Newjeans.","1879361850812563580","","","in","","0","0","0","https://x.com/undefined/status/1879361850812563580","1850127752214761472",
"1879168688211001724","Wed Jan 15 02:40:33 +0000 2025","0","@dollvest Cobain indomie ramyeon yang sama Newjeans itu.","1879357978459210162","","dollvest","in","","0","0","0","https://x.com/undefined/status/1879357978459210162","1850127752214761472",
"1879168688211001724","Wed Jan 15 02:39:53 +0000 2025","0","@loveablpe Cobain indomie ramyeon yang sama Newjeans.","1879357812595417264","","loveablpe","in","","0","1","0","https://x.com/undefined/status/1879357812595417264","1850127752214761472",
"1879168688211001724","Wed Jan 15 02:39:35 +0000 2025","0","@appeaur Cobain Mika. Indomie ramyeon yang sama Newjeans itu.","1879357735713800308","","noctivictus","in","","0","1","0","https://x.com/undefined/status/1879357735713800308","1850127752214761472",
"1879310345552171510","Tue Jan 14 23:35:27 +0000 2025","0","@2106KSY indomie newjeans kalau berantem sm mie sedap laksa mie sedap laksanya gepeng sesak nafas kesulitan utk bergerak koma","1879311395340353710","","2106KSY","in","","0","1","0","https://x.com/undefined/status/1879311395340353710","1743122367302496256",
"1878411655140303077","Sun Jan 12 12:12:12 +0000 2025","0","@convomf indomie ayam bawang indomie empal gentong indomie spicy ramyeon indomie tori miso","1878414676712702040","","convomf","in","","0","0","0","https://x.com/undefined/status/1878414676712702040","1314770091234320384",
"1878398175909965882","Sun Jan 12 11:06:38 +0000 2025","1","heejake igloo gw akan giveaway indomie ramyeon ((aseli))","1878398175909965882","","","in","","0","0","0","https://x.com/undefined/status/1878398175909965882","1480128612510552065",
"1878367718950535512","Sun Jan 12 09:05:37 +0000 2025","0","ges lebih pedes indomie tori miso atau spicy ramyeon? aku cuma pernah makan yg spicy ramyeon","1878367718950535512","","","in","","0","5","0","https://x.com/undefined/status/1878367718950535512","1346887823933067264",
"1877902451531292703","Sat Jan 11 02:36:27 +0000 2025","0","@crescrentmoon Indomie newjeans ya bsk","1877907394405314610","","crescrentmoon","in","","0","1","0","https://x.com/undefined/status/1877907394405314610","1340489955311677440",
"1877880762130997361","Sat Jan 11 00:50:37 +0000 2025","0","Ironis anjir sbnrnya Kvibes itu yg nge bantu promosi indomie x newjeans Tapi mereka juga portal kpop yg sering giring opini hate NJ","1877880762130997361","","","in","","0","0","0","https://x.com/undefined/status/1877880762130997361","1378908434",
"1877669125431951628","Sat Jan 11 00:31:38 +0000 2025","0","@Tukangtidur02_ banyak bjir 1. indomie goreng 2. indomie rendang 3. indomie ayam special 4. indomie ayam bawang 5. indomie x newjeans spicy ramyeon","1877875982956364260","","Tukangtidur02_","in","","0","0","0","https://x.com/undefined/status/1877875982956364260","1242098321226784768",
"1877875876160778246","Sat Jan 11 00:31:12 +0000 2025","2","Seru bgt ada Indomie x newjeans ","1877875876160778246","","","in","","0","1","0","https://x.com/undefined/status/1877875876160778246","1191870257649946624",
"1877755442283339901","Fri Jan 10 16:32:39 +0000 2025","0","Pengen indomie newjeans deh ️ jam segini ️","1877755442283339901","","","in","","0","0","0","https://x.com/undefined/status/1877755442283339901","773536463443070982",
"1877686349597380741","Fri Jan 10 11:58:06 +0000 2025","0","Newjeans harusnya fanmeet bareng indomie tahun ini tapi HYBE DURJANA KNTOL jadi gagal kalo aespa berharap dateng lagi ke indo entah kek event nabati lagi ato lain gapapa deh wkwm https://t.co/nH7A96oX0e","1877686349597380741","https://pbs.twimg.com/media/Gg7hxwFa4AApAlV.jpg","","in","","0","0","0","https://x.com/undefined/status/1877686349597380741","1734609373",
"1877320451044597922","Fri Jan 10 11:46:44 +0000 2025","0","@Shasakookie @dabootylwt @AespannJeans staff indomie nya itu bercanda kocak. tp tau lah maksudnya nge tag akun jeanz berati mengakui keberadaan Jeanz bukan newjeans lagi ","1877683489874555182","","Shasakookie","in","","0","2","0","https://x.com/undefined/status/1877683489874555182","1275463481295171584",
"1877681071174680753","Fri Jan 10 11:37:07 +0000 2025","0","Akhirnya nyobain indomie k-rose korean ramyeon inieh https://t.co/8V7rr8J0By","1877681071174680753","https://pbs.twimg.com/media/Gg7c-o1bsAASzSZ.jpg","","in","","0","3","0","https://x.com/undefined/status/1877681071174680753","1835292110590980096",
"1877609635668177288","Fri Jan 10 06:53:16 +0000 2025","0","cinta banget sama varian indomie newjeans yg biru plek ketiplek rasanya sama shin ramyun","1877609635668177288","","","in","","0","1","0","https://x.com/undefined/status/1877609635668177288","522026912",
"1877367053562093968","Fri Jan 10 06:17:36 +0000 2025","0","@cefadroxyl22 @yooraaw diskusi event meet and greatnya di awal pas proses TTD kontrak. Kalau dugaan aku benar ya harusnya bisa. Karena termasuk sudah terjadwalkan. Kan waktu umumin Indomie x NewJeans mereka masih di Ador.","1877600662961217716","","cefadroxyl22","in","","0","2","0","https://x.com/undefined/status/1877600662961217716","1268534467896934407",
"1877547173128159392","Fri Jan 10 02:45:03 +0000 2025","26","Tebak-tebakan yuk! ️ Kira-kira Indomielovers bisa nebak rasa Indomie Korean Ramyeon Series dari emot di atas gak? Yang bisa jawab kita like aja replynya rame-rame deh ","1877547173128159392","","","in","","0","4","6","https://x.com/undefined/status/1877547173128159392","284428760",
"1877354462211199249","Thu Jan 09 13:59:18 +0000 2025","0","[WTS] Indomie x New Jeans with PVC bag Rp 40.000/bag Inc: PVC bag Indomie Korean 5pcs #indomiexnewjeans #NewJeans #indomie https://t.co/kRFAydlNyF","1877354462211199249","https://pbs.twimg.com/media/Gg2z3_Da0AAB6Fe.jpg","","in","","1","4","0","https://x.com/undefined/status/1877354462211199249","1158397448856883200",
"1877343293740032258","Thu Jan 09 13:14:55 +0000 2025","0","BUNNIES INDO HAMPIR PUNYA EVENT INDOMIE SM NEWJEANS TP GAJADI BROOOOOOOOOOOOO GW AAAAAA","1877343293740032258","","","in","","0","0","0","https://x.com/undefined/status/1877343293740032258","1402894161037066243",
"1877317078790574196","Thu Jan 09 11:30:45 +0000 2025","0","gue marah bgt setelah tau klo indomie emg mau adain mng bareng newjeans tp si ador tai itu sjjejdjsja","1877317078790574196","","","in","","0","0","0","https://x.com/undefined/status/1877317078790574196","1263816195079172097",
"1877311525251117203","Thu Jan 09 11:08:41 +0000 2025","0","Indomie spicy ramyeon enak iiii","1877311525251117203","","","in","","0","2","0","https://x.com/undefined/status/1877311525251117203","1582334416671514624",
"1853728072354484595","Thu Jan 09 09:00:25 +0000 2025","0","@infplia Indomie korean ramyeon series kak? Ini aku jual sepaket https://t.co/AOI5XWxkGh","1877279246717972942","","infplia","in","","0","0","0","https://x.com/undefined/status/1877279246717972942","177422733",
"1877228921898324422","Thu Jan 09 05:40:26 +0000 2025","0","‍CULINARY CLASS WARS EDWARD LEE x SHIN RAMYUN TOOMBA ini aslii enak guyss mimin yg jarang makan instant noodle sampai jatuh cintaaa nongshim makan mie mukbang indomie korea rekomen ramyeon pedes cheese keju https://t.co/Yi5cFNU8MQ https://t.co/TqHIISofQf","1877228921898324422","https://pbs.twimg.com/media/Gg1Bb51aMAINgCI.jpg","","in","","1","0","0","https://x.com/undefined/status/1877228921898324422","956446604533231616",
"1876964812879479139","Thu Jan 09 05:40:07 +0000 2025","0","@HNANNYI @lhyunjaeb Halo Hanni! Salam kenaaal hehehe. Aku udah coba indomie yang spicy ramyeon nih kalo kamu favoritnya yang rasa apaa?","1877228840658874842","","HNANNYI","in","","0","1","0","https://x.com/undefined/status/1877228840658874842","1088077610251243520",
"1877209430682386586","Thu Jan 09 04:22:59 +0000 2025","0","makan indomie tiap hari krn ak suka newjeans","1877209430682386586","","","in","","0","1","0","https://x.com/undefined/status/1877209430682386586","1810986157561499650",
"1770796402303467811","Thu Jan 09 03:32:35 +0000 2025","1","Akhirnyaa lanjut juga ino threads :v Indomie Tori Miso X Indomie Spicy Ramyeon Ini best combo ever tori miso yang gurih dicampur spicy ramyeon yang pedas nya gak ketolongan bikin mie nya pas dimakan jadi combo yang smpurna (sayang banget g ada foto pas jadi) 9/10 https://t.co/T6oCNhfXAg","1877196744020144388","https://pbs.twimg.com/media/Gg0ke0oaMAAIVi_.jpg","KikisukaIndomie","in","","0","0","0","https://x.com/undefined/status/1877196744020144388","1523955176708608000",
"1877176444956061964","Thu Jan 09 02:16:07 +0000 2025","0","Sementara itu kalo ke supermarket jenis mie instan yg populer selain MAMA adalah mie2 Korsel macem Shin Ramyeon ato mie2 instan Jepang. Kalo kata @natasiamarpaung sih mereka tau kalo Indomie dijual massal di sini mungkin popularitas MAMA bakal kegeser. Emang seenak itu","1877177500893057332","","artisan_witch","in","","0","1","0","https://x.com/undefined/status/1877177500893057332","115310348",
"1876964812879479139","Thu Jan 09 02:12:24 +0000 2025","0","@aericwhan WIHH NANTI KITA BISA MAM INDOMIE BARENG BARENG YA EONNIE &gt;__&lt; gapapa tahu dan tempe kan berteman kita juga harus kayak mereka. Eonnie nanti aku tanya ya bisa gak nambah AESPA eonnie jadi ba nya juga aku suka yg spicy ramyeon eonniee nanti eonnie coba ya kalo belum ^^","1877176567660482982","","yizmuo","in","","0","0","0","https://x.com/undefined/status/1877176567660482982","1418093745581432834",
"1877151109212442931","Thu Jan 09 00:31:14 +0000 2025","5","semua orang dibumi ini harus tau kalo indomie ramyeon series itu ENAK ENAK aku suka semuanya makasi udah ada https://t.co/4jDSPPvOjF","1877151109212442931","https://pbs.twimg.com/media/Ggz6_H6aMAIyCdR.jpg","","in","","0","3","0","https://x.com/undefined/status/1877151109212442931","934581034586324993",
"1876964812879479139","Wed Jan 08 14:50:48 +0000 2025","0","@HNANNYI Suka banget mie goreng dan tempe? Indonesia banget yaa. Btw aku pengen nyobain indomie NewJeans ; di barak militer sini ga ada sih. Udah pernah makan ini blum? https://t.co/MV6wZ8CXXk","1877005035420131626","https://pbs.twimg.com/media/Ggx2Ie2bUAAJ8bM.jpg","HNANNYI","in","","0","1","0","https://x.com/undefined/status/1877005035420131626","620735951",
"1876938772224323773","Wed Jan 08 10:27:29 +0000 2025","1","INDOMIE VARIAN RAMYEON ENAK BGTT Selamat makan muts https://t.co/Lnm9JJTyQD","1876938772224323773","https://pbs.twimg.com/media/Ggw5r7LbEAAX6b1.jpg","","in","","0","7","0","https://x.com/undefined/status/1876938772224323773","1789224389176950784",
"1876884332461117555","Wed Jan 08 06:51:10 +0000 2025","0","dari beberapa mie instan yg ada kata 'pedas korea' yg beneran pedas dan enak menurut lidahku cuma lemonilo pedes korea sm indomie ramyeon. selain itu cuma menang warna merah aja tp ga pedas","1876884332461117555","","","in","","0","0","0","https://x.com/undefined/status/1876884332461117555","1829059659250151424",
"1876607169040376261","Wed Jan 08 01:42:20 +0000 2025","0","@netkirei @maplespetal oiya bener wkwkw 1 shin ramyeon bisa dapet 7 indomie","1876806611345260622","","netkirei","in","","0","0","0","https://x.com/undefined/status/1876806611345260622","1197096607675637761",
"1876465001588019661","Tue Jan 07 16:12:30 +0000 2025","0","@Indomielovers @NewJeans_ADOR dan akupun tak menyesal selalu stok indomie ","1876663211233300595","","Indomielovers","in","","0","0","0","https://x.com/undefined/status/1876663211233300595","1637594715788046336",
"1876607169040376261","Tue Jan 07 14:04:09 +0000 2025","0","@0430_rosegirl @maplespetal mohon maaf indomie lebih murah daripada ramyeon sekedar mengingatkan","1876630908100657355","","0430_rosegirl","in","","0","1","0","https://x.com/undefined/status/1876630908100657355","56996790",
"1876522766150812089","Tue Jan 07 13:14:47 +0000 2025","0","@Indomielovers min adain mng indomie x newjeans dongg","1876618485914386695","","Indomielovers","in","","0","0","0","https://x.com/undefined/status/1876618485914386695","1263816195079172097",
"1876597503292031093","Tue Jan 07 12:04:52 +0000 2025","0","@zeeyaprem indomie spicy laksa &amp; yg ramyeon","1876600888418259006","","zeeyaprem","in","","0","0","0","https://x.com/undefined/status/1876600888418259006","438070315",
"1876597503292031093","Tue Jan 07 12:03:27 +0000 2025","1","@zeeyaprem indomie spicy ramyeon itu mirip shin ramyun enak pedesnya","1876600532103786628","","zeeyaprem","in","","0","0","0","https://x.com/undefined/status/1876600532103786628","1597724233572155392",
"1876597338086724049","Tue Jan 07 11:50:45 +0000 2025","0","Kemarin nyoba Indomie Spicy Ramyeon enak sih. Pedesnya enak bener-bener bisa dinikmati","1876597338086724049","","","in","","0","0","0","https://x.com/undefined/status/1876597338086724049","968975730",
"1876467367330660571","Tue Jan 07 03:14:18 +0000 2025","2","dahlah newjeans ahensi nya indomie aja. rajin update and promo wkwk","1876467367330660571","","","in","","0","0","0","https://x.com/undefined/status/1876467367330660571","172728073",
"1876290300202873338","Mon Jan 06 15:43:08 +0000 2025","0","@sancaimage mending lu beli indomie newjeans","1876293432236474768","","ucihasancai","in","","0","1","0","https://x.com/undefined/status/1876293432236474768","703180373006495745",
"1876258961542066250","Mon Jan 06 13:26:10 +0000 2025","0","Ada yang pernah nyoba indomie yg koleb sama newjeans gaa?","1876258961542066250","","","in","","0","0","0","https://x.com/undefined/status/1876258961542066250","1135493516467982336",
"1876246758935978176","Mon Jan 06 12:38:15 +0000 2025","0"," Indomie Premium Collection: Spicy Ramyeon ⭐️ 7.6/10 rasa nya nailed it kayak ramyun mirip nongshim shin ramyun lebih tepatnya tp versi micinnn dan versi indomie banget https://t.co/PDv2YWK7cX","1876246901961670968","https://pbs.twimg.com/media/GgnEnFCbkAAKb17.jpg","apricottrc","in","","0","1","0","https://x.com/undefined/status/1876246901961670968","1491265678392717314",
"1874915576650584328","Thu Jan 02 20:28:02 +0000 2025","0","indomie yg ramyeon enak dah","1874915576650584328","","","in","","0","0","0","https://x.com/undefined/status/1874915576650584328","1848414842425905156",
"1874850199551778968","Thu Jan 02 16:08:15 +0000 2025","0","Sedang pilek pengen yg berkuah lalu ada indomie biru tulisannya spicy ramyeon Tpi karna wadahnya biru kupikir tida pedas... Buset pedez betul https://t.co/NbdmPhkU1U","1874850199551778968","https://pbs.twimg.com/media/GgTOT_6bcAAAGFh.jpg","","in","","0","0","0","https://x.com/undefined/status/1874850199551778968","1299309285504028672",
"1874774470315127284","Thu Jan 02 14:24:53 +0000 2025","7","@newjeans_loop Bukan guys ini adminya cuman copy-paste postingan indomie captionta","1874824187455684608","","newjeans_loop","in","","0","0","0","https://x.com/undefined/status/1874824187455684608","1369689088240984068",
"1874774470315127284","Thu Jan 02 14:00:11 +0000 2025","1","@hnniPham73 @newjeans_loop Wkwk nih mimin orang jepang kayaknya dia itu copas captionnya indomie di ig ","1874817971547463897","","hnniPham73","in","","0","1","0","https://x.com/undefined/status/1874817971547463897","1637333654111387648",
"1874778087227035984","Thu Jan 02 13:13:16 +0000 2025","0","Plis kenapa gada yang jawab The Great Mermaid??? Next inget yahh ramyeon korea jangan jawap indomie ayam bawang Sampe 20.20 https://t.co/p2PDfyBZeY","1874806164875317606","https://pbs.twimg.com/media/GgSmQItb0AANKC1.jpg","nishimurf","in","","15","22","0","https://x.com/undefined/status/1874806164875317606","1144297296676265984",
"1874774470315127284","Thu Jan 02 12:40:02 +0000 2025","0","@kookoooosann @newjeans_loop rela usus buntu demi merasakan indomie masakan hanni️","1874797800560701678","","peacekarra","in","","0","0","0","https://x.com/undefined/status/1874797800560701678","1296132440210038784",
"1874774470315127284","Thu Jan 02 12:32:55 +0000 2025","0","@newjeans_loop Indomie paling enak adalah Indomie Goreng","1874796010918359260","","newjeans_loop","in","","0","0","0","https://x.com/undefined/status/1874796010918359260","1793937195889487872",
"1874774470315127284","Thu Jan 02 12:12:36 +0000 2025","0","@newjeans_loop ak rela makan indomie tiap hari kalo yg masaknya my hanni","1874790896820167161","","newjeans_loop","in","","0","1","0","https://x.com/undefined/status/1874790896820167161","1296132440210038784",
"1874774470315127284","Thu Jan 02 12:10:20 +0000 2025","0","@newjeans_loop gw buatin indomie tiap hari HANNI","1874790325312803082","","newjeans_loop","in","","0","0","0","https://x.com/undefined/status/1874790325312803082","3318788988",
"1872581238823010304","Thu Jan 02 11:59:50 +0000 2025","0","@Minjeons Emang kenapa yaa indomie itu enak!! Aku makan indomie karna newjeans","1874787683991744679","","Minjeons","in","","0","1","0","https://x.com/undefined/status/1874787683991744679","723962209462792192",
"1874781660543398360","Thu Jan 02 11:35:54 +0000 2025","1","SEMUA ORG HARUS TAU INDOMIE NEWJEANS SEENAK ITU YA ALLAH BNRBNR SEMUA VARIAN ENAK BGT AKU DAH ABIS 10 lebih","1874781660543398360","","","in","","0","3","0","https://x.com/undefined/status/1874781660543398360","1779584395697061888",
"1874774470315127284","Thu Jan 02 11:28:20 +0000 2025","0","@sah_hee93744 @newjeans_loop keknya ambil caption dari akun indomie","1874779758996881894","","sah_hee93744","in","","0","0","0","https://x.com/undefined/status/1874779758996881894","1075387094594252801",
"1874774470315127284","Thu Jan 02 11:07:20 +0000 2025","3628","Comment yang rasa favorit Indomie Korean Ramyeon nya samaan kayak Hanni! Miemin duluannnn!! #뉴진스 #NewJeans #하니 #Hanni #ハニ https://t.co/tQGszdnntO","1874774470315127284","https://pbs.twimg.com/amplify_video_thumb/1874774408067473408/img/qTNOVg3Af3LrcDql.jpg","","in","","65","56","437","https://x.com/undefined/status/1874774470315127284","1559527150197555200",
"1874771973672452298","Thu Jan 02 10:57:24 +0000 2025","2050","Indomielovers rela berbagi Indomie Korean Ramyeon Series bareng Minji? #뉴진스 #NewJeans #민지 #Minji #ミンジ https://t.co/LrY6YculPG","1874771973672452298","https://pbs.twimg.com/amplify_video_thumb/1874767142329217027/img/giqEoL1kJQvspRYD.jpg","","in","","28","18","291","https://x.com/undefined/status/1874771973672452298","1559527150197555200",
"1874765280729321661","Thu Jan 02 10:37:58 +0000 2025","0","@Indomielovers Bagi Indomie Ramyeon Series-nya Gratis Kim Minji nya gak min @Indomielovers ?","1874767080941367769","","Indomielovers","in","","0","0","0","https://x.com/undefined/status/1874767080941367769","1696388416215326721",
"1874735499375702093","Thu Jan 02 08:32:28 +0000 2025","0","Abis makan Indomie njs yg biru rasanya mirip shin ramyeon njirrrr beda di mie nya ajaa","1874735499375702093","","","in","","0","0","0","https://x.com/undefined/status/1874735499375702093","1640017207089573889",
"1874682131085173084","Thu Jan 02 05:00:24 +0000 2025","0","indomie spicy ramyeon enak cuy cocok di lidah w","1874682131085173084","","","in","","0","1","0","https://x.com/undefined/status/1874682131085173084","1314878091282411520",
"1874677632148853061","Thu Jan 02 04:42:31 +0000 2025","0","mau hidup sehat tapi abis jajan indomie k-rose ramyeon sama friery chikin","1874677632148853061","","","in","","0","1","0","https://x.com/undefined/status/1874677632148853061","978369204897263616",
"1874646582483992934","Thu Jan 02 02:58:38 +0000 2025","1","@teokjinni Gw mie sih mau yang bentuknya ramen ramyeon indomie gacoan mie ayam","1874651487047241788","","","in","","0","0","0","https://x.com/undefined/status/1874651487047241788","1813940717301157888",
"1874494682753102141","Wed Jan 01 16:35:33 +0000 2025","0","abis nyobain indomie newjeans pedes bgt yak itu newjeans apa kaga kepedesan","1874494682753102141","","","in","","0","0","0","https://x.com/undefined/status/1874494682753102141","1222017053600534529",
"1874435938065191318","Wed Jan 01 12:59:35 +0000 2025","0","@arxisu7 cobain deh ramyeon indomie enakk","1874440334106861950","","arxisu7","in","","0","1","0","https://x.com/undefined/status/1874440334106861950","1630480500812050433",
"1873953053688422821","Wed Jan 01 10:05:36 +0000 2025","0","@skipberat duh kangen nasi ANJIR DI KASIH JAEMIN DUIT BUAT NAIK TAKSI duh kok di sini tentram banget ya? ga kaya medan duh kangen main hujan pengen indomie goreng deh bosen ramyeon terus ","1874396548400115883","","skipberat","in","","0","0","0","https://x.com/undefined/status/1874396548400115883","1764208653429776384",
"1874308844555559354","Wed Jan 01 05:07:17 +0000 2025","0","@alizareborn indomie yg iklannya pake newjeans kemarin ituuuu kaaa","1874321474477318590","","brrybookflavo","in","","0","0","0","https://x.com/undefined/status/1874321474477318590","2505695120",
"1990700777661477105","Tue Nov 18 08:40:02 +0000 2025","0","@norah_wayam 훔치려고요??? ╭┈┈┈┈╯ ╰┈┈┈╮ ╰┳┳╯ ╰┳┳╯ ╰┈┈╯ ╭━━━━━╮ ┈┈┈┈ ","1990701521043075133","","norah_wayam","ko","","0","1","0","https://x.com/undefined/status/1990701521043075133","1799466307399946240",
"1990701442135740791","Tue Nov 18 08:39:43 +0000 2025","1","헐?! 신년토노님...? 나 다이아 기본/달토노/신년토노 다가진사람됐어...; https://t.co/5rXlxut8vY","1990701442135740791","https://pbs.twimg.com/media/G6BkaXebMAM4C_T.jpg","","ko","","0","1","0","https://x.com/undefined/status/1990701442135740791","1701431329311920129",
"1990686933870416283","Tue Nov 18 08:39:29 +0000 2025","0","@iimaii21 วันนั้นถามยัยซี ไม่มีพีเรียด ไม่ได้ล๊อกคิวหนู หลอกแม่ทำไม","1990701382631141846","","iimaii21","th","","0","0","0","https://x.com/undefined/status/1990701382631141846","1544957070998646784",
"1990680968852877520","Tue Nov 18 08:39:00 +0000 2025","0","@ichigo_kokone えーんそう言ってもらえて 嬉しすぎる これからも仲良くしてね えへへありがとう","1990701258521669696","","ichigo_kokone","ja","","0","0","0","https://x.com/undefined/status/1990701258521669696","1609805812565970944",
"1990699808777273549","Tue Nov 18 08:38:02 +0000 2025","0","@sunooteamid #SUNOO #선우 #ENHYPEN #엔하이픈 #ENHYPEN_SUNOO #엔하이픈_선우 https://t.co/RnxKKBa5K1","1990701017282064863","https://pbs.twimg.com/media/G6BkBaOaYAA0WiF.jpg","sunooteamid","qme","","0","0","0","https://x.com/undefined/status/1990701017282064863","2210546541",
"1990700895273955411","Tue Nov 18 08:37:33 +0000 2025","0","たまにでるポンコツジミンちゃん笑 #BANGJEEMIN #방지민 #KOKO #코코 #izna #이즈나 https://t.co/jt69AdaPSC","1990700895273955411","https://pbs.twimg.com/media/G6Bj6Xza4AAnizj.jpg","","ja","","0","0","0","https://x.com/undefined/status/1990700895273955411","120984361",
"1990700873673285893","Tue Nov 18 08:37:28 +0000 2025","0","hihi naja อันยองนะจุ้ๆๆๆๆๆ พร้อมส่งตอบไวค่ะๆๆๆๆ ทักเค้ามาได้เบยงิาบๆๆๆๆๆ #หารBilibili #หารYouku https://t.co/T66ieq2Xi3","1990700873673285893","https://pbs.twimg.com/media/G6Bj5ExbMAQW1Zu.jpg","","th","","0","0","0","https://x.com/undefined/status/1990700873673285893","1406423778314260486",
"1990661067660460117","Tue Nov 18 08:37:25 +0000 2025","0","@himono_syue おそらく「낙곱새」を召し上がったのでしょうか？ 韓国で楽しい時間になったらと思います！！","1990700860381544645","","himono_syue","ja","","0","0","0","https://x.com/undefined/status/1990700860381544645","732910533121212417",
"1990700857227190365","Tue Nov 18 08:37:24 +0000 2025","0","┊PHOTOS Les photos de #SEONGHYEON pour le Season Greetings&lt; IDID LUCKY DELIVERY SHOP&gt; ont été publiées #PARKSEONGHYEON #박성현 #아이딧 #IDID https://t.co/GOJLoOaCMO","1990700857227190365","https://pbs.twimg.com/media/G6Bj1IMXUAAE_9V.jpg","","fr","","0","0","0","https://x.com/undefined/status/1990700857227190365","1896605205057224704",
"1990627571218981335","Tue Nov 18 08:37:21 +0000 2025","0","@hresseung GEMES BGT HUEHUEHUEHEUHEEUEHEUEHEUEUEUUEUEHEEUEU ️️","1990700842920616172","","hresseung","in","","0","0","0","https://x.com/undefined/status/1990700842920616172","4891524283",
"1990700815032684656","Tue Nov 18 08:37:14 +0000 2025","1","พร้อมจร้าาา ตื่นเต้นๆๆๆ #ICONSIAM ​ #ZeeNuNew #ICONSIAMBangkokIllumination2025 ​ #ICONSIAMJoyconicDestination","1990700815032684656","","","th","","0","0","1","https://x.com/undefined/status/1990700815032684656","1834546995798720512",
"1990700760934592763","Tue Nov 18 08:37:01 +0000 2025","0","#จุงดัง #JoongDunk NEW SERIES FANCON #GMMTV2026 https://t.co/X68w4PvQct","1990700760934592763","https://pbs.twimg.com/media/G6BjyRYbMAIXCJp.jpg","","en","","0","0","0","https://x.com/undefined/status/1990700760934592763","1541892438796734465",
"1990642218915561709","Tue Nov 18 08:36:48 +0000 2025","0","@imodaisukisugi めっちゃラブリー可愛すぎるね見るだけでHappy️(⁠*⁠˘⁠︶⁠˘⁠*⁠)⁠.⁠｡⁠*⁠️️","1990700704995184711","","imodaisukisugi","ja","","0","0","0","https://x.com/undefined/status/1990700704995184711","2703798121",
"1990700703317438570","Tue Nov 18 08:36:47 +0000 2025","0","SAYANGKU CINTAKU MANISKU DUNIAKU SEMESTAKU KASIHKU CANTIKKU BIDADARIKU PUJAAN HATIKU CAHAYA HIDUPKU TAMBATAN HATIKU TAK KONYONG KONYONG KODER https://t.co/qnQzYIZOtJ","1990700703317438570","https://pbs.twimg.com/media/G6BjvBJbMAAto1B.jpg","","in","","0","0","0","https://x.com/undefined/status/1990700703317438570","1430151344615165958",
"1990680641294512506","Tue Nov 18 08:36:08 +0000 2025","0","@Bowonderful More &amp; More (ตะวัน-วินนี่) Be my Baby! (เจ้าเจ-คุณสิ) Be my Sugar! (พี่เพิร์ธ-พิพิมพ์) Be my Boo! (พะพาย-เจ้าขา)","1990700540314202342","","Bowonderful","th","","0","0","0","https://x.com/undefined/status/1990700540314202342","1259132741032935426",
"1990700507279864077","Tue Nov 18 08:36:01 +0000 2025","0","ฮันอึม : พวกนี้เป็นแบบนี้ตลอดเลยอะ ไล่ต้อนกันทุกครั้งเลย also ฮันอึม : พวกนี้น่ารักดีอะเราเล่นกันนแบบนี้แหละ https://t.co/AfGbc4AnbN","1990700507279864077","https://pbs.twimg.com/media/G6Bjj8FbAAA7hbZ.jpg","","th","","0","0","0","https://x.com/undefined/status/1990700507279864077","1955844395435282432",
"1990700502699721181","Tue Nov 18 08:35:59 +0000 2025","3","⁺ʚ՞1️⃣0️⃣0️⃣՞ɞ⁺ #idntt #아이덴티티 #アイデンティティ #unevermet https://t.co/rtLKEp7oZz","1990700502699721181","https://pbs.twimg.com/media/G6BjiQRbMAMh1CV.jpg","","und","","0","0","1","https://x.com/undefined/status/1990700502699721181","1869213905249280000",
"1990700439604539397","Tue Nov 18 08:35:44 +0000 2025","0","┊PHOTOS Les photos de #MINJAE pour le Season Greetings&lt; IDID LUCKY DELIVERY SHOP&gt; ont été publiées #KIMMINJAE #김민재 #아이딧 #IDID https://t.co/wyUr3eZIMA","1990700439604539397","https://pbs.twimg.com/media/G6BjfIKWAAA8ubJ.jpg","","fr","","0","0","0","https://x.com/undefined/status/1990700439604539397","1896605205057224704",
"1990700416297038001","Tue Nov 18 08:35:39 +0000 2025","27","โลกก้ช่างให้พี่สองคนมาเจอกันเนาะ จาบ้า 555555555555555555555 ( #emibonnie #เอมี่บอนนี่ ) https://t.co/8NQFdu1ZOT","1990700416297038001","https://pbs.twimg.com/media/G6BjeDmaEAA8a4z.jpg","","th","","0","0","40","https://x.com/undefined/status/1990700416297038001","1388425957338349569",
